time,pos_x,pos_y,pos_z,vel_x,vel_y,vel_z,att_phi,att_theta,att_psi,rate_p,rate_q,rate_r,rpm_obs_1,rpm_obs_2,rpm_obs_3,rpm_obs_4,rpm_ref_1,rpm_ref_2,rpm_ref_3,rpm_ref_4,cmd_thrust,cmd_roll,cmd_pitch,cmd_yaw,flow_der_x,flow_der_y,divergence,obstacle_free_confidence
396.305145,0.648438,-2.527344,0.000000,0.000000,-0.009998,-0.002268,-0.028715,0.043165,1.022383,0.006836,0.000000,0.000977,0,0,0,0,3000,3000,3000,3000,0,211,-433,00,0,0,5
396.307098,0.648438,-2.527344,0.000000,0.000000,-0.009998,-0.002335,-0.028715,0.043165,1.022383,-0.003662,0.002197,-0.001709,0,0,0,0,3000,3000,3000,3000,0,218,-435,00,0,0,5
396.309052,0.648438,-2.527344,0.000000,0.000000,-0.009998,-0.002314,-0.028715,0.043165,1.022383,0.001709,-0.000977,-0.002930,0,0,0,0,3000,3000,3000,3000,0,215,-432,00,0,0,5
396.311005,0.648438,-2.527344,0.000000,0.000000,-0.009998,-0.002260,-0.028715,0.043165,1.022383,0.001709,0.000000,-0.000244,0,0,0,0,3000,3000,3000,3000,0,215,-433,00,0,0,5
396.312958,0.648438,-2.527344,0.000000,0.000000,-0.009998,-0.002249,-0.028715,0.043165,1.022383,-0.002686,0.000488,0.000244,0,0,0,0,3000,3000,3000,3000,0,218,-433,00,0,0,5
396.314911,0.648438,-2.527344,0.000000,0.000000,-0.009998,-0.002344,-0.028715,0.043165,1.022383,0.005859,0.002686,0.000244,0,0,0,0,3000,3000,3000,3000,0,212,-435,00,0,0,5
396.316864,0.648438,-2.527344,0.000000,0.000000,-0.009998,-0.002314,-0.028715,0.043165,1.022383,-0.005371,-0.000977,0.001953,0,0,0,0,3000,3000,3000,3000,0,219,-432,00,0,0,5
396.318817,0.648438,-2.527344,0.000000,0.000000,-0.009998,-0.002151,-0.028715,0.043165,1.022383,0.007568,-0.001465,0.002930,0,0,0,0,3000,3000,3000,3000,0,210,-431,00,0,0,5
396.320770,0.648438,-2.527344,0.000000,0.000000,-0.009998,-0.002245,-0.028715,0.043165,1.022383,-0.004150,0.000488,0.001465,0,0,0,0,3000,3000,3000,3000,0,218,-433,00,0,0,5
396.322723,0.648438,-2.527344,0.000000,0.000000,-0.009998,-0.002234,-0.028715,0.043165,1.022383,-0.005371,-0.000488,-0.001709,0,0,0,0,3000,3000,3000,3000,0,220,-432,00,0,0,5
396.324677,0.648438,-2.527344,0.000000,0.000000,-0.009998,-0.002104,-0.028715,0.043165,1.022383,0.005859,-0.000977,-0.000244,0,0,0,0,3000,3000,3000,3000,0,212,-431,00,0,0,5
396.326630,0.648438,-2.527344,0.000000,0.000000,-0.009998,-0.002016,-0.028715,0.043165,1.022383,-0.008545,0.001221,-0.002197,0,0,0,0,3000,3000,3000,3000,0,222,-433,00,0,0,5
396.328583,0.648438,-2.527344,0.000000,0.000000,-0.009998,-0.001926,-0.028715,0.043165,1.022383,0.004883,-0.000977,0.000977,0,0,0,0,3000,3000,3000,3000,0,213,-431,00,0,0,5
396.330536,0.648438,-2.527344,0.000000,0.000000,-0.009998,-0.001593,-0.028715,0.043165,1.022383,-0.000488,0.000000,0.002441,0,0,0,0,3000,3000,3000,3000,0,217,-432,00,0,0,5
396.332489,0.648438,-2.527344,0.000000,0.000000,-0.009998,-0.001638,-0.028715,0.043165,1.022383,-0.002197,0.000488,-0.001221,0,0,0,0,3000,3000,3000,3000,0,218,-432,00,0,0,5
396.334442,0.648438,-2.527344,0.000000,0.000000,-0.009998,-0.001631,-0.028715,0.043165,1.022383,0.002197,-0.000488,0.001465,0,0,0,0,3000,3000,3000,3000,0,215,-431,00,0,0,5
396.336395,0.648438,-2.527344,0.000000,0.000000,-0.009998,-0.001596,-0.028715,0.043165,1.022383,-0.006836,-0.001953,-0.001221,0,0,0,0,3000,3000,3000,3000,0,221,-430,00,0,0,5
396.338348,0.648438,-2.527344,0.000000,0.000000,-0.009998,-0.001509,-0.028715,0.043165,1.022383,0.008057,0.001221,0.001465,0,0,0,0,3000,3000,3000,3000,0,211,-433,00,0,0,5
396.340302,0.648438,-2.527344,0.000000,0.000000,-0.009998,-0.001749,-0.028715,0.043165,1.022383,-0.005859,0.000000,0.001465,0,0,0,0,3000,3000,3000,3000,0,220,-432,00,0,0,5
396.342255,0.648438,-2.527344,0.000000,0.000000,-0.009998,-0.001873,-0.028715,0.043165,1.022383,0.002686,0.000488,-0.001709,0,0,0,0,3000,3000,3000,3000,0,214,-432,00,0,0,5
396.344208,0.648438,-2.527344,0.000000,0.000000,-0.009998,-0.001957,-0.028715,0.043165,1.022383,0.004883,0.001709,0.003662,0,0,0,0,3000,3000,3000,3000,0,213,-433,00,0,0,5
396.346161,0.648438,-2.527344,0.000000,0.000000,-0.009998,-0.001966,-0.028643,0.043154,1.022461,-0.008545,-0.000977,-0.000732,0,0,0,0,3000,3000,3000,3000,0,222,-431,00,0,0,5
396.348114,0.648438,-2.527344,0.000000,0.000000,-0.009998,-0.001945,-0.028715,0.043165,1.022383,0.006836,0.004395,0.000244,0,0,0,0,3000,3000,3000,3000,0,211,-436,00,0,0,5
396.350067,0.648438,-2.527344,0.000000,0.000000,-0.009998,-0.002016,-0.028715,0.043165,1.022383,-0.005859,0.000000,-0.001221,0,0,0,0,3000,3000,3000,3000,0,220,-432,00,0,0,5
396.352020,0.648438,-2.527344,0.000000,0.000000,-0.009998,-0.001867,-0.028715,0.043165,1.022383,0.003662,-0.000977,0.000977,0,0,0,0,3000,3000,3000,3000,0,213,-432,00,0,0,5
396.354034,0.648438,-2.527344,0.000000,0.000000,-0.009998,-0.001881,-0.028715,0.043165,1.022383,0.001709,-0.001465,-0.001221,0,0,0,0,3000,3000,3000,3000,0,215,-431,00,0,0,5
396.355957,0.648438,-2.527344,0.000000,0.000000,-0.009998,-0.001757,-0.028715,0.043165,1.022383,-0.006348,-0.000977,-0.001709,0,0,0,0,3000,3000,3000,3000,0,220,-431,00,0,0,5
396.357880,0.648438,-2.527344,0.000000,0.000000,-0.009998,-0.001654,-0.028715,0.043165,1.022383,0.005371,-0.001465,0.002441,0,0,0,0,3000,3000,3000,3000,0,212,-431,00,0,0,5
396.359833,0.648438,-2.527344,0.000000,0.000000,-0.009998,-0.001648,-0.028715,0.043165,1.022383,-0.005371,0.001221,-0.000732,0,0,0,0,3000,3000,3000,3000,0,220,-433,00,0,0,5
396.361786,0.648438,-2.527344,0.000000,0.000000,-0.009998,-0.001604,-0.028715,0.043165,1.022383,0.003174,0.000488,0.001953,0,0,0,0,3000,3000,3000,3000,0,214,-432,00,0,0,5
396.363739,0.648438,-2.527344,0.000000,0.000000,-0.009998,-0.001734,-0.028715,0.043165,1.022383,0.003662,0.000000,0.001953,0,0,0,0,3000,3000,3000,3000,0,213,-432,00,0,0,5
396.365692,0.648438,-2.527344,0.000000,0.000000,-0.009998,-0.001547,-0.028715,0.043165,1.022383,-0.005371,0.002197,-0.000732,0,0,0,0,3000,3000,3000,3000,0,220,-434,00,0,0,5
396.367645,0.648438,-2.527344,0.000000,0.000000,-0.009998,-0.001450,-0.028715,0.043165,1.022383,0.004395,0.002197,0.000977,0,0,0,0,3000,3000,3000,3000,0,213,-434,00,0,0,5
396.369598,0.648438,-2.527344,0.000000,0.000000,-0.009998,-0.001387,-0.028715,0.043165,1.022383,-0.005859,-0.001465,-0.000732,0,0,0,0,3000,3000,3000,3000,0,220,-431,00,0,0,5
396.371552,0.648438,-2.527344,0.000000,0.000000,-0.009998,-0.001442,-0.028715,0.043165,1.022383,0.004883,-0.001465,0.001953,0,0,0,0,3000,3000,3000,3000,0,212,-431,00,0,0,5
396.373535,0.648438,-2.527344,0.000000,0.000000,-0.009998,-0.003162,-0.028715,0.043165,1.022383,0.002197,0.002197,0.002930,0,0,0,0,3000,3000,3000,3000,0,214,-434,00,0,0,5
396.375458,0.648438,-2.527344,0.000000,0.000000,-0.009998,-0.003101,-0.028715,0.043165,1.022383,-0.001465,-0.001953,0.001465,0,0,0,0,3000,3000,3000,3000,0,217,-431,00,0,0,5
396.377411,0.648438,-2.527344,0.000000,0.000000,-0.009998,-0.003107,-0.028715,0.043165,1.022383,0.003174,0.000488,0.001953,0,0,0,0,3000,3000,3000,3000,0,213,-433,00,0,0,5
396.379364,0.648438,-2.527344,0.000000,0.000000,-0.009998,-0.003036,-0.028715,0.043165,1.022383,-0.006836,0.001709,-0.003418,0,0,0,0,3000,3000,3000,3000,0,220,-434,00,0,0,5
396.381317,0.648438,-2.527344,0.000000,0.000000,-0.009998,-0.002995,-0.028715,0.043165,1.022383,0.006836,0.000000,0.000977,0,0,0,0,3000,3000,3000,3000,0,211,-432,00,0,0,5
396.383270,0.648438,-2.527344,0.000000,0.000000,-0.009998,-0.003017,-0.028715,0.043165,1.022383,-0.004883,0.003174,0.001465,0,0,0,0,3000,3000,3000,3000,0,219,-436,00,0,0,5
396.385223,0.648438,-2.527344,0.000000,0.000000,-0.009998,-0.003004,-0.028715,0.043165,1.022383,-0.002686,-0.000488,-0.000244,0,0,0,0,3000,3000,3000,3000,0,218,-432,00,0,0,5
396.387177,0.648438,-2.527344,0.000000,0.000000,-0.009998,-0.002995,-0.028715,0.043165,1.022383,0.003662,0.000488,0.002441,0,0,0,0,3000,3000,3000,3000,0,213,-433,00,0,0,5
396.389130,0.648438,-2.527344,0.000000,0.000000,-0.009998,-0.003056,-0.028715,0.043165,1.022383,-0.006348,0.002197,-0.001709,0,0,0,0,3000,3000,3000,3000,0,221,-435,00,0,0,5
396.391083,0.648438,-2.527344,0.000000,0.000000,-0.009998,-0.003139,-0.028715,0.043165,1.022383,0.008057,0.000488,0.001465,0,0,0,0,3000,3000,3000,3000,0,210,-433,00,0,0,5
396.393036,0.648438,-2.527344,0.000000,0.000000,-0.009998,-0.003033,-0.028715,0.043165,1.022383,-0.002197,-0.001953,-0.001709,0,0,0,0,3000,3000,3000,3000,0,217,-431,00,0,0,5
396.394989,0.648438,-2.527344,0.000000,0.000000,-0.009998,-0.002802,-0.028715,0.043165,1.022383,-0.003662,0.000000,0.000977,0,0,0,0,3000,3000,3000,3000,0,218,-433,00,0,0,5
396.396942,0.648438,-2.527344,0.000000,0.000000,-0.009998,-0.002827,-0.028715,0.043165,1.022383,0.006348,0.000488,0.003418,0,0,0,0,3000,3000,3000,3000,0,211,-433,00,0,0,5
396.398895,0.648438,-2.527344,0.000000,0.000000,-0.009998,-0.002813,-0.028715,0.043165,1.022383,-0.006836,-0.002686,-0.003418,0,0,0,0,3000,3000,3000,3000,0,221,-430,00,0,0,5
396.400848,0.648438,-2.527344,0.000000,0.000000,-0.009998,-0.002775,-0.028715,0.043165,1.022383,0.003662,0.000488,0.001465,0,0,0,0,3000,3000,3000,3000,0,213,-433,00,0,0,5
396.402802,0.648438,-2.527344,0.000000,0.000000,-0.009998,-0.002617,-0.028715,0.043165,1.022383,-0.002197,0.000000,0.001465,0,0,0,0,3000,3000,3000,3000,0,218,-432,00,0,0,5
396.404785,0.648438,-2.527344,0.000000,0.059999,0.109999,-0.002634,-0.028715,0.043165,1.022383,-0.000488,-0.000977,0.000244,0,0,0,0,3000,3000,3000,3000,0,216,-431,00,0,0,5
396.406708,0.648438,-2.527344,0.000000,0.059999,0.109999,0.000530,-0.028715,0.043165,1.022383,0.003174,0.001221,0.003662,0,0,0,0,3000,3000,3000,3000,0,214,-433,00,0,0,5
396.408661,0.648438,-2.527344,0.000000,0.059999,0.109999,0.000603,-0.028715,0.043165,1.022383,-0.003662,0.001709,-0.000244,0,0,0,0,3000,3000,3000,3000,0,218,-434,00,0,0,5
396.410614,0.648438,-2.527344,0.000000,0.059999,0.109999,0.000698,-0.028715,0.043165,1.022383,0.004395,-0.000977,-0.000244,0,0,0,0,3000,3000,3000,3000,0,213,-431,00,0,0,5
396.412567,0.648438,-2.527344,0.000000,0.059999,0.109999,0.000565,-0.028715,0.043165,1.022383,-0.005859,0.001221,-0.000244,0,0,0,0,3000,3000,3000,3000,0,220,-433,00,0,0,5
396.414520,0.648438,-2.527344,0.000000,0.059999,0.109999,0.000719,-0.028715,0.043165,1.022383,0.002197,-0.000977,-0.000244,0,0,0,0,3000,3000,3000,3000,0,214,-431,00,0,0,5
396.416473,0.648438,-2.527344,0.000000,0.059999,0.109999,0.000681,-0.028715,0.043165,1.022383,0.005859,0.001221,0.001953,0,0,0,0,3000,3000,3000,3000,0,212,-433,00,0,0,5
396.419403,0.648438,-2.527344,0.000000,0.059999,0.109999,0.000612,-0.028715,0.043165,1.022383,-0.006348,0.000000,-0.002197,0,0,0,0,3000,3000,3000,3000,0,220,-432,00,0,0,5
396.420380,0.648438,-2.527344,0.000000,0.059999,0.109999,0.000612,-0.028715,0.043165,1.022383,-0.006348,0.000000,-0.002197,0,0,0,0,3000,3000,3000,3000,0,221,-432,00,0,0,5
396.422333,0.648438,-2.527344,0.000000,0.059999,0.109999,0.000725,-0.028666,0.043237,1.022461,-0.007324,0.001221,0.000977,0,0,0,0,3000,3000,3000,3000,0,220,-433,00,0,0,5
396.424286,0.648438,-2.527344,0.000000,0.059999,0.109999,0.000645,-0.028777,0.043226,1.022383,0.006348,0.002197,0.001465,0,0,0,0,3000,3000,3000,3000,0,213,-435,00,0,0,5
396.426239,0.648438,-2.527344,0.000000,0.059999,0.109999,0.000704,-0.028777,0.043226,1.022383,0.000488,-0.000488,0.000244,0,0,0,0,3000,3000,3000,3000,0,216,-433,00,0,0,5
396.428192,0.648438,-2.527344,0.000000,0.059999,0.109999,0.000660,-0.028777,0.043226,1.022383,-0.003174,0.000488,-0.000732,0,0,0,0,3000,3000,3000,3000,0,219,-434,00,0,0,5
396.430145,0.648438,-2.527344,0.000000,0.059999,0.109999,0.000687,-0.028777,0.043226,1.022383,0.003174,-0.000488,-0.000732,0,0,0,0,3000,3000,3000,3000,0,214,-433,00,0,0,5
396.432098,0.648438,-2.527344,0.000000,0.059999,0.109999,0.000675,-0.028777,0.043226,1.022383,-0.005859,-0.001465,-0.001709,0,0,0,0,3000,3000,3000,3000,0,221,-432,00,0,0,5
396.434082,0.648438,-2.527344,0.000000,0.059999,0.109999,0.000462,-0.028777,0.043226,1.022383,0.004883,-0.001465,0.002930,0,0,0,0,3000,3000,3000,3000,0,213,-432,00,0,0,5
396.436005,0.648438,-2.527344,0.000000,0.059999,0.109999,0.000536,-0.028777,0.043226,1.022383,-0.002197,-0.000488,-0.002197,0,0,0,0,3000,3000,3000,3000,0,218,-432,00,0,0,5
396.437958,0.648438,-2.527344,0.000000,0.059999,0.109999,0.000530,-0.028777,0.043226,1.022383,-0.005859,-0.000488,-0.003906,0,0,0,0,3000,3000,3000,3000,0,221,-432,00,0,0,5
396.439911,0.648438,-2.527344,0.000000,0.059999,0.109999,0.000504,-0.028777,0.043226,1.022383,0.005371,0.000488,-0.000732,0,0,0,0,3000,3000,3000,3000,0,213,-433,00,0,0,5
396.441864,0.648438,-2.527344,0.000000,0.059999,0.109999,0.000525,-0.028777,0.043226,1.022383,-0.005859,0.003174,-0.002197,0,0,0,0,3000,3000,3000,3000,0,221,-436,00,0,0,5
396.443817,0.648438,-2.527344,0.000000,0.059999,0.109999,0.000587,-0.028777,0.043226,1.022383,0.002686,-0.001465,-0.000732,0,0,0,0,3000,3000,3000,3000,0,215,-432,00,0,0,5
396.445770,0.648438,-2.527344,0.000000,0.059999,0.109999,0.000744,-0.028777,0.043226,1.022383,-0.000977,0.000488,0.002441,0,0,0,0,3000,3000,3000,3000,0,217,-434,00,0,0,5
396.447723,0.648438,-2.527344,0.000000,0.059999,0.109999,0.000759,-0.028777,0.043226,1.022383,-0.003662,-0.000488,0.001465,0,0,0,0,3000,3000,3000,3000,0,219,-433,00,0,0,5
396.449677,0.648438,-2.527344,0.000000,0.059999,0.109999,0.000713,-0.028777,0.043226,1.022383,0.006348,0.002197,0.000977,0,0,0,0,3000,3000,3000,3000,0,212,-435,00,0,0,5
396.451630,0.648438,-2.527344,0.000000,0.059999,0.109999,-0.004026,-0.028777,0.043226,1.022383,-0.006348,-0.000977,-0.000244,0,0,0,0,3000,3000,3000,3000,0,221,-432,00,0,0,5
396.453583,0.648438,-2.527344,0.000000,0.059999,0.109999,-0.003853,-0.028777,0.043226,1.022383,0.006348,-0.000488,-0.000244,0,0,0,0,3000,3000,3000,3000,0,212,-433,00,0,0,5
396.455536,0.648438,-2.527344,0.000000,0.059999,0.109999,-0.003897,-0.028777,0.043226,1.022383,-0.004150,-0.000488,0.002930,0,0,0,0,3000,3000,3000,3000,0,219,-433,00,0,0,5
396.457489,0.648438,-2.527344,0.000000,0.059999,0.109999,-0.004051,-0.028777,0.043226,1.022383,0.004395,-0.001465,-0.001709,0,0,0,0,3000,3000,3000,3000,0,213,-432,00,0,0,5
396.459442,0.648438,-2.527344,0.000000,0.059999,0.109999,-0.004246,-0.028777,0.043226,1.022383,0.005371,-0.000977,0.002441,0,0,0,0,3000,3000,3000,3000,0,212,-432,00,0,0,5
396.461395,0.648438,-2.527344,0.000000,0.059999,0.109999,-0.004187,-0.028777,0.043226,1.022383,-0.007324,-0.000977,-0.002197,0,0,0,0,3000,3000,3000,3000,0,220,-432,00,0,0,5
396.463348,0.648438,-2.527344,0.000000,0.059999,0.109999,-0.004320,-0.028777,0.043226,1.022383,0.004883,0.001221,-0.002197,0,0,0,0,3000,3000,3000,3000,0,212,-434,00,0,0,5
396.465302,0.648438,-2.527344,0.000000,0.059999,0.109999,-0.004311,-0.028777,0.043226,1.022383,-0.005371,0.000488,0.000977,0,0,0,0,3000,3000,3000,3000,0,219,-433,00,0,0,5
396.467255,0.648438,-2.527344,0.000000,0.059999,0.109999,-0.004095,-0.028777,0.043226,1.022383,0.000000,0.000000,0.003418,0,0,0,0,3000,3000,3000,3000,0,216,-433,00,0,0,5
396.469208,0.648438,-2.527344,0.000000,0.059999,0.109999,-0.004107,-0.028777,0.043226,1.022383,0.002197,0.001221,0.001465,0,0,0,0,3000,3000,3000,3000,0,214,-434,00,0,0,5
396.471161,0.648438,-2.527344,0.000000,0.059999,0.109999,-0.004011,-0.028777,0.043226,1.022383,-0.005371,-0.003174,-0.004883,0,0,0,0,3000,3000,3000,3000,0,220,-430,00,0,0,5
396.473114,0.648438,-2.527344,0.000000,0.059999,0.109999,-0.004057,-0.028777,0.043226,1.022383,0.004883,-0.000977,0.001465,0,0,0,0,3000,3000,3000,3000,0,213,-432,00,0,0,5
396.475067,0.648438,-2.527344,0.000000,0.059999,0.109999,-0.004078,-0.028777,0.043226,1.022383,-0.004150,0.001709,0.000977,0,0,0,0,3000,3000,3000,3000,0,219,-434,00,0,0,5
396.477020,0.648438,-2.527344,0.000000,0.059999,0.109999,-0.004097,-0.028777,0.043226,1.022383,0.002197,-0.001953,0.000244,0,0,0,0,3000,3000,3000,3000,0,214,-431,00,0,0,5
396.478973,0.648438,-2.527344,0.000000,0.059999,0.109999,-0.003990,-0.028777,0.043226,1.022383,0.000977,0.002197,-0.002930,0,0,0,0,3000,3000,3000,3000,0,215,-435,00,0,0,5
396.480927,0.648438,-2.527344,0.000000,0.059999,0.109999,-0.004072,-0.028777,0.043226,1.022383,-0.007324,-0.001953,-0.001221,0,0,0,0,3000,3000,3000,3000,0,221,-431,00,0,0,5
396.482880,0.648438,-2.527344,0.000000,0.059999,0.109999,-0.004122,-0.028777,0.043226,1.022383,0.005859,0.000488,0.001953,0,0,0,0,3000,3000,3000,3000,0,212,-433,00,0,0,5
396.484833,0.648438,-2.527344,0.000000,0.059999,0.109999,-0.004089,-0.028777,0.043226,1.022383,-0.008545,0.001221,-0.000244,0,0,0,0,3000,3000,3000,3000,0,222,-434,00,0,0,5
396.486786,0.648438,-2.527344,0.000000,0.059999,0.109999,-0.004116,-0.028777,0.043226,1.022383,0.002686,-0.001465,-0.005615,0,0,0,0,3000,3000,3000,3000,0,215,-432,00,0,0,5
396.488739,0.648438,-2.527344,0.000000,0.059999,0.109999,-0.004004,-0.028777,0.043226,1.022383,0.000488,0.000488,-0.001221,0,0,0,0,3000,3000,3000,3000,0,216,-434,00,0,0,5
396.490692,0.648438,-2.527344,0.000000,0.059999,0.109999,-0.003798,-0.028777,0.043226,1.022383,-0.005371,0.001221,-0.000244,0,0,0,0,3000,3000,3000,3000,0,220,-434,00,0,0,5
396.492645,0.648438,-2.527344,0.000000,0.059999,0.109999,-0.003805,-0.028777,0.043226,1.022383,0.004395,0.000000,0.001465,0,0,0,0,3000,3000,3000,3000,0,213,-433,00,0,0,5
396.494598,0.648438,-2.527344,0.000000,0.059999,0.109999,-0.003748,-0.028777,0.043226,1.022383,-0.006836,-0.000977,-0.000244,0,0,0,0,3000,3000,3000,3000,0,221,-432,00,0,0,5
396.496552,0.648438,-2.527344,0.000000,0.059999,0.109999,-0.003700,-0.028777,0.043226,1.022383,0.003662,-0.001953,0.000977,0,0,0,0,3000,3000,3000,3000,0,214,-431,00,0,0,5
396.498505,0.648438,-2.527344,0.000000,0.059999,0.109999,-0.003523,-0.028777,0.043226,1.022383,-0.004150,0.000000,0.001953,0,0,0,0,3000,3000,3000,3000,0,219,-433,00,0,0,5
396.500458,0.648438,-2.527344,0.000000,0.059999,0.109999,-0.003576,-0.028777,0.043226,1.022383,-0.002686,-0.001953,-0.001221,0,0,0,0,3000,3000,3000,3000,0,219,-431,00,0,0,5
396.502411,0.648438,-2.527344,0.000000,0.059999,0.109999,-0.003492,-0.028777,0.043226,1.022383,0.009033,-0.001953,0.000977,0,0,0,0,3000,3000,3000,3000,0,210,-431,00,0,0,5
396.504364,0.648438,-2.527344,0.000000,0.059999,0.109999,-0.003658,-0.028777,0.043226,1.022383,-0.009033,0.001709,0.001953,0,0,0,0,3000,3000,3000,3000,0,223,-434,00,0,0,5
396.506317,0.648438,-2.527344,0.000000,0.059999,0.109999,-0.003473,-0.028666,0.043237,1.022461,0.004883,0.000488,0.000244,0,0,0,0,3000,3000,3000,3000,0,213,-433,00,0,0,5
396.508301,0.648438,-2.527344,0.000000,0.059999,0.109999,-0.003502,-0.028777,0.043226,1.022383,-0.003174,0.000488,0.000244,0,0,0,0,3000,3000,3000,3000,0,218,-434,00,0,0,5
396.510223,0.648438,-2.527344,0.000000,0.059999,0.109999,-0.003504,-0.028777,0.043287,1.022383,-0.003662,0.001221,0.001465,0,0,0,0,3000,3000,3000,3000,0,219,-435,00,0,0,5
396.512177,0.648438,-2.527344,0.000000,-0.029999,-0.070000,-0.003485,-0.028777,0.043287,1.022383,0.006836,0.000000,0.001953,0,0,0,0,3000,3000,3000,3000,0,212,-434,00,0,0,5
396.514130,0.648438,-2.527344,0.000000,-0.029999,-0.070000,0.000879,-0.028777,0.043287,1.022383,-0.008057,0.000000,-0.001221,0,0,0,0,3000,3000,3000,3000,0,222,-434,00,0,0,5
396.516083,0.648438,-2.527344,0.000000,-0.029999,-0.070000,0.000849,-0.028777,0.043287,1.022383,0.007568,0.000000,0.001465,0,0,0,0,3000,3000,3000,3000,0,211,-434,00,0,0,5
396.518036,0.648438,-2.527344,0.000000,-0.029999,-0.070000,0.000854,-0.028777,0.043287,1.022383,-0.000977,-0.000977,-0.000244,0,0,0,0,3000,3000,3000,3000,0,217,-433,00,0,0,5
396.519989,0.648438,-2.527344,0.000000,-0.029999,-0.070000,0.000830,-0.028777,0.043287,1.022383,-0.004150,0.000000,0.000244,0,0,0,0,3000,3000,3000,3000,0,219,-434,00,0,0,5
396.521942,0.648438,-2.527344,0.000000,-0.029999,-0.070000,0.000648,-0.028777,0.043287,1.022383,0.006348,-0.003662,0.001465,0,0,0,0,3000,3000,3000,3000,0,212,-430,00,0,0,5
396.523895,0.648438,-2.527344,0.000000,-0.029999,-0.070000,0.000742,-0.028777,0.043287,1.022383,-0.006348,0.000000,-0.002930,0,0,0,0,3000,3000,3000,3000,0,221,-433,00,0,0,5
396.525848,0.648438,-2.527344,0.000000,-0.029999,-0.070000,0.000786,-0.028777,0.043287,1.022383,0.006836,0.001221,0.002930,0,0,0,0,3000,3000,3000,3000,0,211,-434,00,0,0,5
396.527802,0.648438,-2.527344,0.000000,-0.029999,-0.070000,0.000872,-0.028777,0.043287,1.022383,-0.005859,0.002197,-0.001709,0,0,0,0,3000,3000,3000,3000,0,220,-436,00,0,0,5
396.529755,0.648438,-2.527344,0.000000,-0.029999,-0.070000,0.006304,-0.028777,0.043287,1.022383,0.002197,-0.000977,-0.001221,0,0,0,0,3000,3000,3000,3000,0,215,-433,00,0,0,5
396.531708,0.648438,-2.527344,0.000000,-0.029999,-0.070000,0.006260,-0.028777,0.043287,1.022383,0.002197,0.002686,0.002930,0,0,0,0,3000,3000,3000,3000,0,215,-436,00,0,0,5
396.533661,0.648438,-2.527344,0.000000,-0.029999,-0.070000,0.006132,-0.028777,0.043287,1.022383,-0.005371,0.003174,0.000977,0,0,0,0,3000,3000,3000,3000,0,220,-437,00,0,0,5
396.535645,0.648438,-2.527344,0.000000,-0.029999,-0.070000,0.006124,-0.028777,0.043287,1.022383,0.004883,0.000488,0.001465,0,0,0,0,3000,3000,3000,3000,0,213,-435,00,0,0,5
396.537567,0.648438,-2.527344,0.000000,-0.029999,-0.070000,0.006054,-0.028777,0.043287,1.022383,-0.008057,0.001709,0.000244,0,0,0,0,3000,3000,3000,3000,0,222,-436,00,0,0,5
396.539520,0.648438,-2.527344,0.000000,-0.029999,-0.070000,0.006077,-0.028777,0.043287,1.022383,-0.002197,-0.000977,-0.000244,0,0,0,0,3000,3000,3000,3000,0,218,-434,00,0,0,5
396.541473,0.648438,-2.527344,0.000000,-0.029999,-0.070000,0.006033,-0.028777,0.043287,1.022383,0.000488,-0.000977,0.001953,0,0,0,0,3000,3000,3000,3000,0,217,-433,00,0,0,5
396.543427,0.648438,-2.527344,0.000000,-0.029999,-0.070000,0.005939,-0.028777,0.043287,1.022383,-0.003662,0.000488,-0.001709,0,0,0,0,3000,3000,3000,3000,0,220,-435,00,0,0,5
396.545380,0.648438,-2.527344,0.000000,-0.029999,-0.070000,0.005932,-0.028777,0.043287,1.022383,0.009033,0.001221,0.002441,0,0,0,0,3000,3000,3000,3000,0,210,-435,00,0,0,5
396.547333,0.648438,-2.527344,0.000000,-0.029999,-0.070000,0.005867,-0.028777,0.043287,1.022383,-0.006836,0.000000,0.000244,0,0,0,0,3000,3000,3000,3000,0,221,-434,00,0,0,5
396.549286,0.648438,-2.527344,0.000000,-0.029999,-0.070000,0.005810,-0.028777,0.043287,1.022383,0.003174,0.000488,-0.001709,0,0,0,0,3000,3000,3000,3000,0,214,-435,00,0,0,5
396.551239,0.648438,-2.527344,0.000000,-0.029999,-0.070000,0.005919,-0.028777,0.043287,1.022383,-0.000488,0.001709,0.000977,0,0,0,0,3000,3000,3000,3000,0,217,-436,00,0,0,5
396.553192,0.648438,-2.527344,0.000000,-0.029999,-0.070000,0.005926,-0.028777,0.043287,1.022383,-0.006348,-0.002686,-0.001709,0,0,0,0,3000,3000,3000,3000,0,221,-431,00,0,0,5
396.555145,0.648438,-2.527344,0.000000,-0.029999,-0.070000,0.006018,-0.028777,0.043287,1.022383,0.005859,0.001221,0.000244,0,0,0,0,3000,3000,3000,3000,0,213,-435,00,0,0,5
396.557098,0.648438,-2.527344,0.000000,-0.029999,-0.070000,0.005905,-0.028777,0.043287,1.022383,-0.004883,0.002197,0.001953,0,0,0,0,3000,3000,3000,3000,0,220,-436,00,0,0,5
396.559052,0.648438,-2.527344,0.000000,-0.029999,-0.070000,0.005838,-0.028777,0.043287,1.022383,0.000977,0.001221,0.001953,0,0,0,0,3000,3000,3000,3000,0,216,-435,00,0,0,5
396.561005,0.648438,-2.527344,0.000000,-0.029999,-0.070000,0.005922,-0.028777,0.043287,1.022383,0.002197,0.003174,0.002441,0,0,0,0,3000,3000,3000,3000,0,215,-437,00,0,0,5
396.562958,0.648438,-2.527344,0.000000,-0.029999,-0.070000,0.006088,-0.028777,0.043287,1.022383,-0.005371,-0.001465,-0.002197,0,0,0,0,3000,3000,3000,3000,0,220,-433,00,0,0,5
396.564911,0.648438,-2.527344,0.000000,-0.029999,-0.070000,0.005981,-0.028777,0.043287,1.022383,0.005859,0.003662,0.000977,0,0,0,0,3000,3000,3000,3000,0,212,-438,00,0,0,5
396.566864,0.648438,-2.527344,0.000000,-0.029999,-0.070000,0.006071,-0.028777,0.043287,1.022383,-0.005859,0.001221,-0.001221,0,0,0,0,3000,3000,3000,3000,0,221,-436,00,0,0,5
396.568817,0.648438,-2.527344,0.000000,-0.029999,-0.070000,0.005985,-0.028777,0.043287,1.022383,0.004883,-0.000977,0.002930,0,0,0,0,3000,3000,3000,3000,0,213,-433,00,0,0,5
396.570770,0.648438,-2.527344,0.000000,-0.029999,-0.070000,0.005972,-0.028777,0.043287,1.022383,0.000488,-0.000977,0.001465,0,0,0,0,3000,3000,3000,3000,0,216,-433,00,0,0,5
396.572723,0.648438,-2.527344,0.000000,-0.029999,-0.070000,0.005987,-0.028777,0.043287,1.022383,0.000000,-0.000977,-0.000732,0,0,0,0,3000,3000,3000,3000,0,216,-433,00,0,0,5
396.574677,0.648438,-2.527344,0.000000,-0.029999,-0.070000,0.005917,-0.028777,0.043287,1.022383,0.005859,0.000000,0.001465,0,0,0,0,3000,3000,3000,3000,0,212,-434,00,0,0,5
396.576630,0.648438,-2.527344,0.000000,-0.029999,-0.070000,0.006006,-0.028777,0.043287,1.022383,-0.006836,-0.000488,-0.001221,0,0,0,0,3000,3000,3000,3000,0,221,-433,00,0,0,5
396.578583,0.648438,-2.527344,0.000000,-0.029999,-0.070000,0.006001,-0.028777,0.043287,1.022383,0.004395,-0.000488,0.004150,0,0,0,0,3000,3000,3000,3000,0,213,-433,00,0,0,5
396.580536,0.648438,-2.527344,0.000000,-0.029999,-0.070000,0.005985,-0.028777,0.043287,1.022383,-0.000488,0.002686,-0.000732,0,0,0,0,3000,3000,3000,3000,0,216,-436,00,0,0,5
396.582489,0.648438,-2.527344,0.000000,-0.029999,-0.070000,0.005943,-0.028777,0.043287,1.022383,-0.003662,0.000000,0.000244,0,0,0,0,3000,3000,3000,3000,0,219,-433,00,0,0,5
396.584442,0.648438,-2.527344,0.000000,-0.029999,-0.070000,0.005802,-0.028777,0.043287,1.022383,0.003174,0.002197,0.001953,0,0,0,0,3000,3000,3000,3000,0,214,-436,00,0,0,5
396.586395,0.648438,-2.527344,0.000000,-0.029999,-0.070000,0.005770,-0.028777,0.043287,1.022383,-0.007324,0.001221,-0.002197,0,0,0,0,3000,3000,3000,3000,0,221,-435,00,0,0,5
396.588348,0.648438,-2.527344,0.000000,-0.029999,-0.070000,0.005583,-0.028777,0.043287,1.022383,0.005371,-0.001465,0.001953,0,0,0,0,3000,3000,3000,3000,0,213,-432,00,0,0,5
396.590302,0.648438,-2.527344,0.000000,-0.029999,-0.070000,0.005589,-0.028777,0.043287,1.022383,-0.004883,0.000000,0.001953,0,0,0,0,3000,3000,3000,3000,0,220,-433,00,0,0,5
396.592255,0.648438,-2.527344,0.000000,-0.029999,-0.070000,0.005625,-0.028777,0.043287,1.022383,0.002686,0.000488,0.001465,0,0,0,0,3000,3000,3000,3000,0,215,-434,00,0,0,5
396.594208,0.648438,-2.527344,0.000000,-0.029999,-0.070000,0.005720,-0.028777,0.043287,1.022383,0.002197,-0.002686,-0.001221,0,0,0,0,3000,3000,3000,3000,0,215,-431,00,0,0,5
396.596161,0.648438,-2.527344,0.000000,-0.029999,-0.070000,0.005684,-0.028777,0.043287,1.022383,-0.009521,-0.002686,-0.001709,0,0,0,0,3000,3000,3000,3000,0,223,-430,00,0,0,5
396.598114,0.648438,-2.527344,0.000000,-0.029999,-0.070000,0.005547,-0.028777,0.043287,1.022383,0.005371,0.000000,0.003418,0,0,0,0,3000,3000,3000,3000,0,213,-433,00,0,0,5
396.600067,0.648438,-2.527344,0.000000,-0.029999,-0.070000,0.005478,-0.028777,0.043287,1.022383,-0.002197,0.000488,-0.000244,0,0,0,0,3000,3000,3000,3000,0,218,-433,00,0,0,5
396.602020,0.648438,-2.527344,0.000000,-0.029999,-0.070000,0.005451,-0.028777,0.043287,1.022383,0.000488,0.000000,-0.001221,0,0,0,0,3000,3000,3000,3000,0,216,-433,00,0,0,5
396.604004,0.648438,-2.527344,0.000000,-0.029999,-0.070000,0.005600,-0.028777,0.043287,1.022383,0.002686,0.001709,0.001465,0,0,0,0,3000,3000,3000,3000,0,215,-434,00,0,0,5
396.605927,0.648438,-2.527344,0.000000,-0.029999,-0.070000,0.005672,-0.028777,0.043287,1.022383,-0.004883,0.004883,0.001953,0,0,0,0,3000,3000,3000,3000,0,220,-438,00,0,0,5
396.607880,0.648438,-2.527344,0.000000,-0.029999,-0.070000,0.005655,-0.028777,0.043287,1.022383,0.007568,0.001221,0.001465,0,0,0,0,3000,3000,3000,3000,0,211,-435,00,0,0,5
396.609833,0.648438,-2.527344,0.000000,0.000000,0.000000,0.004156,-0.028777,0.043287,1.022383,-0.005371,0.000000,-0.001221,0,0,0,0,3000,3000,3000,3000,0,220,-434,00,0,0,5
396.611786,0.648438,-2.527344,0.000000,0.000000,0.000000,0.004065,-0.028777,0.043287,1.022383,0.003662,0.000000,-0.001221,0,0,0,0,3000,3000,3000,3000,0,214,-434,00,0,0,5
396.613739,0.648438,-2.527344,0.000000,0.000000,0.000000,0.004044,-0.028777,0.043287,1.022383,-0.001465,0.001709,-0.000244,0,0,0,0,3000,3000,3000,3000,0,217,-435,00,0,0,5
396.615692,0.648438,-2.527344,0.000000,0.000000,0.000000,0.004118,-0.028777,0.043287,1.022383,-0.005371,-0.000977,-0.000732,0,0,0,0,3000,3000,3000,3000,0,220,-433,00,0,0,5
396.617645,0.648438,-2.527344,0.000000,0.000000,0.000000,0.004074,-0.028777,0.043287,1.022383,0.005371,0.002197,0.003662,0,0,0,0,3000,3000,3000,3000,0,213,-436,00,0,0,5
396.619598,0.648438,-2.527344,0.000000,0.000000,0.000000,0.004045,-0.028777,0.043287,1.022383,-0.004883,-0.000977,0.000244,0,0,0,0,3000,3000,3000,3000,0,220,-433,00,0,0,5
396.621552,0.648438,-2.527344,0.000000,0.000000,0.000000,0.004141,-0.028777,0.043287,1.022383,0.002197,0.001709,0.003418,0,0,0,0,3000,3000,3000,3000,0,215,-435,00,0,0,5
396.623505,0.648438,-2.527344,0.000000,0.000000,0.000000,0.004093,-0.028777,0.043287,1.022383,0.000977,0.001709,-0.000244,0,0,0,0,3000,3000,3000,3000,0,216,-435,00,0,0,5
396.625458,0.648438,-2.527344,0.000000,0.000000,0.000000,0.004171,-0.028777,0.043287,1.022383,-0.002686,0.001709,-0.002197,0,0,0,0,3000,3000,3000,3000,0,218,-436,00,0,0,5
396.627411,0.648438,-2.527344,0.000000,0.000000,0.000000,0.004166,-0.028777,0.043287,1.022383,0.006836,0.000000,0.001953,0,0,0,0,3000,3000,3000,3000,0,212,-434,00,0,0,5
396.629364,0.648438,-2.527344,0.000000,0.000000,0.000000,0.004116,-0.028777,0.043287,1.022383,-0.005371,0.001709,0.002441,0,0,0,0,3000,3000,3000,3000,0,220,-436,00,0,0,5
396.631317,0.648438,-2.527344,0.000000,0.000000,0.000000,0.004175,-0.028777,0.043287,1.022383,0.005859,-0.001465,0.003418,0,0,0,0,3000,3000,3000,3000,0,212,-433,00,0,0,5
396.633270,0.648438,-2.527344,0.000000,0.000000,0.000000,0.004002,-0.028777,0.043287,1.022383,-0.002197,-0.000488,0.000244,0,0,0,0,3000,3000,3000,3000,0,218,-433,00,0,0,5
396.635223,0.648438,-2.527344,0.000000,0.000000,0.000000,0.004093,-0.028838,0.043287,1.022383,-0.006348,0.000000,-0.003906,0,0,0,0,3000,3000,3000,3000,0,221,-434,00,0,0,5
396.637177,0.648438,-2.527344,0.000000,0.000000,0.000000,0.004040,-0.028838,0.043287,1.022383,0.006836,0.000488,0.002441,0,0,0,0,3000,3000,3000,3000,0,212,-434,00,0,0,5
396.639130,0.648438,-2.527344,0.000000,0.000000,0.000000,0.003971,-0.028838,0.043287,1.022383,-0.005371,-0.000977,0.001953,0,0,0,0,3000,3000,3000,3000,0,221,-433,00,0,0,5
396.641083,0.648438,-2.527344,0.000000,0.000000,0.000000,0.003864,-0.028838,0.043287,1.022383,0.004395,-0.002686,0.000977,0,0,0,0,3000,3000,3000,3000,0,214,-431,00,0,0,5
396.643036,0.648438,-2.527344,0.000000,0.000000,0.000000,0.003920,-0.028838,0.043287,1.022383,-0.002197,0.000488,0.002441,0,0,0,0,3000,3000,3000,3000,0,218,-434,00,0,0,5
396.644989,0.648438,-2.527344,0.000000,0.000000,0.000000,0.003887,-0.028838,0.043287,1.022383,-0.002686,-0.000488,0.000244,0,0,0,0,3000,3000,3000,3000,0,219,-433,00,0,0,5
396.646942,0.648438,-2.527344,0.000000,0.000000,0.000000,0.003899,-0.028838,0.043287,1.022383,0.005371,0.001709,0.003418,0,0,0,0,3000,3000,3000,3000,0,213,-435,00,0,0,5
396.648895,0.648438,-2.527344,0.000000,0.000000,0.000000,0.003813,-0.028838,0.043287,1.022383,-0.005859,0.000488,0.001953,0,0,0,0,3000,3000,3000,3000,0,221,-434,00,0,0,5
396.650848,0.648438,-2.527344,0.000000,0.000000,0.000000,0.003742,-0.028838,0.043287,1.022383,0.007568,0.000488,0.001465,0,0,0,0,3000,3000,3000,3000,0,211,-434,00,0,0,5
396.652802,0.648438,-2.527344,0.000000,0.000000,0.000000,0.003777,-0.028838,0.043287,1.022383,-0.006348,0.000488,0.000977,0,0,0,0,3000,3000,3000,3000,0,221,-434,00,0,0,5
396.654755,0.648438,-2.527344,0.000000,0.000000,0.000000,0.003666,-0.028838,0.043287,1.022383,-0.005371,-0.000977,0.002441,0,0,0,0,3000,3000,3000,3000,0,221,-433,00,0,0,5
396.656708,0.648438,-2.527344,0.000000,0.000000,0.000000,0.003784,-0.028780,0.043226,1.022455,0.005859,0.003662,0.001465,0,0,0,0,3000,3000,3000,3000,0,213,-436,00,0,0,5
396.658661,0.648438,-2.527344,0.000000,0.000000,0.000000,0.003685,-0.028780,0.043226,1.022455,-0.005371,-0.000977,-0.003418,0,0,0,0,3000,3000,3000,3000,0,221,-432,00,0,0,5
396.660614,0.648438,-2.527344,0.000000,0.000000,0.000000,0.003778,-0.028780,0.043226,1.022455,0.005371,0.000000,0.002441,0,0,0,0,3000,3000,3000,3000,0,213,-433,00,0,0,5
396.662567,0.648438,-2.527344,0.000000,0.000000,0.000000,0.003845,-0.028780,0.043226,1.022455,-0.007324,0.000000,-0.002197,0,0,0,0,3000,3000,3000,3000,0,222,-433,00,0,0,5
396.664520,0.648438,-2.527344,0.000000,0.000000,0.000000,0.003891,-0.028780,0.043226,1.022455,0.000488,-0.001953,-0.000244,0,0,0,0,3000,3000,3000,3000,0,217,-431,00,0,0,5
396.666473,0.648438,-2.527344,0.000000,0.000000,0.000000,0.003788,-0.028780,0.043226,1.022455,0.002197,-0.001465,0.003662,0,0,0,0,3000,3000,3000,3000,0,216,-431,00,0,0,5
396.668427,0.648438,-2.527344,0.000000,0.000000,0.000000,0.003956,-0.028780,0.043226,1.022455,-0.004883,-0.000977,-0.004395,0,0,0,0,3000,3000,3000,3000,0,221,-431,00,0,0,5
396.670380,0.648438,-2.527344,0.000000,0.000000,0.000000,0.003893,-0.028780,0.043226,1.022455,0.006348,-0.001465,0.004639,0,0,0,0,3000,3000,3000,3000,0,213,-431,00,0,0,5
396.672333,0.648438,-2.527344,0.000000,0.000000,0.000000,0.003906,-0.028780,0.043226,1.022455,-0.004150,0.001709,0.003662,0,0,0,0,3000,3000,3000,3000,0,220,-434,00,0,0,5
396.674286,0.648438,-2.527344,0.000000,0.000000,0.000000,0.003971,-0.028784,0.043226,1.022560,0.000000,-0.001953,-0.000732,0,0,0,0,3000,3000,3000,3000,0,217,-430,00,0,0,5
396.676239,0.648438,-2.527344,0.000000,0.000000,0.000000,0.004021,-0.028784,0.043226,1.022560,0.000977,0.003662,0.000244,0,0,0,0,3000,3000,3000,3000,0,216,-436,00,0,0,5
396.678192,0.648438,-2.527344,0.000000,0.000000,0.000000,0.004026,-0.028784,0.043226,1.022560,-0.007324,-0.001465,-0.002930,0,0,0,0,3000,3000,3000,3000,0,222,-431,00,0,0,5
396.680145,0.648438,-2.527344,0.000000,0.000000,0.000000,0.004101,-0.028784,0.043226,1.022560,0.008545,0.002686,-0.000244,0,0,0,0,3000,3000,3000,3000,0,211,-435,00,0,0,5
396.682098,0.648438,-2.527344,0.000000,0.000000,0.000000,0.004086,-0.028784,0.043226,1.022560,-0.004883,0.001709,-0.000244,0,0,0,0,3000,3000,3000,3000,0,220,-435,00,0,0,5
396.684052,0.648438,-2.527344,0.000000,0.000000,0.000000,0.004068,-0.028784,0.043226,1.022560,0.003662,0.000488,-0.001221,0,0,0,0,3000,3000,3000,3000,0,214,-434,00,0,0,5
396.686005,0.648438,-2.527344,0.000000,0.000000,0.000000,-0.004776,-0.028784,0.043226,1.022560,-0.001465,0.002686,-0.000244,0,0,0,0,3000,3000,3000,3000,0,218,-436,00,0,0,5
396.687958,0.648438,-2.527344,0.000000,0.000000,0.000000,-0.004856,-0.028784,0.043226,1.022560,-0.002686,0.000000,0.001465,0,0,0,0,3000,3000,3000,3000,0,218,-434,00,0,0,5
396.689911,0.648438,-2.527344,0.000000,0.000000,0.000000,-0.004776,-0.028784,0.043226,1.022560,0.005859,0.001221,0.001465,0,0,0,0,3000,3000,3000,3000,0,212,-435,00,0,0,5
396.691864,0.648438,-2.527344,0.000000,0.000000,0.000000,-0.005003,-0.028784,0.043226,1.022560,-0.006836,0.000488,-0.004883,0,0,0,0,3000,3000,3000,3000,0,221,-434,00,0,0,5
396.693817,0.648438,-2.527344,0.000000,0.000000,0.000000,-0.004929,-0.028784,0.043226,1.022560,0.002686,-0.001465,0.001465,0,0,0,0,3000,3000,3000,3000,0,215,-432,00,0,0,5
396.695770,0.648438,-2.527344,0.000000,0.000000,0.000000,-0.004871,-0.028784,0.043226,1.022560,0.001709,0.003662,0.000244,0,0,0,0,3000,3000,3000,3000,0,215,-437,00,0,0,5
396.697723,0.648438,-2.527344,0.000000,0.000000,0.000000,-0.004930,-0.028784,0.043226,1.022560,-0.005371,-0.000977,-0.000244,0,0,0,0,3000,3000,3000,3000,0,220,-433,00,0,0,5
396.699677,0.648438,-2.527344,0.000000,0.000000,0.000000,-0.004955,-0.028784,0.043226,1.022560,0.005371,0.000488,0.000977,0,0,0,0,3000,3000,3000,3000,0,213,-434,00,0,0,5
396.701630,0.648438,-2.527344,0.000000,0.000000,0.000000,-0.004894,-0.028784,0.043226,1.022560,-0.007324,0.004395,-0.004395,0,0,0,0,3000,3000,3000,3000,0,222,-438,00,0,0,5
396.703583,0.648438,-2.527344,0.000000,0.000000,0.000000,-0.004776,-0.028784,0.043226,1.022560,0.006348,-0.002686,0.000244,0,0,0,0,3000,3000,3000,3000,0,212,-431,00,0,0,5
396.705536,0.648438,-2.527344,0.000000,0.000000,0.000000,-0.004986,-0.028784,0.043226,1.022560,-0.001465,0.000000,0.001953,0,0,0,0,3000,3000,3000,3000,0,218,-434,00,0,0,5
396.707489,0.648438,-2.527344,0.000000,0.000000,0.000000,-0.004864,-0.028784,0.043226,1.022560,-0.001465,0.001709,-0.000732,0,0,0,0,3000,3000,3000,3000,0,217,-435,00,0,0,5
396.709442,0.648438,-2.527344,0.000000,0.000000,0.000000,-0.004992,-0.028784,0.043226,1.022560,0.004883,-0.000977,0.003418,0,0,0,0,3000,3000,3000,3000,0,213,-432,00,0,0,5
396.711395,0.648438,-2.527344,0.000000,0.000000,0.000000,-0.005144,-0.028784,0.043226,1.022560,-0.003662,-0.001953,0.000244,0,0,0,0,3000,3000,3000,3000,0,219,-431,00,0,0,5
396.713348,0.648438,-2.527344,0.000000,0.000000,0.000000,-0.005219,-0.028784,0.043226,1.022560,0.005859,0.001709,0.001953,0,0,0,0,3000,3000,3000,3000,0,212,-435,00,0,0,5
396.715302,0.648438,-2.527344,0.000000,0.119999,0.289999,-0.001833,-0.028784,0.043226,1.022560,-0.003174,-0.000488,-0.000732,0,0,0,0,3000,3000,3000,3000,0,218,-432,00,0,0,5
396.717255,0.648438,-2.527344,0.000000,0.119999,0.289999,-0.001814,-0.028784,0.043226,1.022560,-0.001465,0.000488,0.001465,0,0,0,0,3000,3000,3000,3000,0,217,-433,00,0,0,5
396.719208,0.648438,-2.527344,0.000000,0.119999,0.289999,-0.001677,-0.028784,0.043226,1.022560,0.002686,0.001221,0.001465,0,0,0,0,3000,3000,3000,3000,0,214,-434,00,0,0,5
396.721161,0.648438,-2.527344,0.000000,0.119999,0.289999,-0.001642,-0.028784,0.043226,1.022560,-0.003662,0.000488,-0.000732,0,0,0,0,3000,3000,3000,3000,0,219,-433,00,0,0,5
396.723114,0.648438,-2.527344,0.000000,0.119999,0.289999,-0.001755,-0.028784,0.043226,1.022560,0.005859,0.000000,-0.001221,0,0,0,0,3000,3000,3000,3000,0,212,-433,00,0,0,5
396.725067,0.648438,-2.527344,0.000000,0.119999,0.289999,-0.001755,-0.028784,0.043226,1.022560,0.005859,0.000000,-0.001221,0,0,0,0,3000,3000,3000,3000,0,212,-433,00,0,0,5
396.727020,0.648438,-2.527344,0.000000,0.119999,0.289999,-0.001844,-0.028784,0.043226,1.022560,-0.000488,-0.001953,0.000244,0,0,0,0,3000,3000,3000,3000,0,216,-431,00,0,0,5
396.728973,0.648438,-2.527344,0.000000,0.119999,0.289999,-0.001776,-0.028784,0.043226,1.022560,0.000488,0.001221,-0.001709,0,0,0,0,3000,3000,3000,3000,0,215,-434,00,0,0,5
396.730927,0.648438,-2.527344,0.000000,0.119999,0.289999,-0.001797,-0.028784,0.043226,1.022560,-0.005371,-0.002686,-0.002930,0,0,0,0,3000,3000,3000,3000,0,220,-430,00,0,0,5
396.732880,0.648438,-2.527344,0.000000,0.119999,0.289999,-0.001785,-0.028784,0.043226,1.022560,0.004395,0.002197,-0.000244,0,0,0,0,3000,3000,3000,3000,0,213,-435,00,0,0,5
396.734833,0.648438,-2.527344,0.000000,0.119999,0.289999,-0.001776,-0.028784,0.043226,1.022560,-0.003174,0.001221,-0.002197,0,0,0,0,3000,3000,3000,3000,0,218,-434,00,0,0,5
396.736786,0.648438,-2.527344,0.000000,0.119999,0.289999,-0.001654,-0.028784,0.043226,1.022560,-0.001465,-0.001953,-0.003418,0,0,0,0,3000,3000,3000,3000,0,217,-431,00,0,0,5
396.738739,0.648438,-2.527344,0.000000,0.119999,0.289999,-0.001484,-0.028784,0.043226,1.022560,0.003662,0.000488,-0.001709,0,0,0,0,3000,3000,3000,3000,0,214,-433,00,0,0,5
396.740692,0.648438,-2.527344,0.000000,0.119999,0.289999,-0.001484,-0.028784,0.043226,1.022560,-0.005371,-0.001465,-0.004395,0,0,0,0,3000,3000,3000,3000,0,220,-431,00,0,0,5
396.742645,0.648438,-2.527344,0.000000,0.119999,0.289999,-0.001364,-0.028784,0.043226,1.022560,0.003662,-0.000977,0.002441,0,0,0,0,3000,3000,3000,3000,0,214,-432,00,0,0,5
396.744598,0.648438,-2.527344,0.000000,0.119999,0.289999,-0.001436,-0.028784,0.043226,1.022560,-0.008057,0.000000,-0.004395,0,0,0,0,3000,3000,3000,3000,0,223,-432,00,0,0,5
396.746552,0.648438,-2.527344,0.000000,0.119999,0.289999,-0.001234,-0.028784,0.043226,1.022560,0.002197,-0.000977,0.000244,0,0,0,0,3000,3000,3000,3000,0,216,-431,00,0,0,5
396.748505,0.648438,-2.527344,0.000000,0.119999,0.289999,-0.001123,-0.028784,0.043226,1.022560,-0.004150,0.002197,-0.001221,0,0,0,0,3000,3000,3000,3000,0,220,-434,00,0,0,5
396.750488,0.648438,-2.527344,0.000000,0.119999,0.289999,-0.000847,-0.028845,0.043226,1.022560,-0.008545,0.000000,-0.003906,0,0,0,0,3000,3000,3000,3000,0,224,-433,00,0,0,5
396.752411,0.648438,-2.527344,0.000000,0.119999,0.289999,-0.000982,-0.028845,0.043226,1.022560,0.008057,-0.001953,0.003662,0,0,0,0,3000,3000,3000,3000,0,213,-431,00,0,0,5
396.754395,0.648438,-2.527344,0.000000,0.119999,0.289999,-0.001089,-0.028845,0.043226,1.022560,-0.007324,-0.000488,0.001953,0,0,0,0,3000,3000,3000,3000,0,223,-432,00,0,0,5
396.756317,0.648438,-2.527344,0.000000,0.119999,0.289999,-0.001228,-0.028845,0.043226,1.022560,0.005371,-0.000488,0.000244,0,0,0,0,3000,3000,3000,3000,0,214,-432,00,0,0,5
396.758270,0.648438,-2.527344,0.000000,0.119999,0.289999,-0.001230,-0.028845,0.043226,1.022560,0.000977,0.000000,0.001953,0,0,0,0,3000,3000,3000,3000,0,217,-433,00,0,0,5
396.760223,0.648438,-2.527344,0.000000,0.119999,0.289999,-0.001223,-0.028845,0.043226,1.022560,-0.003174,-0.000488,-0.000732,0,0,0,0,3000,3000,3000,3000,0,220,-432,00,0,0,5
396.762207,0.648438,-2.527344,0.000000,0.119999,0.289999,-0.001173,-0.028845,0.043226,1.022560,0.005371,0.000488,-0.000244,0,0,0,0,3000,3000,3000,3000,0,214,-433,00,0,0,5
396.764130,0.648438,-2.527344,0.000000,0.119999,0.289999,-0.008499,-0.028845,0.043226,1.022560,-0.007324,-0.000977,-0.003418,0,0,0,0,3000,3000,3000,3000,0,223,-432,00,0,0,5
396.766083,0.648438,-2.527344,0.000000,0.119999,0.289999,-0.008509,-0.028845,0.043226,1.022560,0.006348,-0.003662,0.003662,0,0,0,0,3000,3000,3000,3000,0,213,-429,00,0,0,5
396.768036,0.648438,-2.527344,0.000000,0.119999,0.289999,-0.008711,-0.028845,0.043226,1.022560,-0.002197,-0.000977,0.002930,0,0,0,0,3000,3000,3000,3000,0,219,-432,00,0,0,5
396.769989,0.648438,-2.527344,0.000000,0.119999,0.289999,-0.008722,-0.028845,0.043226,1.022560,0.001709,-0.000488,-0.000244,0,0,0,0,3000,3000,3000,3000,0,216,-432,00,0,0,5
396.771942,0.648438,-2.527344,0.000000,0.119999,0.289999,-0.008644,-0.028845,0.043226,1.022560,0.005371,0.001709,0.000244,0,0,0,0,3000,3000,3000,3000,0,213,-434,00,0,0,5
396.773895,0.648438,-2.527344,0.000000,0.119999,0.289999,-0.008766,-0.028845,0.043226,1.022560,-0.004883,0.002197,-0.000244,0,0,0,0,3000,3000,3000,3000,0,220,-435,00,0,0,5
396.775848,0.648438,-2.527344,0.000000,0.119999,0.289999,-0.008915,-0.028845,0.043226,1.022560,0.004883,0.000000,0.001953,0,0,0,0,3000,3000,3000,3000,0,213,-433,00,0,0,5
396.777802,0.648438,-2.527344,0.000000,0.119999,0.289999,-0.008898,-0.028845,0.043226,1.022560,-0.003174,-0.000488,-0.000244,0,0,0,0,3000,3000,3000,3000,0,219,-433,00,0,0,5
396.779755,0.648438,-2.527344,0.000000,0.119999,0.289999,-0.008965,-0.028845,0.043226,1.022560,-0.001465,-0.001465,0.000244,0,0,0,0,3000,3000,3000,3000,0,218,-432,00,0,0,5
396.781708,0.648438,-2.527344,0.000000,0.119999,0.289999,-0.009109,-0.028845,0.043226,1.022560,0.003662,0.001709,-0.001221,0,0,0,0,3000,3000,3000,3000,0,214,-435,00,0,0,5
396.783661,0.648438,-2.527344,0.000000,0.119999,0.289999,-0.009123,-0.028845,0.043226,1.022560,-0.004883,0.001221,-0.000244,0,0,0,0,3000,3000,3000,3000,0,220,-435,00,0,0,5
396.785614,0.648438,-2.527344,0.000000,0.119999,0.289999,-0.009140,-0.028845,0.043226,1.022560,0.004395,0.001221,0.003662,0,0,0,0,3000,3000,3000,3000,0,214,-435,00,0,0,5
396.787567,0.648438,-2.527344,0.000000,0.119999,0.289999,-0.009127,-0.028845,0.043226,1.022560,-0.006836,0.001709,-0.002197,0,0,0,0,3000,3000,3000,3000,0,222,-436,00,0,0,5
396.789520,0.648438,-2.527344,0.000000,0.119999,0.289999,-0.009033,-0.028845,0.043226,1.022560,0.001709,-0.000488,0.003662,0,0,0,0,3000,3000,3000,3000,0,216,-434,00,0,0,5
396.791473,0.648438,-2.527344,0.000000,0.119999,0.289999,-0.008986,-0.028845,0.043226,1.022560,0.004395,0.002686,-0.000244,0,0,0,0,3000,3000,3000,3000,0,214,-437,00,0,0,5
396.793427,0.648438,-2.527344,0.000000,0.119999,0.289999,-0.009069,-0.028845,0.043226,1.022560,-0.002686,0.000488,-0.002930,0,0,0,0,3000,3000,3000,3000,0,219,-435,00,0,0,5
396.795380,0.648438,-2.527344,0.000000,0.119999,0.289999,-0.009035,-0.028845,0.043226,1.022560,0.005859,-0.001953,0.001953,0,0,0,0,3000,3000,3000,3000,0,213,-432,00,0,0,5
396.797333,0.648438,-2.527344,0.000000,0.119999,0.289999,-0.008997,-0.028845,0.043226,1.022560,-0.006348,0.000488,-0.002197,0,0,0,0,3000,3000,3000,3000,0,221,-434,00,0,0,5
396.799286,0.648438,-2.527344,0.000000,0.119999,0.289999,-0.009092,-0.028845,0.043226,1.022560,0.003174,-0.001465,0.001953,0,0,0,0,3000,3000,3000,3000,0,215,-432,00,0,0,5
396.801239,0.648438,-2.527344,0.000000,0.119999,0.289999,-0.009146,-0.028845,0.043226,1.022560,0.002197,0.004395,0.002441,0,0,0,0,3000,3000,3000,3000,0,215,-438,00,0,0,5
396.803192,0.648438,-2.527344,0.000000,0.119999,0.289999,-0.009163,-0.028845,0.043226,1.022560,-0.004150,0.000000,-0.002197,0,0,0,0,3000,3000,3000,3000,0,220,-434,00,0,0,5
396.805145,0.648438,-2.527344,0.000000,0.119999,0.289999,-0.009308,-0.028845,0.043226,1.022560,0.005371,-0.001953,0.001465,0,0,0,0,3000,3000,3000,3000,0,213,-432,00,0,0,5
396.807098,0.648438,-2.527344,0.000000,0.119999,0.289999,-0.009436,-0.028845,0.043226,1.022560,-0.009521,0.003174,-0.001709,0,0,0,0,3000,3000,3000,3000,0,224,-437,00,0,0,5
396.809052,0.648438,-2.527344,0.000000,-0.089998,-0.179998,-0.009403,-0.028845,0.043226,1.022560,0.003662,0.001221,0.000244,0,0,0,0,3000,3000,3000,3000,0,215,-435,00,0,0,5
396.811005,0.648438,-2.527344,0.000000,-0.089998,-0.179998,-0.003265,-0.028845,0.043226,1.022560,-0.002686,0.003174,0.002930,0,0,0,0,3000,3000,3000,3000,0,219,-437,00,0,0,5
396.812958,0.648438,-2.527344,0.000000,-0.089998,-0.179998,-0.003315,-0.028845,0.043226,1.022560,-0.004150,0.001709,-0.001221,0,0,0,0,3000,3000,3000,3000,0,220,-436,00,0,0,5
396.814911,0.648438,-2.527344,0.000000,-0.089998,-0.179998,-0.003225,-0.028845,0.043226,1.022560,0.007568,-0.000977,0.000244,0,0,0,0,3000,3000,3000,3000,0,212,-434,00,0,0,5
396.816864,0.648438,-2.527344,0.000000,-0.089998,-0.179998,-0.003260,-0.028845,0.043226,1.022560,-0.006836,0.000000,-0.002930,0,0,0,0,3000,3000,3000,3000,0,222,-434,00,0,0,5
396.818817,0.648438,-2.527344,0.000000,-0.089998,-0.179998,-0.003435,-0.028845,0.043226,1.022560,0.002686,0.000488,-0.001221,0,0,0,0,3000,3000,3000,3000,0,215,-434,00,0,0,5
396.820770,0.648438,-2.527344,0.000000,-0.089998,-0.179998,-0.003580,-0.028845,0.043226,1.022560,-0.000977,0.004395,0.001465,0,0,0,0,3000,3000,3000,3000,0,218,-438,00,0,0,5
396.822723,0.648438,-2.527344,0.000000,-0.089998,-0.179998,-0.003815,-0.028845,0.043226,1.022560,0.000977,0.000000,0.000244,0,0,0,0,3000,3000,3000,3000,0,217,-434,00,0,0,5
396.824677,0.648438,-2.527344,0.000000,-0.089998,-0.179998,-0.003687,-0.028845,0.043226,1.022560,0.002197,0.001221,0.001465,0,0,0,0,3000,3000,3000,3000,0,216,-435,00,0,0,5
396.826630,0.648438,-2.527344,0.000000,-0.089998,-0.179998,-0.003773,-0.028845,0.043226,1.022560,-0.006348,0.000000,-0.003418,0,0,0,0,3000,3000,3000,3000,0,222,-434,00,0,0,5
396.828583,0.648438,-2.527344,0.000000,-0.089998,-0.179998,-0.003794,-0.028845,0.043226,1.022560,0.004883,-0.001465,-0.000732,0,0,0,0,3000,3000,3000,3000,0,214,-433,00,0,0,5
396.830536,0.648438,-2.527344,0.000000,-0.089998,-0.179998,-0.003908,-0.028845,0.043226,1.022560,0.001709,-0.000488,0.000977,0,0,0,0,3000,3000,3000,3000,0,216,-433,00,0,0,5
396.832489,0.648438,-2.527344,0.000000,-0.089998,-0.179998,-0.003958,-0.028845,0.043226,1.022560,-0.003174,0.000488,-0.002197,0,0,0,0,3000,3000,3000,3000,0,219,-434,00,0,0,5
396.834442,0.648438,-2.527344,0.000000,-0.089998,-0.179998,-0.003981,-0.028845,0.043226,1.022560,0.005859,-0.001465,0.001953,0,0,0,0,3000,3000,3000,3000,0,213,-432,00,0,0,5
396.836395,0.648438,-2.527344,0.000000,-0.089998,-0.179998,-0.004028,-0.028845,0.043226,1.022560,-0.004883,0.002686,-0.000244,0,0,0,0,3000,3000,3000,3000,0,220,-436,00,0,0,5
396.838348,0.648438,-2.527344,0.000000,-0.089998,-0.179998,-0.004108,-0.028845,0.043226,1.022560,0.006348,0.001709,0.001953,0,0,0,0,3000,3000,3000,3000,0,212,-435,00,0,0,5
396.840302,0.648438,-2.527344,0.000000,-0.089998,-0.179998,-0.004025,-0.028845,0.043226,1.022560,-0.004883,0.000000,-0.000244,0,0,0,0,3000,3000,3000,3000,0,220,-433,00,0,0,5
396.842255,0.648438,-2.527344,0.000000,-0.089998,-0.179998,-0.005039,-0.028845,0.043226,1.022560,0.000000,-0.000488,0.000244,0,0,0,0,3000,3000,3000,3000,0,217,-433,00,0,0,5
396.844208,0.648438,-2.527344,0.000000,-0.089998,-0.179998,-0.005140,-0.028845,0.043226,1.022560,0.006348,0.002197,0.001953,0,0,0,0,3000,3000,3000,3000,0,212,-435,00,0,0,5
396.846161,0.648438,-2.527344,0.000000,-0.089998,-0.179998,-0.005238,-0.028845,0.043226,1.022560,-0.007324,-0.001465,-0.001709,0,0,0,0,3000,3000,3000,3000,0,222,-432,00,0,0,5
396.848114,0.648438,-2.527344,0.000000,-0.089998,-0.179998,-0.005157,-0.028845,0.043226,1.022560,0.006836,0.000488,-0.001221,0,0,0,0,3000,3000,3000,3000,0,212,-434,00,0,0,5
396.850067,0.648438,-2.527344,0.000000,-0.089998,-0.179998,-0.005154,-0.028845,0.043226,1.022560,-0.000977,-0.000488,-0.002197,0,0,0,0,3000,3000,3000,3000,0,217,-433,00,0,0,5
396.852020,0.648438,-2.527344,0.000000,-0.089998,-0.179998,-0.005407,-0.028845,0.043226,1.022560,-0.003174,0.000000,0.002441,0,0,0,0,3000,3000,3000,3000,0,219,-433,00,0,0,5
396.854004,0.648438,-2.527344,0.000000,-0.089998,-0.179998,-0.005497,-0.028845,0.043226,1.022560,0.003662,0.001709,-0.000732,0,0,0,0,3000,3000,3000,3000,0,214,-435,00,0,0,5
396.855927,0.648438,-2.527344,0.000000,-0.089998,-0.179998,-0.005543,-0.028845,0.043226,1.022560,-0.004883,-0.001953,-0.002197,0,0,0,0,3000,3000,3000,3000,0,220,-431,00,0,0,5
396.857880,0.648438,-2.527344,0.000000,-0.089998,-0.179998,-0.005583,-0.028845,0.043226,1.022560,0.006836,-0.002686,0.002930,0,0,0,0,3000,3000,3000,3000,0,212,-430,00,0,0,5
396.859833,0.648438,-2.527344,0.000000,-0.089998,-0.179998,-0.005625,-0.028845,0.043226,1.022560,-0.005371,0.001709,-0.002930,0,0,0,0,3000,3000,3000,3000,0,221,-434,00,0,0,5
396.861786,0.648438,-2.527344,0.000000,-0.089998,-0.179998,-0.005510,-0.028845,0.043226,1.022560,0.002197,0.001221,-0.001221,0,0,0,0,3000,3000,3000,3000,0,215,-434,00,0,0,5
396.863739,0.648438,-2.527344,0.000000,-0.089998,-0.179998,-0.005363,-0.028845,0.043226,1.022560,-0.002197,0.003174,0.000977,0,0,0,0,3000,3000,3000,3000,0,219,-436,00,0,0,5
396.865723,0.648438,-2.527344,0.000000,-0.089998,-0.179998,-0.005249,-0.028845,0.043226,1.022560,-0.006348,0.000000,-0.001709,0,0,0,0,3000,3000,3000,3000,0,222,-433,00,0,0,5
396.867645,0.648438,-2.527344,0.000000,-0.089998,-0.179998,-0.005152,-0.028845,0.043226,1.022560,0.004883,0.003174,0.001953,0,0,0,0,3000,3000,3000,3000,0,214,-436,00,0,0,5
396.869598,0.648438,-2.527344,0.000000,-0.089998,-0.179998,-0.005074,-0.028845,0.043226,1.022560,-0.003662,0.002686,-0.000732,0,0,0,0,3000,3000,3000,3000,0,220,-436,00,0,0,5
396.871552,0.648438,-2.527344,0.000000,-0.089998,-0.179998,-0.005039,-0.028845,0.043226,1.022560,0.003174,-0.000488,0.000244,0,0,0,0,3000,3000,3000,3000,0,215,-433,00,0,0,5
396.873505,0.648438,-2.527344,0.000000,-0.089998,-0.179998,-0.005016,-0.028845,0.043226,1.022560,0.000977,0.002197,-0.000732,0,0,0,0,3000,3000,3000,3000,0,217,-436,00,0,0,5
396.875458,0.648438,-2.527344,0.000000,-0.089998,-0.179998,-0.004978,-0.028845,0.043226,1.022560,-0.005859,0.002197,0.000977,0,0,0,0,3000,3000,3000,3000,0,221,-436,00,0,0,5
396.877411,0.648438,-2.527344,0.000000,-0.089998,-0.179998,-0.004824,-0.028845,0.043226,1.022560,0.007568,0.002197,-0.000244,0,0,0,0,3000,3000,3000,3000,0,212,-436,00,0,0,5
396.879364,0.648438,-2.527344,0.000000,-0.089998,-0.179998,-0.004761,-0.028845,0.043226,1.022560,-0.006836,-0.001465,0.000244,0,0,0,0,3000,3000,3000,3000,0,222,-433,00,0,0,5
396.881317,0.648438,-2.527344,0.000000,-0.089998,-0.179998,-0.004795,-0.028845,0.043226,1.022560,0.003662,0.001221,0.000244,0,0,0,0,3000,3000,3000,3000,0,215,-435,00,0,0,5
396.883270,0.648438,-2.527344,0.000000,-0.089998,-0.179998,-0.004734,-0.028845,0.043226,1.022560,-0.002686,-0.000977,0.002930,0,0,0,0,3000,3000,3000,3000,0,219,-433,00,0,0,5
396.885223,0.648438,-2.527344,0.000000,-0.089998,-0.179998,-0.004784,-0.028845,0.043226,1.022560,-0.000977,0.001221,-0.000732,0,0,0,0,3000,3000,3000,3000,0,218,-435,00,0,0,5
396.887177,0.648438,-2.527344,0.000000,-0.089998,-0.179998,-0.004765,-0.028845,0.043226,1.022560,0.003662,0.000488,0.003662,0,0,0,0,3000,3000,3000,3000,0,215,-434,00,0,0,5
396.889130,0.648438,-2.527344,0.000000,-0.089998,-0.179998,-0.004786,-0.028845,0.043226,1.022560,-0.006836,0.002197,-0.000732,0,0,0,0,3000,3000,3000,3000,0,222,-436,00,0,0,5
396.891083,0.648438,-2.527344,0.000000,-0.089998,-0.179998,-0.004711,-0.028845,0.043226,1.022560,0.003174,0.004395,0.000244,0,0,0,0,3000,3000,3000,3000,0,215,-438,00,0,0,5
396.893036,0.648438,-2.527344,0.000000,-0.089998,-0.179998,-0.004690,-0.028845,0.043226,1.022560,-0.003174,0.002197,0.002930,0,0,0,0,3000,3000,3000,3000,0,220,-436,00,0,0,5
396.894989,0.648438,-2.527344,0.000000,-0.089998,-0.179998,-0.004663,-0.028845,0.043226,1.022560,-0.000977,-0.001465,-0.001709,0,0,0,0,3000,3000,3000,3000,0,218,-433,00,0,0,5
396.896942,0.648438,-2.527344,0.000000,-0.089998,-0.179998,-0.004807,-0.028845,0.043287,1.022560,0.004395,0.001709,0.003418,0,0,0,0,3000,3000,3000,3000,0,214,-436,00,0,0,5
396.898895,0.648438,-2.527344,0.000000,-0.089998,-0.179998,-0.004795,-0.028845,0.043287,1.022560,-0.003174,0.002686,0.002441,0,0,0,0,3000,3000,3000,3000,0,219,-437,00,0,0,5
396.900879,0.648438,-2.527344,0.000000,-0.089998,-0.179998,-0.004717,-0.028845,0.043287,1.022560,0.004883,0.000488,-0.002197,0,0,0,0,3000,3000,3000,3000,0,213,-435,00,0,0,5
396.902802,0.648438,-2.527344,0.000000,-0.089998,-0.179998,-0.004763,-0.028845,0.043287,1.022560,-0.002197,-0.001465,0.001465,0,0,0,0,3000,3000,3000,3000,0,218,-433,00,0,0,5
396.904755,0.648438,-2.527344,0.000000,-0.089998,-0.179998,-0.004877,-0.028845,0.043287,1.022560,-0.002686,-0.000488,0.001465,0,0,0,0,3000,3000,3000,3000,0,219,-434,00,0,0,5
396.906708,0.648438,-2.527344,0.000000,-0.089998,-0.179998,-0.004972,-0.028845,0.043287,1.022560,0.005859,0.002686,0.000244,0,0,0,0,3000,3000,3000,3000,0,213,-436,00,0,0,5
396.908661,0.648438,-2.527344,0.000000,-0.089998,-0.179998,-0.004988,-0.028906,0.043349,1.022560,-0.009033,-0.001465,-0.002930,0,0,0,0,3000,3000,3000,3000,0,224,-433,00,0,0,5
396.910614,0.648438,-2.527344,0.000000,-0.099998,-0.189999,-0.004852,-0.028906,0.043349,1.022560,0.006836,0.000000,-0.002930,0,0,0,0,3000,3000,3000,3000,0,212,-434,00,0,0,5
396.912567,0.648438,-2.527344,0.000000,-0.099998,-0.189999,-0.000561,-0.028906,0.043349,1.022560,-0.002686,0.002197,0.001465,0,0,0,0,3000,3000,3000,3000,0,219,-436,00,0,0,5
396.914520,0.648438,-2.527344,0.000000,-0.099998,-0.189999,-0.000643,-0.028906,0.043349,1.022560,0.001709,0.000000,0.000244,0,0,0,0,3000,3000,3000,3000,0,216,-434,00,0,0,5
396.916473,0.648438,-2.527344,0.000000,-0.099998,-0.189999,-0.000387,-0.028906,0.043349,1.022560,0.003174,-0.000488,0.001465,0,0,0,0,3000,3000,3000,3000,0,215,-433,00,0,0,5
396.918427,0.648438,-2.527344,0.000000,-0.099998,-0.189999,-0.000391,-0.028906,0.043349,1.022560,-0.006348,-0.001953,0.001465,0,0,0,0,3000,3000,3000,3000,0,221,-432,00,0,0,5
396.920380,0.648438,-2.527344,0.000000,-0.099998,-0.189999,-0.001099,-0.028906,0.043349,1.022560,0.005371,0.001709,0.001465,0,0,0,0,3000,3000,3000,3000,0,213,-435,00,0,0,5
396.922333,0.648438,-2.527344,0.000000,-0.099998,-0.189999,-0.001154,-0.028906,0.043349,1.022560,-0.006836,0.000488,0.001953,0,0,0,0,3000,3000,3000,3000,0,222,-434,00,0,0,5
396.924286,0.648438,-2.527344,0.000000,-0.099998,-0.189999,-0.001087,-0.028906,0.043349,1.022560,0.000977,-0.000488,0.000244,0,0,0,0,3000,3000,3000,3000,0,217,-433,00,0,0,5
396.926239,0.648438,-2.527344,0.000000,-0.099998,-0.189999,-0.001200,-0.028906,0.043349,1.022560,-0.000488,0.001221,-0.000244,0,0,0,0,3000,3000,3000,3000,0,218,-435,00,0,0,5
396.928192,0.648438,-2.527344,0.000000,-0.099998,-0.189999,-0.001255,-0.028906,0.043349,1.022560,-0.004150,0.001221,-0.003418,0,0,0,0,3000,3000,3000,3000,0,220,-435,00,1,0,5
396.930145,0.648438,-2.527344,0.000000,-0.099998,-0.189999,-0.001249,-0.028906,0.043349,1.022560,0.006348,0.003174,0.001465,0,0,0,0,3000,3000,3000,3000,0,213,-437,00,1,0,5
396.932098,0.648438,-2.527344,0.000000,-0.099998,-0.189999,-0.001234,-0.028906,0.043349,1.022560,-0.006836,0.000488,-0.004395,0,0,0,0,3000,3000,3000,3000,0,222,-435,00,1,0,5
396.934052,0.648438,-2.527344,0.000000,-0.099998,-0.189999,-0.001261,-0.028906,0.043349,1.022560,0.004395,0.000488,0.001953,0,0,0,0,3000,3000,3000,3000,0,214,-435,00,1,0,5
396.936005,0.648438,-2.527344,0.000000,-0.099998,-0.189999,-0.001129,-0.028906,0.043349,1.022560,0.000000,0.001221,0.000977,0,0,0,0,3000,3000,3000,3000,0,217,-435,00,1,0,5
396.937958,0.648438,-2.527344,0.000000,-0.099998,-0.189999,-0.001066,-0.028906,0.043349,1.022560,-0.001465,-0.000488,-0.001221,0,0,0,0,3000,3000,3000,3000,0,218,-434,00,1,0,5
396.939911,0.648438,-2.527344,0.000000,-0.099998,-0.189999,-0.001005,-0.028906,0.043349,1.022560,0.008057,-0.000488,0.001953,0,0,0,0,3000,3000,3000,3000,0,211,-434,00,1,0,5
396.941864,0.648438,-2.527344,0.000000,-0.099998,-0.189999,-0.001064,-0.028906,0.043349,1.022560,-0.005371,0.002197,0.000977,0,0,0,0,3000,3000,3000,3000,0,221,-436,00,1,0,5
396.943817,0.648438,-2.527344,0.000000,-0.099998,-0.189999,-0.001122,-0.028906,0.043349,1.022560,0.006836,0.000488,0.002930,0,0,0,0,3000,3000,3000,3000,0,212,-434,00,1,0,5
396.945770,0.648438,-2.527344,0.000000,-0.099998,-0.189999,-0.001131,-0.028906,0.043349,1.022560,0.000488,0.002197,0.000244,0,0,0,0,3000,3000,3000,3000,0,216,-436,00,1,0,5
396.947723,0.648438,-2.527344,0.000000,-0.099998,-0.189999,-0.001158,-0.028906,0.043349,1.022560,-0.004883,-0.001953,-0.000244,0,0,0,0,3000,3000,3000,3000,0,220,-432,00,1,0,5
396.949677,0.648438,-2.527344,0.000000,-0.099998,-0.189999,-0.001198,-0.028906,0.043349,1.022560,0.004395,0.000000,0.002441,0,0,0,0,3000,3000,3000,3000,0,214,-434,00,1,0,5
396.951630,0.648438,-2.527344,0.000000,-0.099998,-0.189999,-0.001270,-0.028906,0.043349,1.022560,-0.004883,0.000488,-0.001221,0,0,0,0,3000,3000,3000,3000,0,220,-434,00,1,0,5
396.953583,0.648438,-2.527344,0.000000,-0.099998,-0.189999,-0.001329,-0.028906,0.043349,1.022560,0.001709,0.000488,0.001953,0,0,0,0,3000,3000,3000,3000,0,216,-434,00,1,0,5
396.955536,0.648438,-2.527344,0.000000,-0.099998,-0.189999,-0.001268,-0.028906,0.043349,1.022560,-0.003174,-0.000488,0.001953,0,0,0,0,3000,3000,3000,3000,0,219,-433,00,1,0,5
396.957489,0.648438,-2.527344,0.000000,-0.099998,-0.189999,-0.000952,-0.028906,0.043349,1.022560,-0.000977,-0.000488,-0.000732,0,0,0,0,3000,3000,3000,3000,0,218,-433,00,1,0,5
396.959442,0.648438,-2.527344,0.000000,-0.099998,-0.189999,-0.001013,-0.028906,0.043349,1.022560,0.004395,-0.000977,0.000244,0,0,0,0,3000,3000,3000,3000,0,214,-433,00,1,0,5
396.961395,0.648438,-2.527344,0.000000,-0.099998,-0.189999,-0.001038,-0.028906,0.043349,1.022560,-0.007324,-0.000977,0.000244,0,0,0,0,3000,3000,3000,3000,0,222,-433,00,1,0,5
396.963348,0.648438,-2.527344,0.000000,-0.099998,-0.189999,-0.001091,-0.028906,0.043349,1.022560,0.009033,-0.001465,0.001465,0,0,0,0,3000,3000,3000,3000,0,211,-432,00,1,0,5
396.965302,0.648438,-2.527344,0.000000,-0.099998,-0.189999,-0.001080,-0.028906,0.043349,1.022560,-0.004150,0.002686,0.000977,0,0,0,0,3000,3000,3000,3000,0,220,-436,00,1,0,5
396.967255,0.648438,-2.527344,0.000000,-0.099998,-0.189999,-0.000877,-0.028906,0.043349,1.022560,-0.000488,0.001221,0.000244,0,0,0,0,3000,3000,3000,3000,0,217,-435,00,1,0,5
396.969208,0.648438,-2.527344,0.000000,-0.099998,-0.189999,-0.000961,-0.028906,0.043349,1.022560,0.005371,-0.000977,-0.001709,0,0,0,0,3000,3000,3000,3000,0,213,-433,00,1,0,5
396.971161,0.648438,-2.527344,0.000000,-0.099998,-0.189999,-0.001022,-0.028906,0.043349,1.022560,-0.006348,0.001709,-0.000732,0,0,0,0,3000,3000,3000,3000,0,222,-435,00,1,0,5
396.973114,0.648438,-2.527344,0.000000,-0.099998,-0.189999,-0.001026,-0.028906,0.043349,1.022560,0.004883,0.001221,0.000244,0,0,0,0,3000,3000,3000,3000,0,214,-435,00,1,0,5
396.975067,0.648438,-2.527344,0.000000,-0.099998,-0.189999,-0.001034,-0.028906,0.043349,1.022560,-0.006348,0.004395,-0.004395,0,0,0,0,3000,3000,3000,3000,0,222,-438,00,1,0,5
396.977020,0.648438,-2.527344,0.000000,-0.099998,-0.189999,-0.000999,-0.028906,0.043349,1.022560,0.000488,0.002686,-0.002197,0,0,0,0,3000,3000,3000,3000,0,217,-437,00,1,0,5
396.978973,0.648438,-2.527344,0.000000,-0.099998,-0.189999,-0.000986,-0.028906,0.043349,1.022560,0.003174,-0.000977,-0.000244,0,0,0,0,3000,3000,3000,3000,0,215,-434,00,1,0,5
396.980927,0.648438,-2.527344,0.000000,-0.099998,-0.189999,-0.001047,-0.028906,0.043349,1.022560,-0.006836,-0.001953,-0.001221,0,0,0,0,3000,3000,3000,3000,0,222,-433,00,1,0,5
396.982880,0.648438,-2.527344,0.000000,-0.099998,-0.189999,-0.001001,-0.028906,0.043349,1.022560,0.009521,0.001709,0.000977,0,0,0,0,3000,3000,3000,3000,0,211,-436,00,1,0,5
396.984833,0.648438,-2.527344,0.000000,-0.099998,-0.189999,-0.001091,-0.028906,0.043349,1.022560,-0.003174,0.001709,-0.000244,0,0,0,0,3000,3000,3000,3000,0,219,-436,00,1,0,5
396.986786,0.648438,-2.527344,0.000000,-0.099998,-0.189999,-0.000952,-0.028906,0.043349,1.022560,0.000000,-0.001465,-0.001709,0,0,0,0,3000,3000,3000,3000,0,217,-433,00,1,0,5
396.988739,0.648438,-2.527344,0.000000,-0.099998,-0.189999,-0.001097,-0.028906,0.043349,1.022560,0.003174,0.001221,0.003418,0,0,0,0,3000,3000,3000,3000,0,215,-436,00,1,0,5
396.990692,0.648438,-2.527344,0.000000,-0.099998,-0.189999,-0.001261,-0.028906,0.043349,1.022560,-0.006348,0.002197,-0.001221,0,0,0,0,3000,3000,3000,3000,0,222,-436,00,1,0,5
396.992645,0.648438,-2.527344,0.000000,-0.099998,-0.189999,-0.001179,-0.028906,0.043349,1.022560,0.003662,0.001221,0.002930,0,0,0,0,3000,3000,3000,3000,0,215,-436,00,1,0,5
396.994598,0.648438,-2.527344,0.000000,-0.099998,-0.189999,-0.001444,-0.028906,0.043349,1.022560,-0.004883,-0.000977,0.000977,0,0,0,0,3000,3000,3000,3000,0,221,-434,00,1,0,5
396.996552,0.648438,-2.527344,0.000000,-0.099998,-0.189999,-0.001514,-0.028906,0.043349,1.022560,0.002686,0.000000,-0.000732,0,0,0,0,3000,3000,3000,3000,0,216,-434,00,1,0,5
396.998505,0.648438,-2.527344,0.000000,-0.099998,-0.189999,0.002720,-0.028906,0.043349,1.022560,0.001709,0.001709,-0.000244,0,0,0,0,3000,3000,3000,3000,0,216,-436,00,1,0,5
397.000458,0.648438,-2.527344,0.000000,-0.099998,-0.189999,0.002806,-0.028906,0.043349,1.022560,-0.006348,-0.000488,0.003418,0,0,0,0,3000,3000,3000,3000,0,222,-434,00,1,0,5
397.002411,0.648438,-2.527344,0.000000,-0.099998,-0.189999,0.002831,-0.028906,0.043349,1.022560,0.004883,0.002197,0.000977,0,0,0,0,3000,3000,3000,3000,0,214,-436,00,1,0,5
397.004364,0.648438,-2.527344,0.000000,-0.099998,-0.189999,0.002758,-0.028906,0.043349,1.022560,-0.008545,0.001221,-0.000732,0,0,0,0,3000,3000,3000,3000,0,224,-436,00,1,0,5
397.006317,0.648438,-2.527344,0.000000,-0.099998,-0.189999,0.002703,-0.028906,0.043349,1.022560,0.002197,-0.001465,0.002930,0,0,0,0,3000,3000,3000,3000,0,216,-433,00,1,0,5
397.008301,0.648438,-2.527344,0.000000,-0.099998,-0.189999,0.002686,-0.028906,0.043349,1.022560,-0.002686,0.001221,-0.000732,0,0,0,0,3000,3000,3000,3000,0,220,-435,00,1,0,5
397.010223,0.648438,-2.527344,0.000000,-0.099998,-0.189999,0.002661,-0.028906,0.043349,1.022560,-0.002686,0.002197,0.000244,0,0,0,0,3000,3000,3000,3000,0,220,-436,00,1,0,5
397.012177,0.648438,-2.527344,0.000000,-0.099998,-0.189999,0.002684,-0.028906,0.043349,1.022560,0.006836,-0.000977,0.001465,0,0,0,0,3000,3000,3000,3000,0,213,-433,00,1,0,5
397.014130,0.648438,-2.527344,0.000000,-0.099998,-0.189999,0.002661,-0.028906,0.043349,1.022560,-0.005859,-0.000488,0.000977,0,0,0,0,3000,3000,3000,3000,0,222,-434,00,1,0,5
397.016083,0.648438,-2.527344,0.000000,-0.099998,-0.189999,0.002668,-0.028906,0.043349,1.022560,0.007568,-0.000488,0.001465,0,0,0,0,3000,3000,3000,3000,0,212,-434,00,1,0,5
397.018066,0.648438,-2.527344,0.000000,-0.099998,-0.189999,0.002699,-0.028906,0.043349,1.022560,-0.003662,0.005371,-0.001221,0,0,0,0,3000,3000,3000,3000,0,220,-439,00,1,0,5
397.019989,0.648438,-2.527344,0.000000,-0.099998,-0.189999,0.002645,-0.028906,0.043349,1.022560,0.000977,0.000000,-0.001709,0,0,0,0,3000,3000,3000,3000,0,216,-434,00,1,0,5
397.021942,0.648438,-2.527344,0.000000,-0.099998,-0.189999,0.002621,-0.028906,0.043349,1.022560,0.007568,-0.000488,0.002930,0,0,0,0,3000,3000,3000,3000,0,212,-434,00,1,0,5
397.023895,0.648438,-2.527344,0.000000,-0.099998,-0.189999,0.002569,-0.028906,0.043349,1.022560,-0.007324,0.001709,0.000244,0,0,0,0,3000,3000,3000,3000,0,222,-436,00,1,0,5
397.025848,0.648438,-2.527344,0.000000,-0.099998,-0.189999,0.002588,-0.028906,0.043349,1.022560,0.006348,-0.002686,0.003418,0,0,0,0,3000,3000,3000,3000,0,212,-432,00,1,0,5
397.027802,0.648438,-2.527344,0.000000,-0.099998,-0.189999,0.002661,-0.028906,0.043349,1.022560,-0.002686,-0.001465,-0.002930,0,0,0,0,3000,3000,3000,3000,0,219,-433,00,0,0,5
397.029755,0.648438,-2.527344,0.000000,-0.099998,-0.189999,0.002705,-0.028906,0.043349,1.022560,-0.000488,0.001221,-0.003418,0,0,0,0,3000,3000,3000,3000,0,217,-435,00,0,0,5
397.031708,0.648438,-2.527344,0.000000,-0.099998,-0.189999,0.002634,-0.028845,0.043410,1.022528,0.004395,0.003174,0.000244,0,0,0,0,3000,3000,3000,3000,0,213,-437,00,0,0,5
397.033661,0.648438,-2.527344,0.000000,-0.099998,-0.189999,0.002598,-0.028845,0.043410,1.022528,-0.009521,0.000488,-0.000244,0,0,0,0,3000,3000,3000,3000,0,223,-435,00,0,0,5
397.035614,0.648438,-2.527344,0.000000,-0.099998,-0.189999,0.002640,-0.028845,0.043410,1.022528,0.008545,-0.000488,0.003418,0,0,0,0,3000,3000,3000,3000,0,211,-434,00,0,0,5
397.037567,0.648438,-2.527344,0.000000,-0.099998,-0.189999,0.002577,-0.028845,0.043410,1.022528,-0.005371,-0.001465,-0.002930,0,0,0,0,3000,3000,3000,3000,0,221,-433,00,0,0,5
397.039520,0.648438,-2.527344,0.000000,-0.099998,-0.189999,0.002531,-0.028845,0.043410,1.022528,0.000000,0.000000,0.000977,0,0,0,0,3000,3000,3000,3000,0,217,-434,00,0,0,5
397.041473,0.648438,-2.527344,0.000000,-0.099998,-0.189999,0.002480,-0.028845,0.043410,1.022528,0.003174,0.001709,0.001953,0,0,0,0,3000,3000,3000,3000,0,215,-436,00,0,0,5
397.043427,0.648438,-2.527344,0.000000,-0.099998,-0.189999,0.002411,-0.028845,0.043410,1.022528,-0.002686,-0.000488,-0.001709,0,0,0,0,3000,3000,3000,3000,0,219,-434,00,0,0,5
397.045380,0.648438,-2.527344,0.000000,-0.099998,-0.189999,0.002352,-0.028845,0.043410,1.022528,0.008057,-0.000977,-0.000244,0,0,0,0,3000,3000,3000,3000,0,211,-433,00,0,0,5
397.047333,0.648438,-2.527344,0.000000,-0.099998,-0.189999,0.002357,-0.028845,0.043410,1.022528,-0.006836,0.002686,-0.000244,0,0,0,0,3000,3000,3000,3000,0,221,-437,00,0,0,5
397.049286,0.648438,-2.527344,0.000000,-0.099998,-0.189999,0.002157,-0.028845,0.043410,1.022528,0.000488,0.000000,-0.001221,0,0,0,0,3000,3000,3000,3000,0,216,-434,00,0,0,5
397.051239,0.648438,-2.527344,0.000000,-0.099998,-0.189999,0.002127,-0.028845,0.043410,1.022528,0.005371,0.000488,0.002930,0,0,0,0,3000,3000,3000,3000,0,213,-435,00,0,0,5
397.053192,0.648438,-2.527344,0.000000,-0.099998,-0.189999,0.002073,-0.028845,0.043410,1.022528,-0.006836,-0.000488,-0.000244,0,0,0,0,3000,3000,3000,3000,0,222,-434,00,0,0,5
397.055145,0.648438,-2.527344,0.000000,0.000000,-0.009998,0.002468,-0.028845,0.043410,1.022528,0.006836,-0.000488,0.001465,0,0,0,0,3000,3000,3000,3000,0,212,-434,00,0,0,5
397.057098,0.648438,-2.527344,0.000000,0.000000,-0.009998,0.002537,-0.028845,0.043410,1.022528,-0.006348,0.000000,-0.001221,0,0,0,0,3000,3000,3000,3000,0,221,-434,00,0,0,5
397.059052,0.648438,-2.527344,0.000000,0.000000,-0.009998,0.002628,-0.028845,0.043410,1.022528,0.004395,-0.000488,0.001465,0,0,0,0,3000,3000,3000,3000,0,214,-434,00,0,0,5
397.061005,0.648438,-2.527344,0.000000,0.000000,-0.009998,0.002754,-0.028845,0.043410,1.022528,0.003174,0.000488,0.003418,0,0,0,0,3000,3000,3000,3000,0,215,-435,00,0,0,5
397.062958,0.648438,-2.527344,0.000000,0.000000,-0.009998,0.002773,-0.028845,0.043410,1.022528,-0.005371,-0.000488,-0.000732,0,0,0,0,3000,3000,3000,3000,0,220,-434,00,0,0,5
397.064911,0.648438,-2.527344,0.000000,0.000000,-0.009998,0.002769,-0.028845,0.043410,1.022528,0.010010,0.002686,0.001465,0,0,0,0,3000,3000,3000,3000,0,210,-437,00,0,0,5
397.066864,0.648438,-2.527344,0.000000,0.000000,-0.009998,0.002712,-0.028845,0.043410,1.022528,-0.008545,0.002197,-0.001709,0,0,0,0,3000,3000,3000,3000,0,223,-437,00,0,0,5
397.068817,0.648438,-2.527344,0.000000,0.000000,-0.009998,0.002741,-0.028845,0.043410,1.022528,0.005859,0.001221,-0.000244,0,0,0,0,3000,3000,3000,3000,0,213,-436,00,0,0,5
397.070770,0.648438,-2.527344,0.000000,0.000000,-0.009998,0.002699,-0.028845,0.043410,1.022528,-0.003174,-0.000488,0.001953,0,0,0,0,3000,3000,3000,3000,0,219,-435,00,0,0,5
397.072723,0.648438,-2.527344,0.000000,0.000000,-0.009998,0.002863,-0.028845,0.043410,1.022528,-0.002197,-0.003662,-0.000244,0,0,0,0,3000,3000,3000,3000,0,218,-431,00,0,0,5
397.074677,0.648438,-2.527344,0.000000,0.000000,-0.009998,0.002787,-0.028845,0.043410,1.022528,0.005371,0.000488,0.000977,0,0,0,0,3000,3000,3000,3000,0,213,-435,00,0,0,5
397.076630,0.648438,-2.527344,0.000000,0.000000,-0.009998,0.004662,-0.028845,0.043410,1.022528,-0.005859,0.000488,0.000977,0,0,0,0,3000,3000,3000,3000,0,221,-435,00,0,0,5
397.078583,0.648438,-2.527344,0.000000,0.000000,-0.009998,0.004776,-0.028845,0.043410,1.022528,0.006348,0.000488,0.000244,0,0,0,0,3000,3000,3000,3000,0,213,-435,00,0,0,5
397.080536,0.648438,-2.527344,0.000000,0.000000,-0.009998,0.004745,-0.028845,0.043410,1.022528,-0.004883,0.001709,-0.001221,0,0,0,0,3000,3000,3000,3000,0,220,-436,00,0,0,5
397.082489,0.648438,-2.527344,0.000000,0.000000,-0.009998,0.004795,-0.028845,0.043410,1.022528,-0.002686,-0.000488,0.001953,0,0,0,0,3000,3000,3000,3000,0,219,-434,00,0,0,5
397.084442,0.648438,-2.527344,0.000000,0.000000,-0.009998,0.004826,-0.028845,0.043410,1.022528,0.007568,0.000000,0.002930,0,0,0,0,3000,3000,3000,3000,0,212,-435,00,0,0,5
397.086395,0.648438,-2.527344,0.000000,0.000000,-0.009998,0.004801,-0.028845,0.043410,1.022528,-0.010010,0.000488,0.000244,0,0,0,0,3000,3000,3000,3000,0,224,-435,00,0,0,5
397.088348,0.648438,-2.527344,0.000000,0.000000,-0.009998,0.004732,-0.028845,0.043410,1.022528,0.005371,-0.002686,-0.000244,0,0,0,0,3000,3000,3000,3000,0,214,-432,00,0,0,5
397.090302,0.648438,-2.527344,0.000000,0.000000,-0.009998,0.004660,-0.028845,0.043410,1.022528,-0.004883,0.001221,0.000244,0,0,0,0,3000,3000,3000,3000,0,221,-435,00,0,0,5
397.092255,0.648438,-2.527344,0.000000,0.000000,-0.009998,0.004721,-0.028845,0.043410,1.022528,-0.000488,0.000000,-0.001709,0,0,0,0,3000,3000,3000,3000,0,218,-434,00,0,0,5
397.094208,0.648438,-2.527344,0.000000,0.000000,-0.009998,0.004728,-0.028845,0.043410,1.022528,0.003174,0.003174,0.002441,0,0,0,0,3000,3000,3000,3000,0,215,-437,00,0,0,5
397.096161,0.648438,-2.527344,0.000000,0.000000,-0.009998,0.004759,-0.028845,0.043410,1.022528,-0.007324,0.001221,0.000244,0,0,0,0,3000,3000,3000,3000,0,223,-436,00,0,0,5
397.098114,0.648438,-2.527344,0.000000,0.000000,-0.009998,0.004787,-0.028845,0.043410,1.022528,0.006348,0.001709,0.001465,0,0,0,0,3000,3000,3000,3000,0,213,-437,00,0,0,5
397.100067,0.648438,-2.527344,0.000000,0.000000,-0.009998,0.004810,-0.028845,0.043410,1.022528,-0.001465,0.000000,-0.001709,0,0,0,0,3000,3000,3000,3000,0,219,-435,00,0,0,5
397.102020,0.648438,-2.527344,0.000000,0.000000,-0.009998,0.004927,-0.028845,0.043410,1.022528,-0.000977,0.002197,0.000977,0,0,0,0,3000,3000,3000,3000,0,218,-437,00,0,0,5
397.104004,0.648438,-2.527344,0.000000,0.000000,-0.009998,0.004961,-0.028845,0.043410,1.022528,0.004395,0.002197,-0.000244,0,0,0,0,3000,3000,3000,3000,0,214,-437,00,0,0,5
397.105927,0.648438,-2.527344,0.000000,0.000000,-0.009998,0.005047,-0.028845,0.043410,1.022528,-0.005371,-0.000488,-0.003418,0,0,0,0,3000,3000,3000,3000,0,221,-435,00,0,0,5
397.107880,0.648438,-2.527344,0.000000,0.000000,-0.009998,0.005005,-0.028845,0.043410,1.022528,0.006348,0.001709,0.002441,0,0,0,0,3000,3000,3000,3000,0,213,-437,00,0,0,5
397.109833,0.648438,-2.527344,0.000000,0.000000,-0.009998,0.004934,-0.028845,0.043410,1.022528,-0.007324,0.000488,-0.001221,0,0,0,0,3000,3000,3000,3000,0,222,-436,00,0,0,5
397.111786,0.648438,-2.527344,0.000000,0.000000,-0.009998,0.004866,-0.028845,0.043410,1.022528,0.001709,-0.000488,-0.000732,0,0,0,0,3000,3000,3000,3000,0,216,-435,00,0,0,5
397.113739,0.648438,-2.527344,0.000000,0.000000,-0.009998,0.004911,-0.028845,0.043410,1.022528,-0.000488,0.002197,-0.000244,0,0,0,0,3000,3000,3000,3000,0,218,-437,00,0,0,5
397.115692,0.648438,-2.527344,0.000000,0.000000,-0.009998,0.004864,-0.028906,0.043410,1.022528,-0.004150,-0.002686,0.001953,0,0,0,0,3000,3000,3000,3000,0,221,-433,00,0,0,5
397.117645,0.648438,-2.527344,0.000000,0.000000,-0.009998,0.004726,-0.028906,0.043410,1.022528,0.003174,0.001221,0.002441,0,0,0,0,3000,3000,3000,3000,0,216,-436,00,0,0,5
397.119598,0.648438,-2.527344,0.000000,0.000000,-0.009998,0.004717,-0.028906,0.043410,1.022528,-0.004150,0.001221,-0.000732,0,0,0,0,3000,3000,3000,3000,0,221,-436,00,0,0,5
397.121552,0.648438,-2.527344,0.000000,0.000000,-0.009998,0.004835,-0.028906,0.043410,1.022528,0.004883,-0.001953,0.001465,0,0,0,0,3000,3000,3000,3000,0,214,-433,00,0,0,5
397.123505,0.648438,-2.527344,0.000000,0.000000,-0.009998,0.004868,-0.028906,0.043410,1.022528,0.000488,0.001709,0.001465,0,0,0,0,3000,3000,3000,3000,0,217,-437,00,0,0,5
397.125458,0.648438,-2.527344,0.000000,0.000000,-0.009998,0.004896,-0.028906,0.043410,1.022528,-0.003662,-0.003662,-0.005615,0,0,0,0,3000,3000,3000,3000,0,220,-431,00,0,0,5
397.127411,0.648438,-2.527344,0.000000,-0.019999,-0.049999,0.004883,-0.028906,0.043410,1.022528,0.006348,0.000488,0.001953,0,0,0,0,3000,3000,3000,3000,0,213,-435,00,0,0,5
397.129364,0.648438,-2.527344,0.000000,-0.019999,-0.049999,0.003368,-0.028906,0.043410,1.022528,-0.003662,0.000000,-0.000244,0,0,0,0,3000,3000,3000,3000,0,220,-434,00,0,0,5
397.131317,0.648438,-2.527344,0.000000,-0.019999,-0.049999,0.003342,-0.028906,0.043410,1.022528,0.002197,0.001709,0.002930,0,0,0,0,3000,3000,3000,3000,0,216,-436,00,0,0,5
397.133270,0.648438,-2.527344,0.000000,-0.019999,-0.049999,0.003231,-0.028906,0.043410,1.022528,-0.000488,-0.001953,0.001465,0,0,0,0,3000,3000,3000,3000,0,218,-433,00,0,0,5
397.135223,0.648438,-2.527344,0.000000,-0.019999,-0.049999,0.003073,-0.028906,0.043410,1.022528,-0.002686,-0.000977,-0.001709,0,0,0,0,3000,3000,3000,3000,0,219,-433,00,0,0,5
397.137177,0.648438,-2.527344,0.000000,-0.019999,-0.049999,0.003134,-0.028906,0.043410,1.022528,0.005371,0.004883,0.003662,0,0,0,0,3000,3000,3000,3000,0,213,-439,00,0,0,5
397.139130,0.648438,-2.527344,0.000000,-0.019999,-0.049999,0.003120,-0.028906,0.043410,1.022528,-0.008057,0.003174,-0.001221,0,0,0,0,3000,3000,3000,3000,0,223,-438,00,0,0,5
397.141083,0.648438,-2.527344,0.000000,-0.019999,-0.049999,0.003363,-0.028906,0.043410,1.022528,0.011719,-0.000488,-0.002930,0,0,0,0,3000,3000,3000,3000,0,209,-435,00,0,0,5
397.143066,0.648438,-2.527344,0.000000,-0.019999,-0.049999,0.003553,-0.028906,0.043410,1.022528,-0.002197,0.002197,-0.000244,0,0,0,0,3000,3000,3000,3000,0,218,-437,00,0,0,5
397.144989,0.648438,-2.527344,0.000000,-0.019999,-0.049999,0.003456,-0.028906,0.043410,1.022528,-0.001465,-0.001465,-0.002930,0,0,0,0,3000,3000,3000,3000,0,218,-434,00,0,0,5
397.146942,0.648438,-2.527344,0.000000,-0.019999,-0.049999,0.003513,-0.028906,0.043410,1.022528,0.005371,-0.000977,0.001465,0,0,0,0,3000,3000,3000,3000,0,213,-434,00,0,0,5
397.148895,0.648438,-2.527344,0.000000,-0.019999,-0.049999,0.003437,-0.028906,0.043410,1.022528,-0.005371,0.001221,-0.002930,0,0,0,0,3000,3000,3000,3000,0,221,-436,00,0,0,5
397.150848,0.648438,-2.527344,0.000000,-0.019999,-0.049999,0.003420,-0.028906,0.043410,1.022528,0.006348,-0.000488,0.000244,0,0,0,0,3000,3000,3000,3000,0,212,-435,00,0,0,5
397.152802,0.648438,-2.527344,0.000000,-0.019999,-0.049999,0.003590,-0.028906,0.043410,1.022528,-0.002197,0.002197,0.000244,0,0,0,0,3000,3000,3000,3000,0,218,-437,00,0,0,5
397.154755,0.648438,-2.527344,0.000000,-0.019999,-0.049999,0.006153,-0.028906,0.043410,1.022528,0.000488,0.000000,-0.000732,0,0,0,0,3000,3000,3000,3000,0,216,-435,00,0,0,5
397.156708,0.648438,-2.527344,0.000000,-0.019999,-0.049999,0.006094,-0.028906,0.043410,1.022528,0.004395,0.002197,-0.000732,0,0,0,0,3000,3000,3000,3000,0,214,-437,00,0,0,5
397.158661,0.648438,-2.527344,0.000000,-0.019999,-0.049999,0.005960,-0.028906,0.043410,1.022528,-0.005859,0.002686,-0.002930,0,0,0,0,3000,3000,3000,3000,0,221,-438,00,0,0,5
397.160614,0.648438,-2.527344,0.000000,-0.019999,-0.049999,0.006092,-0.028906,0.043410,1.022528,0.002686,-0.003174,0.003418,0,0,0,0,3000,3000,3000,3000,0,215,-432,00,0,0,5
397.162567,0.648438,-2.527344,0.000000,-0.019999,-0.049999,0.006229,-0.028906,0.043410,1.022528,-0.004150,0.001221,0.002930,0,0,0,0,3000,3000,3000,3000,0,220,-436,00,0,0,5
397.164520,0.648438,-2.527344,0.000000,-0.019999,-0.049999,0.006353,-0.028906,0.043410,1.022528,-0.002197,-0.000488,-0.002930,0,0,0,0,3000,3000,3000,3000,0,219,-435,00,0,0,5
397.166473,0.648438,-2.527344,0.000000,-0.019999,-0.049999,0.006424,-0.028906,0.043410,1.022528,0.005859,0.001709,0.002441,0,0,0,0,3000,3000,3000,3000,0,214,-437,00,0,0,5
397.168427,0.648438,-2.527344,0.000000,-0.019999,-0.049999,0.006302,-0.028906,0.043410,1.022528,-0.005371,-0.004150,0.001465,0,0,0,0,3000,3000,3000,3000,0,221,-431,00,0,0,5
397.170380,0.648438,-2.527344,0.000000,-0.019999,-0.049999,0.006302,-0.028906,0.043410,1.022528,0.004395,-0.002686,0.001953,0,0,0,0,3000,3000,3000,3000,0,214,-432,00,0,0,5
397.172333,0.648438,-2.527344,0.000000,-0.019999,-0.049999,0.006357,-0.028906,0.043410,1.022528,-0.005859,-0.000488,-0.000244,0,0,0,0,3000,3000,3000,3000,0,222,-434,00,0,0,5
397.174286,0.648438,-2.527344,0.000000,-0.019999,-0.049999,0.006134,-0.028906,0.043410,1.022528,0.003662,0.001709,0.000977,0,0,0,0,3000,3000,3000,3000,0,215,-436,00,0,0,5
397.176270,0.648438,-2.527344,0.000000,-0.019999,-0.049999,0.006144,-0.028906,0.043410,1.022528,-0.001465,0.001221,0.001465,0,0,0,0,3000,3000,3000,3000,0,219,-435,00,0,0,5
397.178223,0.648438,-2.527344,0.000000,-0.019999,-0.049999,0.005995,-0.028906,0.043410,1.022528,-0.000977,0.000000,-0.003418,0,0,0,0,3000,3000,3000,3000,0,218,-434,00,0,0,5
397.180145,0.648438,-2.527344,0.000000,-0.019999,-0.049999,0.005745,-0.028906,0.043410,1.022528,0.009521,0.003174,0.000244,0,0,0,0,3000,3000,3000,3000,0,211,-438,00,0,0,5
397.182098,0.648438,-2.527344,0.000000,-0.019999,-0.049999,0.005932,-0.028906,0.043410,1.022528,-0.006348,0.001709,-0.001221,0,0,0,0,3000,3000,3000,3000,0,222,-437,00,0,0,5
397.184052,0.648438,-2.527344,0.000000,-0.019999,-0.049999,0.005970,-0.028906,0.043410,1.022528,0.000977,-0.001465,-0.001221,0,0,0,0,3000,3000,3000,3000,0,217,-434,00,0,0,5
397.186005,0.648438,-2.527344,0.000000,-0.019999,-0.049999,0.006096,-0.028906,0.043410,1.022528,-0.001465,0.002686,-0.002197,0,0,0,0,3000,3000,3000,3000,0,219,-438,00,0,0,5
397.187958,0.648438,-2.527344,0.000000,-0.019999,-0.049999,0.005932,-0.028906,0.043410,1.022528,-0.006348,0.001221,0.001465,0,0,0,0,3000,3000,3000,3000,0,222,-436,00,0,0,5
397.189911,0.648438,-2.527344,0.000000,-0.019999,-0.049999,0.006014,-0.028906,0.043410,1.022528,0.007568,-0.000977,0.001953,0,0,0,0,3000,3000,3000,3000,0,213,-434,00,0,0,5
397.191864,0.648438,-2.527344,0.000000,-0.019999,-0.049999,0.005917,-0.028906,0.043410,1.022528,-0.006348,-0.002686,-0.002197,0,0,0,0,3000,3000,3000,3000,0,222,-433,00,0,0,5
397.193817,0.648438,-2.527344,0.000000,-0.019999,-0.049999,0.005836,-0.028906,0.043410,1.022528,0.006348,0.002686,0.000977,0,0,0,0,3000,3000,3000,3000,0,213,-437,00,0,0,5
397.195770,0.648438,-2.527344,0.000000,-0.019999,-0.049999,0.005838,-0.028906,0.043410,1.022528,-0.001465,0.002197,-0.003418,0,0,0,0,3000,3000,3000,3000,0,219,-437,00,0,0,5
397.197723,0.648438,-2.527344,0.000000,-0.019999,-0.049999,0.005722,-0.028906,0.043410,1.022528,0.000000,0.000000,0.004639,0,0,0,0,3000,3000,3000,3000,0,217,-435,00,0,0,5
397.199677,0.648438,-2.527344,0.000000,-0.019999,-0.049999,0.005737,-0.028906,0.043410,1.022528,0.006348,-0.000488,0.003418,0,0,0,0,3000,3000,3000,3000,0,213,-435,00,0,0,5
397.201630,0.648438,-2.527344,0.000000,-0.019999,-0.049999,0.005629,-0.028906,0.043410,1.022528,-0.006348,0.000000,0.000977,0,0,0,0,3000,3000,3000,3000,0,222,-435,00,0,0,5
397.203583,0.648438,-2.527344,0.000000,-0.019999,-0.049999,0.005604,-0.028906,0.043410,1.022528,0.004883,-0.000977,0.002441,0,0,0,0,3000,3000,3000,3000,0,214,-434,00,0,0,5
397.205536,0.648438,-2.527344,0.000000,-0.019999,-0.049999,0.005718,-0.028906,0.043410,1.022528,-0.003174,0.001221,-0.000732,0,0,0,0,3000,3000,3000,3000,0,220,-436,00,0,0,5
397.207489,0.648438,-2.527344,0.000000,-0.019999,-0.049999,0.005787,-0.028906,0.043410,1.022528,-0.002197,-0.001465,-0.001709,0,0,0,0,3000,3000,3000,3000,0,219,-433,00,0,0,5
397.209442,0.648438,-2.527344,0.000000,-0.019999,-0.049999,0.005737,-0.028906,0.043410,1.022528,0.006836,-0.001465,0.002930,0,0,0,0,3000,3000,3000,3000,0,213,-433,00,0,0,5
397.211395,0.648438,-2.527344,0.000000,-0.019999,-0.049999,0.005688,-0.028906,0.043410,1.022528,-0.005371,0.000000,0.000977,0,0,0,0,3000,3000,3000,3000,0,221,-435,00,0,0,5
397.213348,0.648438,-2.527344,0.000000,-0.019999,-0.049999,0.005672,-0.028906,0.043410,1.022528,0.006348,-0.000488,-0.000732,0,0,0,0,3000,3000,3000,3000,0,213,-434,00,0,0,5
397.215302,0.648438,-2.527344,0.000000,-0.019999,-0.049999,0.005854,-0.028906,0.043410,1.022528,-0.006836,0.001221,0.001465,0,0,0,0,3000,3000,3000,3000,0,222,-436,00,0,0,5
397.217255,0.648438,-2.527344,0.000000,-0.019999,-0.049999,0.005980,-0.028906,0.043410,1.022528,-0.002686,0.000488,-0.003418,0,0,0,0,3000,3000,3000,3000,0,219,-435,00,0,0,5
397.219208,0.648438,-2.527344,0.000000,-0.019999,-0.049999,0.006145,-0.028906,0.043410,1.022528,0.006348,0.003174,0.001953,0,0,0,0,3000,3000,3000,3000,0,213,-438,00,0,0,5
397.221161,0.648438,-2.527344,0.000000,-0.019999,-0.049999,0.006069,-0.028906,0.043410,1.022528,-0.008545,-0.000977,-0.000244,0,0,0,0,3000,3000,3000,3000,0,224,-434,00,0,0,5
397.223114,0.648438,-2.527344,0.000000,-0.019999,-0.049999,0.006245,-0.028906,0.043410,1.022528,0.005371,0.000000,-0.000732,0,0,0,0,3000,3000,3000,3000,0,214,-435,00,0,0,5
397.225067,0.648438,-2.527344,0.000000,0.000000,-0.019999,0.006327,-0.028906,0.043410,1.022528,-0.002686,0.000488,-0.000244,0,0,0,0,3000,3000,3000,3000,0,220,-435,00,0,0,5
397.227020,0.648438,-2.527344,0.000000,0.000000,-0.019999,0.003435,-0.028906,0.043410,1.022528,0.000488,0.000488,0.001465,0,0,0,0,3000,3000,3000,3000,0,217,-435,00,0,0,5
397.228973,0.648438,-2.527344,0.000000,0.000000,-0.019999,0.003508,-0.028906,0.043410,1.022528,0.003174,0.000488,0.000977,0,0,0,0,3000,3000,3000,3000,0,215,-436,00,0,0,5
397.230927,0.648438,-2.527344,0.000000,0.000000,-0.019999,0.003431,-0.028906,0.043410,1.022528,-0.004883,0.000000,-0.002930,0,0,0,0,3000,3000,3000,3000,0,221,-435,00,0,0,5
397.232880,0.648438,-2.527344,0.000000,0.000000,-0.019999,0.001875,-0.028906,0.043410,1.022528,0.007568,0.002197,0.004150,0,0,0,0,3000,3000,3000,3000,0,212,-438,00,0,0,5
397.234833,0.648438,-2.527344,0.000000,0.000000,-0.019999,0.001825,-0.028906,0.043410,1.022528,-0.006348,-0.000488,-0.000732,0,0,0,0,3000,3000,3000,3000,0,222,-435,00,0,0,5
397.236786,0.648438,-2.527344,0.000000,0.000000,-0.019999,0.001652,-0.028906,0.043410,1.022528,0.002686,-0.001953,-0.001221,0,0,0,0,3000,3000,3000,3000,0,215,-434,00,0,0,5
397.238739,0.648438,-2.527344,0.000000,0.000000,-0.019999,0.001551,-0.028906,0.043410,1.022528,0.001709,-0.002686,0.001953,0,0,0,0,3000,3000,3000,3000,0,216,-433,00,0,0,5
397.240692,0.648438,-2.527344,0.000000,0.000000,-0.019999,0.001421,-0.028906,0.043410,1.022528,-0.007324,-0.001465,-0.002197,0,0,0,0,3000,3000,3000,3000,0,222,-434,00,0,0,5
397.242645,0.648438,-2.527344,0.000000,0.000000,-0.019999,0.001324,-0.028906,0.043410,1.022528,0.008057,0.000000,-0.001709,0,0,0,0,3000,3000,3000,3000,0,212,-435,00,0,0,5
397.244598,0.648438,-2.527344,0.000000,0.000000,-0.019999,0.001385,-0.028906,0.043410,1.022528,-0.006348,0.001221,-0.000244,0,0,0,0,3000,3000,3000,3000,0,222,-436,00,0,0,5
397.246552,0.648438,-2.527344,0.000000,0.000000,-0.019999,0.001411,-0.028906,0.043410,1.022528,0.003662,-0.001953,0.000977,0,0,0,0,3000,3000,3000,3000,0,215,-433,00,0,0,5
397.248535,0.648438,-2.527344,0.000000,0.000000,-0.019999,0.001617,-0.028906,0.043410,1.022528,-0.000488,0.001221,-0.000732,0,0,0,0,3000,3000,3000,3000,0,218,-436,00,0,0,5
397.250458,0.648438,-2.527344,0.000000,0.000000,-0.019999,0.001671,-0.028906,0.043410,1.022528,-0.002686,-0.001953,-0.003906,0,0,0,0,3000,3000,3000,3000,0,219,-433,00,0,0,5
397.252411,0.648438,-2.527344,0.000000,0.000000,-0.019999,0.001629,-0.028906,0.043410,1.022528,0.006348,-0.000488,-0.000244,0,0,0,0,3000,3000,3000,3000,0,213,-434,00,0,0,5
397.254364,0.648438,-2.527344,0.000000,0.000000,-0.019999,0.001526,-0.028906,0.043410,1.022528,-0.006348,-0.000977,0.001465,0,0,0,0,3000,3000,3000,3000,0,222,-434,00,0,0,5
397.256317,0.648438,-2.527344,0.000000,0.000000,-0.019999,0.001547,-0.028906,0.043410,1.022528,0.002197,-0.001465,0.002930,0,0,0,0,3000,3000,3000,3000,0,216,-433,00,0,0,5
397.258270,0.648438,-2.527344,0.000000,0.000000,-0.019999,0.001600,-0.028906,0.043410,1.022528,0.000000,-0.000488,-0.000732,0,0,0,0,3000,3000,3000,3000,0,217,-434,00,0,0,5
397.260223,0.648438,-2.527344,0.000000,0.000000,-0.019999,0.001593,-0.028906,0.043410,1.022528,-0.002686,-0.003662,-0.000732,0,0,0,0,3000,3000,3000,3000,0,219,-431,00,0,0,5
397.262177,0.648438,-2.527344,0.000000,0.000000,-0.019999,0.001665,-0.028906,0.043410,1.022528,0.004395,-0.000977,0.000977,0,0,0,0,3000,3000,3000,3000,0,214,-433,00,0,0,5
397.264130,0.648438,-2.527344,0.000000,0.000000,-0.019999,0.001577,-0.028906,0.043410,1.022528,-0.005371,-0.001465,-0.001709,0,0,0,0,3000,3000,3000,3000,0,221,-433,00,0,0,5
397.266083,0.648438,-2.527344,0.000000,0.000000,-0.019999,0.001543,-0.028906,0.043410,1.022528,0.008057,-0.000488,-0.001709,0,0,0,0,3000,3000,3000,3000,0,211,-434,00,0,0,5
397.268036,0.648438,-2.527344,0.000000,0.000000,-0.019999,0.001572,-0.028906,0.043410,1.022528,-0.003174,0.000000,0.001465,0,0,0,0,3000,3000,3000,3000,0,219,-434,00,0,0,5
397.269989,0.648438,-2.527344,0.000000,0.000000,-0.019999,0.001379,-0.028906,0.043410,1.022528,0.000977,-0.000488,-0.004395,0,0,0,0,3000,3000,3000,3000,0,216,-434,00,0,0,5
397.271942,0.648438,-2.527344,0.000000,0.000000,-0.019999,0.001461,-0.028906,0.043410,1.022528,0.006348,0.000000,0.005127,0,0,0,0,3000,3000,3000,3000,0,212,-435,00,0,0,5
397.273895,0.648438,-2.527344,0.000000,0.000000,-0.019999,0.001461,-0.028906,0.043410,1.022528,-0.006348,0.001709,-0.000244,0,0,0,0,3000,3000,3000,3000,0,221,-437,00,0,0,5
397.275848,0.648438,-2.527344,0.000000,0.000000,-0.019999,0.001347,-0.028906,0.043410,1.022528,0.004395,-0.003174,0.002930,0,0,0,0,3000,3000,3000,3000,0,214,-432,00,0,0,5
397.277802,0.648438,-2.527344,0.000000,0.000000,-0.019999,0.001448,-0.028906,0.043410,1.022528,-0.003662,-0.001465,0.002930,0,0,0,0,3000,3000,3000,3000,0,219,-434,00,0,0,5
397.279755,0.648438,-2.527344,0.000000,0.000000,-0.019999,0.001434,-0.028906,0.043410,1.022528,-0.003174,-0.001465,-0.002197,0,0,0,0,3000,3000,3000,3000,0,219,-434,00,0,0,5
397.281708,0.648438,-2.527344,0.000000,0.000000,-0.019999,0.001545,-0.028906,0.043410,1.022528,0.002197,0.003174,0.003418,0,0,0,0,3000,3000,3000,3000,0,216,-438,00,0,0,5
397.283661,0.648438,-2.527344,0.000000,0.000000,-0.019999,0.001534,-0.028906,0.043410,1.022528,-0.006836,-0.001953,-0.000244,0,0,0,0,3000,3000,3000,3000,0,222,-434,00,0,0,5
397.285614,0.648438,-2.527344,0.000000,0.000000,-0.019999,0.001314,-0.028906,0.043410,1.022528,0.007568,0.000488,-0.001221,0,0,0,0,3000,3000,3000,3000,0,212,-436,00,0,0,5
397.287567,0.648438,-2.527344,0.000000,0.000000,-0.019999,0.001240,-0.028906,0.043410,1.022528,-0.008545,-0.000977,-0.001221,0,0,0,0,3000,3000,3000,3000,0,224,-435,00,0,0,5
397.289520,0.648438,-2.527344,0.000000,0.000000,-0.019999,0.001219,-0.028906,0.043410,1.022528,0.002686,0.000000,-0.001221,0,0,0,0,3000,3000,3000,3000,0,216,-436,00,0,0,5
397.291473,0.648438,-2.527344,0.000000,0.000000,-0.019999,0.001225,-0.028906,0.043410,1.022528,0.003174,0.000000,-0.000732,0,0,0,0,3000,3000,3000,3000,0,215,-436,00,0,0,5
397.293427,0.648438,-2.527344,0.000000,0.000000,-0.019999,0.001194,-0.028906,0.043410,1.022528,-0.005371,0.002686,-0.003418,0,0,0,0,3000,3000,3000,3000,0,221,-438,00,0,0,5
397.295380,0.648438,-2.527344,0.000000,0.000000,-0.019999,0.001209,-0.028906,0.043410,1.022528,0.007568,0.001221,-0.001221,0,0,0,0,3000,3000,3000,3000,0,212,-437,00,0,0,5
397.297333,0.648438,-2.527344,0.000000,0.000000,-0.019999,0.001278,-0.028906,0.043410,1.022528,-0.004883,0.002197,0.002441,0,0,0,0,3000,3000,3000,3000,0,221,-438,00,0,0,5
397.299286,0.648438,-2.527344,0.000000,0.000000,-0.019999,0.001110,-0.028906,0.043410,1.022528,0.000488,-0.000977,0.000244,0,0,0,0,3000,3000,3000,3000,0,217,-436,00,0,0,5
397.301239,0.648438,-2.527344,0.000000,0.000000,-0.019999,0.001169,-0.028906,0.043410,1.022528,0.003174,-0.000977,0.002441,0,0,0,0,3000,3000,3000,3000,0,215,-436,00,0,0,5
397.303192,0.648438,-2.527344,0.000000,0.000000,-0.019999,0.001228,-0.028906,0.043410,1.022528,-0.005371,0.000488,0.002441,0,0,0,0,3000,3000,3000,3000,0,221,-437,00,0,0,5
397.305145,0.648438,-2.527344,0.000000,0.000000,-0.019999,0.001152,-0.028906,0.043410,1.022528,0.005371,-0.000488,0.001465,0,0,0,0,3000,3000,3000,3000,0,213,-436,00,0,0,5
397.307098,0.648438,-2.527344,0.000000,0.000000,-0.019999,0.001209,-0.028906,0.043410,1.022528,-0.006348,0.004395,-0.000732,0,0,0,0,3000,3000,3000,3000,0,222,-441,00,0,0,5
397.309052,0.648438,-2.527344,0.000000,0.000000,-0.019999,0.001226,-0.028817,0.043462,1.022430,0.003662,0.000488,0.001465,0,0,0,0,3000,3000,3000,3000,0,215,-437,00,0,0,5
397.311005,0.648438,-2.527344,0.000000,0.000000,-0.019999,-0.000217,-0.028906,0.043410,1.022528,0.000000,0.003174,0.001465,0,0,0,0,3000,3000,3000,3000,0,217,-440,00,0,0,5
397.312958,0.648438,-2.527344,0.000000,0.000000,-0.019999,-0.000141,-0.028906,0.043410,1.022528,-0.002686,0.000000,-0.001221,0,0,0,0,3000,3000,3000,3000,0,219,-437,00,0,0,5
397.314911,0.648438,-2.527344,0.000000,0.000000,-0.019999,-0.000311,-0.028906,0.043410,1.022528,0.006836,-0.001465,0.002930,0,0,0,0,3000,3000,3000,3000,0,212,-436,00,0,0,5
397.316864,0.648438,-2.527344,0.000000,0.000000,-0.019999,-0.000145,-0.028906,0.043410,1.022528,-0.006348,-0.003174,-0.000244,0,0,0,0,3000,3000,3000,3000,0,222,-434,00,0,0,5
397.318817,0.648438,-2.527344,0.000000,0.000000,-0.019999,-0.000118,-0.028906,0.043410,1.022528,0.004395,-0.001953,0.002930,0,0,0,0,3000,3000,3000,3000,0,214,-434,00,0,0,5
397.320770,0.648438,-2.527344,0.000000,0.000000,-0.019999,-0.000092,-0.028906,0.043410,1.022528,-0.004883,-0.000488,-0.001221,0,0,0,0,3000,3000,3000,3000,0,221,-435,00,0,0,5
397.322723,0.648438,-2.527344,0.000000,0.000000,-0.019999,-0.000120,-0.028906,0.043410,1.022528,-0.004883,-0.001465,-0.001709,0,0,0,0,3000,3000,3000,3000,0,221,-434,00,0,0,5
397.324677,0.648438,-2.527344,0.000000,0.000000,-0.019999,-0.000229,-0.028906,0.043410,1.022528,0.007568,0.001709,0.002441,0,0,0,0,3000,3000,3000,3000,0,212,-437,00,0,0,5
397.326630,0.648438,-2.527344,0.000000,0.000000,-0.019999,-0.000257,-0.028906,0.043410,1.022528,-0.009033,0.002197,-0.002197,0,0,0,0,3000,3000,3000,3000,0,224,-438,00,0,0,5
397.328583,0.648438,-2.527344,0.000000,0.000000,-0.019999,-0.000059,-0.028906,0.043410,1.022528,0.004883,-0.001465,0.000244,0,0,0,0,3000,3000,3000,3000,0,214,-434,00,0,0,5
397.330536,0.648438,-2.527344,0.000000,0.000000,-0.019999,-0.000139,-0.028906,0.043410,1.022528,0.002197,-0.000488,-0.000244,0,0,0,0,3000,3000,3000,3000,0,216,-435,00,0,0,5
397.332489,0.648438,-2.527344,0.000000,0.000000,-0.019999,-0.000095,-0.028906,0.043410,1.022528,0.000488,-0.002686,-0.000732,0,0,0,0,3000,3000,3000,3000,0,217,-433,00,0,0,5
397.334442,0.648438,-2.527344,0.000000,0.000000,-0.019999,-0.000069,-0.028906,0.043410,1.022528,0.008057,-0.000488,0.003418,0,0,0,0,3000,3000,3000,3000,0,211,-435,00,0,0,5
397.336395,0.648438,-2.527344,0.000000,0.000000,-0.019999,-0.000074,-0.028906,0.043410,1.022528,-0.006836,0.001221,-0.001709,0,0,0,0,3000,3000,3000,3000,0,221,-436,00,0,0,5
397.338348,0.648438,-2.527344,0.000000,0.000000,-0.019999,0.000122,-0.028906,0.043410,1.022528,0.007568,0.001221,0.001953,0,0,0,0,3000,3000,3000,3000,0,211,-436,00,0,0,5
397.340302,0.648438,-2.527344,0.000000,0.000000,-0.019999,0.000145,-0.028906,0.043410,1.022528,-0.003662,0.001709,-0.001221,0,0,0,0,3000,3000,3000,3000,0,219,-437,00,0,0,5
397.342255,0.648438,-2.527344,0.000000,0.000000,-0.019999,0.000250,-0.028906,0.043410,1.022528,0.000488,-0.001465,-0.000732,0,0,0,0,3000,3000,3000,3000,0,216,-434,00,0,0,5
397.344208,0.648438,-2.527344,0.000000,0.000000,-0.019999,0.000185,-0.028906,0.043410,1.022528,0.003174,0.001221,0.001465,0,0,0,0,3000,3000,3000,3000,0,214,-437,00,0,0,5
397.346161,0.648438,-2.527344,0.000000,0.000000,-0.019999,0.000166,-0.028906,0.043410,1.022528,-0.005859,0.002197,-0.001221,0,0,0,0,3000,3000,3000,3000,0,221,-438,00,0,0,5
397.348114,0.648438,-2.527344,0.000000,0.000000,-0.019999,0.000235,-0.028906,0.043410,1.022528,0.005859,-0.000977,0.002930,0,0,0,0,3000,3000,3000,3000,0,213,-435,00,0,0,5
397.350067,0.648438,-2.527344,0.000000,0.000000,-0.019999,0.000240,-0.028906,0.043410,1.022528,-0.005371,0.002197,0.000244,0,0,0,0,3000,3000,3000,3000,0,221,-438,00,0,0,5
397.352020,0.648438,-2.527344,0.000000,0.000000,-0.019999,0.000130,-0.028906,0.043410,1.022528,-0.000488,0.000488,-0.000244,0,0,0,0,3000,3000,3000,3000,0,217,-436,00,0,0,5
397.354034,0.648438,-2.527344,0.000000,0.000000,-0.019999,0.000301,-0.028906,0.043410,1.022528,-0.000977,0.001221,-0.001709,0,0,0,0,3000,3000,3000,3000,0,218,-437,00,0,0,5
397.355927,0.648438,-2.527344,0.000000,0.000000,-0.019999,0.000200,-0.028906,0.043410,1.022528,-0.001465,-0.002686,-0.004883,0,0,0,0,3000,3000,3000,3000,0,218,-433,00,0,0,5
397.357880,0.648438,-2.527344,0.000000,0.000000,-0.019999,0.000092,-0.028906,0.043410,1.022528,0.006836,-0.001953,0.003418,0,0,0,0,3000,3000,3000,3000,0,213,-434,00,0,0,5
397.359833,0.648438,-2.527344,0.000000,0.000000,-0.019999,0.000189,-0.028906,0.043410,1.022528,-0.005859,-0.000488,-0.002197,0,0,0,0,3000,3000,3000,3000,0,221,-435,00,0,0,5
397.361786,0.648438,-2.527344,0.000000,0.000000,-0.019999,0.000425,-0.028906,0.043410,1.022528,0.000977,-0.000977,-0.002930,0,0,0,0,3000,3000,3000,3000,0,217,-434,00,0,0,5
397.364716,0.648438,-2.527344,0.000000,0.000000,-0.019999,0.000673,-0.028906,0.043410,1.022528,0.002197,0.001709,0.001465,0,0,0,0,3000,3000,3000,3000,0,216,-437,00,0,0,5
397.365692,0.648438,-2.527344,0.000000,0.000000,-0.019999,0.000576,-0.028906,0.043410,1.022528,-0.002197,-0.001465,-0.004883,0,0,0,0,3000,3000,3000,3000,0,219,-434,00,0,0,5
397.367645,0.648438,-2.527344,0.000000,-0.080000,-0.189999,0.000542,-0.028906,0.043410,1.022528,0.003662,0.001221,0.000244,0,0,0,0,3000,3000,3000,3000,0,215,-436,00,0,0,5
397.369598,0.648438,-2.527344,0.000000,-0.080000,-0.189999,0.000525,-0.028906,0.043410,1.022528,-0.008545,-0.003174,-0.002930,0,0,0,0,3000,3000,3000,3000,0,223,-432,00,0,0,5
397.371552,0.648438,-2.527344,0.000000,-0.080000,-0.189999,0.000399,-0.028906,0.043410,1.022528,0.005371,0.001709,0.003662,0,0,0,0,3000,3000,3000,3000,0,214,-437,00,0,0,5
397.373505,0.648438,-2.527344,0.000000,-0.080000,-0.189999,0.000357,-0.028906,0.043410,1.022528,0.003174,0.001709,0.002441,0,0,0,0,3000,3000,3000,3000,0,215,-437,00,0,0,5
397.375458,0.648438,-2.527344,0.000000,-0.080000,-0.189999,0.000118,-0.028817,0.043462,1.022430,-0.006836,0.000000,-0.001221,0,0,0,0,3000,3000,3000,3000,0,222,-435,00,0,0,5
397.377411,0.648438,-2.527344,0.000000,-0.080000,-0.189999,0.000088,-0.028906,0.043410,1.022528,0.005371,0.001709,0.004150,0,0,0,0,3000,3000,3000,3000,0,214,-437,00,0,0,5
397.379364,0.648438,-2.527344,0.000000,-0.080000,-0.189999,0.000216,-0.028906,0.043410,1.022528,-0.006348,0.001709,-0.005615,0,0,0,0,3000,3000,3000,3000,0,222,-437,00,0,0,5
397.381317,0.648438,-2.527344,0.000000,-0.080000,-0.189999,0.000244,-0.028906,0.043410,1.022528,0.005859,0.004883,0.001953,0,0,0,0,3000,3000,3000,3000,0,213,-441,00,0,0,5
397.383270,0.648438,-2.527344,0.000000,-0.080000,-0.189999,0.000042,-0.028906,0.043410,1.022528,0.000488,-0.000977,-0.000732,0,0,0,0,3000,3000,3000,3000,0,217,-436,00,0,0,5
397.385223,0.648438,-2.527344,0.000000,-0.080000,-0.189999,0.000076,-0.028906,0.043410,1.022528,-0.000488,-0.003662,-0.000732,0,0,0,0,3000,3000,3000,3000,0,217,-433,00,0,0,5
397.387177,0.648438,-2.527344,0.000000,-0.080000,-0.189999,-0.000050,-0.028906,0.043410,1.022528,0.003662,0.000000,0.001953,0,0,0,0,3000,3000,3000,3000,0,214,-436,00,0,0,5
397.389130,0.648438,-2.527344,0.000000,-0.080000,-0.189999,-0.001848,-0.028906,0.043410,1.022528,-0.007324,-0.000488,-0.002930,0,0,0,0,3000,3000,3000,3000,0,222,-435,00,0,0,5
397.391083,0.648438,-2.527344,0.000000,-0.080000,-0.189999,-0.001854,-0.028906,0.043410,1.022528,0.006836,0.001709,-0.001221,0,0,0,0,3000,3000,3000,3000,0,212,-437,00,0,0,5
397.393036,0.648438,-2.527344,0.000000,-0.080000,-0.189999,-0.001858,-0.028906,0.043410,1.022528,-0.002197,-0.000488,-0.001709,0,0,0,0,3000,3000,3000,3000,0,219,-435,00,0,0,5
397.394989,0.648438,-2.527344,0.000000,-0.080000,-0.189999,-0.001791,-0.028906,0.043410,1.022528,-0.003174,0.000000,-0.002930,0,0,0,0,3000,3000,3000,3000,0,219,-436,00,0,0,5
397.396942,0.648438,-2.527344,0.000000,-0.080000,-0.189999,-0.001965,-0.028906,0.043410,1.022528,0.006348,0.001709,0.001953,0,0,0,0,3000,3000,3000,3000,0,213,-437,00,0,0,5
397.398895,0.648438,-2.527344,0.000000,-0.080000,-0.189999,-0.002043,-0.028906,0.043410,1.022528,-0.008057,-0.001465,-0.001709,0,0,0,0,3000,3000,3000,3000,0,223,-434,00,0,0,5
397.400848,0.648438,-2.527344,0.000000,-0.080000,-0.189999,-0.001837,-0.028817,0.043462,1.022430,0.004395,0.001221,-0.000244,0,0,0,0,3000,3000,3000,3000,0,223,-434,00,0,0,5
397.402802,0.648438,-2.527344,0.000000,-0.080000,-0.189999,-0.001820,-0.028906,0.043410,1.022528,-0.003662,-0.000977,0.000244,0,0,0,0,3000,3000,3000,3000,0,221,-434,00,0,0,5
397.404755,0.648438,-2.527344,0.000000,-0.080000,-0.189999,-0.001642,-0.028906,0.043410,1.022528,-0.000488,-0.003174,-0.000732,0,0,0,0,3000,3000,3000,3000,0,219,-432,00,0,0,5
397.406708,0.648438,-2.527344,0.000000,-0.080000,-0.189999,-0.001474,-0.028906,0.043410,1.022528,0.003174,0.001221,0.000977,0,0,0,0,3000,3000,3000,3000,0,216,-436,00,0,0,5
397.408661,0.648438,-2.527344,0.000000,-0.080000,-0.189999,-0.001326,-0.028906,0.043410,1.022528,-0.003174,0.001221,-0.004395,0,0,0,0,3000,3000,3000,3000,0,221,-436,00,0,0,5
397.410614,0.648438,-2.527344,0.000000,-0.080000,-0.189999,-0.001261,-0.028817,0.043462,1.022430,0.008057,0.002197,-0.000244,0,0,0,0,3000,3000,3000,3000,0,212,-437,00,0,0,5
397.412567,0.648438,-2.527344,0.000000,-0.080000,-0.189999,-0.001263,-0.028906,0.043410,1.022528,-0.002197,0.004395,0.000244,0,0,0,0,3000,3000,3000,3000,0,219,-440,00,0,0,5
397.414520,0.648438,-2.527344,0.000000,-0.080000,-0.189999,-0.001343,-0.028906,0.043410,1.022528,0.000977,0.002686,-0.001221,0,0,0,0,3000,3000,3000,3000,0,217,-439,00,0,0,5
397.416473,0.648438,-2.527344,0.000000,-0.080000,-0.189999,-0.001390,-0.028906,0.043410,1.022528,0.000488,0.000000,0.002930,0,0,0,0,3000,3000,3000,3000,0,217,-436,00,0,0,5
397.418427,0.648438,-2.527344,0.000000,-0.080000,-0.189999,-0.001431,-0.028906,0.043410,1.022528,-0.009033,-0.001953,0.000977,0,0,0,0,3000,3000,3000,3000,0,224,-434,00,0,0,5
397.420380,0.648438,-2.527344,0.000000,-0.080000,-0.189999,-0.001444,-0.028906,0.043410,1.022528,0.007568,-0.000488,-0.002197,0,0,0,0,3000,3000,3000,3000,0,212,-436,00,0,0,5
397.422333,0.648438,-2.527344,0.000000,-0.080000,-0.189999,-0.001583,-0.028906,0.043410,1.022528,-0.003662,-0.000977,-0.000244,0,0,0,0,3000,3000,3000,3000,0,220,-435,00,0,0,5
397.424286,0.648438,-2.527344,0.000000,-0.080000,-0.189999,-0.001524,-0.028906,0.043410,1.022528,0.000488,-0.004150,-0.000732,0,0,0,0,3000,3000,3000,3000,0,217,-432,00,0,0,5
397.426239,0.648438,-2.527344,0.000000,-0.080000,-0.189999,-0.001554,-0.028906,0.043410,1.022528,0.000000,0.000488,0.005127,0,0,0,0,3000,3000,3000,3000,0,217,-436,00,0,0,5
397.428192,0.648438,-2.527344,0.000000,-0.080000,-0.189999,-0.001419,-0.028906,0.043410,1.022528,-0.004883,-0.001953,-0.000732,0,0,0,0,3000,3000,3000,3000,0,221,-433,00,0,0,5
397.430145,0.648438,-2.527344,0.000000,-0.080000,-0.189999,-0.001335,-0.028906,0.043410,1.022528,0.009521,-0.003174,-0.002197,0,0,0,0,3000,3000,3000,3000,0,211,-432,00,0,0,5
397.432098,0.648438,-2.527344,0.000000,0.059999,0.109999,-0.001451,-0.028906,0.043410,1.022528,-0.003662,0.001221,0.000977,0,0,0,0,3000,3000,3000,3000,0,219,-436,00,0,0,5
397.434052,0.648438,-2.527344,0.000000,0.059999,0.109999,-0.000648,-0.028906,0.043410,1.022528,0.003662,-0.003174,0.000977,0,0,0,0,3000,3000,3000,3000,0,214,-431,00,0,0,5
397.436005,0.648438,-2.527344,0.000000,0.059999,0.109999,-0.000847,-0.028906,0.043410,1.022528,0.002197,0.000000,-0.001709,0,0,0,0,3000,3000,3000,3000,0,215,-434,00,0,0,5
397.437958,0.648438,-2.527344,0.000000,0.059999,0.109999,-0.000751,-0.028906,0.043410,1.022528,-0.005859,-0.000977,-0.000244,0,0,0,0,3000,3000,3000,3000,0,221,-433,00,0,0,5
397.439911,0.648438,-2.527344,0.000000,0.059999,0.109999,-0.000818,-0.028906,0.043410,1.022528,0.006348,0.002197,0.001465,0,0,0,0,3000,3000,3000,3000,0,212,-437,00,0,0,5
397.441864,0.648438,-2.527344,0.000000,0.059999,0.109999,-0.000874,-0.028906,0.043410,1.022528,-0.006836,0.000000,-0.001709,0,0,0,0,3000,3000,3000,3000,0,222,-435,00,0,0,5
397.443817,0.648438,-2.527344,0.000000,0.059999,0.109999,-0.000877,-0.028906,0.043410,1.022528,0.003662,-0.001953,-0.001221,0,0,0,0,3000,3000,3000,3000,0,214,-433,00,0,0,5
397.445770,0.648438,-2.527344,0.000000,0.059999,0.109999,-0.000851,-0.028906,0.043410,1.022528,-0.003662,0.001709,0.000977,0,0,0,0,3000,3000,3000,3000,0,220,-437,00,0,0,5
397.447723,0.648438,-2.527344,0.000000,0.059999,0.109999,-0.000864,-0.028906,0.043410,1.022528,-0.002686,-0.001465,-0.000244,0,0,0,0,3000,3000,3000,3000,0,219,-434,00,0,0,5
397.449677,0.648438,-2.527344,0.000000,0.059999,0.109999,-0.000959,-0.028906,0.043410,1.022528,0.006348,0.001709,0.004150,0,0,0,0,3000,3000,3000,3000,0,213,-437,00,0,0,5
397.451630,0.648438,-2.527344,0.000000,0.059999,0.109999,-0.000982,-0.028906,0.043410,1.022528,-0.006836,0.000000,-0.000244,0,0,0,0,3000,3000,3000,3000,0,222,-435,00,0,0,5
397.453583,0.648438,-2.527344,0.000000,0.059999,0.109999,-0.000969,-0.028906,0.043410,1.022528,0.003662,0.000488,0.001953,0,0,0,0,3000,3000,3000,3000,0,215,-436,00,0,0,5
397.455536,0.648438,-2.527344,0.000000,0.059999,0.109999,-0.001083,-0.028906,0.043410,1.022528,-0.002686,0.001221,-0.002930,0,0,0,0,3000,3000,3000,3000,0,219,-437,00,0,0,5
397.457489,0.648438,-2.527344,0.000000,0.059999,0.109999,-0.001106,-0.028906,0.043410,1.022528,-0.002197,0.000000,-0.003906,0,0,0,0,3000,3000,3000,3000,0,219,-436,00,0,0,5
397.459442,0.648438,-2.527344,0.000000,0.059999,0.109999,-0.001158,-0.028906,0.043410,1.022528,0.004883,0.000000,0.004150,0,0,0,0,3000,3000,3000,3000,0,214,-436,00,0,0,5
397.461395,0.648438,-2.527344,0.000000,0.059999,0.109999,-0.001181,-0.028906,0.043410,1.022528,-0.009033,0.000000,-0.002930,0,0,0,0,3000,3000,3000,3000,0,224,-436,00,0,0,5
397.463348,0.648438,-2.527344,0.000000,0.059999,0.109999,-0.001272,-0.028906,0.043410,1.022528,0.006836,-0.003174,0.001953,0,0,0,0,3000,3000,3000,3000,0,213,-433,00,0,0,5
397.465302,0.648438,-2.527344,0.000000,0.059999,0.109999,-0.001232,-0.028906,0.043410,1.022528,-0.003174,-0.000488,-0.001221,0,0,0,0,3000,3000,3000,3000,0,220,-435,00,0,0,5
397.467255,0.648438,-2.527344,0.000000,0.059999,0.109999,-0.000036,-0.028906,0.043410,1.022528,0.000977,-0.003174,-0.000244,0,0,0,0,3000,3000,3000,3000,0,217,-432,00,0,0,5
397.469208,0.648438,-2.527344,0.000000,0.059999,0.109999,-0.000116,-0.028906,0.043410,1.022528,0.000977,0.002197,0.000977,0,0,0,0,3000,3000,3000,3000,0,217,-437,00,0,0,5
397.471161,0.648438,-2.527344,0.000000,0.059999,0.109999,-0.000170,-0.028906,0.043410,1.022528,-0.005859,0.000488,-0.001709,0,0,0,0,3000,3000,3000,3000,0,221,-436,00,0,0,5
397.473114,0.648438,-2.527344,0.000000,0.059999,0.109999,-0.000280,-0.028906,0.043410,1.022528,0.004395,-0.000488,0.000977,0,0,0,0,3000,3000,3000,3000,0,214,-435,00,0,0,5
397.475067,0.648438,-2.527344,0.000000,0.059999,0.109999,-0.000343,-0.028906,0.043410,1.022528,-0.004883,0.002197,-0.003906,0,0,0,0,3000,3000,3000,3000,0,221,-438,00,0,0,5
397.477020,0.648438,-2.527344,0.000000,0.059999,0.109999,-0.000170,-0.028906,0.043410,1.022528,0.000977,0.000000,0.000977,0,0,0,0,3000,3000,3000,3000,0,217,-436,00,0,0,5
397.478973,0.648438,-2.527344,0.000000,0.059999,0.109999,-0.000271,-0.028906,0.043410,1.022528,0.002197,-0.000488,0.002441,0,0,0,0,3000,3000,3000,3000,0,216,-435,00,0,0,5
397.480927,0.648438,-2.527344,0.000000,0.059999,0.109999,-0.000238,-0.028906,0.043410,1.022528,-0.009521,0.000488,-0.000244,0,0,0,0,3000,3000,3000,3000,0,224,-436,00,0,0,5
397.482880,0.648438,-2.527344,0.000000,0.059999,0.109999,-0.000349,-0.028906,0.043410,1.022528,0.004883,0.001709,0.000977,0,0,0,0,3000,3000,3000,3000,0,214,-438,00,0,0,5
397.484833,0.648438,-2.527344,0.000000,0.059999,0.109999,-0.000355,-0.028906,0.043410,1.022528,-0.005859,-0.000977,0.001465,0,0,0,0,3000,3000,3000,3000,0,222,-435,00,0,0,5
397.486786,0.648438,-2.527344,0.000000,0.059999,0.109999,-0.000334,-0.028906,0.043410,1.022528,0.004395,0.001709,-0.000732,0,0,0,0,3000,3000,3000,3000,0,215,-438,00,0,0,5
397.488739,0.648438,-2.527344,0.000000,0.059999,0.109999,-0.000397,-0.028906,0.043410,1.022528,0.007568,0.003662,0.002930,0,0,0,0,3000,3000,3000,3000,0,212,-440,00,0,0,5
397.490692,0.648438,-2.527344,0.000000,0.059999,0.109999,-0.000372,-0.028906,0.043410,1.022528,-0.006348,0.001221,-0.002930,0,0,0,0,3000,3000,3000,3000,0,221,-438,00,0,0,5
397.492645,0.648438,-2.527344,0.000000,0.059999,0.109999,-0.000433,-0.028906,0.043410,1.022528,0.009033,-0.001465,-0.000732,0,0,0,0,3000,3000,3000,3000,0,210,-435,00,0,0,5
397.494598,0.648438,-2.527344,0.000000,0.059999,0.109999,-0.000380,-0.028906,0.043410,1.022528,-0.005859,0.002197,0.000977,0,0,0,0,3000,3000,3000,3000,0,221,-439,00,0,0,5
397.496552,0.648438,-2.527344,0.000000,0.059999,0.109999,-0.000383,-0.028906,0.043410,1.022528,-0.000977,-0.001465,0.000244,0,0,0,0,3000,3000,3000,3000,0,217,-435,00,0,0,5
397.498505,0.648438,-2.527344,0.000000,0.059999,0.109999,-0.000418,-0.028906,0.043410,1.022528,-0.000488,0.004395,0.001953,0,0,0,0,3000,3000,3000,3000,0,217,-441,00,0,0,5
397.500458,0.648438,-2.527344,0.000000,0.059999,0.109999,-0.000387,-0.028906,0.043410,1.022528,-0.003174,0.000000,-0.000732,0,0,0,0,3000,3000,3000,3000,0,219,-437,00,0,0,5
397.502411,0.648438,-2.527344,0.000000,0.059999,0.109999,-0.000446,-0.028906,0.043410,1.022528,0.006836,-0.003174,0.000244,0,0,0,0,3000,3000,3000,3000,0,212,-433,00,0,0,5
397.504364,0.648438,-2.527344,0.000000,0.059999,0.109999,-0.000374,-0.028906,0.043410,1.022528,-0.006836,-0.001465,0.001465,0,0,0,0,3000,3000,3000,3000,0,222,-435,00,0,0,5
397.506317,0.648438,-2.527344,0.000000,0.059999,0.109999,-0.000406,-0.028906,0.043410,1.022528,0.006348,-0.001953,-0.000244,0,0,0,0,3000,3000,3000,3000,0,212,-434,00,0,0,5
397.508301,0.648438,-2.527344,0.000000,0.059999,0.109999,-0.000473,-0.028906,0.043410,1.022528,-0.003662,-0.000977,-0.001221,0,0,0,0,3000,3000,3000,3000,0,219,-434,00,0,0,5
397.510223,0.648438,-2.527344,0.000000,0.059999,0.109999,-0.000639,-0.028906,0.043410,1.022528,-0.002686,0.000000,-0.004395,0,0,0,0,3000,3000,3000,3000,0,219,-435,00,0,0,5
397.512177,0.648438,-2.527344,0.000000,0.059999,0.109999,-0.000738,-0.028906,0.043410,1.022528,0.006348,-0.003174,-0.000244,0,0,0,0,3000,3000,3000,3000,0,213,-432,00,0,0,5
397.514130,0.648438,-2.527344,0.000000,0.059999,0.109999,-0.000746,-0.028906,0.043410,1.022528,-0.010742,0.002197,-0.000732,0,0,0,0,3000,3000,3000,3000,0,225,-437,00,0,0,5
397.516083,0.648438,-2.527344,0.000000,0.059999,0.109999,-0.000790,-0.028906,0.043410,1.022528,0.006348,0.000488,0.001465,0,0,0,0,3000,3000,3000,3000,0,213,-435,00,0,0,5
397.518036,0.648438,-2.527344,0.000000,0.059999,0.109999,-0.000916,-0.028906,0.043410,1.022528,0.000488,0.001709,0.000977,0,0,0,0,3000,3000,3000,3000,0,217,-437,00,0,0,5
397.519989,0.648438,-2.527344,0.000000,0.059999,0.109999,-0.000978,-0.028906,0.043410,1.022528,-0.003662,0.000488,0.000977,0,0,0,0,3000,3000,3000,3000,0,220,-436,00,0,0,5
397.521942,0.648438,-2.527344,0.000000,0.059999,0.109999,-0.000883,-0.028906,0.043410,1.022528,0.008057,0.002686,-0.000732,0,0,0,0,3000,3000,3000,3000,0,211,-438,00,0,0,5
397.523895,0.648438,-2.527344,0.000000,0.059999,0.109999,-0.001060,-0.028906,0.043410,1.022528,-0.005859,-0.001465,-0.001709,0,0,0,0,3000,3000,3000,3000,0,221,-434,00,0,0,5
397.525848,0.648438,-2.527344,0.000000,0.059999,0.109999,-0.001020,-0.028906,0.043410,1.022528,0.004883,0.001221,0.001953,0,0,0,0,3000,3000,3000,3000,0,213,-437,00,0,0,5
397.527802,0.648438,-2.527344,0.000000,0.059999,0.109999,-0.000967,-0.028906,0.043410,1.022528,-0.003174,0.003662,-0.000244,0,0,0,0,3000,3000,3000,3000,0,219,-439,00,0,0,5
397.529755,0.648438,-2.527344,0.000000,0.059999,0.109999,-0.000868,-0.028906,0.043410,1.022528,-0.002686,0.000488,-0.002930,0,0,0,0,3000,3000,3000,3000,0,219,-437,00,0,0,5
397.531708,0.648438,-2.527344,0.000000,-0.080000,-0.189999,-0.000965,-0.028906,0.043410,1.022528,0.008057,0.001709,0.002441,0,0,0,0,3000,3000,3000,3000,0,211,-438,00,0,0,5
397.533661,0.648438,-2.527344,0.000000,-0.080000,-0.189999,-0.000902,-0.028904,0.043410,1.022392,-0.007324,0.000488,-0.000244,0,0,0,0,3000,3000,3000,3000,0,222,-437,00,0,0,5
397.535614,0.648438,-2.527344,0.000000,-0.080000,-0.189999,-0.000891,-0.028904,0.043410,1.022392,0.005371,0.001221,0.002930,0,0,0,0,3000,3000,3000,3000,0,213,-437,00,0,0,5
397.537567,0.648438,-2.527344,0.000000,-0.080000,-0.189999,-0.000874,-0.028904,0.043410,1.022392,-0.004883,0.001221,0.001953,0,0,0,0,3000,3000,3000,3000,0,220,-437,00,0,0,5
397.539520,0.648438,-2.527344,0.000000,-0.080000,-0.189999,-0.000784,-0.028904,0.043410,1.022392,0.002686,0.001221,-0.004395,0,0,0,0,3000,3000,3000,3000,0,215,-437,00,0,0,5
397.541473,0.648438,-2.527344,0.000000,-0.080000,-0.189999,-0.000853,-0.028904,0.043410,1.022392,0.001709,-0.001465,0.002930,0,0,0,0,3000,3000,3000,3000,0,216,-435,00,0,0,5
397.543427,0.648438,-2.527344,0.000000,-0.080000,-0.189999,-0.000734,-0.028904,0.043410,1.022392,-0.004150,0.000488,-0.002197,0,0,0,0,3000,3000,3000,3000,0,220,-436,00,0,0,5
397.545380,0.648438,-2.527344,0.000000,-0.080000,-0.189999,-0.000357,-0.028904,0.043410,1.022392,0.006348,-0.000977,0.001953,0,0,0,0,3000,3000,3000,3000,0,213,-435,00,0,0,5
397.547333,0.648438,-2.527344,0.000000,-0.080000,-0.189999,-0.000332,-0.028904,0.043410,1.022392,-0.006836,0.002197,-0.002197,0,0,0,0,3000,3000,3000,3000,0,222,-438,00,0,0,5
397.549286,0.648438,-2.527344,0.000000,-0.080000,-0.189999,-0.000187,-0.028904,0.043410,1.022392,-0.002686,-0.000488,-0.005615,0,0,0,0,3000,3000,3000,3000,0,219,-435,00,0,0,5
397.551239,0.648438,-2.527344,0.000000,-0.080000,-0.189999,-0.000238,-0.028904,0.043410,1.022392,0.005371,0.001221,0.001465,0,0,0,0,3000,3000,3000,3000,0,214,-437,00,0,0,5
397.553192,0.648438,-2.527344,0.000000,-0.080000,-0.189999,-0.000410,-0.028904,0.043410,1.022392,-0.005859,0.000488,-0.000244,0,0,0,0,3000,3000,3000,3000,0,222,-436,00,0,0,5
397.555145,0.648438,-2.527344,0.000000,-0.080000,-0.189999,-0.000494,-0.028904,0.043410,1.022392,0.003662,0.000488,-0.001221,0,0,0,0,3000,3000,3000,3000,0,215,-436,00,0,0,5
397.557098,0.648438,-2.527344,0.000000,-0.080000,-0.189999,-0.000217,-0.028904,0.043410,1.022392,-0.003662,0.004395,-0.001221,0,0,0,0,3000,3000,3000,3000,0,220,-440,00,0,0,5
397.559052,0.648438,-2.527344,0.000000,-0.080000,-0.189999,-0.000366,-0.028904,0.043410,1.022392,0.002197,0.001709,-0.001221,0,0,0,0,3000,3000,3000,3000,0,216,-438,00,0,0,5
397.561005,0.648438,-2.527344,0.000000,-0.080000,-0.189999,-0.000456,-0.028819,0.043461,1.022366,-0.002197,0.000000,-0.001221,0,0,0,0,3000,3000,3000,3000,0,219,-436,00,0,0,5
397.562958,0.648438,-2.527344,0.000000,-0.080000,-0.189999,-0.000334,-0.028904,0.043410,1.022392,-0.003662,-0.002686,-0.000244,0,0,0,0,3000,3000,3000,3000,0,220,-433,00,0,0,5
397.564911,0.648438,-2.527344,0.000000,-0.080000,-0.189999,-0.000313,-0.028904,0.043410,1.022392,0.005859,-0.001465,0.002441,0,0,0,0,3000,3000,3000,3000,0,214,-434,00,0,0,5
397.566864,0.648438,-2.527344,0.000000,-0.080000,-0.189999,-0.000370,-0.028904,0.043410,1.022392,-0.006348,0.001709,-0.002930,0,0,0,0,3000,3000,3000,3000,0,222,-437,00,0,0,5
397.568817,0.648438,-2.527344,0.000000,-0.080000,-0.189999,-0.000248,-0.028904,0.043410,1.022392,0.001709,-0.001953,-0.001709,0,0,0,0,3000,3000,3000,3000,0,216,-433,00,0,0,5
397.570770,0.648438,-2.527344,0.000000,-0.080000,-0.189999,-0.000467,-0.028904,0.043410,1.022392,0.000977,0.000488,-0.000732,0,0,0,0,3000,3000,3000,3000,0,217,-436,00,0,0,5
397.572723,0.648438,-2.527344,0.000000,-0.080000,-0.189999,-0.000475,-0.028904,0.043410,1.022392,-0.003174,-0.000977,-0.000732,0,0,0,0,3000,3000,3000,3000,0,220,-434,00,0,0,5
397.574677,0.648438,-2.527344,0.000000,-0.080000,-0.189999,-0.000353,-0.028904,0.043410,1.022392,0.003662,0.000488,-0.000244,0,0,0,0,3000,3000,3000,3000,0,215,-435,00,0,0,5
397.576630,0.648438,-2.527344,0.000000,-0.080000,-0.189999,-0.000381,-0.028904,0.043410,1.022392,-0.003662,-0.000488,-0.004395,0,0,0,0,3000,3000,3000,3000,0,220,-434,00,0,0,5
397.578583,0.648438,-2.527344,0.000000,-0.080000,-0.189999,-0.000282,-0.028904,0.043410,1.022392,0.003662,0.002197,0.000977,0,0,0,0,3000,3000,3000,3000,0,215,-437,00,0,0,5
397.580536,0.648438,-2.527344,0.000000,-0.080000,-0.189999,-0.000292,-0.028904,0.043410,1.022392,-0.004883,-0.000977,0.001953,0,0,0,0,3000,3000,3000,3000,0,221,-434,00,0,0,5
397.582489,0.648438,-2.527344,0.000000,-0.080000,-0.189999,-0.000341,-0.028904,0.043410,1.022392,0.000977,0.000488,-0.003418,0,0,0,0,3000,3000,3000,3000,0,217,-436,00,0,0,5
397.584442,0.648438,-2.527344,0.000000,-0.080000,-0.189999,-0.000370,-0.028904,0.043410,1.022392,0.004395,0.004395,-0.000732,0,0,0,0,3000,3000,3000,3000,0,214,-439,00,0,0,5
397.586395,0.648438,-2.527344,0.000000,-0.080000,-0.189999,-0.000332,-0.028904,0.043410,1.022392,-0.004883,-0.003174,-0.000244,0,0,0,0,3000,3000,3000,3000,0,221,-432,00,0,0,5
397.588348,0.648438,-2.527344,0.000000,-0.080000,-0.189999,-0.000368,-0.028904,0.043410,1.022392,0.003662,0.001221,0.001465,0,0,0,0,3000,3000,3000,3000,0,215,-436,00,0,0,5
397.590302,0.648438,-2.527344,0.000000,-0.080000,-0.189999,-0.000360,-0.028904,0.043410,1.022392,-0.002197,0.002197,0.001953,0,0,0,0,3000,3000,3000,3000,0,219,-437,00,0,0,5
397.592255,0.648438,-2.527344,0.000000,-0.080000,-0.189999,-0.000330,-0.028965,0.043471,1.022392,-0.002197,0.003662,0.000244,0,0,0,0,3000,3000,3000,3000,0,219,-439,00,0,0,5
397.594208,0.648438,-2.527344,0.000000,-0.080000,-0.189999,-0.000210,-0.028965,0.043471,1.022392,0.003662,0.000000,0.004150,0,0,0,0,3000,3000,3000,3000,0,215,-436,00,0,0,5
397.596161,0.648438,-2.527344,0.000000,-0.080000,-0.189999,-0.000242,-0.028965,0.043471,1.022392,-0.005371,0.001221,0.000244,0,0,0,0,3000,3000,3000,3000,0,221,-437,00,0,0,5
397.598114,0.648438,-2.527344,0.000000,-0.080000,-0.189999,-0.000143,-0.028965,0.043471,1.022392,0.005859,0.001221,0.000977,0,0,0,0,3000,3000,3000,3000,0,213,-437,00,0,0,5
397.600067,0.648438,-2.527344,0.000000,-0.080000,-0.189999,-0.000286,-0.028965,0.043471,1.022392,-0.003174,0.000488,0.000977,0,0,0,0,3000,3000,3000,3000,0,220,-437,00,0,0,5
397.602020,0.648438,-2.527344,0.000000,-0.080000,-0.189999,-0.000208,-0.028965,0.043471,1.022392,0.000977,0.001221,-0.000732,0,0,0,0,3000,3000,3000,3000,0,217,-437,00,0,0,5
397.604004,0.648438,-2.527344,0.000000,-0.080000,-0.189999,-0.000183,-0.028965,0.043471,1.022392,0.001709,-0.000488,-0.001221,0,0,0,0,3000,3000,3000,3000,0,216,-436,00,0,0,5
397.605927,0.648438,-2.527344,0.000000,-0.080000,-0.189999,-0.000179,-0.028965,0.043471,1.022392,-0.005859,-0.001465,-0.001709,0,0,0,0,3000,3000,3000,3000,0,222,-435,00,0,0,5
397.607880,0.648438,-2.527344,0.000000,-0.080000,-0.189999,-0.000231,-0.028965,0.043471,1.022392,0.004883,-0.000977,0.000244,0,0,0,0,3000,3000,3000,3000,0,214,-435,00,0,0,5
397.609833,0.648438,-2.527344,0.000000,-0.080000,-0.189999,-0.000334,-0.028965,0.043471,1.022392,-0.003662,-0.000977,-0.000244,0,0,0,0,3000,3000,3000,3000,0,220,-435,00,0,0,5
397.611786,0.648438,-2.527344,0.000000,-0.080000,-0.189999,-0.000477,-0.028965,0.043471,1.022392,0.002686,-0.000488,-0.001221,0,0,0,0,3000,3000,3000,3000,0,216,-435,00,0,0,5
397.613739,0.648438,-2.527344,0.000000,-0.080000,-0.189999,-0.000299,-0.028965,0.043471,1.022392,0.004883,0.000488,0.001953,0,0,0,0,3000,3000,3000,3000,0,214,-436,00,0,0,5
397.615692,0.648438,-2.527344,0.000000,-0.080000,-0.189999,-0.000292,-0.028965,0.043471,1.022392,-0.006836,-0.000977,-0.001709,0,0,0,0,3000,3000,3000,3000,0,222,-434,00,0,0,5
397.617645,0.648438,-2.527344,0.000000,-0.080000,-0.189999,-0.000172,-0.028965,0.043471,1.022392,0.002197,-0.000977,0.000977,0,0,0,0,3000,3000,3000,3000,0,216,-434,00,0,0,5
397.619598,0.648438,-2.527344,0.000000,-0.080000,-0.189999,-0.000261,-0.028965,0.043471,1.022392,-0.005371,0.000000,-0.000244,0,0,0,0,3000,3000,3000,3000,0,221,-435,00,0,0,5
397.621552,0.648438,-2.527344,0.000000,-0.080000,-0.189999,-0.000179,-0.028965,0.043471,1.022392,0.001709,0.001709,0.002441,0,0,0,0,3000,3000,3000,3000,0,217,-437,00,0,0,5
397.623505,0.648438,-2.527344,0.000000,-0.080000,-0.189999,-0.001745,-0.028965,0.043471,1.022392,-0.001465,0.002686,-0.000244,0,0,0,0,3000,3000,3000,3000,0,219,-438,00,0,0,5
397.625458,0.648438,-2.527344,0.000000,-0.080000,-0.189999,-0.001509,-0.028965,0.043471,1.022392,-0.002197,-0.001953,-0.003418,0,0,0,0,3000,3000,3000,3000,0,219,-434,00,0,0,5
397.627411,0.648438,-2.527344,0.000000,-0.080000,-0.189999,-0.001453,-0.028965,0.043471,1.022392,0.006836,0.000000,-0.000732,0,0,0,0,3000,3000,3000,3000,0,213,-435,00,0,0,5
397.629364,0.648438,-2.527344,0.000000,-0.080000,-0.189999,-0.001406,-0.028965,0.043471,1.022392,-0.005371,0.001709,0.000244,0,0,0,0,3000,3000,3000,3000,0,221,-437,00,0,0,5
397.631317,0.648438,-2.527344,0.000000,-0.080000,-0.189999,-0.001448,-0.028965,0.043471,1.022392,0.001709,0.000488,0.002930,0,0,0,0,3000,3000,3000,3000,0,216,-436,00,0,0,5
397.633270,0.648438,-2.527344,0.000000,-0.080000,-0.189999,-0.001440,-0.028965,0.043471,1.022392,0.000000,0.001709,-0.000732,0,0,0,0,3000,3000,3000,3000,0,218,-437,00,0,0,5
397.635223,0.648438,-2.527344,0.000000,-0.080000,-0.189999,-0.001522,-0.028965,0.043471,1.022392,-0.004150,0.001221,-0.000244,0,0,0,0,3000,3000,3000,3000,0,221,-437,00,0,0,5
397.637177,0.648438,-2.527344,0.000000,-0.080000,-0.189999,-0.001551,-0.028965,0.043471,1.022392,0.005371,-0.002686,0.001953,0,0,0,0,3000,3000,3000,3000,0,214,-433,00,0,0,5
397.639130,0.648438,-2.527344,0.000000,-0.080000,-0.189999,-0.001348,-0.028965,0.043471,1.022392,-0.009033,0.002686,-0.004395,0,0,0,0,3000,3000,3000,3000,0,224,-438,00,0,0,5
397.641083,0.648438,-2.527344,0.000000,-0.080000,-0.189999,-0.001211,-0.028965,0.043471,1.022392,0.003662,-0.001465,-0.002197,0,0,0,0,3000,3000,3000,3000,0,215,-434,00,0,0,5
397.643036,0.648438,-2.527344,0.000000,-0.080000,-0.189999,-0.001200,-0.028965,0.043471,1.022392,-0.002197,0.001709,-0.000732,0,0,0,0,3000,3000,3000,3000,0,220,-437,00,0,0,5
397.644989,0.648438,-2.527344,0.000000,0.000000,-0.009998,-0.001167,-0.028965,0.043471,1.022392,-0.003662,0.002197,0.001953,0,0,0,0,3000,3000,3000,3000,0,221,-438,00,0,0,5
397.646942,0.648438,-2.527344,0.000000,0.000000,-0.009998,-0.000561,-0.028963,0.043471,1.022287,0.005859,0.001709,0.003418,0,0,0,0,3000,3000,3000,3000,0,214,-438,00,0,0,5
397.648895,0.648438,-2.527344,0.000000,0.000000,-0.009998,-0.000589,-0.028963,0.043471,1.022287,-0.006836,0.002197,-0.000244,0,0,0,0,3000,3000,3000,3000,0,223,-438,00,0,0,5
397.650848,0.648438,-2.527344,0.000000,0.000000,-0.009998,-0.000608,-0.028963,0.043471,1.022287,0.005371,-0.002686,0.000244,0,0,0,0,3000,3000,3000,3000,0,214,-434,00,0,0,5
397.652802,0.648438,-2.527344,0.000000,0.000000,-0.009998,-0.000788,-0.028963,0.043471,1.022287,-0.003174,0.001709,0.002441,0,0,0,0,3000,3000,3000,3000,0,220,-438,00,0,0,5
397.654755,0.648438,-2.527344,0.000000,0.000000,-0.009998,-0.000797,-0.028963,0.043471,1.022287,-0.001465,-0.000977,0.000977,0,0,0,0,3000,3000,3000,3000,0,219,-435,00,0,0,5
397.656708,0.648438,-2.527344,0.000000,0.000000,-0.009998,-0.000858,-0.028963,0.043471,1.022287,0.005371,-0.000488,0.002930,0,0,0,0,3000,3000,3000,3000,0,214,-435,00,0,0,5
397.658661,0.648438,-2.527344,0.000000,0.000000,-0.009998,-0.001158,-0.028963,0.043471,1.022287,-0.003174,-0.001465,0.001465,0,0,0,0,3000,3000,3000,3000,0,220,-434,00,0,0,5
397.660614,0.648438,-2.527344,0.000000,0.000000,-0.009998,-0.001226,-0.028963,0.043471,1.022287,0.008545,0.004883,-0.000244,0,0,0,0,3000,3000,3000,3000,0,211,-440,00,0,0,5
397.662567,0.648438,-2.527344,0.000000,0.000000,-0.009998,-0.001364,-0.028963,0.043471,1.022287,-0.005371,0.003174,-0.000732,0,0,0,0,3000,3000,3000,3000,0,221,-439,00,0,0,5
397.664520,0.648438,-2.527344,0.000000,0.000000,-0.009998,-0.001356,-0.028963,0.043471,1.022287,0.002686,-0.001465,-0.000244,0,0,0,0,3000,3000,3000,3000,0,215,-435,00,0,0,5
397.666473,0.648438,-2.527344,0.000000,0.000000,-0.009998,-0.001261,-0.028963,0.043471,1.022287,0.004395,0.000488,0.001465,0,0,0,0,3000,3000,3000,3000,0,214,-437,00,0,0,5
397.668427,0.648438,-2.527344,0.000000,0.000000,-0.009998,-0.001320,-0.028963,0.043471,1.022287,-0.005859,0.000000,0.000244,0,0,0,0,3000,3000,3000,3000,0,221,-436,00,0,0,5
397.670380,0.648438,-2.527344,0.000000,0.000000,-0.009998,-0.001204,-0.028963,0.043471,1.022287,0.006836,0.000000,0.001953,0,0,0,0,3000,3000,3000,3000,0,212,-436,00,0,0,5
397.672333,0.648438,-2.527344,0.000000,0.000000,-0.009998,-0.001215,-0.028963,0.043471,1.022287,-0.004883,0.002197,-0.001709,0,0,0,0,3000,3000,3000,3000,0,220,-438,00,0,0,5
397.674286,0.648438,-2.527344,0.000000,0.000000,-0.009998,-0.001268,-0.028963,0.043471,1.022287,0.003174,0.000488,-0.000244,0,0,0,0,3000,3000,3000,3000,0,215,-436,00,0,0,5
397.676239,0.648438,-2.527344,0.000000,0.000000,-0.009998,-0.001240,-0.028963,0.043471,1.022287,0.003174,0.002197,-0.000732,0,0,0,0,3000,3000,3000,3000,0,215,-438,00,0,0,5
397.678192,0.648438,-2.527344,0.000000,0.000000,-0.009998,-0.001177,-0.028963,0.043471,1.022287,-0.004150,-0.000977,0.001465,0,0,0,0,3000,3000,3000,3000,0,220,-435,00,0,0,5
397.680145,0.648438,-2.527344,0.000000,0.000000,-0.009998,-0.001328,-0.028963,0.043471,1.022287,0.007568,0.002686,0.000977,0,0,0,0,3000,3000,3000,3000,0,212,-439,00,0,0,5
397.682098,0.648438,-2.527344,0.000000,0.000000,-0.009998,-0.001274,-0.028963,0.043471,1.022287,-0.006348,-0.000488,0.001465,0,0,0,0,3000,3000,3000,3000,0,221,-436,00,0,0,5
397.684052,0.648438,-2.527344,0.000000,0.000000,-0.009998,-0.001171,-0.028963,0.043471,1.022287,0.000977,0.001221,0.000244,0,0,0,0,3000,3000,3000,3000,0,216,-437,00,0,0,5
397.686005,0.648438,-2.527344,0.000000,0.000000,-0.009998,-0.001184,-0.028963,0.043471,1.022287,0.000977,0.001709,0.001953,0,0,0,0,3000,3000,3000,3000,0,217,-438,00,0,0,5
397.687958,0.648438,-2.527344,0.000000,0.000000,-0.009998,-0.001348,-0.028963,0.043471,1.022287,-0.010742,0.000000,-0.003906,0,0,0,0,3000,3000,3000,3000,0,225,-436,00,0,0,5
397.689911,0.648438,-2.527344,0.000000,0.000000,-0.009998,-0.001314,-0.028963,0.043471,1.022287,0.007568,-0.000488,0.001465,0,0,0,0,3000,3000,3000,3000,0,213,-436,00,0,0,5
397.691864,0.648438,-2.527344,0.000000,0.000000,-0.009998,-0.001377,-0.028963,0.043471,1.022287,-0.005859,0.001221,-0.001709,0,0,0,0,3000,3000,3000,3000,0,222,-437,00,0,0,5
397.693817,0.648438,-2.527344,0.000000,0.000000,-0.009998,-0.001518,-0.028963,0.043471,1.022287,0.002686,-0.000488,0.001465,0,0,0,0,3000,3000,3000,3000,0,216,-435,00,0,0,5
397.695770,0.648438,-2.527344,0.000000,0.000000,-0.009998,-0.001453,-0.028963,0.043471,1.022287,-0.002197,0.002197,0.002441,0,0,0,0,3000,3000,3000,3000,0,220,-438,00,0,0,5
397.697723,0.648438,-2.527344,0.000000,0.000000,-0.009998,-0.001572,-0.028963,0.043471,1.022287,-0.003174,0.002197,-0.002930,0,0,0,0,3000,3000,3000,3000,0,220,-438,00,0,0,5
397.699677,0.648438,-2.527344,0.000000,0.000000,-0.009998,-0.001616,-0.028963,0.043471,1.022287,0.003662,-0.001953,0.001465,0,0,0,0,3000,3000,3000,3000,0,216,-434,00,0,0,5
397.701630,0.648438,-2.527344,0.000000,0.000000,-0.009998,-0.001911,-0.028963,0.043471,1.022287,-0.005859,0.000000,-0.003418,0,0,0,0,3000,3000,3000,3000,0,222,-436,00,0,0,5
397.703583,0.648438,-2.527344,0.000000,0.000000,-0.009998,-0.002022,-0.028963,0.043471,1.022287,0.009033,0.000488,0.002441,0,0,0,0,3000,3000,3000,3000,0,212,-436,00,0,0,5
397.705566,0.648438,-2.527344,0.000000,0.000000,-0.009998,-0.002069,-0.028963,0.043471,1.022287,-0.001465,0.003174,0.000244,0,0,0,0,3000,3000,3000,3000,0,219,-439,00,0,0,5
397.707489,0.648438,-2.527344,0.000000,0.000000,-0.009998,-0.001911,-0.028963,0.043471,1.022287,-0.004150,0.002197,-0.002197,0,0,0,0,3000,3000,3000,3000,0,221,-438,00,0,0,5
397.709442,0.648438,-2.527344,0.000000,0.000000,-0.009998,-0.001951,-0.028902,0.043532,1.022287,0.006836,0.000000,0.004150,0,0,0,0,3000,3000,3000,3000,0,213,-437,00,0,0,5
397.711395,0.648438,-2.527344,0.000000,0.000000,-0.009998,-0.002104,-0.028902,0.043532,1.022287,-0.004150,-0.000488,-0.002930,0,0,0,0,3000,3000,3000,3000,0,220,-436,00,0,0,5
397.713348,0.648438,-2.527344,0.000000,0.000000,-0.009998,-0.002131,-0.028902,0.043532,1.022287,0.005371,0.002197,0.002441,0,0,0,0,3000,3000,3000,3000,0,213,-438,00,0,0,5
397.715302,0.648438,-2.527344,0.000000,0.000000,-0.009998,-0.002338,-0.028902,0.043532,1.022287,-0.005371,0.000000,0.001465,0,0,0,0,3000,3000,3000,3000,0,221,-436,00,0,0,5
397.717255,0.648438,-2.527344,0.000000,0.000000,-0.009998,-0.002399,-0.028902,0.043532,1.022287,0.001709,0.000000,-0.002197,0,0,0,0,3000,3000,3000,3000,0,216,-436,00,0,0,5
397.719208,0.648438,-2.527344,0.000000,0.000000,-0.009998,-0.002485,-0.028902,0.043532,1.022287,0.000977,0.002686,0.000244,0,0,0,0,3000,3000,3000,3000,0,217,-439,00,0,0,5
397.721161,0.648438,-2.527344,0.000000,0.000000,-0.009998,-0.002361,-0.028963,0.043532,1.022287,-0.003662,0.004395,0.000977,0,0,0,0,3000,3000,3000,3000,0,220,-441,00,0,0,5
397.723114,0.648438,-2.527344,0.000000,0.000000,-0.009998,-0.002331,-0.028963,0.043532,1.022287,0.006836,0.001221,-0.002930,0,0,0,0,3000,3000,3000,3000,0,213,-438,00,0,0,5
397.725067,0.648438,-2.527344,0.000000,0.000000,-0.009998,-0.002422,-0.028963,0.043532,1.022287,-0.003174,0.000000,-0.002930,0,0,0,0,3000,3000,3000,3000,0,220,-437,00,0,0,5
397.727020,0.648438,-2.527344,0.000000,0.000000,-0.009998,-0.002411,-0.028963,0.043532,1.022287,-0.002197,-0.000977,0.000244,0,0,0,0,3000,3000,3000,3000,0,219,-436,00,0,0,5
397.728973,0.648438,-2.527344,0.000000,0.000000,-0.009998,-0.002426,-0.028963,0.043532,1.022287,0.003662,0.001709,-0.000244,0,0,0,0,3000,3000,3000,3000,0,215,-438,00,0,0,5
397.730927,0.648438,-2.527344,0.000000,0.000000,-0.009998,-0.002409,-0.028963,0.043532,1.022287,-0.010010,0.000488,-0.002930,0,0,0,0,3000,3000,3000,3000,0,225,-437,00,0,0,5
397.732880,0.648438,-2.527344,0.000000,0.000000,-0.009998,-0.002584,-0.028963,0.043532,1.022287,0.008057,-0.000977,0.002930,0,0,0,0,3000,3000,3000,3000,0,212,-436,00,0,0,5
397.734833,0.648438,-2.527344,0.000000,0.000000,-0.009998,-0.002676,-0.028963,0.043532,1.022287,-0.006348,-0.001465,-0.001709,0,0,0,0,3000,3000,3000,3000,0,223,-435,00,0,0,5
397.736786,0.648438,-2.527344,0.000000,-0.009998,0.000000,-0.002832,-0.028963,0.043532,1.022287,0.002686,-0.000488,0.001465,0,0,0,0,3000,3000,3000,3000,0,216,-436,00,0,0,5
397.738739,0.648438,-2.527344,0.000000,-0.009998,0.000000,-0.002077,-0.028963,0.043532,1.022287,-0.000977,0.002197,-0.001709,0,0,0,0,3000,3000,3000,3000,0,219,-438,00,0,0,5
397.740692,0.648438,-2.527344,0.000000,-0.009998,0.000000,-0.001993,-0.028963,0.043532,1.022287,-0.005371,0.000000,-0.000244,0,0,0,0,3000,3000,3000,3000,0,222,-436,00,0,0,5
397.742676,0.648438,-2.527344,0.000000,-0.009998,0.000000,-0.002041,-0.028963,0.043532,1.022287,0.006348,-0.001465,-0.000732,0,0,0,0,3000,3000,3000,3000,0,214,-435,00,0,0,5
397.744598,0.648438,-2.527344,0.000000,-0.009998,0.000000,-0.001953,-0.028963,0.043532,1.022287,-0.004883,-0.001465,-0.003906,0,0,0,0,3000,3000,3000,3000,0,222,-435,00,0,0,5
397.746552,0.648438,-2.527344,0.000000,-0.009998,0.000000,-0.001827,-0.028963,0.043532,1.022287,0.002197,0.002197,0.002441,0,0,0,0,3000,3000,3000,3000,0,217,-438,00,0,0,5
397.748505,0.648438,-2.527344,0.000000,-0.009998,0.000000,-0.001638,-0.028963,0.043532,1.022287,0.002197,0.001709,0.000977,0,0,0,0,3000,3000,3000,3000,0,216,-438,00,0,0,5
397.750458,0.648438,-2.527344,0.000000,-0.009998,0.000000,-0.001633,-0.028963,0.043532,1.022287,-0.005371,-0.000488,-0.001221,0,0,0,0,3000,3000,3000,3000,0,222,-436,00,0,0,5
397.752411,0.648438,-2.527344,0.000000,-0.009998,0.000000,-0.001753,-0.028963,0.043532,1.022287,0.004395,0.001221,-0.002197,0,0,0,0,3000,3000,3000,3000,0,215,-437,00,0,0,5
397.754364,0.648438,-2.527344,0.000000,-0.009998,0.000000,-0.001740,-0.028963,0.043532,1.022287,-0.003174,0.001709,-0.003418,0,0,0,0,3000,3000,3000,3000,0,220,-438,00,0,0,5
397.756317,0.648438,-2.527344,0.000000,-0.009998,0.000000,-0.001503,-0.028963,0.043532,1.022287,0.006348,-0.003174,0.002441,0,0,0,0,3000,3000,3000,3000,0,213,-433,00,0,0,5
397.758270,0.648438,-2.527344,0.000000,-0.009998,0.000000,-0.001549,-0.028963,0.043532,1.022287,0.000000,0.001221,0.000977,0,0,0,0,3000,3000,3000,3000,0,217,-437,00,0,0,5
397.760223,0.648438,-2.527344,0.000000,-0.009998,0.000000,-0.001652,-0.028963,0.043532,1.022287,-0.000977,0.002197,-0.001221,0,0,0,0,3000,3000,3000,3000,0,218,-438,00,0,0,5
397.762177,0.648438,-2.527344,0.000000,-0.009998,0.000000,-0.001608,-0.028963,0.043532,1.022287,0.008545,-0.001465,0.000977,0,0,0,0,3000,3000,3000,3000,0,211,-435,00,0,0,5
397.764130,0.648438,-2.527344,0.000000,-0.009998,0.000000,-0.001434,-0.028963,0.043532,1.022287,-0.002197,0.001221,-0.003418,0,0,0,0,3000,3000,3000,3000,0,218,-437,00,0,0,5
397.766083,0.648438,-2.527344,0.000000,-0.009998,0.000000,-0.001495,-0.028963,0.043532,1.022287,0.005859,0.000488,0.002930,0,0,0,0,3000,3000,3000,3000,0,213,-437,00,0,0,5
397.768036,0.648438,-2.527344,0.000000,-0.009998,0.000000,-0.001629,-0.028963,0.043532,1.022287,-0.002197,-0.000488,0.001953,0,0,0,0,3000,3000,3000,3000,0,218,-436,00,0,0,5
397.769989,0.648438,-2.527344,0.000000,-0.009998,0.000000,-0.001690,-0.028963,0.043532,1.022287,-0.002686,0.000488,-0.004395,0,0,0,0,3000,3000,3000,3000,0,219,-437,00,0,0,5
397.771942,0.648438,-2.527344,0.000000,-0.009998,0.000000,-0.001661,-0.028963,0.043532,1.022287,0.005859,0.001221,0.005127,0,0,0,0,3000,3000,3000,3000,0,213,-437,00,0,0,5
397.773895,0.648438,-2.527344,0.000000,-0.009998,0.000000,-0.001659,-0.028963,0.043532,1.022287,-0.007324,0.000488,-0.000732,0,0,0,0,3000,3000,3000,3000,0,222,-437,00,0,0,5
397.775848,0.648438,-2.527344,0.000000,-0.009998,0.000000,-0.001688,-0.028963,0.043532,1.022287,0.006348,-0.000488,0.000244,0,0,0,0,3000,3000,3000,3000,0,213,-436,00,0,0,5
397.777802,0.648438,-2.527344,0.000000,-0.009998,0.000000,-0.001421,-0.028963,0.043532,1.022287,-0.005371,-0.000977,0.001953,0,0,0,0,3000,3000,3000,3000,0,221,-435,00,0,0,5
397.779755,0.648438,-2.527344,0.000000,-0.009998,0.000000,-0.001575,-0.028963,0.043532,1.022287,0.000977,-0.002686,-0.001221,0,0,0,0,3000,3000,3000,3000,0,217,-434,00,0,0,5
397.781708,0.648438,-2.527344,0.000000,-0.009998,0.000000,-0.001623,-0.028963,0.043532,1.022287,0.005371,0.000488,0.003418,0,0,0,0,3000,3000,3000,3000,0,214,-436,00,0,0,5
397.783661,0.648438,-2.527344,0.000000,-0.009998,0.000000,-0.001621,-0.028963,0.043532,1.022287,-0.006836,0.001221,-0.001221,0,0,0,0,3000,3000,3000,3000,0,222,-437,00,0,0,5
397.785614,0.648438,-2.527344,0.000000,-0.009998,0.000000,-0.001801,-0.028963,0.043532,1.022287,0.005859,0.000000,-0.001221,0,0,0,0,3000,3000,3000,3000,0,214,-436,00,0,0,5
397.787567,0.648438,-2.527344,0.000000,-0.009998,0.000000,-0.001900,-0.028963,0.043532,1.022287,-0.006348,-0.000488,0.001953,0,0,0,0,3000,3000,3000,3000,0,222,-436,00,0,0,5
397.789520,0.648438,-2.527344,0.000000,-0.009998,0.000000,-0.001780,-0.028963,0.043532,1.022287,-0.000977,-0.000977,-0.001709,0,0,0,0,3000,3000,3000,3000,0,219,-435,00,0,0,5
397.791473,0.648438,-2.527344,0.000000,-0.009998,0.000000,-0.001637,-0.028963,0.043532,1.022287,0.005859,-0.000488,0.002930,0,0,0,0,3000,3000,3000,3000,0,214,-436,00,0,0,5
397.793427,0.648438,-2.527344,0.000000,-0.009998,0.000000,-0.001698,-0.028963,0.043532,1.022287,-0.004150,-0.000488,0.002441,0,0,0,0,3000,3000,3000,3000,0,221,-436,00,0,0,5
397.795380,0.648438,-2.527344,0.000000,-0.009998,0.000000,-0.001892,-0.028963,0.043532,1.022287,0.007568,-0.000488,0.002441,0,0,0,0,3000,3000,3000,3000,0,213,-436,00,0,0,5
397.797333,0.648438,-2.527344,0.000000,-0.009998,0.000000,-0.001839,-0.028963,0.043532,1.022287,-0.006836,0.001221,0.001953,0,0,0,0,3000,3000,3000,3000,0,223,-437,00,0,0,5
397.799286,0.648438,-2.527344,0.000000,-0.009998,0.000000,-0.001909,-0.028963,0.043532,1.022287,0.000488,0.000488,-0.000732,0,0,0,0,3000,3000,3000,3000,0,218,-437,00,0,0,5
397.801239,0.648438,-2.527344,0.000000,-0.009998,0.000000,-0.001919,-0.028963,0.043532,1.022287,0.002686,0.000488,0.001465,0,0,0,0,3000,3000,3000,3000,0,216,-437,00,0,0,5
397.803192,0.648438,-2.527344,0.000000,-0.009998,0.000000,-0.001818,-0.028963,0.043532,1.022287,-0.005371,0.000000,-0.001709,0,0,0,0,3000,3000,3000,3000,0,222,-436,00,0,0,5
397.805145,0.648438,-2.527344,0.000000,-0.009998,0.000000,-0.001812,-0.028963,0.043532,1.022287,0.006836,-0.000488,0.002441,0,0,0,0,3000,3000,3000,3000,0,213,-436,00,0,0,5
397.807098,0.648438,-2.527344,0.000000,-0.009998,0.000000,-0.001888,-0.028963,0.043532,1.022287,-0.005859,0.001221,-0.000244,0,0,0,0,3000,3000,3000,3000,0,222,-438,00,0,0,5
397.809052,0.648438,-2.527344,0.000000,-0.009998,0.000000,-0.001919,-0.028963,0.043532,1.022287,0.002197,0.002686,-0.000244,0,0,0,0,3000,3000,3000,3000,0,217,-439,00,0,0,5
397.811005,0.648438,-2.527344,0.000000,-0.009998,0.000000,-0.002100,-0.028963,0.043532,1.022287,0.000488,-0.000488,0.000977,0,0,0,0,3000,3000,3000,3000,0,218,-436,00,0,0,5
397.812958,0.648438,-2.527344,0.000000,-0.009998,0.000000,-0.002172,-0.028963,0.043532,1.022287,-0.001465,0.001221,-0.002930,0,0,0,0,3000,3000,3000,3000,0,219,-438,00,0,0,5
397.814911,0.648438,-2.527344,0.000000,-0.009998,0.000000,-0.002157,-0.028963,0.043532,1.022287,0.008545,0.000488,0.001953,0,0,0,0,3000,3000,3000,3000,0,212,-437,00,0,0,5
397.816864,0.648438,-2.527344,0.000000,-0.009998,0.000000,-0.002043,-0.028963,0.043532,1.022287,-0.008057,0.000000,0.000977,0,0,0,0,3000,3000,3000,3000,0,223,-437,00,0,0,5
397.818817,0.648438,-2.527344,0.000000,-0.009998,0.000000,-0.002129,-0.028963,0.043532,1.022287,0.007568,0.002197,0.001465,0,0,0,0,3000,3000,3000,3000,0,212,-439,00,0,0,5
397.820770,0.648438,-2.527344,0.000000,-0.009998,0.000000,-0.002022,-0.028963,0.043532,1.022287,0.000977,0.002197,0.001465,0,0,0,0,3000,3000,3000,3000,0,217,-439,00,0,0,5
397.822723,0.648438,-2.527344,0.000000,-0.009998,0.000000,-0.001905,-0.028963,0.043532,1.022287,-0.006836,0.002197,-0.001709,0,0,0,0,3000,3000,3000,3000,0,222,-440,00,0,0,5
397.824677,0.648438,-2.527344,0.000000,-0.009998,0.000000,-0.001898,-0.028963,0.043532,1.022287,0.008545,-0.000488,-0.000732,0,0,0,0,3000,3000,3000,3000,0,212,-437,00,0,0,5
397.826630,0.648438,-2.527344,0.000000,-0.009998,0.000000,-0.001862,-0.028963,0.043532,1.022287,-0.005371,0.002197,-0.000732,0,0,0,0,3000,3000,3000,3000,0,221,-440,00,0,0,5
397.828583,0.648438,-2.527344,0.000000,-0.009998,0.000000,-0.001509,-0.028963,0.043532,1.022287,0.003174,0.000488,0.001465,0,0,0,0,3000,3000,3000,3000,0,215,-438,00,0,0,5
397.830536,0.648438,-2.527344,0.000000,-0.009998,0.000000,-0.001345,-0.028963,0.043532,1.022287,0.001709,0.000000,0.001465,0,0,0,0,3000,3000,3000,3000,0,216,-437,00,0,0,5
397.832489,0.648438,-2.527344,0.000000,-0.009998,0.000000,-0.001272,-0.028963,0.043532,1.022287,-0.003174,-0.000488,-0.001709,0,0,0,0,3000,3000,3000,3000,0,220,-437,00,0,0,5
397.834442,0.648438,-2.527344,0.000000,-0.009998,0.000000,-0.001238,-0.028963,0.043532,1.022287,0.002686,0.000000,0.000244,0,0,0,0,3000,3000,3000,3000,0,216,-437,00,0,0,5
397.836395,0.648438,-2.527344,0.000000,-0.009998,0.000000,-0.001255,-0.028963,0.043532,1.022287,-0.006348,-0.001465,-0.000244,0,0,0,0,3000,3000,3000,3000,0,222,-436,00,0,0,5
397.838348,0.648438,-2.527344,0.000000,-0.009998,0.000000,-0.001009,-0.028963,0.043532,1.022287,0.006836,-0.000977,0.001953,0,0,0,0,3000,3000,3000,3000,0,213,-436,00,0,0,5
397.840302,0.648438,-2.527344,0.000000,-0.009998,0.000000,-0.001081,-0.028963,0.043532,1.022287,-0.003662,0.000488,0.002441,0,0,0,0,3000,3000,3000,3000,0,220,-437,00,0,0,5
397.842255,0.648438,-2.527344,0.000000,-0.099998,-0.189999,-0.001070,-0.028963,0.043532,1.022287,-0.000488,-0.001465,-0.002930,0,0,0,0,3000,3000,3000,3000,0,218,-435,00,0,0,5
397.844208,0.648438,-2.527344,0.000000,-0.099998,-0.189999,-0.000351,-0.028963,0.043532,1.022287,0.004883,0.001709,-0.000244,0,0,0,0,3000,3000,3000,3000,0,215,-438,00,0,0,5
397.846161,0.648438,-2.527344,0.000000,-0.099998,-0.189999,-0.000446,-0.028963,0.043532,1.022287,-0.007324,0.001709,-0.001221,0,0,0,0,3000,3000,3000,3000,0,223,-438,00,0,0,5
397.848114,0.648438,-2.527344,0.000000,-0.099998,-0.189999,-0.000452,-0.028963,0.043532,1.022287,0.007568,-0.001465,-0.001221,0,0,0,0,3000,3000,3000,3000,0,213,-435,00,0,0,5
397.850067,0.648438,-2.527344,0.000000,-0.099998,-0.189999,-0.000345,-0.028963,0.043532,1.022287,-0.008057,0.001709,0.000244,0,0,0,0,3000,3000,3000,3000,0,224,-438,00,0,0,5
397.852020,0.648438,-2.527344,0.000000,-0.099998,-0.189999,-0.000311,-0.028963,0.043532,1.022287,-0.002197,-0.000488,-0.000244,0,0,0,0,3000,3000,3000,3000,0,220,-436,00,0,0,5
397.854004,0.648438,-2.527344,0.000000,-0.099998,-0.189999,-0.000259,-0.028963,0.043532,1.022287,0.002686,0.000488,0.001953,0,0,0,0,3000,3000,3000,3000,0,217,-437,00,0,0,5
397.855927,0.648438,-2.527344,0.000000,-0.099998,-0.189999,-0.000359,-0.028963,0.043532,1.022287,-0.004883,-0.001465,-0.001709,0,0,0,0,3000,3000,3000,3000,0,222,-435,00,0,0,5
397.857880,0.648438,-2.527344,0.000000,-0.099998,-0.189999,0.001413,-0.028963,0.043532,1.022287,0.009033,0.000488,0.001953,0,0,0,0,3000,3000,3000,3000,0,212,-437,00,0,0,5
397.859833,0.648438,-2.527344,0.000000,-0.099998,-0.189999,0.001532,-0.028963,0.043532,1.022287,-0.006836,0.001709,0.000244,0,0,0,0,3000,3000,3000,3000,0,223,-438,00,0,0,5
397.862762,0.648438,-2.527344,0.000000,-0.099998,-0.189999,0.001657,-0.028963,0.043532,1.022287,0.000977,-0.001465,-0.002930,0,0,0,0,3000,3000,3000,3000,0,218,-435,00,0,0,5
397.863739,0.648438,-2.527344,0.000000,-0.099998,-0.189999,0.001472,-0.028963,0.043593,1.022287,-0.002197,0.002686,0.000977,0,0,0,0,3000,3000,3000,3000,0,220,-439,00,0,0,5
397.865692,0.648438,-2.527344,0.000000,-0.099998,-0.189999,0.001532,-0.028963,0.043593,1.022287,-0.002686,-0.000488,-0.000244,0,0,0,0,3000,3000,3000,3000,0,220,-437,00,0,0,5
397.867645,0.648438,-2.527344,0.000000,-0.099998,-0.189999,0.001528,-0.028963,0.043593,1.022287,0.006348,-0.000977,0.004150,0,0,0,0,3000,3000,3000,3000,0,214,-436,00,0,0,5
397.869598,0.648438,-2.527344,0.000000,-0.099998,-0.189999,0.001436,-0.028963,0.043593,1.022287,-0.005371,-0.000488,-0.000244,0,0,0,0,3000,3000,3000,3000,0,222,-436,00,0,0,5
397.871552,0.648438,-2.527344,0.000000,-0.099998,-0.189999,0.001596,-0.028963,0.043593,1.022287,0.002686,0.000000,0.001953,0,0,0,0,3000,3000,3000,3000,0,216,-437,00,0,0,5
397.873505,0.648438,-2.527344,0.000000,-0.099998,-0.189999,0.001637,-0.028963,0.043593,1.022287,0.000488,0.001709,0.002441,0,0,0,0,3000,3000,3000,3000,0,218,-438,00,0,0,5
397.875458,0.648438,-2.527344,0.000000,-0.099998,-0.189999,0.001707,-0.028963,0.043593,1.022287,-0.005371,0.000000,-0.003906,0,0,0,0,3000,3000,3000,3000,0,222,-437,00,0,0,5
397.877411,0.648438,-2.527344,0.000000,-0.099998,-0.189999,0.001616,-0.028963,0.043593,1.022287,0.003662,0.001709,0.001465,0,0,0,0,3000,3000,3000,3000,0,215,-439,00,0,0,5
397.879364,0.648438,-2.527344,0.000000,-0.099998,-0.189999,0.001568,-0.028963,0.043593,1.022287,-0.006836,-0.002686,0.002441,0,0,0,0,3000,3000,3000,3000,0,223,-435,00,0,0,5
397.881317,0.648438,-2.527344,0.000000,-0.099998,-0.189999,0.001440,-0.028963,0.043593,1.022287,0.000977,0.000488,-0.000732,0,0,0,0,3000,3000,3000,3000,0,218,-437,00,0,0,5
397.883270,0.648438,-2.527344,0.000000,-0.099998,-0.189999,0.001534,-0.028963,0.043593,1.022287,0.002686,-0.001465,-0.001709,0,0,0,0,3000,3000,3000,3000,0,216,-435,00,0,0,5
397.885223,0.648438,-2.527344,0.000000,-0.099998,-0.189999,0.001575,-0.028963,0.043593,1.022287,-0.002197,0.000488,-0.002197,0,0,0,0,3000,3000,3000,3000,0,219,-437,00,0,0,5
397.887177,0.648438,-2.527344,0.000000,-0.099998,-0.189999,0.001606,-0.028963,0.043593,1.022287,0.006836,0.000488,0.001953,0,0,0,0,3000,3000,3000,3000,0,213,-437,00,0,0,5
397.889130,0.648438,-2.527344,0.000000,-0.099998,-0.189999,0.001740,-0.028963,0.043593,1.022287,-0.009033,0.000000,-0.001221,0,0,0,0,3000,3000,3000,3000,0,224,-437,00,0,0,5
397.891083,0.648438,-2.527344,0.000000,-0.099998,-0.189999,0.001907,-0.028963,0.043593,1.022287,0.005371,-0.002686,0.003418,0,0,0,0,3000,3000,3000,3000,0,214,-434,00,0,0,5
397.893036,0.648438,-2.527344,0.000000,-0.099998,-0.189999,0.001984,-0.028963,0.043593,1.022287,-0.006836,0.000488,-0.001221,0,0,0,0,3000,3000,3000,3000,0,223,-437,00,0,0,5
397.894989,0.648438,-2.527344,0.000000,-0.099998,-0.189999,0.001842,-0.028963,0.043593,1.022287,-0.000977,0.002197,-0.003418,0,0,0,0,3000,3000,3000,3000,0,219,-439,00,0,0,5
397.896942,0.648438,-2.527344,0.000000,-0.099998,-0.189999,0.001997,-0.028963,0.043593,1.022287,0.004395,0.000000,0.000977,0,0,0,0,3000,3000,3000,3000,0,215,-437,00,0,0,5
397.898895,0.648438,-2.527344,0.000000,-0.099998,-0.189999,0.001818,-0.028963,0.043593,1.022287,-0.004883,-0.000488,-0.000732,0,0,0,0,3000,3000,3000,3000,0,221,-437,00,0,0,5
397.900848,0.648438,-2.527344,0.000000,-0.099998,-0.189999,0.001810,-0.028963,0.043593,1.022287,0.005859,0.000488,0.001953,0,0,0,0,3000,3000,3000,3000,0,214,-437,00,0,0,5
397.902802,0.648438,-2.527344,0.000000,-0.099998,-0.189999,0.001850,-0.028963,0.043593,1.022287,-0.002197,-0.001465,-0.001709,0,0,0,0,3000,3000,3000,3000,0,219,-436,00,0,0,5
397.904755,0.648438,-2.527344,0.000000,-0.099998,-0.189999,0.001965,-0.028963,0.043593,1.022287,-0.000488,-0.000488,-0.002930,0,0,0,0,3000,3000,3000,3000,0,218,-436,00,0,0,5
397.906708,0.648438,-2.527344,0.000000,-0.099998,-0.189999,0.001991,-0.028963,0.043593,1.022287,0.003662,0.002197,0.003418,0,0,0,0,3000,3000,3000,3000,0,215,-439,00,0,0,5
397.908661,0.648438,-2.527344,0.000000,-0.099998,-0.189999,0.002083,-0.028963,0.043593,1.022287,-0.005371,-0.001465,-0.000732,0,0,0,0,3000,3000,3000,3000,0,221,-436,00,0,0,5
397.910614,0.648438,-2.527344,0.000000,-0.099998,-0.189999,0.002012,-0.028963,0.043593,1.022287,0.005859,0.002686,0.002930,0,0,0,0,3000,3000,3000,3000,0,213,-440,00,0,0,5
397.912567,0.648438,-2.527344,0.000000,-0.099998,-0.189999,0.002012,-0.028963,0.043593,1.022287,-0.005371,0.002686,-0.001221,0,0,0,0,3000,3000,3000,3000,0,221,-440,00,0,0,5
397.914520,0.648438,-2.527344,0.000000,-0.099998,-0.189999,0.001980,-0.028963,0.043593,1.022287,0.001709,-0.000488,0.002441,0,0,0,0,3000,3000,3000,3000,0,216,-437,00,0,0,5
397.916473,0.648438,-2.527344,0.000000,-0.099998,-0.189999,0.002169,-0.028963,0.043593,1.022287,-0.002686,0.002686,-0.000244,0,0,0,0,3000,3000,3000,3000,0,219,-440,00,0,0,5
397.918427,0.648438,-2.527344,0.000000,-0.099998,-0.189999,0.002159,-0.028963,0.043593,1.022287,-0.008057,-0.001953,-0.003418,0,0,0,0,3000,3000,3000,3000,0,223,-436,00,0,0,5
397.920380,0.648438,-2.527344,0.000000,-0.099998,-0.189999,0.002178,-0.028963,0.043593,1.022287,0.003174,-0.002686,0.003662,0,0,0,0,3000,3000,3000,3000,0,216,-435,00,0,0,5
397.922333,0.648438,-2.527344,0.000000,-0.099998,-0.189999,0.002131,-0.028963,0.043593,1.022287,-0.003662,0.001709,0.002441,0,0,0,0,3000,3000,3000,3000,0,221,-439,00,0,0,5
397.924286,0.648438,-2.527344,0.000000,-0.099998,-0.189999,0.002134,-0.028963,0.043593,1.022287,0.000977,0.000000,0.000244,0,0,0,0,3000,3000,3000,3000,0,217,-437,00,0,0,5
397.926239,0.648438,-2.527344,0.000000,-0.099998,-0.189999,0.001932,-0.028963,0.043593,1.022287,0.002197,0.000000,0.000977,0,0,0,0,3000,3000,3000,3000,0,216,-437,00,0,0,5
397.928223,0.648438,-2.527344,0.000000,-0.099998,-0.189999,0.001799,-0.028963,0.043593,1.022287,-0.004883,-0.001465,-0.001709,0,0,0,0,3000,3000,3000,3000,0,221,-436,00,0,0,5
397.930145,0.648438,-2.527344,0.000000,-0.099998,-0.189999,0.001820,-0.028963,0.043593,1.022287,0.006836,0.002197,0.002441,0,0,0,0,3000,3000,3000,3000,0,213,-439,00,0,0,5
397.932098,0.648438,-2.527344,0.000000,-0.099998,-0.189999,0.001818,-0.028963,0.043593,1.022287,-0.007324,0.002197,-0.000244,0,0,0,0,3000,3000,3000,3000,0,223,-439,00,0,0,5
397.934052,0.648438,-2.527344,0.000000,-0.099998,-0.189999,0.001760,-0.028963,0.043593,1.022287,0.003174,0.000000,0.002441,0,0,0,0,3000,3000,3000,3000,0,215,-438,00,0,0,5
397.936005,0.648438,-2.527344,0.000000,-0.099998,-0.189999,0.002340,-0.028963,0.043593,1.022287,-0.002686,0.001709,0.000977,0,0,0,0,3000,3000,3000,3000,0,220,-439,00,0,0,5
397.937958,0.648438,-2.527344,0.000000,-0.099998,-0.189999,0.002386,-0.028963,0.043593,1.022287,-0.005371,0.000000,-0.002930,0,0,0,0,3000,3000,3000,3000,0,222,-438,00,0,0,5
397.939941,0.648438,-2.527344,0.000000,-0.099998,-0.189999,0.002573,-0.028963,0.043593,1.022287,0.005371,0.001221,0.003418,0,0,0,0,3000,3000,3000,3000,0,214,-439,00,0,0,5
397.941864,0.648438,-2.527344,0.000000,-0.099998,-0.189999,0.002731,-0.028963,0.043593,1.022287,-0.004883,0.002197,0.001465,0,0,0,0,3000,3000,3000,3000,0,221,-440,00,0,0,5
397.943817,0.648438,-2.527344,0.000000,-0.099998,-0.189999,0.002693,-0.028963,0.043593,1.022287,0.002686,0.000488,-0.000244,0,0,0,0,3000,3000,3000,3000,0,216,-438,00,0,0,5
397.945770,0.648438,-2.527344,0.000000,-0.099998,-0.189999,0.002651,-0.028963,0.043593,1.022287,-0.000488,-0.001465,0.000977,0,0,0,0,3000,3000,3000,3000,0,218,-436,00,0,0,5
397.947723,0.648438,-2.527344,0.000000,-0.099998,-0.189999,0.002598,-0.028963,0.043593,1.022287,-0.000977,0.001221,-0.001221,0,0,0,0,3000,3000,3000,3000,0,218,-439,00,0,0,5
397.949677,0.648438,-2.527344,0.000000,-0.099998,-0.189999,0.002550,-0.028963,0.043593,1.022287,0.004395,0.003662,0.001953,0,0,0,0,3000,3000,3000,3000,0,214,-441,00,0,0,5
397.951630,0.648438,-2.527344,0.000000,-0.099998,-0.189999,0.002306,-0.029024,0.043654,1.022287,-0.010010,0.002686,0.001953,0,0,0,0,3000,3000,3000,3000,0,225,-441,00,0,0,5
397.953583,0.648438,-2.527344,0.000000,-0.099998,-0.189999,0.002289,-0.029024,0.043654,1.022287,0.004883,-0.001465,-0.000244,0,0,0,0,3000,3000,3000,3000,0,215,-437,00,0,0,5
397.955536,0.648438,-2.527344,0.000000,-0.099998,-0.189999,0.002319,-0.029024,0.043654,1.022287,-0.004150,-0.000488,-0.002930,0,0,0,0,3000,3000,3000,3000,0,221,-438,00,0,0,5
397.957489,0.648438,-2.527344,0.000000,-0.099998,-0.189999,0.002422,-0.029024,0.043654,1.022287,-0.005371,0.000000,-0.000244,0,0,0,0,3000,3000,3000,3000,0,222,-438,00,0,0,5
397.959442,0.648438,-2.527344,0.000000,-0.099998,-0.189999,0.002268,-0.029024,0.043654,1.022287,0.007568,0.000488,0.002930,0,0,0,0,3000,3000,3000,3000,0,213,-438,00,0,0,5
397.961395,0.648438,-2.527344,0.000000,-0.099998,-0.189999,0.002087,-0.029024,0.043654,1.022287,-0.008545,0.004883,0.001953,0,0,0,0,3000,3000,3000,3000,0,224,-442,00,0,0,5
397.963348,0.648438,-2.527344,0.000000,-0.099998,-0.189999,0.002092,-0.029024,0.043654,1.022287,0.004395,-0.000977,-0.000732,0,0,0,0,3000,3000,3000,3000,0,215,-437,00,0,0,5
397.965302,0.648438,-2.527344,0.000000,-0.099998,-0.189999,0.002153,-0.029024,0.043654,1.022287,-0.002686,0.000488,-0.001221,0,0,0,0,3000,3000,3000,3000,0,220,-438,00,0,0,5
397.967255,0.648438,-2.527344,0.000000,-0.099998,-0.189999,0.002213,-0.029024,0.043654,1.022287,0.001709,-0.001465,0.001465,0,0,0,0,3000,3000,3000,3000,0,217,-436,00,0,0,5
397.969208,0.648438,-2.527344,0.000000,-0.099998,-0.189999,0.002523,-0.029024,0.043654,1.022287,0.003662,-0.000488,0.002441,0,0,0,0,3000,3000,3000,3000,0,215,-437,00,0,0,5
397.971161,0.648438,-2.527344,0.000000,-0.099998,-0.189999,0.002531,-0.029024,0.043654,1.022287,-0.004150,-0.000488,-0.000732,0,0,0,0,3000,3000,3000,3000,0,221,-437,00,0,0,5
397.973114,0.648438,-2.527344,0.000000,-0.099998,-0.189999,0.002287,-0.029024,0.043654,1.022287,0.006348,-0.001465,0.002441,0,0,0,0,3000,3000,3000,3000,0,213,-436,00,0,0,5
397.975067,0.648438,-2.527344,0.000000,-0.099998,-0.189999,0.002356,-0.029024,0.043654,1.022287,-0.005859,-0.001953,0.000244,0,0,0,0,3000,3000,3000,3000,0,222,-435,00,0,0,5
397.977020,0.648438,-2.527344,0.000000,-0.099998,-0.189999,0.002275,-0.029024,0.043654,1.022287,-0.002197,-0.003174,-0.004395,0,0,0,0,3000,3000,3000,3000,0,219,-433,00,0,0,5
397.978973,0.648438,-2.527344,0.000000,-0.099998,-0.189999,0.002193,-0.029024,0.043654,1.022287,0.005371,0.002686,0.001953,0,0,0,0,3000,3000,3000,3000,0,214,-439,00,0,0,5
397.980927,0.648438,-2.527344,0.000000,-0.099998,-0.189999,0.002113,-0.029024,0.043654,1.022287,-0.006348,-0.000488,0.000244,0,0,0,0,3000,3000,3000,3000,0,222,-436,00,0,0,5
397.982880,0.648438,-2.527344,0.000000,-0.099998,-0.189999,0.002024,-0.029024,0.043654,1.022287,0.005371,-0.001465,-0.002197,0,0,0,0,3000,3000,3000,3000,0,214,-435,00,0,0,5
397.984833,0.648438,-2.527344,0.000000,-0.099998,-0.189999,0.001997,-0.029024,0.043654,1.022287,-0.009521,0.003174,0.001953,0,0,0,0,3000,3000,3000,3000,0,225,-440,00,0,0,5
397.986786,0.648438,-2.527344,0.000000,-0.099998,-0.189999,0.002005,-0.029024,0.043654,1.022287,0.002686,0.001221,0.000244,0,0,0,0,3000,3000,3000,3000,0,216,-438,00,0,0,5
397.988739,0.648438,-2.527344,0.000000,-0.099998,-0.189999,0.001949,-0.029024,0.043654,1.022287,0.001709,0.002197,0.002930,0,0,0,0,3000,3000,3000,3000,0,217,-439,00,0,0,5
397.990692,0.648438,-2.527344,0.000000,-0.099998,-0.189999,0.002054,-0.029024,0.043654,1.022287,-0.004150,0.000488,-0.000244,0,0,0,0,3000,3000,3000,3000,0,221,-438,00,0,0,5
397.992645,0.648438,-2.527344,0.000000,-0.099998,-0.189999,0.002089,-0.029024,0.043654,1.022287,0.006836,0.001221,-0.000244,0,0,0,0,3000,3000,3000,3000,0,213,-439,00,0,0,5
397.994598,0.648438,-2.527344,0.000000,-0.099998,-0.189999,0.001957,-0.029024,0.043654,1.022287,-0.004150,-0.000488,0.001953,0,0,0,0,3000,3000,3000,3000,0,221,-437,00,0,0,5
397.996552,0.648438,-2.527344,0.000000,-0.099998,-0.189999,0.001844,-0.029024,0.043654,1.022287,0.000488,-0.001953,0.001465,0,0,0,0,3000,3000,3000,3000,0,217,-436,00,0,0,5
397.998505,0.648438,-2.527344,0.000000,-0.099998,-0.189999,0.001783,-0.029024,0.043654,1.022287,0.002197,0.003662,0.001953,0,0,0,0,3000,3000,3000,3000,0,216,-441,00,0,0,5
398.000458,0.648438,-2.527344,0.000000,0.009998,0.059999,0.001762,-0.029024,0.043654,1.022287,-0.004150,0.000488,-0.001221,0,0,0,0,3000,3000,3000,3000,0,221,-438,00,0,0,5
398.002411,0.648438,-2.527344,0.000000,0.009998,0.059999,0.000288,-0.029024,0.043654,1.022287,0.004395,-0.000977,0.002441,0,0,0,0,3000,3000,3000,3000,0,215,-437,00,0,0,5
398.004364,0.648438,-2.527344,0.000000,0.009998,0.059999,0.000195,-0.029024,0.043654,1.022287,-0.006836,0.000488,-0.000732,0,0,0,0,3000,3000,3000,3000,0,223,-438,00,0,0,5
398.006317,0.648438,-2.527344,0.000000,0.009998,0.059999,0.000275,-0.029023,0.043654,1.022319,0.003662,0.000488,0.002441,0,0,0,0,3000,3000,3000,3000,0,215,-438,00,0,0,5
398.008270,0.648438,-2.527344,0.000000,0.009998,0.059999,0.000269,-0.029023,0.043654,1.022319,0.001709,-0.000977,0.001953,0,0,0,0,3000,3000,3000,3000,0,217,-437,00,0,0,5
398.010223,0.648438,-2.527344,0.000000,0.009998,0.059999,0.000271,-0.029023,0.043654,1.022319,0.000000,-0.001465,-0.002930,0,0,0,0,3000,3000,3000,3000,0,218,-436,00,0,0,5
398.012177,0.648438,-2.527344,0.000000,0.009998,0.059999,0.000294,-0.029023,0.043654,1.022319,0.003662,0.000000,0.003418,0,0,0,0,3000,3000,3000,3000,0,215,-437,00,0,0,5
398.014130,0.648438,-2.527344,0.000000,0.009998,0.059999,0.000694,-0.029023,0.043654,1.022319,-0.005859,0.000488,0.001953,0,0,0,0,3000,3000,3000,3000,0,222,-438,00,0,0,5
398.016083,0.648438,-2.527344,0.000000,0.009998,0.059999,0.000681,-0.029023,0.043654,1.022319,0.004883,0.001221,-0.001221,0,0,0,0,3000,3000,3000,3000,0,214,-438,00,0,0,5
398.018036,0.648438,-2.527344,0.000000,0.009998,0.059999,0.000628,-0.029023,0.043654,1.022319,-0.001465,0.001221,0.000244,0,0,0,0,3000,3000,3000,3000,0,219,-438,00,0,0,5
398.019989,0.648438,-2.527344,0.000000,0.009998,0.059999,0.000530,-0.029023,0.043654,1.022319,-0.004883,-0.000488,-0.003418,0,0,0,0,3000,3000,3000,3000,0,221,-437,00,0,0,5
398.021942,0.648438,-2.527344,0.000000,0.009998,0.059999,0.000488,-0.029023,0.043654,1.022319,0.005371,0.001221,0.000977,0,0,0,0,3000,3000,3000,3000,0,214,-439,00,0,0,5
398.023895,0.648438,-2.527344,0.000000,0.009998,0.059999,0.000494,-0.029023,0.043654,1.022319,-0.003662,-0.000488,-0.003418,0,0,0,0,3000,3000,3000,3000,0,220,-437,00,0,0,5
398.025848,0.648438,-2.527344,0.000000,0.009998,0.059999,0.000572,-0.029023,0.043654,1.022319,0.008545,0.000488,0.001465,0,0,0,0,3000,3000,3000,3000,0,212,-438,00,0,0,5
398.027832,0.648438,-2.527344,0.000000,0.009998,0.059999,0.000591,-0.029023,0.043654,1.022319,-0.003662,0.000000,-0.000732,0,0,0,0,3000,3000,3000,3000,0,220,-437,00,0,0,5
398.029755,0.648438,-2.527344,0.000000,0.009998,0.059999,0.000566,-0.029023,0.043654,1.022319,-0.000488,-0.003662,0.001465,0,0,0,0,3000,3000,3000,3000,0,218,-434,00,0,0,5
398.031708,0.648438,-2.527344,0.000000,0.009998,0.059999,0.000643,-0.029023,0.043654,1.022319,0.003174,0.001709,0.001465,0,0,0,0,3000,3000,3000,3000,0,215,-439,00,0,0,5
398.033661,0.648438,-2.527344,0.000000,0.009998,0.059999,0.000555,-0.029023,0.043654,1.022319,-0.008057,0.001221,-0.000732,0,0,0,0,3000,3000,3000,3000,0,223,-438,00,0,0,5
398.035614,0.648438,-2.527344,0.000000,0.009998,0.059999,0.000490,-0.029023,0.043654,1.022319,0.004883,0.001221,0.002441,0,0,0,0,3000,3000,3000,3000,0,214,-438,00,0,0,5
398.037567,0.648438,-2.527344,0.000000,0.009998,0.059999,0.000492,-0.029023,0.043654,1.022319,-0.001465,0.002686,0.001465,0,0,0,0,3000,3000,3000,3000,0,219,-440,00,0,0,5
398.039520,0.648438,-2.527344,0.000000,0.009998,0.059999,0.000425,-0.029023,0.043654,1.022319,-0.001465,-0.000488,-0.002930,0,0,0,0,3000,3000,3000,3000,0,219,-437,00,0,0,5
398.041473,0.648438,-2.527344,0.000000,0.009998,0.059999,0.000521,-0.029023,0.043654,1.022319,0.003662,0.002197,0.001465,0,0,0,0,3000,3000,3000,3000,0,215,-440,00,0,0,5
398.043427,0.648438,-2.527344,0.000000,0.009998,0.059999,0.000492,-0.029023,0.043654,1.022319,-0.008057,0.000488,-0.000244,0,0,0,0,3000,3000,3000,3000,0,224,-438,00,0,0,5
398.045380,0.648438,-2.527344,0.000000,0.009998,0.059999,0.000553,-0.029023,0.043654,1.022319,0.008545,-0.000488,-0.002197,0,0,0,0,3000,3000,3000,3000,0,212,-437,00,0,0,5
398.047333,0.648438,-2.527344,0.000000,0.009998,0.059999,0.000652,-0.029023,0.043654,1.022319,-0.007324,0.003174,-0.001221,0,0,0,0,3000,3000,3000,3000,0,223,-441,00,0,0,5
398.049286,0.648438,-2.527344,0.000000,-0.089998,-0.199999,0.000675,-0.029023,0.043654,1.022319,0.003174,0.001221,-0.001221,0,0,0,0,3000,3000,3000,3000,0,216,-439,00,0,0,5
398.051239,0.648438,-2.527344,0.000000,-0.089998,-0.199999,-0.000124,-0.029023,0.043654,1.022319,0.001709,0.000488,0.001953,0,0,0,0,3000,3000,3000,3000,0,217,-439,00,0,0,5
398.053192,0.648438,-2.527344,0.000000,-0.089998,-0.199999,-0.000240,-0.029023,0.043654,1.022319,-0.000977,0.000488,-0.001221,0,0,0,0,3000,3000,3000,3000,0,219,-439,00,0,0,5
398.055145,0.648438,-2.527344,0.000000,-0.089998,-0.199999,-0.000288,-0.029023,0.043654,1.022319,0.007568,0.001709,0.001953,0,0,0,0,3000,3000,3000,3000,0,212,-440,00,0,0,5
398.057098,0.648438,-2.527344,0.000000,-0.089998,-0.199999,-0.000288,-0.029023,0.043654,1.022319,-0.009033,0.000000,-0.001221,0,0,0,0,3000,3000,3000,3000,0,224,-438,00,0,0,5
398.059052,0.648438,-2.527344,0.000000,-0.089998,-0.199999,-0.000328,-0.029023,0.043654,1.022319,-0.000977,0.000488,-0.000732,0,0,0,0,3000,3000,3000,3000,0,219,-438,00,0,0,5
398.061005,0.648438,-2.527344,0.000000,-0.089998,-0.199999,-0.000547,-0.029023,0.043654,1.022319,0.001709,0.000000,-0.000244,0,0,0,0,3000,3000,3000,3000,0,217,-438,00,0,0,5
398.062958,0.648438,-2.527344,0.000000,-0.089998,-0.199999,-0.000525,-0.029023,0.043654,1.022319,-0.005371,0.000488,-0.002197,0,0,0,0,3000,3000,3000,3000,0,222,-438,00,0,0,5
398.064911,0.648438,-2.527344,0.000000,-0.089998,-0.199999,-0.000261,-0.029023,0.043654,1.022319,0.004395,0.001221,0.002930,0,0,0,0,3000,3000,3000,3000,0,215,-439,00,0,0,5
398.066864,0.648438,-2.527344,0.000000,-0.089998,-0.199999,-0.000256,-0.029023,0.043654,1.022319,-0.007324,-0.001465,-0.000244,0,0,0,0,3000,3000,3000,3000,0,224,-436,00,0,0,5
398.068817,0.648438,-2.527344,0.000000,-0.089998,-0.199999,-0.000231,-0.029023,0.043654,1.022319,0.006348,-0.001465,-0.000244,0,0,0,0,3000,3000,3000,3000,0,214,-436,00,0,0,5
398.070770,0.648438,-2.527344,0.000000,-0.089998,-0.199999,-0.000319,-0.029023,0.043654,1.022319,-0.005371,0.003174,-0.003418,0,0,0,0,3000,3000,3000,3000,0,222,-440,00,0,0,5
398.072723,0.648438,-2.527344,0.000000,-0.089998,-0.199999,-0.000319,-0.029023,0.043654,1.022319,-0.004883,-0.001465,-0.001221,0,0,0,0,3000,3000,3000,3000,0,222,-436,00,0,0,5
398.074677,0.648438,-2.527344,0.000000,-0.089998,-0.199999,-0.000343,-0.029023,0.043654,1.022319,0.006348,0.001221,0.004150,0,0,0,0,3000,3000,3000,3000,0,214,-438,00,0,0,5
398.076630,0.648438,-2.527344,0.000000,-0.089998,-0.199999,-0.000513,-0.029023,0.043654,1.022319,-0.009033,0.001709,-0.003906,0,0,0,0,3000,3000,3000,3000,0,225,-439,00,0,0,5
398.078583,0.648438,-2.527344,0.000000,-0.089998,-0.199999,-0.000502,-0.029023,0.043654,1.022319,0.005859,0.000000,0.000977,0,0,0,0,3000,3000,3000,3000,0,215,-437,00,0,0,5
398.080536,0.648438,-2.527344,0.000000,-0.089998,-0.199999,-0.000454,-0.029023,0.043654,1.022319,-0.000977,-0.000488,0.002930,0,0,0,0,3000,3000,3000,3000,0,219,-437,00,0,0,5
398.082489,0.648438,-2.527344,0.000000,-0.089998,-0.199999,-0.000387,-0.029023,0.043654,1.022319,-0.000977,-0.000977,-0.001221,0,0,0,0,3000,3000,3000,3000,0,219,-436,00,0,0,5
398.084442,0.648438,-2.527344,0.000000,-0.089998,-0.199999,-0.000280,-0.029023,0.043654,1.022319,0.004883,0.001221,-0.002930,0,0,0,0,3000,3000,3000,3000,0,215,-438,00,0,0,5
398.086395,0.648438,-2.527344,0.000000,-0.089998,-0.199999,-0.000317,-0.029023,0.043654,1.022319,-0.005371,0.001709,-0.003418,0,0,0,0,3000,3000,3000,3000,0,222,-439,00,0,0,5
398.088348,0.648438,-2.527344,0.000000,-0.089998,-0.199999,-0.000256,-0.029023,0.043654,1.022319,0.005371,0.001221,0.000977,0,0,0,0,3000,3000,3000,3000,0,214,-439,00,0,0,5
398.090302,0.648438,-2.527344,0.000000,-0.089998,-0.199999,-0.000216,-0.029023,0.043654,1.022319,-0.007324,0.000000,0.000244,0,0,0,0,3000,3000,3000,3000,0,223,-437,00,0,0,5
398.092255,0.648438,-2.527344,0.000000,-0.089998,-0.199999,0.001789,-0.029023,0.043654,1.022319,0.001709,0.003174,0.000977,0,0,0,0,3000,3000,3000,3000,0,217,-441,00,0,0,5
398.094208,0.648438,-2.527344,0.000000,-0.089998,-0.199999,0.002028,-0.029023,0.043654,1.022319,0.005371,0.001709,0.001953,0,0,0,0,3000,3000,3000,3000,0,214,-439,00,0,0,5
398.096161,0.648438,-2.527344,0.000000,-0.089998,-0.199999,0.002089,-0.029023,0.043654,1.022319,-0.009521,-0.002686,-0.001709,0,0,0,0,3000,3000,3000,3000,0,225,-435,00,0,0,5
398.098114,0.648438,-2.527344,0.000000,-0.089998,-0.199999,0.002211,-0.029023,0.043654,1.022319,0.005859,-0.001953,-0.001709,0,0,0,0,3000,3000,3000,3000,0,214,-436,00,0,0,5
398.100067,0.648438,-2.527344,0.000000,-0.089998,-0.199999,0.002254,-0.029023,0.043654,1.022319,-0.004883,-0.000977,-0.002930,0,0,0,0,3000,3000,3000,3000,0,222,-436,00,0,0,5
398.102020,0.648438,-2.527344,0.000000,-0.089998,-0.199999,0.002110,-0.029023,0.043654,1.022319,-0.002686,-0.000488,-0.001709,0,0,0,0,3000,3000,3000,3000,0,220,-436,00,0,0,5
398.104004,0.648438,-2.527344,0.000000,-0.089998,-0.199999,0.002157,-0.029023,0.043654,1.022319,0.002686,0.000000,0.002441,0,0,0,0,3000,3000,3000,3000,0,216,-437,00,0,0,5
398.105927,0.648438,-2.527344,0.000000,-0.089998,-0.199999,0.002163,-0.029084,0.043654,1.022319,-0.005371,0.000000,-0.002930,0,0,0,0,3000,3000,3000,3000,0,223,-437,00,0,0,5
398.107880,0.648438,-2.527344,0.000000,-0.089998,-0.199999,0.002266,-0.029084,0.043654,1.022319,0.008545,0.000000,-0.000732,0,0,0,0,3000,3000,3000,3000,0,213,-437,00,0,0,5
398.109833,0.648438,-2.527344,0.000000,-0.089998,-0.199999,0.002195,-0.029084,0.043654,1.022319,-0.010010,0.002686,-0.001221,0,0,0,0,3000,3000,3000,3000,0,226,-440,00,0,0,5
398.111786,0.648438,-2.527344,0.000000,-0.089998,-0.199999,0.002155,-0.029084,0.043654,1.022319,-0.002197,0.001221,-0.000244,0,0,0,0,3000,3000,3000,3000,0,220,-439,00,0,0,5
398.113739,0.648438,-2.527344,0.000000,-0.089998,-0.199999,0.002218,-0.029084,0.043654,1.022319,0.004395,-0.001953,0.002441,0,0,0,0,3000,3000,3000,3000,0,216,-436,00,0,0,5
398.115692,0.648438,-2.527344,0.000000,-0.089998,-0.199999,0.002350,-0.029084,0.043654,1.022319,-0.007324,0.000000,-0.000732,0,0,0,0,3000,3000,3000,3000,0,224,-437,00,0,0,5
398.117645,0.648438,-2.527344,0.000000,-0.089998,-0.199999,0.002337,-0.029084,0.043654,1.022319,0.005859,-0.000977,0.000244,0,0,0,0,3000,3000,3000,3000,0,215,-436,00,0,0,5
398.119598,0.648438,-2.527344,0.000000,-0.089998,-0.199999,0.002302,-0.029084,0.043654,1.022319,-0.004150,-0.002686,-0.000244,0,0,0,0,3000,3000,3000,3000,0,222,-435,00,0,0,5
398.121552,0.648438,-2.527344,0.000000,-0.089998,-0.199999,0.002333,-0.029084,0.043654,1.022319,-0.000977,0.001221,-0.000244,0,0,0,0,3000,3000,3000,3000,0,219,-438,00,0,0,5
398.123505,0.648438,-2.527344,0.000000,-0.089998,-0.199999,0.002405,-0.029084,0.043654,1.022319,-0.002197,0.002686,0.001953,0,0,0,0,3000,3000,3000,3000,0,220,-440,00,0,0,5
398.125458,0.648438,-2.527344,0.000000,-0.089998,-0.199999,0.002567,-0.029084,0.043654,1.022319,-0.003662,-0.001465,-0.003418,0,0,0,0,3000,3000,3000,3000,0,221,-436,00,0,0,5
398.127411,0.648438,-2.527344,0.000000,-0.089998,-0.199999,0.002676,-0.029084,0.043654,1.022319,0.008545,0.000000,0.002441,0,0,0,0,3000,3000,3000,3000,0,213,-437,00,0,0,5
398.129364,0.648438,-2.527344,0.000000,-0.089998,-0.199999,0.002531,-0.029084,0.043654,1.022319,-0.005859,0.000000,0.000977,0,0,0,0,3000,3000,3000,3000,0,223,-437,00,0,0,5
398.131317,0.648438,-2.527344,0.000000,-0.089998,-0.199999,0.002636,-0.029084,0.043654,1.022319,0.006836,0.000488,-0.001221,0,0,0,0,3000,3000,3000,3000,0,213,-438,00,0,0,5
398.133270,0.648438,-2.527344,0.000000,-0.089998,-0.199999,0.002670,-0.029084,0.043654,1.022319,0.000000,-0.000488,-0.002930,0,0,0,0,3000,3000,3000,3000,0,218,-437,00,0,0,5
398.135223,0.648438,-2.527344,0.000000,-0.089998,-0.199999,0.002680,-0.029084,0.043654,1.022319,-0.003174,-0.001465,0.001953,0,0,0,0,3000,3000,3000,3000,0,220,-436,00,0,0,5
398.137177,0.648438,-2.527344,0.000000,-0.089998,-0.199999,0.002571,-0.029084,0.043654,1.022319,0.006836,-0.003662,-0.001709,0,0,0,0,3000,3000,3000,3000,0,213,-434,00,0,0,5
398.139130,0.648438,-2.527344,0.000000,-0.089998,-0.199999,0.002691,-0.029084,0.043654,1.022319,-0.006836,0.000488,-0.001709,0,0,0,0,3000,3000,3000,3000,0,222,-437,00,0,0,5
398.141083,0.648438,-2.527344,0.000000,-0.089998,-0.199999,0.002636,-0.029085,0.043654,1.022287,0.004883,-0.000488,-0.000244,0,0,0,0,3000,3000,3000,3000,0,214,-436,00,0,0,5
398.143036,0.648438,-2.527344,0.000000,-0.089998,-0.199999,0.002514,-0.029085,0.043654,1.022287,-0.000488,-0.000488,-0.001709,0,0,0,0,3000,3000,3000,3000,0,218,-437,00,0,0,5
398.144989,0.648438,-2.527344,0.000000,-0.089998,-0.199999,0.002424,-0.029085,0.043654,1.022287,-0.000977,0.000488,-0.001709,0,0,0,0,3000,3000,3000,3000,0,218,-438,00,0,0,5
398.146942,0.648438,-2.527344,0.000000,-0.089998,-0.199999,0.002357,-0.029085,0.043654,1.022287,0.008057,0.000000,-0.000732,0,0,0,0,3000,3000,3000,3000,0,212,-437,00,0,0,5
398.149872,0.648438,-2.527344,0.000000,0.000000,0.000000,0.002218,-0.029085,0.043654,1.022287,-0.011230,-0.000977,-0.000244,0,0,0,0,3000,3000,3000,3000,0,225,-436,00,0,0,5
398.150848,0.648438,-2.527344,0.000000,0.000000,0.000000,0.000872,-0.029085,0.043654,1.022287,0.006836,0.003662,-0.000244,0,0,0,0,3000,3000,3000,3000,0,213,-441,00,0,0,5
398.152802,0.648438,-2.527344,0.000000,0.000000,0.000000,0.000891,-0.029085,0.043654,1.022287,-0.004883,0.002686,-0.000244,0,0,0,0,3000,3000,3000,3000,0,221,-440,00,0,0,5
398.154755,0.648438,-2.527344,0.000000,0.000000,0.000000,0.000904,-0.029085,0.043654,1.022287,-0.000488,-0.001953,0.000244,0,0,0,0,3000,3000,3000,3000,0,218,-436,00,0,0,5
398.156708,0.648438,-2.527344,0.000000,0.000000,0.000000,0.000837,-0.029085,0.043654,1.022287,0.003174,0.002197,0.002441,0,0,0,0,3000,3000,3000,3000,0,216,-440,00,0,0,5
398.158661,0.648438,-2.527344,0.000000,0.000000,0.000000,0.000849,-0.029085,0.043654,1.022287,-0.008057,0.001221,-0.003418,0,0,0,0,3000,3000,3000,3000,0,224,-439,00,0,0,5
398.160614,0.648438,-2.527344,0.000000,0.000000,0.000000,0.000832,-0.029085,0.043654,1.022287,0.005859,-0.000488,0.003418,0,0,0,0,3000,3000,3000,3000,0,214,-438,00,0,0,5
398.162567,0.648438,-2.527344,0.000000,0.000000,0.000000,0.000990,-0.029085,0.043654,1.022287,-0.006348,0.001221,-0.000244,0,0,0,0,3000,3000,3000,3000,0,223,-440,00,0,0,5
398.164520,0.648438,-2.527344,0.000000,0.000000,0.000000,0.000856,-0.029085,0.043654,1.022287,0.000977,-0.000488,-0.002930,0,0,0,0,3000,3000,3000,3000,0,218,-438,00,0,0,5
398.166473,0.648438,-2.527344,0.000000,0.000000,0.000000,0.000954,-0.028975,0.043687,1.022303,0.000488,0.002686,0.003662,0,0,0,0,3000,3000,3000,3000,0,218,-441,00,0,0,5
398.168427,0.648438,-2.527344,0.000000,0.000000,0.000000,0.000895,-0.029085,0.043654,1.022287,-0.004150,0.000488,-0.004395,0,0,0,0,3000,3000,3000,3000,0,222,-439,00,0,0,5
398.170380,0.648438,-2.527344,0.000000,0.000000,0.000000,-0.001389,-0.029085,0.043654,1.022287,0.009033,0.001709,0.000977,0,0,0,0,3000,3000,3000,3000,0,212,-440,00,0,0,5
398.172333,0.648438,-2.527344,0.000000,0.000000,0.000000,-0.001274,-0.029085,0.043654,1.022287,-0.004883,0.000000,-0.000732,0,0,0,0,3000,3000,3000,3000,0,222,-439,00,0,0,5
398.174286,0.648438,-2.527344,0.000000,0.000000,0.000000,-0.001335,-0.029085,0.043654,1.022287,-0.002686,-0.001465,-0.000244,0,0,0,0,3000,3000,3000,3000,0,220,-437,00,0,0,5
398.176239,0.648438,-2.527344,0.000000,0.000000,0.000000,-0.001307,-0.029085,0.043654,1.022287,0.004883,0.002197,0.002441,0,0,0,0,3000,3000,3000,3000,0,215,-440,00,0,0,5
398.178192,0.648438,-2.527344,0.000000,0.000000,0.000000,-0.001307,-0.029085,0.043654,1.022287,-0.006348,-0.000977,-0.000732,0,0,0,0,3000,3000,3000,3000,0,223,-437,00,0,0,5
398.180145,0.648438,-2.527344,0.000000,0.000000,0.000000,-0.001324,-0.029085,0.043654,1.022287,0.006348,-0.002686,0.001465,0,0,0,0,3000,3000,3000,3000,0,214,-436,00,0,0,5
398.182098,0.648438,-2.527344,0.000000,0.000000,0.000000,-0.001400,-0.029085,0.043654,1.022287,-0.005371,-0.000488,-0.001221,0,0,0,0,3000,3000,3000,3000,0,222,-437,00,0,0,5
398.184052,0.648438,-2.527344,0.000000,0.000000,0.000000,-0.001265,-0.029085,0.043654,1.022287,0.006348,-0.001465,0.002441,0,0,0,0,3000,3000,3000,3000,0,214,-436,00,0,0,5
398.186005,0.648438,-2.527344,0.000000,0.000000,0.000000,-0.001163,-0.029085,0.043654,1.022287,-0.004883,-0.003174,-0.001221,0,0,0,0,3000,3000,3000,3000,0,222,-434,00,0,0,5
398.187958,0.648438,-2.527344,0.000000,0.000000,0.000000,-0.001139,-0.029085,0.043654,1.022287,-0.003662,-0.000977,-0.001221,0,0,0,0,3000,3000,3000,3000,0,221,-436,00,0,0,5
398.189911,0.648438,-2.527344,0.000000,0.000000,0.000000,-0.001112,-0.029085,0.043654,1.022287,0.004883,0.001221,0.002930,0,0,0,0,3000,3000,3000,3000,0,215,-438,00,0,0,5
398.191864,0.648438,-2.527344,0.000000,0.000000,0.000000,-0.001135,-0.029085,0.043654,1.022287,-0.005859,0.000488,-0.002197,0,0,0,0,3000,3000,3000,3000,0,223,-437,00,0,0,5
398.193817,0.648438,-2.527344,0.000000,0.000000,0.000000,-0.001118,-0.029085,0.043654,1.022287,0.003174,0.001221,0.000244,0,0,0,0,3000,3000,3000,3000,0,216,-438,00,0,0,5
398.195770,0.648438,-2.527344,0.000000,0.000000,0.000000,-0.001259,-0.029085,0.043654,1.022287,-0.000488,0.000488,0.002441,0,0,0,0,3000,3000,3000,3000,0,219,-438,00,0,0,5
398.197723,0.648438,-2.527344,0.000000,0.000000,0.000000,-0.001133,-0.029085,0.043654,1.022287,-0.003174,0.001221,-0.002197,0,0,0,0,3000,3000,3000,3000,0,221,-439,00,0,0,5
398.199677,0.648438,-2.527344,0.000000,0.000000,0.000000,-0.001135,-0.029085,0.043654,1.022287,0.003662,0.000000,0.003418,0,0,0,0,3000,3000,3000,3000,0,216,-438,00,0,0,5
398.201630,0.648438,-2.527344,0.000000,0.000000,0.000000,-0.001308,-0.029085,0.043654,1.022287,-0.008057,-0.001953,-0.001709,0,0,0,0,3000,3000,3000,3000,0,224,-436,00,0,0,5
398.203583,0.648438,-2.527344,0.000000,0.000000,0.000000,-0.001266,-0.029085,0.043654,1.022287,0.007568,-0.003174,-0.001221,0,0,0,0,3000,3000,3000,3000,0,213,-434,00,0,0,5
398.205536,0.648438,-2.527344,0.000000,0.000000,0.000000,-0.001406,-0.029085,0.043654,1.022287,-0.003174,-0.000977,0.003418,0,0,0,0,3000,3000,3000,3000,0,221,-436,00,0,0,5
398.207489,0.648438,-2.527344,0.000000,0.000000,0.000000,-0.001419,-0.029085,0.043654,1.022287,0.000977,-0.001953,0.000244,0,0,0,0,3000,3000,3000,3000,0,218,-435,00,0,0,5
398.209442,0.648438,-2.527344,0.000000,0.000000,0.000000,-0.001341,-0.029085,0.043654,1.022287,0.003174,0.002686,0.002930,0,0,0,0,3000,3000,3000,3000,0,216,-439,00,0,0,5
398.211395,0.648438,-2.527344,0.000000,0.000000,0.000000,-0.001280,-0.029085,0.043654,1.022287,-0.008057,0.000488,-0.000732,0,0,0,0,3000,3000,3000,3000,0,224,-438,00,0,0,5
398.213348,0.648438,-2.527344,0.000000,0.000000,0.000000,-0.001095,-0.029085,0.043654,1.022287,0.005859,-0.001953,0.002441,0,0,0,0,3000,3000,3000,3000,0,214,-436,00,0,0,5
398.215302,0.648438,-2.527344,0.000000,0.000000,0.000000,-0.001202,-0.028975,0.043687,1.022303,-0.003174,0.002197,-0.003906,0,0,0,0,3000,3000,3000,3000,0,221,-439,00,0,0,5
398.217255,0.648438,-2.527344,0.000000,0.000000,0.000000,-0.001143,-0.029085,0.043654,1.022287,-0.000977,0.001221,-0.002197,0,0,0,0,3000,3000,3000,3000,0,219,-439,00,0,0,5
398.219208,0.648438,-2.527344,0.000000,0.000000,0.000000,-0.001078,-0.029085,0.043654,1.022287,0.002686,0.000488,0.001465,0,0,0,0,3000,3000,3000,3000,0,217,-438,00,0,0,5
398.221161,0.648438,-2.527344,0.000000,0.000000,0.000000,-0.001137,-0.029085,0.043654,1.022287,-0.007324,-0.000977,-0.000244,0,0,0,0,3000,3000,3000,3000,0,224,-437,00,0,0,5
398.223114,0.648438,-2.527344,0.000000,0.000000,0.000000,-0.001060,-0.029085,0.043654,1.022287,0.004395,0.000000,0.002441,0,0,0,0,3000,3000,3000,3000,0,216,-438,00,0,0,5
398.225067,0.648438,-2.527344,0.000000,0.000000,0.000000,-0.001097,-0.029085,0.043654,1.022287,-0.006348,0.001221,-0.001709,0,0,0,0,3000,3000,3000,3000,0,223,-439,00,0,0,5
398.227020,0.648438,-2.527344,0.000000,0.000000,0.000000,-0.001053,-0.029085,0.043654,1.022287,0.003174,-0.001465,0.000977,0,0,0,0,3000,3000,3000,3000,0,217,-437,00,0,0,5
398.228973,0.648438,-2.527344,0.000000,0.000000,0.000000,-0.000795,-0.029085,0.043654,1.022287,0.004395,0.001709,0.000977,0,0,0,0,3000,3000,3000,3000,0,215,-440,00,0,0,5
398.230927,0.648438,-2.527344,0.000000,0.000000,0.000000,-0.000824,-0.029085,0.043654,1.022287,-0.005859,-0.000488,0.001953,0,0,0,0,3000,3000,3000,3000,0,222,-438,00,0,0,5
398.232880,0.648438,-2.527344,0.000000,0.000000,0.000000,-0.000677,-0.029085,0.043654,1.022287,0.011230,-0.001953,0.001465,0,0,0,0,3000,3000,3000,3000,0,210,-436,00,0,0,5
398.234833,0.648438,-2.527344,0.000000,0.000000,0.000000,-0.000711,-0.029085,0.043654,1.022287,-0.004150,-0.000977,0.000977,0,0,0,0,3000,3000,3000,3000,0,221,-437,00,0,0,5
398.236786,0.648438,-2.527344,0.000000,0.000000,0.000000,-0.000734,-0.029085,0.043654,1.022287,-0.001465,0.001221,0.000977,0,0,0,0,3000,3000,3000,3000,0,219,-439,00,0,0,5
398.238739,0.648438,-2.527344,0.000000,0.000000,0.000000,-0.000834,-0.029085,0.043654,1.022287,0.003174,0.002197,0.000244,0,0,0,0,3000,3000,3000,3000,0,216,-440,00,0,0,5
398.240692,0.648438,-2.527344,0.000000,0.000000,0.000000,-0.000956,-0.029085,0.043654,1.022287,-0.003174,-0.000488,0.000244,0,0,0,0,3000,3000,3000,3000,0,220,-438,00,0,0,5
398.242645,0.648438,-2.527344,0.000000,0.000000,0.000000,-0.001038,-0.029085,0.043654,1.022287,0.005371,0.000000,0.002441,0,0,0,0,3000,3000,3000,3000,0,214,-438,00,0,0,5
398.244598,0.648438,-2.527344,0.000000,0.000000,0.000000,-0.001099,-0.029085,0.043654,1.022287,-0.005371,0.002197,0.002441,0,0,0,0,3000,3000,3000,3000,0,222,-440,00,0,0,5
398.246552,0.648438,-2.527344,0.000000,0.000000,0.000000,-0.001190,-0.029085,0.043654,1.022287,0.003662,-0.000977,0.000244,0,0,0,0,3000,3000,3000,3000,0,215,-437,00,0,0,5
398.248505,0.648438,-2.527344,0.000000,0.000000,0.000000,-0.001688,-0.029085,0.043654,1.022287,-0.002686,-0.000977,0.000244,0,0,0,0,3000,3000,3000,3000,0,220,-437,00,0,0,5
398.250458,0.648438,-2.527344,0.000000,0.000000,0.000000,-0.001604,-0.029085,0.043654,1.022287,-0.006836,0.000000,-0.002930,0,0,0,0,3000,3000,3000,3000,0,223,-438,00,0,0,5
398.252411,0.648438,-2.527344,0.000000,0.000000,0.000000,-0.001488,-0.029085,0.043654,1.022287,0.008057,0.000488,0.003662,0,0,0,0,3000,3000,3000,3000,0,213,-438,00,0,0,5
398.254364,0.648438,-2.527344,0.000000,0.000000,0.000000,-0.001402,-0.029085,0.043654,1.022287,-0.008057,-0.001465,-0.000732,0,0,0,0,3000,3000,3000,3000,0,224,-436,00,0,0,5
398.256317,0.648438,-2.527344,0.000000,0.000000,0.000000,-0.001362,-0.029085,0.043654,1.022287,0.004883,0.000488,0.001465,0,0,0,0,3000,3000,3000,3000,0,215,-438,00,0,0,5
398.258270,0.648438,-2.527344,0.000000,0.059999,0.119999,-0.000648,-0.029085,0.043654,1.022287,-0.001465,-0.000977,0.000244,0,0,0,0,3000,3000,3000,3000,0,220,-437,00,0,0,5
398.260223,0.648438,-2.527344,0.000000,0.059999,0.119999,-0.000486,-0.029085,0.043654,1.022287,-0.003662,-0.000977,-0.002197,0,0,0,0,3000,3000,3000,3000,0,221,-437,00,0,0,5
398.262177,0.648438,-2.527344,0.000000,0.059999,0.119999,-0.000353,-0.029085,0.043654,1.022287,0.005371,0.001221,0.001953,0,0,0,0,3000,3000,3000,3000,0,215,-439,00,0,0,5
398.264130,0.648438,-2.527344,0.000000,0.059999,0.119999,-0.000296,-0.029085,0.043654,1.022287,-0.006348,0.000488,-0.002930,0,0,0,0,3000,3000,3000,3000,0,223,-438,00,0,0,5
398.266083,0.648438,-2.527344,0.000000,0.059999,0.119999,-0.000336,-0.029085,0.043654,1.022287,0.004395,0.000488,0.000977,0,0,0,0,3000,3000,3000,3000,0,215,-438,00,0,0,5
398.268036,0.648438,-2.527344,0.000000,0.059999,0.119999,-0.000305,-0.029085,0.043654,1.022287,0.000488,-0.003174,0.002441,0,0,0,0,3000,3000,3000,3000,0,218,-435,00,0,0,5
398.269989,0.648438,-2.527344,0.000000,0.059999,0.119999,-0.000305,-0.029085,0.043654,1.022287,-0.002686,-0.002686,-0.001221,0,0,0,0,3000,3000,3000,3000,0,220,-435,00,0,0,5
398.271942,0.648438,-2.527344,0.000000,0.059999,0.119999,-0.000275,-0.029085,0.043654,1.022287,0.007568,0.000000,0.000977,0,0,0,0,3000,3000,3000,3000,0,213,-437,00,0,0,5
398.273895,0.648438,-2.527344,0.000000,0.059999,0.119999,-0.000210,-0.029085,0.043654,1.022287,-0.005859,0.003174,0.001953,0,0,0,0,3000,3000,3000,3000,0,222,-440,00,0,0,5
398.275848,0.648438,-2.527344,0.000000,0.059999,0.119999,-0.000378,-0.029085,0.043654,1.022287,0.005859,-0.001953,0.000977,0,0,0,0,3000,3000,3000,3000,0,214,-436,00,0,0,5
398.277802,0.648438,-2.527344,0.000000,0.059999,0.119999,-0.000473,-0.029085,0.043654,1.022287,-0.005371,0.001221,-0.001709,0,0,0,0,3000,3000,3000,3000,0,222,-439,00,0,0,5
398.279785,0.648438,-2.527344,0.000000,0.059999,0.119999,-0.000681,-0.029085,0.043654,1.022287,-0.003662,-0.000488,-0.002197,0,0,0,0,3000,3000,3000,3000,0,221,-437,00,0,0,5
398.281708,0.648438,-2.527344,0.000000,0.059999,0.119999,-0.000713,-0.029085,0.043654,1.022287,0.003662,-0.000977,0.001465,0,0,0,0,3000,3000,3000,3000,0,216,-437,00,0,0,5
398.283661,0.648438,-2.527344,0.000000,0.059999,0.119999,-0.000643,-0.029085,0.043654,1.022287,-0.005371,0.000000,-0.004395,0,0,0,0,3000,3000,3000,3000,0,222,-438,00,0,0,5
398.285645,0.648438,-2.527344,0.000000,0.059999,0.119999,-0.000540,-0.029085,0.043654,1.022287,0.006348,-0.000488,0.002441,0,0,0,0,3000,3000,3000,3000,0,214,-437,00,0,0,5
398.287567,0.648438,-2.527344,0.000000,0.059999,0.119999,-0.000610,-0.029085,0.043654,1.022287,-0.002197,0.000488,-0.000244,0,0,0,0,3000,3000,3000,3000,0,220,-438,00,0,0,5
398.289520,0.648438,-2.527344,0.000000,0.059999,0.119999,-0.000483,-0.029085,0.043654,1.022287,0.000488,0.000488,-0.001709,0,0,0,0,3000,3000,3000,3000,0,218,-438,00,0,0,5
398.291473,0.648438,-2.527344,0.000000,0.059999,0.119999,-0.000580,-0.029085,0.043654,1.022287,0.004395,-0.003174,0.002441,0,0,0,0,3000,3000,3000,3000,0,215,-435,00,0,0,5
398.293427,0.648438,-2.527344,0.000000,0.059999,0.119999,-0.000738,-0.029085,0.043654,1.022287,-0.004883,-0.002686,-0.000732,0,0,0,0,3000,3000,3000,3000,0,222,-435,00,0,0,5
398.295380,0.648438,-2.527344,0.000000,0.059999,0.119999,-0.000647,-0.029085,0.043654,1.022287,0.008057,0.000000,0.000244,0,0,0,0,3000,3000,3000,3000,0,212,-437,00,0,0,5
398.297333,0.648438,-2.527344,0.000000,0.059999,0.119999,-0.000761,-0.029085,0.043654,1.022287,-0.004883,-0.000488,-0.001709,0,0,0,0,3000,3000,3000,3000,0,221,-437,00,0,0,5
398.299316,0.648438,-2.527344,0.000000,0.059999,0.119999,-0.000946,-0.029085,0.043654,1.022287,0.002197,0.002197,0.001465,0,0,0,0,3000,3000,3000,3000,0,216,-439,00,0,0,5
398.301239,0.648438,-2.527344,0.000000,0.059999,0.119999,-0.000948,-0.029085,0.043654,1.022287,-0.000977,0.001221,-0.001221,0,0,0,0,3000,3000,3000,3000,0,219,-439,00,0,0,5
398.303192,0.648438,-2.527344,0.000000,0.059999,0.119999,-0.000950,-0.029085,0.043654,1.022287,-0.004883,0.001221,0.001953,0,0,0,0,3000,3000,3000,3000,0,222,-439,00,0,0,5
398.305145,0.648438,-2.527344,0.000000,0.059999,0.119999,-0.000887,-0.029085,0.043654,1.022287,0.007568,0.001709,0.001953,0,0,0,0,3000,3000,3000,3000,0,213,-440,00,0,0,5
398.307098,0.648438,-2.527344,0.000000,0.059999,0.119999,-0.000824,-0.029085,0.043654,1.022287,-0.006348,0.002686,0.001465,0,0,0,0,3000,3000,3000,3000,0,223,-441,00,0,0,5
398.309052,0.648438,-2.527344,0.000000,0.059999,0.119999,-0.000725,-0.029085,0.043654,1.022287,-0.000488,0.000000,0.002441,0,0,0,0,3000,3000,3000,3000,0,219,-439,00,0,0,5
398.311005,0.648438,-2.527344,0.000000,0.059999,0.119999,-0.000664,-0.029085,0.043654,1.022287,0.000977,-0.000977,-0.001709,0,0,0,0,3000,3000,3000,3000,0,218,-438,00,0,0,5
398.312958,0.648438,-2.527344,0.000000,0.059999,0.119999,-0.000603,-0.029085,0.043654,1.022287,-0.004883,0.001709,-0.000244,0,0,0,0,3000,3000,3000,3000,0,222,-440,00,0,0,5
398.314911,0.648438,-2.527344,0.000000,0.059999,0.119999,-0.000467,-0.029085,0.043654,1.022287,0.003662,-0.001465,0.000244,0,0,0,0,3000,3000,3000,3000,0,216,-437,00,0,0,5
398.316864,0.648438,-2.527344,0.000000,0.059999,0.119999,-0.000679,-0.029085,0.043654,1.022287,-0.006348,-0.000977,-0.001709,0,0,0,0,3000,3000,3000,3000,0,223,-437,00,0,0,5
398.318817,0.648438,-2.527344,0.000000,0.059999,0.119999,-0.000776,-0.029085,0.043654,1.022287,0.003662,0.000000,-0.000244,0,0,0,0,3000,3000,3000,3000,0,216,-438,00,0,0,5
398.320770,0.648438,-2.527344,0.000000,0.059999,0.119999,-0.000731,-0.029085,0.043654,1.022287,0.000000,0.000488,0.001953,0,0,0,0,3000,3000,3000,3000,0,219,-438,00,0,0,5
398.322723,0.648438,-2.527344,0.000000,0.059999,0.119999,-0.000751,-0.029085,0.043654,1.022287,-0.004883,0.000488,0.000977,0,0,0,0,3000,3000,3000,3000,0,222,-439,00,0,0,5
398.324677,0.648438,-2.527344,0.000000,0.059999,0.119999,-0.000601,-0.029085,0.043654,1.022287,0.004395,-0.000977,0.002930,0,0,0,0,3000,3000,3000,3000,0,216,-437,00,0,0,5
398.326630,0.648438,-2.527344,0.000000,0.059999,0.119999,-0.000053,-0.029085,0.043654,1.022287,-0.009521,-0.000977,-0.004395,0,0,0,0,3000,3000,3000,3000,0,226,-437,00,0,0,5
398.328583,0.648438,-2.527344,0.000000,0.059999,0.119999,-0.000124,-0.029085,0.043654,1.022287,0.003662,0.001709,-0.001221,0,0,0,0,3000,3000,3000,3000,0,217,-439,00,0,0,5
398.330536,0.648438,-2.527344,0.000000,0.059999,0.119999,-0.000162,-0.029085,0.043654,1.022287,-0.004883,-0.000488,-0.000732,0,0,0,0,3000,3000,3000,3000,0,223,-437,00,0,0,5
398.332489,0.648438,-2.527344,0.000000,0.059999,0.119999,-0.000160,-0.029085,0.043654,1.022287,-0.004883,-0.004150,-0.000732,0,0,0,0,3000,3000,3000,3000,0,223,-434,00,0,0,5
398.334442,0.648438,-2.527344,0.000000,0.059999,0.119999,-0.000175,-0.029085,0.043654,1.022287,0.005371,0.000000,-0.001221,0,0,0,0,3000,3000,3000,3000,0,216,-437,00,0,0,5
398.336395,0.648438,-2.527344,0.000000,0.059999,0.119999,-0.000055,-0.029085,0.043654,1.022287,-0.009521,-0.001465,-0.000732,0,0,0,0,3000,3000,3000,3000,0,226,-436,00,0,0,5
398.338348,0.648438,-2.527344,0.000000,0.059999,0.119999,-0.000261,-0.029085,0.043654,1.022287,0.006348,0.001221,0.003662,0,0,0,0,3000,3000,3000,3000,0,215,-438,00,0,0,5
398.340302,0.648438,-2.527344,0.000000,0.059999,0.119999,-0.000256,-0.029085,0.043654,1.022287,-0.000488,0.000488,0.000244,0,0,0,0,3000,3000,3000,3000,0,219,-438,00,0,0,5
398.342255,0.648438,-2.527344,0.000000,0.059999,0.119999,-0.000210,-0.029085,0.043654,1.022287,0.000977,-0.001465,0.000244,0,0,0,0,3000,3000,3000,3000,0,218,-436,00,0,0,5
398.344208,0.648438,-2.527344,0.000000,0.059999,0.119999,-0.000196,-0.029085,0.043654,1.022287,0.005859,0.001221,0.002930,0,0,0,0,3000,3000,3000,3000,0,214,-439,00,0,0,5
398.346161,0.648438,-2.527344,0.000000,0.059999,0.119999,-0.000177,-0.029085,0.043654,1.022287,-0.006348,0.001221,0.000977,0,0,0,0,3000,3000,3000,3000,0,223,-439,00,0,0,5
398.348114,0.648438,-2.527344,0.000000,0.059999,0.119999,-0.000191,-0.029085,0.043654,1.022287,0.004883,-0.000977,0.000244,0,0,0,0,3000,3000,3000,3000,0,215,-437,00,0,0,5
398.350067,0.648438,-2.527344,0.000000,0.059999,0.119999,-0.000206,-0.029085,0.043654,1.022287,0.001709,0.001221,0.001465,0,0,0,0,3000,3000,3000,3000,0,217,-439,00,0,0,5
398.352020,0.648438,-2.527344,0.000000,0.059999,0.119999,-0.000208,-0.029085,0.043654,1.022287,-0.004150,-0.001465,0.000977,0,0,0,0,3000,3000,3000,3000,0,221,-436,00,0,0,5
398.354034,0.648438,-2.527344,0.000000,0.059999,0.119999,-0.000338,-0.029085,0.043654,1.022287,0.005371,0.002686,-0.003418,0,0,0,0,3000,3000,3000,3000,0,214,-440,00,0,0,5
398.355927,0.648438,-2.527344,0.000000,0.059999,0.119999,-0.000477,-0.029085,0.043654,1.022287,-0.007324,-0.000488,-0.000732,0,0,0,0,3000,3000,3000,3000,0,223,-437,00,0,0,5
398.357880,0.648438,-2.527344,0.000000,0.059999,0.119999,-0.000298,-0.029085,0.043654,1.022287,0.007568,0.000000,0.000244,0,0,0,0,3000,3000,3000,3000,0,213,-438,00,0,0,5
398.359833,0.648438,-2.527344,0.000000,-0.089998,-0.179998,-0.000008,-0.029085,0.043654,1.022287,-0.007324,0.002197,0.001953,0,0,0,0,3000,3000,3000,3000,0,223,-440,00,0,0,5
398.361786,0.648438,-2.527344,0.000000,-0.089998,-0.179998,0.000031,-0.029085,0.043654,1.022287,0.000977,0.000488,0.001953,0,0,0,0,3000,3000,3000,3000,0,217,-439,00,0,0,5
398.363739,0.648438,-2.527344,0.000000,-0.089998,-0.179998,0.000036,-0.029085,0.043654,1.022287,0.002686,-0.000488,0.001953,0,0,0,0,3000,3000,3000,3000,0,216,-438,00,0,0,5
398.365692,0.648438,-2.527344,0.000000,-0.089998,-0.179998,-0.000082,-0.029085,0.043654,1.022287,-0.002686,-0.001953,-0.000732,0,0,0,0,3000,3000,3000,3000,0,220,-436,00,0,0,5
398.367645,0.648438,-2.527344,0.000000,-0.089998,-0.179998,-0.000132,-0.029085,0.043654,1.022287,0.007568,-0.001953,0.002441,0,0,0,0,3000,3000,3000,3000,0,213,-436,00,0,0,5
398.369598,0.648438,-2.527344,0.000000,-0.089998,-0.179998,-0.000183,-0.029085,0.043654,1.022287,-0.003174,0.001221,-0.001221,0,0,0,0,3000,3000,3000,3000,0,220,-439,00,0,0,5
398.371552,0.648438,-2.527344,0.000000,-0.089998,-0.179998,-0.000235,-0.029085,0.043654,1.022287,-0.002197,0.000488,-0.000732,0,0,0,0,3000,3000,3000,3000,0,219,-438,00,0,0,5
398.373505,0.648438,-2.527344,0.000000,-0.089998,-0.179998,-0.000246,-0.029085,0.043654,1.022287,0.003662,0.001221,0.000977,0,0,0,0,3000,3000,3000,3000,0,215,-439,00,0,0,5
398.375458,0.648438,-2.527344,0.000000,-0.089998,-0.179998,-0.000313,-0.029085,0.043654,1.022287,-0.005371,0.000488,-0.000244,0,0,0,0,3000,3000,3000,3000,0,222,-438,00,0,0,5
398.377411,0.648438,-2.527344,0.000000,-0.089998,-0.179998,-0.000269,-0.029085,0.043654,1.022287,0.008057,0.002686,0.001953,0,0,0,0,3000,3000,3000,3000,0,212,-441,00,0,0,5
398.379364,0.648438,-2.527344,0.000000,-0.089998,-0.179998,-0.000271,-0.029085,0.043654,1.022287,-0.008057,0.001709,0.001465,0,0,0,0,3000,3000,3000,3000,0,224,-440,00,0,0,5
398.381317,0.648438,-2.527344,0.000000,-0.089998,-0.179998,-0.000208,-0.029085,0.043654,1.022287,0.004883,-0.003174,0.001465,0,0,0,0,3000,3000,3000,3000,0,215,-435,00,0,0,5
398.383270,0.648438,-2.527344,0.000000,-0.089998,-0.179998,-0.000278,-0.029085,0.043654,1.022287,0.003174,-0.000977,0.001465,0,0,0,0,3000,3000,3000,3000,0,216,-437,00,0,0,5
398.385223,0.648438,-2.527344,0.000000,-0.089998,-0.179998,-0.000200,-0.029085,0.043654,1.022287,-0.006836,0.001221,-0.001221,0,0,0,0,3000,3000,3000,3000,0,223,-439,00,0,0,5
398.387177,0.648438,-2.527344,0.000000,-0.089998,-0.179998,-0.000242,-0.029085,0.043654,1.022287,0.006348,0.002197,0.002930,0,0,0,0,3000,3000,3000,3000,0,214,-440,00,0,0,5
398.389130,0.648438,-2.527344,0.000000,-0.089998,-0.179998,-0.000179,-0.029085,0.043654,1.022287,-0.003662,0.000000,-0.000244,0,0,0,0,3000,3000,3000,3000,0,221,-438,00,0,0,5
398.391083,0.648438,-2.527344,0.000000,-0.089998,-0.179998,-0.000147,-0.029085,0.043654,1.022287,0.006348,0.002197,0.000244,0,0,0,0,3000,3000,3000,3000,0,213,-440,00,0,0,5
398.393036,0.648438,-2.527344,0.000000,-0.089998,-0.179998,-0.000017,-0.029085,0.043654,1.022287,-0.001465,-0.000977,-0.000244,0,0,0,0,3000,3000,3000,3000,0,219,-437,00,0,0,5
398.394989,0.648438,-2.527344,0.000000,-0.089998,-0.179998,0.000044,-0.029085,0.043654,1.022287,-0.004883,-0.001953,0.002441,0,0,0,0,3000,3000,3000,3000,0,221,-436,00,0,0,5
398.396942,0.648438,-2.527344,0.000000,-0.089998,-0.179998,-0.000010,-0.029085,0.043654,1.022287,0.004883,0.002197,-0.000732,0,0,0,0,3000,3000,3000,3000,0,215,-440,00,0,0,5
398.398895,0.648438,-2.527344,0.000000,-0.089998,-0.179998,-0.000132,-0.029085,0.043654,1.022287,-0.006348,-0.000977,-0.003418,0,0,0,0,3000,3000,3000,3000,0,223,-437,00,0,0,5
398.400848,0.648438,-2.527344,0.000000,-0.089998,-0.179998,-0.000153,-0.029085,0.043654,1.022287,0.007568,-0.000488,0.002441,0,0,0,0,3000,3000,3000,3000,0,213,-437,00,0,0,5
398.402802,0.648438,-2.527344,0.000000,-0.089998,-0.179998,-0.000294,-0.029085,0.043654,1.022287,-0.004150,0.003662,-0.000732,0,0,0,0,3000,3000,3000,3000,0,221,-441,00,0,0,5
398.404755,0.648438,-2.527344,0.000000,-0.089998,-0.179998,0.001831,-0.029085,0.043654,1.022287,-0.002686,0.003174,-0.001709,0,0,0,0,3000,3000,3000,3000,0,220,-441,00,0,0,5
398.406708,0.648438,-2.527344,0.000000,-0.089998,-0.179998,0.001852,-0.029085,0.043654,1.022287,0.006348,0.000000,-0.001709,0,0,0,0,3000,3000,3000,3000,0,214,-438,00,0,0,5
398.408661,0.648438,-2.527344,0.000000,-0.089998,-0.179998,0.001886,-0.029085,0.043654,1.022287,-0.007324,0.002197,-0.003418,0,0,0,0,3000,3000,3000,3000,0,224,-441,00,0,0,5
398.410614,0.648438,-2.527344,0.000000,-0.089998,-0.179998,0.001904,-0.029085,0.043654,1.022287,0.005859,-0.000977,0.006348,0,0,0,0,3000,3000,3000,3000,0,214,-438,00,0,0,5
398.412567,0.648438,-2.527344,0.000000,-0.089998,-0.179998,0.001884,-0.029085,0.043654,1.022287,-0.001465,-0.002686,-0.000244,0,0,0,0,3000,3000,3000,3000,0,219,-436,00,0,0,5
398.414520,0.648438,-2.527344,0.000000,-0.089998,-0.179998,0.001814,-0.029085,0.043654,1.022287,0.000000,0.000488,0.000977,0,0,0,0,3000,3000,3000,3000,0,218,-438,00,0,0,5
398.416473,0.648438,-2.527344,0.000000,-0.089998,-0.179998,0.001961,-0.029085,0.043654,1.022287,0.004395,0.000000,0.001953,0,0,0,0,3000,3000,3000,3000,0,215,-438,00,0,0,5
398.418427,0.648438,-2.527344,0.000000,-0.089998,-0.179998,0.001947,-0.029085,0.043654,1.022287,-0.004883,0.001709,-0.002197,0,0,0,0,3000,3000,3000,3000,0,222,-439,00,0,0,5
398.420380,0.648438,-2.527344,0.000000,-0.089998,-0.179998,0.001717,-0.029085,0.043654,1.022287,0.007568,0.000000,0.001953,0,0,0,0,3000,3000,3000,3000,0,213,-438,00,0,0,5
398.422333,0.648438,-2.527344,0.000000,-0.089998,-0.179998,0.001785,-0.029085,0.043654,1.022287,-0.003174,0.001221,-0.002197,0,0,0,0,3000,3000,3000,3000,0,220,-439,00,0,0,5
398.424286,0.648438,-2.527344,0.000000,-0.089998,-0.179998,0.001705,-0.029085,0.043654,1.022287,-0.000977,-0.000488,-0.002930,0,0,0,0,3000,3000,3000,3000,0,219,-437,00,0,0,5
398.426239,0.648438,-2.527344,0.000000,-0.089998,-0.179998,0.001724,-0.029085,0.043654,1.022287,0.005371,0.001221,0.002930,0,0,0,0,3000,3000,3000,3000,0,214,-439,00,0,0,5
398.428192,0.648438,-2.527344,0.000000,-0.089998,-0.179998,0.001709,-0.029085,0.043654,1.022287,-0.006348,0.000000,-0.001709,0,0,0,0,3000,3000,3000,3000,0,223,-438,00,0,0,5
398.430145,0.648438,-2.527344,0.000000,-0.089998,-0.179998,0.001806,-0.029085,0.043654,1.022287,0.005371,0.001709,0.001465,0,0,0,0,3000,3000,3000,3000,0,214,-439,00,0,0,5
398.432098,0.648438,-2.527344,0.000000,-0.089998,-0.179998,0.001772,-0.029085,0.043654,1.022287,-0.005859,0.000000,0.000244,0,0,0,0,3000,3000,3000,3000,0,222,-438,00,0,0,5
398.434082,0.648438,-2.527344,0.000000,-0.089998,-0.179998,0.001881,-0.029085,0.043654,1.022287,0.003174,-0.001953,0.000244,0,0,0,0,3000,3000,3000,3000,0,216,-436,00,0,0,5
398.436005,0.648438,-2.527344,0.000000,-0.089998,-0.179998,0.001976,-0.029085,0.043654,1.022287,0.000977,-0.001465,0.001465,0,0,0,0,3000,3000,3000,3000,0,218,-436,00,0,0,5
398.437958,0.648438,-2.527344,0.000000,-0.089998,-0.179998,0.001926,-0.029085,0.043654,1.022287,-0.006836,0.001221,0.001465,0,0,0,0,3000,3000,3000,3000,0,223,-438,00,0,0,5
398.439911,0.648438,-2.527344,0.000000,-0.089998,-0.179998,0.001892,-0.029085,0.043654,1.022287,0.006348,-0.000977,0.002441,0,0,0,0,3000,3000,3000,3000,0,214,-436,00,0,0,5
398.441864,0.648438,-2.527344,0.000000,-0.089998,-0.179998,0.001890,-0.029085,0.043654,1.022287,-0.009033,0.001221,0.000244,0,0,0,0,3000,3000,3000,3000,0,225,-438,00,0,0,5
398.443817,0.648438,-2.527344,0.000000,-0.089998,-0.179998,0.002007,-0.029085,0.043654,1.022287,0.001709,0.002686,0.000244,0,0,0,0,3000,3000,3000,3000,0,218,-440,00,0,0,5
398.445770,0.648438,-2.527344,0.000000,-0.089998,-0.179998,0.001940,-0.029085,0.043654,1.022287,0.000000,0.000488,-0.000732,0,0,0,0,3000,3000,3000,3000,0,219,-438,00,0,0,5
398.447723,0.648438,-2.527344,0.000000,-0.089998,-0.179998,0.001888,-0.029085,0.043715,1.022287,-0.003662,0.000488,-0.001709,0,0,0,0,3000,3000,3000,3000,0,222,-439,00,0,0,5
398.449677,0.648438,-2.527344,0.000000,-0.089998,-0.179998,0.001793,-0.029085,0.043715,1.022287,0.007568,0.001221,0.004639,0,0,0,0,3000,3000,3000,3000,0,214,-439,00,0,0,5
398.451630,0.648438,-2.527344,0.000000,-0.089998,-0.179998,0.001863,-0.029085,0.043715,1.022287,-0.008057,0.000488,-0.000244,0,0,0,0,3000,3000,3000,3000,0,225,-439,00,0,0,5
398.453583,0.648438,-2.527344,0.000000,-0.089998,-0.179998,0.001856,-0.029085,0.043715,1.022287,0.004883,-0.000488,-0.000244,0,0,0,0,3000,3000,3000,3000,0,216,-438,00,0,0,5
398.455536,0.648438,-2.527344,0.000000,0.019999,0.029999,0.001751,-0.029085,0.043715,1.022287,0.000488,0.000488,0.001953,0,0,0,0,3000,3000,3000,3000,0,219,-439,00,0,0,5
398.457489,0.648438,-2.527344,0.000000,0.019999,0.029999,0.000589,-0.029085,0.043715,1.022287,-0.001465,0.000000,-0.000244,0,0,0,0,3000,3000,3000,3000,0,220,-438,00,0,0,5
398.459442,0.648438,-2.527344,0.000000,0.019999,0.029999,0.000681,-0.029085,0.043715,1.022287,0.003662,0.001221,0.002441,0,0,0,0,3000,3000,3000,3000,0,216,-439,00,0,0,5
398.461395,0.648438,-2.527344,0.000000,0.019999,0.029999,0.000629,-0.029085,0.043715,1.022287,-0.006348,0.000000,0.001465,0,0,0,0,3000,3000,3000,3000,0,223,-438,00,0,0,5
398.463348,0.648438,-2.527344,0.000000,0.019999,0.029999,0.000710,-0.029085,0.043715,1.022287,0.004395,0.000488,0.001953,0,0,0,0,3000,3000,3000,3000,0,216,-439,00,0,0,5
398.465302,0.648438,-2.527344,0.000000,0.019999,0.029999,0.000687,-0.029085,0.043715,1.022287,-0.000488,-0.000977,-0.000244,0,0,0,0,3000,3000,3000,3000,0,219,-437,00,0,0,5
398.467255,0.648438,-2.527344,0.000000,0.019999,0.029999,0.000488,-0.029085,0.043715,1.022287,-0.003662,0.000000,-0.000244,0,0,0,0,3000,3000,3000,3000,0,221,-438,00,0,0,5
398.469208,0.648438,-2.527344,0.000000,0.019999,0.029999,0.000427,-0.029085,0.043715,1.022287,0.004883,0.001221,0.000244,0,0,0,0,3000,3000,3000,3000,0,215,-439,00,0,0,5
398.471161,0.648438,-2.527344,0.000000,0.019999,0.029999,0.000546,-0.029085,0.043715,1.022287,-0.009521,0.000000,-0.001221,0,0,0,0,3000,3000,3000,3000,0,226,-438,00,0,0,5
398.473114,0.648438,-2.527344,0.000000,0.019999,0.029999,0.000587,-0.029085,0.043715,1.022287,0.005859,-0.001465,-0.002197,0,0,0,0,3000,3000,3000,3000,0,215,-436,00,0,0,5
398.475067,0.648438,-2.527344,0.000000,0.019999,0.029999,0.000490,-0.029085,0.043715,1.022287,-0.005371,0.002197,0.001465,0,0,0,0,3000,3000,3000,3000,0,223,-440,00,0,0,5
398.477020,0.648438,-2.527344,0.000000,0.019999,0.029999,0.000477,-0.029085,0.043715,1.022287,0.003174,-0.000488,-0.000732,0,0,0,0,3000,3000,3000,3000,0,217,-437,00,0,0,5
398.478973,0.648438,-2.527344,0.000000,0.019999,0.029999,0.000490,-0.029085,0.043715,1.022287,0.000977,0.000000,0.000244,0,0,0,0,3000,3000,3000,3000,0,218,-438,00,0,0,5
398.480927,0.648438,-2.527344,0.000000,0.019999,0.029999,0.000443,-0.029085,0.043715,1.022287,-0.000977,-0.001953,-0.000732,0,0,0,0,3000,3000,3000,3000,0,220,-436,00,0,0,5
398.482880,0.648438,-2.527344,0.000000,0.019999,0.029999,-0.000469,-0.029085,0.043715,1.022287,0.003662,-0.000977,0.002930,0,0,0,0,3000,3000,3000,3000,0,216,-437,00,0,0,5
398.484833,0.648438,-2.527344,0.000000,0.019999,0.029999,-0.000580,-0.029085,0.043715,1.022287,-0.005371,0.002197,0.000977,0,0,0,0,3000,3000,3000,3000,0,222,-440,00,0,0,5
398.486786,0.648438,-2.527344,0.000000,0.019999,0.029999,-0.000673,-0.029085,0.043715,1.022287,0.000000,-0.000977,0.001465,0,0,0,0,3000,3000,3000,3000,0,219,-437,00,0,0,5
398.488739,0.648438,-2.527344,0.000000,0.019999,0.029999,-0.000565,-0.029085,0.043715,1.022287,0.003174,0.001709,-0.000244,0,0,0,0,3000,3000,3000,3000,0,217,-439,00,0,0,5
398.490692,0.648438,-2.527344,0.000000,0.019999,0.029999,-0.000328,-0.029085,0.043715,1.022287,-0.006348,-0.000488,-0.000732,0,0,0,0,3000,3000,3000,3000,0,223,-437,00,0,0,5
398.492645,0.648438,-2.527344,0.000000,0.019999,0.029999,-0.000319,-0.029085,0.043715,1.022287,0.004883,0.000000,-0.001709,0,0,0,0,3000,3000,3000,3000,0,215,-438,00,0,0,5
398.494598,0.648438,-2.527344,0.000000,0.019999,0.029999,-0.000601,-0.029085,0.043715,1.022287,-0.003174,-0.000977,-0.001221,0,0,0,0,3000,3000,3000,3000,0,221,-437,00,0,0,5
398.496552,0.648438,-2.527344,0.000000,0.019999,0.029999,-0.000715,-0.029085,0.043715,1.022287,0.003662,-0.000488,0.000977,0,0,0,0,3000,3000,3000,3000,0,216,-437,00,0,0,5
398.498505,0.648438,-2.527344,0.000000,0.019999,0.029999,-0.000654,-0.029085,0.043715,1.022287,0.002197,0.001221,0.001953,0,0,0,0,3000,3000,3000,3000,0,217,-439,00,0,0,5
398.500458,0.648438,-2.527344,0.000000,0.019999,0.029999,-0.000736,-0.029085,0.043715,1.022287,-0.002686,-0.000977,-0.000244,0,0,0,0,3000,3000,3000,3000,0,220,-437,00,0,0,5
398.502411,0.648438,-2.527344,0.000000,0.019999,0.029999,-0.000740,-0.029085,0.043715,1.022287,0.007568,0.001221,-0.003418,0,0,0,0,3000,3000,3000,3000,0,213,-439,00,0,0,5
398.504364,0.648438,-2.527344,0.000000,0.019999,0.029999,-0.000765,-0.029085,0.043715,1.022287,-0.004150,-0.000488,-0.002197,0,0,0,0,3000,3000,3000,3000,0,221,-437,00,0,0,5
398.506317,0.648438,-2.527344,0.000000,0.019999,0.029999,-0.000725,-0.029085,0.043715,1.022287,0.002197,0.002197,-0.000244,0,0,0,0,3000,3000,3000,3000,0,217,-440,00,0,0,5
398.508270,0.648438,-2.527344,0.000000,0.019999,0.029999,-0.000648,-0.029085,0.043715,1.022287,0.002197,0.000000,-0.000732,0,0,0,0,3000,3000,3000,3000,0,217,-438,00,0,0,5
398.510223,0.648438,-2.527344,0.000000,0.019999,0.029999,-0.000498,-0.029085,0.043715,1.022287,-0.005371,-0.000977,-0.001709,0,0,0,0,3000,3000,3000,3000,0,222,-437,00,0,0,5
398.512177,0.648438,-2.527344,0.000000,0.019999,0.029999,-0.000441,-0.029085,0.043715,1.022287,0.004395,0.002197,0.001465,0,0,0,0,3000,3000,3000,3000,0,215,-440,00,0,0,5
398.514130,0.648438,-2.527344,0.000000,0.019999,0.029999,-0.000490,-0.029085,0.043715,1.022287,-0.004883,0.001221,-0.002930,0,0,0,0,3000,3000,3000,3000,0,222,-439,00,0,0,5
398.518036,0.648438,-2.527344,0.000000,0.019999,0.029999,-0.000643,-0.029085,0.043715,1.022287,0.008545,0.000488,-0.000244,0,0,0,0,3000,3000,3000,3000,0,212,-439,00,0,0,5
398.519989,0.648438,-2.527344,0.000000,0.019999,0.029999,-0.000736,-0.029024,0.043776,1.022287,-0.000488,0.000000,-0.001709,0,0,0,0,3000,3000,3000,3000,0,217,-439,00,0,0,5
398.521942,0.648438,-2.527344,0.000000,0.019999,0.029999,-0.000685,-0.029024,0.043776,1.022287,0.007568,-0.002686,0.000244,0,0,0,0,3000,3000,3000,3000,0,212,-436,00,1,100,5
398.523895,0.648438,-2.527344,0.000000,0.019999,0.029999,-0.000751,-0.029024,0.043776,1.022287,-0.006348,0.000000,-0.001221,0,0,0,0,3000,3000,3000,3000,0,221,-439,00,1,100,5
398.525848,0.648438,-2.527344,0.000000,0.019999,0.029999,-0.000841,-0.029024,0.043776,1.022287,0.003174,0.001709,-0.000244,0,0,0,0,3000,3000,3000,3000,0,215,-440,00,1,100,5
398.527802,0.648438,-2.527344,0.000000,0.019999,0.029999,-0.000660,-0.029024,0.043776,1.022287,-0.002686,-0.001465,0.000977,0,0,0,0,3000,3000,3000,3000,0,219,-437,00,1,100,5
398.529755,0.648438,-2.527344,0.000000,0.019999,0.029999,-0.000788,-0.029024,0.043776,1.022287,0.000000,-0.001465,-0.001709,0,0,0,0,3000,3000,3000,3000,0,218,-437,00,1,100,5
398.531708,0.648438,-2.527344,0.000000,0.019999,0.029999,-0.000818,-0.029024,0.043776,1.022287,0.003174,0.000488,0.002441,0,0,0,0,3000,3000,3000,3000,0,216,-439,00,1,100,5
398.533661,0.648438,-2.527344,0.000000,0.019999,0.029999,-0.000830,-0.029024,0.043776,1.022287,-0.005859,-0.001465,-0.004395,0,0,0,0,3000,3000,3000,3000,0,222,-437,00,1,100,5
398.535614,0.648438,-2.527344,0.000000,0.019999,0.029999,-0.000761,-0.029024,0.043776,1.022287,0.006348,0.002686,0.003662,0,0,0,0,3000,3000,3000,3000,0,214,-441,00,1,100,5
398.537567,0.648438,-2.527344,0.000000,0.019999,0.029999,-0.000813,-0.029024,0.043776,1.022287,-0.002686,0.001221,0.001953,0,0,0,0,3000,3000,3000,3000,0,220,-440,00,1,100,5
398.539520,0.648438,-2.527344,0.000000,0.019999,0.029999,-0.000792,-0.029024,0.043776,1.022287,-0.005859,-0.000977,-0.000244,0,0,0,0,3000,3000,3000,3000,0,223,-438,00,1,100,5
398.541473,0.648438,-2.527344,0.000000,0.019999,0.029999,-0.000666,-0.029024,0.043776,1.022287,0.003662,-0.001465,0.000244,0,0,0,0,3000,3000,3000,3000,0,216,-437,00,1,100,5
398.543427,0.648438,-2.527344,0.000000,0.019999,0.029999,-0.000664,-0.029024,0.043776,1.022287,-0.005371,0.000488,-0.001709,0,0,0,0,3000,3000,3000,3000,0,223,-439,00,1,100,5
398.545380,0.648438,-2.527344,0.000000,0.019999,0.029999,-0.000628,-0.029024,0.043776,1.022287,0.008057,-0.002686,0.003418,0,0,0,0,3000,3000,3000,3000,0,213,-436,00,1,100,5
398.547333,0.648438,-2.527344,0.000000,0.019999,0.029999,-0.000778,-0.029024,0.043776,1.022287,-0.005371,0.000488,0.002930,0,0,0,0,3000,3000,3000,3000,0,223,-439,00,1,100,5
398.549286,0.648438,-2.527344,0.000000,0.019999,0.029999,-0.000759,-0.029024,0.043776,1.022287,0.000977,0.000488,-0.002930,0,0,0,0,3000,3000,3000,3000,0,218,-439,00,1,100,5
398.551239,0.648438,-2.527344,0.000000,0.019999,0.029999,-0.000881,-0.029024,0.043776,1.022287,0.002197,0.000000,0.005127,0,0,0,0,3000,3000,3000,3000,0,218,-438,00,1,100,5
398.553192,0.648438,-2.527344,0.000000,0.019999,0.029999,-0.000994,-0.029024,0.043776,1.022287,-0.005371,-0.003174,-0.002930,0,0,0,0,3000,3000,3000,3000,0,223,-435,00,1,100,5
398.555145,0.648438,-2.527344,0.000000,0.019999,0.029999,-0.000847,-0.029024,0.043776,1.022287,0.006836,-0.001465,0.000977,0,0,0,0,3000,3000,3000,3000,0,214,-437,00,1,100,5
398.557098,0.648438,-2.527344,0.000000,0.019999,0.029999,-0.000832,-0.029024,0.043776,1.022287,-0.005859,-0.000977,0.002930,0,0,0,0,3000,3000,3000,3000,0,223,-437,00,1,100,5
398.559052,0.648438,-2.527344,0.000000,0.019999,0.029999,-0.000965,-0.029024,0.043776,1.022287,0.006348,-0.003662,-0.000732,0,0,0,0,3000,3000,3000,3000,0,215,-434,00,1,100,5
398.561005,0.648438,-2.527344,0.000000,0.019999,0.029999,0.006912,-0.029024,0.043776,1.022287,0.000488,0.001709,0.001953,0,0,0,0,3000,3000,3000,3000,0,218,-439,00,1,100,5
398.562958,0.648438,-2.527344,0.000000,0.019999,0.029999,0.006802,-0.029024,0.043776,1.022287,-0.003174,0.000000,-0.000732,0,0,0,0,3000,3000,3000,3000,0,221,-438,00,1,100,5
398.564941,0.648438,-2.527344,0.000000,0.039999,0.080000,0.006948,-0.029024,0.043776,1.022287,0.005859,0.002197,-0.000244,0,0,0,0,3000,3000,3000,3000,0,215,-440,00,1,100,5
398.566864,0.648438,-2.527344,0.000000,0.039999,0.080000,0.003098,-0.029024,0.043776,1.022287,-0.006348,-0.000977,-0.000732,0,0,0,0,3000,3000,3000,3000,0,223,-437,00,1,100,5
398.568817,0.648438,-2.527344,0.000000,0.039999,0.080000,0.003197,-0.029024,0.043776,1.022287,0.000977,0.000000,0.001953,0,0,0,0,3000,3000,3000,3000,0,218,-438,00,1,100,5
398.570770,0.648438,-2.527344,0.000000,0.039999,0.080000,0.003162,-0.029024,0.043776,1.022287,0.000977,0.002686,0.001465,0,0,0,0,3000,3000,3000,3000,0,218,-441,00,1,100,5
398.572723,0.648438,-2.527344,0.000000,0.039999,0.080000,0.003012,-0.029024,0.043776,1.022287,-0.005859,-0.000977,-0.003418,0,0,0,0,3000,3000,3000,3000,0,223,-438,00,1,100,5
398.574677,0.648438,-2.527344,0.000000,0.039999,0.080000,0.002991,-0.029024,0.043776,1.022287,0.007568,0.000000,0.003662,0,0,0,0,3000,3000,3000,3000,0,214,-439,00,1,100,5
398.576630,0.648438,-2.527344,0.000000,0.039999,0.080000,0.003096,-0.029024,0.043776,1.022287,-0.005859,-0.000488,-0.003418,0,0,0,0,3000,3000,3000,3000,0,223,-438,00,1,100,5
398.578583,0.648438,-2.527344,0.000000,0.039999,0.080000,0.003134,-0.028998,0.043770,1.022303,0.001709,-0.001953,-0.000244,0,0,0,0,3000,3000,3000,3000,0,218,-437,00,1,100,5
398.580536,0.648438,-2.527344,0.000000,0.039999,0.080000,0.003223,-0.029024,0.043776,1.022287,0.000977,0.002197,0.000244,0,0,0,0,3000,3000,3000,3000,0,218,-441,00,1,100,5
398.582489,0.648438,-2.527344,0.000000,0.039999,0.080000,0.003223,-0.029024,0.043776,1.022287,-0.002686,0.001709,0.000977,0,0,0,0,3000,3000,3000,3000,0,221,-440,00,1,100,5
398.584442,0.648438,-2.527344,0.000000,0.039999,0.080000,0.003151,-0.029024,0.043776,1.022287,0.004395,-0.000488,0.000244,0,0,0,0,3000,3000,3000,3000,0,216,-439,00,1,100,5
398.586395,0.648438,-2.527344,0.000000,0.039999,0.080000,0.003189,-0.029024,0.043776,1.022287,-0.006836,0.001221,-0.000732,0,0,0,0,3000,3000,3000,3000,0,224,-440,00,1,100,5
398.588348,0.648438,-2.527344,0.000000,0.039999,0.080000,0.002981,-0.029024,0.043776,1.022287,0.002686,-0.000977,0.002930,0,0,0,0,3000,3000,3000,3000,0,217,-438,00,1,100,5
398.590302,0.648438,-2.527344,0.000000,0.039999,0.080000,0.002758,-0.029024,0.043776,1.022287,-0.001465,-0.000977,-0.001709,0,0,0,0,3000,3000,3000,3000,0,220,-438,00,1,100,5
398.592255,0.648438,-2.527344,0.000000,0.039999,0.080000,0.002863,-0.029024,0.043776,1.022287,-0.002686,-0.002686,-0.001221,0,0,0,0,3000,3000,3000,3000,0,221,-436,00,1,100,5
398.594208,0.648438,-2.527344,0.000000,0.039999,0.080000,0.002655,-0.029024,0.043776,1.022287,0.004395,0.000000,-0.001221,0,0,0,0,3000,3000,3000,3000,0,216,-439,00,1,100,5
398.596161,0.648438,-2.527344,0.000000,0.039999,0.080000,0.002625,-0.029024,0.043776,1.022287,-0.008057,0.000000,0.001953,0,0,0,0,3000,3000,3000,3000,0,225,-438,00,1,100,5
398.598114,0.648438,-2.527344,0.000000,0.039999,0.080000,0.002598,-0.029024,0.043776,1.022287,0.004395,-0.003174,0.000977,0,0,0,0,3000,3000,3000,3000,0,216,-435,00,1,100,5
398.600067,0.648438,-2.527344,0.000000,0.039999,0.080000,0.002729,-0.029024,0.043776,1.022287,-0.004883,0.002197,-0.004395,0,0,0,0,3000,3000,3000,3000,0,223,-440,00,1,100,5
398.602051,0.648438,-2.527344,0.000000,0.039999,0.080000,0.002666,-0.029024,0.043776,1.022287,-0.001465,-0.001953,-0.001221,0,0,0,0,3000,3000,3000,3000,0,220,-436,00,1,100,5
398.604004,0.648438,-2.527344,0.000000,0.039999,0.080000,0.002899,-0.029024,0.043776,1.022287,0.000488,0.002197,0.003418,0,0,0,0,3000,3000,3000,3000,0,219,-440,00,1,100,5
398.605927,0.648438,-2.527344,0.000000,0.039999,0.080000,0.002876,-0.029024,0.043776,1.022287,-0.004883,-0.000488,-0.001221,0,0,0,0,3000,3000,3000,3000,0,223,-438,00,1,100,5
398.607880,0.648438,-2.527344,0.000000,0.039999,0.080000,0.002928,-0.029024,0.043776,1.022287,0.006348,0.000488,-0.000732,0,0,0,0,3000,3000,3000,3000,0,215,-439,00,1,100,5
398.609833,0.648438,-2.527344,0.000000,0.039999,0.080000,0.002853,-0.029024,0.043776,1.022287,-0.006836,-0.000488,-0.000244,0,0,0,0,3000,3000,3000,3000,0,224,-438,00,1,100,5
398.611786,0.648438,-2.527344,0.000000,0.039999,0.080000,0.002996,-0.029024,0.043776,1.022287,0.000488,-0.000488,-0.000244,0,0,0,0,3000,3000,3000,3000,0,219,-438,00,1,100,5
398.613739,0.648438,-2.527344,0.000000,0.039999,0.080000,0.002939,-0.029024,0.043776,1.022287,0.002686,0.000000,0.000977,0,0,0,0,3000,3000,3000,3000,0,217,-439,00,1,100,5
398.615692,0.648438,-2.527344,0.000000,0.039999,0.080000,0.002897,-0.029024,0.043776,1.022287,-0.006348,0.000000,-0.002930,0,0,0,0,3000,3000,3000,3000,0,223,-439,00,1,100,5
398.617645,0.648438,-2.527344,0.000000,0.039999,0.080000,0.002892,-0.029024,0.043776,1.022287,0.007568,0.001221,-0.000244,0,0,0,0,3000,3000,3000,3000,0,214,-440,00,1,100,5
398.619598,0.648438,-2.527344,0.000000,0.039999,0.080000,0.002872,-0.029024,0.043776,1.022287,-0.003662,0.001709,-0.000244,0,0,0,0,3000,3000,3000,3000,0,221,-440,00,1,100,5
398.621552,0.648438,-2.527344,0.000000,0.039999,0.080000,0.002886,-0.029024,0.043776,1.022287,0.000488,0.000488,0.001465,0,0,0,0,3000,3000,3000,3000,0,218,-440,01,0,-100,5
398.623505,0.648438,-2.527344,0.000000,0.039999,0.080000,0.002979,-0.029024,0.043776,1.022287,0.002686,0.001709,0.000977,0,0,0,0,3000,3000,3000,3000,0,217,-441,01,0,-100,5
398.625458,0.648438,-2.527344,0.000000,0.039999,0.080000,0.003075,-0.029024,0.043776,1.022287,-0.005371,-0.001465,-0.001221,0,0,0,0,3000,3000,3000,3000,0,222,-438,01,0,-100,5
398.627411,0.648438,-2.527344,0.000000,0.039999,0.080000,0.003038,-0.029024,0.043776,1.022287,0.007568,-0.001465,0.001465,0,0,0,0,3000,3000,3000,3000,0,213,-438,01,0,-100,5
398.629364,0.648438,-2.527344,0.000000,0.039999,0.080000,0.002966,-0.029024,0.043776,1.022287,-0.005859,-0.000488,-0.002197,0,0,0,0,3000,3000,3000,3000,0,222,-438,01,0,-100,5
398.631317,0.648438,-2.527344,0.000000,0.039999,0.080000,0.003082,-0.029024,0.043776,1.022287,0.000977,0.002686,-0.001709,0,0,0,0,3000,3000,3000,3000,0,218,-441,01,0,-100,5
398.633270,0.648438,-2.527344,0.000000,0.039999,0.080000,0.003157,-0.029024,0.043776,1.022287,-0.000977,-0.000488,0.002930,0,0,0,0,3000,3000,3000,3000,0,219,-438,01,0,-100,5
398.635223,0.648438,-2.527344,0.000000,0.039999,0.080000,0.003254,-0.029024,0.043776,1.022287,-0.004883,-0.000488,-0.000244,0,0,0,0,3000,3000,3000,3000,0,222,-438,01,0,-100,5
398.637177,0.648438,-2.527344,0.000000,0.039999,0.080000,0.003283,-0.029024,0.043776,1.022287,0.006348,-0.000977,0.004639,0,0,0,0,3000,3000,3000,3000,0,214,-438,01,0,-100,5
398.639130,0.648438,-2.527344,0.000000,0.039999,0.080000,0.002514,-0.029024,0.043776,1.022287,-0.006836,0.000488,-0.002930,0,0,0,0,3000,3000,3000,3000,0,223,-439,01,0,-100,5
398.641083,0.648438,-2.527344,0.000000,0.039999,0.080000,0.002552,-0.029024,0.043776,1.022287,0.000488,-0.000977,-0.002197,0,0,0,0,3000,3000,3000,3000,0,218,-438,01,0,-100,5
398.643036,0.648438,-2.527344,0.000000,0.039999,0.080000,0.002516,-0.029024,0.043776,1.022287,0.000000,0.001221,0.001465,0,0,0,0,3000,3000,3000,3000,0,219,-440,01,0,-100,5
398.644989,0.648438,-2.527344,0.000000,0.039999,0.080000,0.002577,-0.029024,0.043776,1.022287,-0.003174,-0.001465,0.000977,0,0,0,0,3000,3000,3000,3000,0,221,-437,01,0,-100,5
398.646942,0.648438,-2.527344,0.000000,0.039999,0.080000,0.002377,-0.029024,0.043776,1.022287,0.005859,0.000000,0.000244,0,0,0,0,3000,3000,3000,3000,0,214,-439,01,0,-100,5
398.648895,0.648438,-2.527344,0.000000,0.039999,0.080000,0.002356,-0.029024,0.043776,1.022287,-0.007324,0.002197,-0.000732,0,0,0,0,3000,3000,3000,3000,0,224,-441,01,0,-100,5
398.650848,0.648438,-2.527344,0.000000,0.039999,0.080000,0.002392,-0.029024,0.043776,1.022287,0.004883,0.002686,-0.000732,0,0,0,0,3000,3000,3000,3000,0,215,-441,01,0,-100,5
398.652802,0.648438,-2.527344,0.000000,0.039999,0.080000,0.002428,-0.029024,0.043776,1.022287,-0.003174,0.001221,-0.000732,0,0,0,0,3000,3000,3000,3000,0,221,-440,01,0,-100,5
398.654755,0.648438,-2.527344,0.000000,0.039999,0.080000,0.002390,-0.029024,0.043776,1.022287,0.000977,0.001221,-0.000732,0,0,0,0,3000,3000,3000,3000,0,218,-440,01,0,-100,5
398.656708,0.648438,-2.527344,0.000000,0.039999,0.080000,0.002453,-0.029024,0.043776,1.022287,0.005859,-0.003174,0.002930,0,0,0,0,3000,3000,3000,3000,0,214,-436,01,0,-100,5
398.658661,0.648438,-2.527344,0.000000,0.039999,0.080000,0.002409,-0.029024,0.043776,1.022287,-0.007324,0.000488,0.001465,0,0,0,0,3000,3000,3000,3000,0,223,-439,01,0,-100,5
398.660614,0.648438,-2.527344,0.000000,0.039999,0.080000,0.002413,-0.029024,0.043776,1.022287,0.006836,-0.000977,0.000977,0,0,0,0,3000,3000,3000,3000,0,213,-438,01,0,-100,5
398.662598,0.648438,-2.527344,0.000000,0.139999,0.309999,0.002460,-0.029024,0.043776,1.022287,0.000488,-0.001953,0.000977,0,0,0,0,3000,3000,3000,3000,0,218,-437,01,0,-100,5
398.664520,0.648438,-2.527344,0.000000,0.139999,0.309999,0.000582,-0.029024,0.043776,1.022287,-0.003174,0.000000,0.002441,0,0,0,0,3000,3000,3000,3000,0,220,-438,01,0,-100,5
398.666473,0.648438,-2.527344,0.000000,0.139999,0.309999,0.000538,-0.029024,0.043776,1.022287,0.006836,0.002197,0.000977,0,0,0,0,3000,3000,3000,3000,0,213,-440,01,0,-100,5
398.668427,0.648438,-2.527344,0.000000,0.139999,0.309999,0.000671,-0.029024,0.043776,1.022287,-0.010010,-0.001953,-0.002930,0,0,0,0,3000,3000,3000,3000,0,225,-437,01,0,-100,5
398.670380,0.648438,-2.527344,0.000000,0.139999,0.309999,0.000870,-0.029024,0.043776,1.022287,0.006348,0.000488,0.000977,0,0,0,0,3000,3000,3000,3000,0,214,-439,01,0,-100,5
398.672333,0.648438,-2.527344,0.000000,0.139999,0.309999,0.000877,-0.029024,0.043776,1.022287,-0.002686,-0.000977,0.002441,0,0,0,0,3000,3000,3000,3000,0,220,-437,01,0,-100,5
398.674286,0.648438,-2.527344,0.000000,0.139999,0.309999,0.000853,-0.029024,0.043776,1.022287,0.001709,-0.001465,-0.001221,0,0,0,0,3000,3000,3000,3000,0,217,-437,01,0,-100,5
398.676239,0.648438,-2.527344,0.000000,0.139999,0.309999,0.001003,-0.029024,0.043776,1.022287,0.001709,0.001709,0.001953,0,0,0,0,3000,3000,3000,3000,0,217,-440,01,0,-100,5
398.678192,0.648438,-2.527344,0.000000,0.139999,0.309999,0.001020,-0.029024,0.043776,1.022287,-0.003662,0.000488,-0.001709,0,0,0,0,3000,3000,3000,3000,0,221,-439,01,0,-100,5
398.682098,0.648438,-2.527344,0.000000,0.139999,0.309999,0.001020,-0.029024,0.043776,1.022287,0.004883,-0.003662,-0.000732,0,0,0,0,3000,3000,3000,3000,0,215,-435,01,0,-100,5
398.684052,0.648438,-2.527344,0.000000,0.139999,0.309999,0.000914,-0.029084,0.043715,1.022319,0.000977,-0.001465,0.001953,0,0,0,0,3000,3000,3000,3000,0,217,-436,01,0,-100,5
398.686005,0.648438,-2.527344,0.000000,0.139999,0.309999,0.000847,-0.029084,0.043715,1.022319,0.002686,-0.000977,-0.000732,0,0,0,0,3000,3000,3000,3000,0,216,-436,01,0,-100,5
398.687958,0.648438,-2.527344,0.000000,0.139999,0.309999,0.000790,-0.029084,0.043715,1.022319,-0.008057,-0.000488,-0.001221,0,0,0,0,3000,3000,3000,3000,0,224,-436,01,0,-100,5
398.689911,0.648438,-2.527344,0.000000,0.139999,0.309999,0.000774,-0.029084,0.043715,1.022319,0.005371,0.001221,-0.000244,0,0,0,0,3000,3000,3000,3000,0,214,-438,01,0,-100,5
398.691864,0.648438,-2.527344,0.000000,0.139999,0.309999,0.000786,-0.029084,0.043715,1.022319,-0.005371,-0.000488,-0.001709,0,0,0,0,3000,3000,3000,3000,0,222,-437,01,0,-100,5
398.693817,0.648438,-2.527344,0.000000,0.139999,0.309999,0.000683,-0.029084,0.043715,1.022319,0.005371,-0.002686,0.001953,0,0,0,0,3000,3000,3000,3000,0,215,-435,01,0,-100,5
398.695770,0.648438,-2.527344,0.000000,0.139999,0.309999,0.000416,-0.029084,0.043715,1.022319,0.003662,-0.000488,-0.002930,0,0,0,0,3000,3000,3000,3000,0,216,-437,01,0,-100,5
398.697723,0.648438,-2.527344,0.000000,0.139999,0.309999,0.000280,-0.029084,0.043715,1.022319,-0.005371,0.002197,-0.000244,0,0,0,0,3000,3000,3000,3000,0,222,-439,01,0,-100,5
398.699677,0.648438,-2.527344,0.000000,0.139999,0.309999,0.000364,-0.029084,0.043715,1.022319,0.004883,-0.000488,-0.000732,0,0,0,0,3000,3000,3000,3000,0,215,-437,01,0,-100,5
398.701630,0.648438,-2.527344,0.000000,0.139999,0.309999,0.000233,-0.029084,0.043715,1.022319,-0.004150,-0.001465,-0.001221,0,0,0,0,3000,3000,3000,3000,0,221,-436,01,0,-100,5
398.703613,0.648438,-2.527344,0.000000,0.139999,0.309999,0.000406,-0.029084,0.043715,1.022319,0.002197,-0.000977,0.000244,0,0,0,0,3000,3000,3000,3000,0,217,-437,01,0,-100,5
398.705536,0.648438,-2.527344,0.000000,0.139999,0.309999,0.000374,-0.029084,0.043715,1.022319,-0.002197,0.000488,0.002930,0,0,0,0,3000,3000,3000,3000,0,220,-438,01,0,-100,5
398.707489,0.648438,-2.527344,0.000000,0.139999,0.309999,0.000395,-0.029084,0.043715,1.022319,-0.001465,-0.000488,-0.001709,0,0,0,0,3000,3000,3000,3000,0,220,-437,01,0,-100,5
398.709442,0.648438,-2.527344,0.000000,0.139999,0.309999,0.000416,-0.029084,0.043715,1.022319,0.005371,0.000488,0.000244,0,0,0,0,3000,3000,3000,3000,0,215,-438,01,0,-100,5
398.711395,0.648438,-2.527344,0.000000,0.139999,0.309999,0.000385,-0.029084,0.043715,1.022319,-0.008057,-0.000488,0.002930,0,0,0,0,3000,3000,3000,3000,0,225,-438,01,0,-100,5
398.713348,0.648438,-2.527344,0.000000,0.139999,0.309999,0.000496,-0.029084,0.043715,1.022319,0.005371,0.000488,0.000244,0,0,0,0,3000,3000,3000,3000,0,215,-439,01,0,-100,5
398.715302,0.648438,-2.527344,0.000000,0.139999,0.309999,0.000614,-0.029084,0.043715,1.022319,0.003174,0.000488,0.000977,0,0,0,0,3000,3000,3000,3000,0,217,-439,01,0,-100,5
398.717255,0.648438,-2.527344,0.000000,0.139999,0.309999,0.000433,-0.029084,0.043715,1.022319,-0.005371,-0.000977,-0.001221,0,0,0,0,3000,3000,3000,3000,0,223,-437,01,0,-100,5
398.719208,0.648438,-2.527344,0.000000,0.139999,0.309999,-0.000189,-0.029084,0.043715,1.022319,0.006836,0.000000,-0.000732,0,0,0,0,3000,3000,3000,3000,0,214,-438,01,0,-100,5
398.721161,0.648438,-2.527344,0.000000,0.139999,0.309999,-0.000141,-0.029084,0.043715,1.022319,-0.006348,0.002197,-0.002930,0,0,0,0,3000,3000,3000,3000,0,223,-440,00,0,0,5
398.723114,0.648438,-2.527344,0.000000,0.139999,0.309999,-0.000351,-0.029084,0.043715,1.022319,0.004395,0.002686,0.002441,0,0,0,0,3000,3000,3000,3000,0,216,-441,00,0,0,5
398.725067,0.648438,-2.527344,0.000000,0.139999,0.309999,-0.000450,-0.029084,0.043715,1.022319,-0.003174,0.002197,-0.001221,0,0,0,0,3000,3000,3000,3000,0,221,-441,00,0,0,5
398.727020,0.648438,-2.527344,0.000000,0.139999,0.309999,-0.000494,-0.029084,0.043715,1.022319,0.000000,0.000000,-0.002197,0,0,0,0,3000,3000,3000,3000,0,219,-439,00,0,0,5
398.728973,0.648438,-2.527344,0.000000,0.139999,0.309999,-0.000475,-0.029084,0.043715,1.022319,0.004395,0.002197,-0.000244,0,0,0,0,3000,3000,3000,3000,0,216,-441,00,0,0,5
398.730927,0.648438,-2.527344,0.000000,0.139999,0.309999,-0.000532,-0.029084,0.043715,1.022319,-0.004150,0.000000,-0.001709,0,0,0,0,3000,3000,3000,3000,0,222,-439,00,0,0,5
398.732880,0.648438,-2.527344,0.000000,0.139999,0.309999,-0.000523,-0.029084,0.043715,1.022319,0.005371,-0.000977,-0.000732,0,0,0,0,3000,3000,3000,3000,0,215,-438,00,0,0,5
398.734833,0.648438,-2.527344,0.000000,0.139999,0.309999,-0.000601,-0.029084,0.043715,1.022319,-0.002686,0.000000,0.000977,0,0,0,0,3000,3000,3000,3000,0,221,-439,00,0,0,5
398.736786,0.648438,-2.527344,0.000000,0.139999,0.309999,-0.000580,-0.029084,0.043715,1.022319,-0.002197,0.000000,0.001953,0,0,0,0,3000,3000,3000,3000,0,220,-439,00,0,0,5
398.738739,0.648438,-2.527344,0.000000,0.139999,0.309999,-0.000505,-0.029084,0.043715,1.022319,0.006348,0.000000,0.001465,0,0,0,0,3000,3000,3000,3000,0,214,-439,00,0,0,5
398.740692,0.648438,-2.527344,0.000000,0.139999,0.309999,-0.000458,-0.029084,0.043715,1.022319,-0.006348,-0.000977,-0.002197,0,0,0,0,3000,3000,3000,3000,0,223,-438,00,0,0,5
398.742645,0.648438,-2.527344,0.000000,0.139999,0.309999,-0.000479,-0.029084,0.043715,1.022319,0.006348,0.003174,0.001465,0,0,0,0,3000,3000,3000,3000,0,214,-442,00,0,0,5
398.744598,0.648438,-2.527344,0.000000,0.139999,0.309999,-0.000605,-0.029084,0.043715,1.022319,-0.006836,0.000000,0.000977,0,0,0,0,3000,3000,3000,3000,0,224,-439,00,0,0,5
398.746552,0.648438,-2.527344,0.000000,0.139999,0.309999,-0.000599,-0.029084,0.043715,1.022319,0.000000,-0.000977,-0.000732,0,0,0,0,3000,3000,3000,3000,0,219,-438,00,0,0,5
398.748505,0.648438,-2.527344,0.000000,0.139999,0.309999,-0.000526,-0.029084,0.043715,1.022319,0.000977,0.001709,0.000977,0,0,0,0,3000,3000,3000,3000,0,219,-440,00,0,0,5
398.750458,0.648438,-2.527344,0.000000,0.139999,0.309999,-0.000582,-0.029084,0.043715,1.022319,-0.005371,-0.001465,-0.000244,0,0,0,0,3000,3000,3000,3000,0,223,-437,00,0,0,5
398.752411,0.648438,-2.527344,0.000000,0.139999,0.309999,-0.000523,-0.029084,0.043715,1.022319,0.007568,-0.000488,-0.001221,0,0,0,0,3000,3000,3000,3000,0,214,-438,00,0,0,5
398.754364,0.648438,-2.527344,0.000000,0.139999,0.309999,-0.000446,-0.029084,0.043715,1.022319,-0.005371,0.000000,-0.001221,0,0,0,0,3000,3000,3000,3000,0,223,-438,00,0,0,5
398.756317,0.648438,-2.527344,0.000000,0.139999,0.309999,-0.000519,-0.029084,0.043715,1.022319,0.000977,0.000000,-0.000244,0,0,0,0,3000,3000,3000,3000,0,219,-438,00,0,0,5
398.758270,0.648438,-2.527344,0.000000,0.139999,0.309999,-0.000479,-0.029084,0.043715,1.022319,0.004883,-0.000488,0.001465,0,0,0,0,3000,3000,3000,3000,0,216,-438,00,0,0,5
398.760223,0.648438,-2.527344,0.000000,0.139999,0.309999,-0.000624,-0.029084,0.043715,1.022319,-0.001465,-0.000977,-0.003418,0,0,0,0,3000,3000,3000,3000,0,220,-437,00,0,0,5
398.762177,0.648438,-2.527344,0.000000,0.139999,0.309999,-0.000853,-0.029084,0.043715,1.022319,0.005371,0.002197,-0.001221,0,0,0,0,3000,3000,3000,3000,0,215,-440,00,0,0,5
398.764130,0.648438,-2.527344,0.000000,0.009998,0.049999,-0.000738,-0.029084,0.043715,1.022319,-0.006836,-0.002686,-0.001221,0,0,0,0,3000,3000,3000,3000,0,223,-435,00,0,0,5
398.766083,0.648438,-2.527344,0.000000,0.009998,0.049999,-0.001581,-0.029084,0.043715,1.022319,0.003174,0.000000,0.000977,0,0,0,0,3000,3000,3000,3000,0,217,-438,00,0,0,5
398.768036,0.648438,-2.527344,0.000000,0.009998,0.049999,-0.001537,-0.029084,0.043715,1.022319,0.000488,0.000488,0.000977,0,0,0,0,3000,3000,3000,3000,0,218,-438,00,0,0,5
398.769989,0.648438,-2.527344,0.000000,0.009998,0.049999,-0.001633,-0.029084,0.043715,1.022319,-0.001465,0.002197,-0.000732,0,0,0,0,3000,3000,3000,3000,0,220,-440,00,0,0,5
398.771942,0.648438,-2.527344,0.000000,0.009998,0.049999,-0.001665,-0.029084,0.043715,1.022319,0.010742,0.002686,0.001953,0,0,0,0,3000,3000,3000,3000,0,211,-441,00,0,0,5
398.773895,0.648438,-2.527344,0.000000,0.009998,0.049999,-0.001595,-0.029084,0.043715,1.022319,-0.005371,-0.000488,-0.001221,0,0,0,0,3000,3000,3000,3000,0,222,-438,00,0,0,5
398.775848,0.648438,-2.527344,0.000000,0.009998,0.049999,-0.001627,-0.029084,0.043715,1.022319,0.004395,0.000488,-0.001221,0,0,0,0,3000,3000,3000,3000,0,215,-439,00,0,0,5
398.777802,0.648438,-2.527344,0.000000,0.009998,0.049999,-0.001587,-0.029084,0.043715,1.022319,0.000977,0.002686,0.000244,0,0,0,0,3000,3000,3000,3000,0,217,-441,00,0,0,5
398.779755,0.648438,-2.527344,0.000000,0.009998,0.049999,-0.001637,-0.029084,0.043715,1.022319,-0.005371,0.000488,-0.002930,0,0,0,0,3000,3000,3000,3000,0,222,-439,00,0,0,5
398.781708,0.648438,-2.527344,0.000000,0.009998,0.049999,-0.001587,-0.029084,0.043715,1.022319,0.006836,-0.000977,0.001953,0,0,0,0,3000,3000,3000,3000,0,214,-438,00,0,0,5
398.783661,0.648438,-2.527344,0.000000,0.009998,0.049999,-0.001820,-0.029084,0.043715,1.022319,-0.008545,0.002197,0.000977,0,0,0,0,3000,3000,3000,3000,0,224,-441,00,0,0,5
398.785614,0.648438,-2.527344,0.000000,0.009998,0.049999,-0.001770,-0.029084,0.043715,1.022319,0.008545,0.000000,0.000977,0,0,0,0,3000,3000,3000,3000,0,213,-438,00,0,0,5
398.787567,0.648438,-2.527344,0.000000,0.009998,0.049999,-0.001633,-0.029084,0.043715,1.022319,-0.002197,0.000488,0.000244,0,0,0,0,3000,3000,3000,3000,0,220,-439,00,0,0,5
398.789520,0.648438,-2.527344,0.000000,0.009998,0.049999,-0.001818,-0.029084,0.043715,1.022319,0.000488,-0.001953,-0.000244,0,0,0,0,3000,3000,3000,3000,0,218,-436,00,0,0,5
398.791473,0.648438,-2.527344,0.000000,0.009998,0.049999,-0.001816,-0.029084,0.043715,1.022319,0.003662,-0.001465,0.002930,0,0,0,0,3000,3000,3000,3000,0,216,-437,00,0,0,5
398.793427,0.648438,-2.527344,0.000000,0.009998,0.049999,-0.001869,-0.029084,0.043715,1.022319,-0.007324,-0.002686,-0.001709,0,0,0,0,3000,3000,3000,3000,0,224,-435,00,0,0,5
398.795380,0.648438,-2.527344,0.000000,0.009998,0.049999,-0.001913,-0.029084,0.043715,1.022319,0.002686,-0.000488,0.001953,0,0,0,0,3000,3000,3000,3000,0,217,-437,00,0,0,5
398.797333,0.648438,-2.527344,0.000000,0.009998,0.049999,-0.001106,-0.029084,0.043715,1.022319,-0.004150,0.002197,0.001465,0,0,0,0,3000,3000,3000,3000,0,222,-439,00,0,0,5
398.799286,0.648438,-2.527344,0.000000,0.009998,0.049999,-0.001118,-0.029084,0.043715,1.022319,-0.001465,0.002197,0.000244,0,0,0,0,3000,3000,3000,3000,0,220,-440,00,0,0,5
398.801239,0.648438,-2.527344,0.000000,0.009998,0.049999,-0.001072,-0.029084,0.043715,1.022319,0.000488,0.001221,0.001953,0,0,0,0,3000,3000,3000,3000,0,219,-439,00,0,0,5
398.803192,0.648438,-2.527344,0.000000,0.009998,0.049999,-0.001005,-0.029084,0.043715,1.022319,-0.007324,-0.002686,-0.003418,0,0,0,0,3000,3000,3000,3000,0,225,-435,00,0,0,5
398.805145,0.648438,-2.527344,0.000000,0.009998,0.049999,-0.001009,-0.029084,0.043715,1.022319,0.003174,-0.000488,0.001953,0,0,0,0,3000,3000,3000,3000,0,218,-437,00,0,0,5
398.807098,0.648438,-2.527344,0.000000,0.009998,0.049999,-0.000931,-0.029084,0.043715,1.022319,-0.003174,0.003174,-0.000244,0,0,0,0,3000,3000,3000,3000,0,222,-441,00,0,0,5
398.809052,0.648438,-2.527344,0.000000,0.009998,0.049999,-0.000998,-0.029084,0.043715,1.022319,0.001709,-0.001953,-0.005615,0,0,0,0,3000,3000,3000,3000,0,219,-436,00,0,0,5
398.811005,0.648438,-2.527344,0.000000,0.009998,0.049999,-0.000914,-0.029084,0.043715,1.022319,0.003662,0.002197,0.004150,0,0,0,0,3000,3000,3000,3000,0,217,-440,00,0,0,5
398.812958,0.648438,-2.527344,0.000000,0.009998,0.049999,-0.000914,-0.029084,0.043715,1.022319,-0.006836,-0.001465,-0.001221,0,0,0,0,3000,3000,3000,3000,0,224,-437,00,0,0,5
398.814911,0.648438,-2.527344,0.000000,0.009998,0.049999,-0.000931,-0.029084,0.043715,1.022319,0.006836,-0.001953,-0.000732,0,0,0,0,3000,3000,3000,3000,0,215,-436,00,0,0,5
398.816864,0.648438,-2.527344,0.000000,0.009998,0.049999,-0.000998,-0.029084,0.043715,1.022319,-0.003174,0.000488,0.001953,0,0,0,0,3000,3000,3000,3000,0,221,-438,00,0,0,5
398.818817,0.648438,-2.527344,0.000000,0.009998,0.049999,-0.001055,-0.029084,0.043715,1.022319,0.003662,-0.003174,-0.000244,0,0,0,0,3000,3000,3000,3000,0,216,-435,00,0,0,5
398.820770,0.648438,-2.527344,0.000000,0.009998,0.049999,-0.001005,-0.029084,0.043715,1.022319,0.002686,0.002197,0.000977,0,0,0,0,3000,3000,3000,3000,0,217,-439,00,0,0,5
398.822723,0.648438,-2.527344,0.000000,0.009998,0.049999,-0.001059,-0.029084,0.043715,1.022319,-0.004150,0.001221,-0.001709,0,0,0,0,3000,3000,3000,3000,0,222,-439,00,0,0,5
398.824677,0.648438,-2.527344,0.000000,0.009998,0.049999,-0.001076,-0.029084,0.043715,1.022319,0.004883,-0.001953,0.003662,0,0,0,0,3000,3000,3000,3000,0,215,-436,00,0,0,5
398.826630,0.648438,-2.527344,0.000000,0.009998,0.049999,-0.001217,-0.029084,0.043715,1.022319,-0.006836,-0.000488,-0.001221,0,0,0,0,3000,3000,3000,3000,0,223,-437,00,0,0,5
398.828583,0.648438,-2.527344,0.000000,0.009998,0.049999,-0.001188,-0.029084,0.043715,1.022319,0.002686,-0.001465,-0.000732,0,0,0,0,3000,3000,3000,3000,0,217,-436,00,0,0,5
398.830536,0.648438,-2.527344,0.000000,0.009998,0.049999,-0.001099,-0.029084,0.043715,1.022319,-0.001465,-0.000977,0.002441,0,0,0,0,3000,3000,3000,3000,0,220,-436,00,0,0,5
398.832520,0.648438,-2.527344,0.000000,0.009998,0.049999,-0.001034,-0.029084,0.043715,1.022319,-0.008057,0.001221,-0.000732,0,0,0,0,3000,3000,3000,3000,0,225,-439,00,0,0,5
398.834442,0.648438,-2.527344,0.000000,0.009998,0.049999,-0.001139,-0.029084,0.043715,1.022319,0.006348,0.000488,0.003662,0,0,0,0,3000,3000,3000,3000,0,215,-438,00,0,0,5
398.836395,0.648438,-2.527344,0.000000,0.009998,0.049999,-0.001347,-0.029084,0.043715,1.022319,-0.005859,-0.001465,0.001953,0,0,0,0,3000,3000,3000,3000,0,223,-436,00,0,0,5
398.838348,0.648438,-2.527344,0.000000,0.009998,0.049999,-0.001411,-0.029084,0.043715,1.022319,0.004395,0.001221,0.000244,0,0,0,0,3000,3000,3000,3000,0,216,-439,00,0,0,5
398.840302,0.648438,-2.527344,0.000000,0.009998,0.049999,-0.001341,-0.029084,0.043715,1.022319,-0.000488,0.002197,-0.000244,0,0,0,0,3000,3000,3000,3000,0,219,-440,00,0,0,5
398.842255,0.648438,-2.527344,0.000000,0.009998,0.049999,-0.001314,-0.029084,0.043715,1.022319,-0.005859,0.001221,-0.000244,0,0,0,0,3000,3000,3000,3000,0,223,-439,00,0,0,5
398.844208,0.648438,-2.527344,0.000000,0.009998,0.049999,-0.001312,-0.029084,0.043715,1.022319,0.005859,0.000000,0.002930,0,0,0,0,3000,3000,3000,3000,0,215,-438,00,0,0,5
398.846161,0.648438,-2.527344,0.000000,0.009998,0.049999,-0.001293,-0.029084,0.043715,1.022319,-0.006836,0.000488,-0.000732,0,0,0,0,3000,3000,3000,3000,0,224,-439,00,0,0,5
398.848114,0.648438,-2.527344,0.000000,0.009998,0.049999,-0.001343,-0.029084,0.043715,1.022319,0.008545,-0.002686,0.002930,0,0,0,0,3000,3000,3000,3000,0,213,-436,00,0,0,5
398.850067,0.648438,-2.527344,0.000000,0.009998,0.049999,-0.001333,-0.029084,0.043715,1.022319,0.000000,0.004395,0.000244,0,0,0,0,3000,3000,3000,3000,0,219,-442,00,0,0,5
398.852020,0.648438,-2.527344,0.000000,0.009998,0.049999,-0.001471,-0.029084,0.043715,1.022319,-0.004883,0.001221,-0.000732,0,0,0,0,3000,3000,3000,3000,0,222,-440,00,0,0,5
398.854004,0.648438,-2.527344,0.000000,0.009998,0.049999,-0.001484,-0.029084,0.043715,1.022319,0.005859,-0.000977,0.001465,0,0,0,0,3000,3000,3000,3000,0,214,-438,00,0,0,5
398.855927,0.648438,-2.527344,0.000000,0.009998,0.049999,-0.001385,-0.029084,0.043715,1.022319,-0.006348,0.002197,-0.000732,0,0,0,0,3000,3000,3000,3000,0,223,-441,00,0,0,5
398.857880,0.648438,-2.527344,0.000000,0.009998,0.049999,-0.001127,-0.029084,0.043715,1.022319,0.005371,0.002197,-0.000244,0,0,0,0,3000,3000,3000,3000,0,215,-441,00,0,0,5
398.859833,0.648438,-2.527344,0.000000,0.009998,0.049999,-0.001099,-0.029084,0.043715,1.022319,-0.004150,0.002197,-0.003418,0,0,0,0,3000,3000,3000,3000,0,222,-441,00,0,0,5
398.861786,0.648438,-2.527344,0.000000,0.009998,0.049999,-0.001245,-0.029084,0.043715,1.022319,-0.002197,0.002197,0.000244,0,0,0,0,3000,3000,3000,3000,0,220,-441,00,0,0,5
398.863739,0.648438,-2.527344,0.000000,0.009998,0.049999,-0.001213,-0.029084,0.043715,1.022319,0.004883,0.002686,0.002441,0,0,0,0,3000,3000,3000,3000,0,215,-442,00,0,0,5
398.865692,0.648438,-2.527344,0.000000,0.009998,0.049999,-0.001314,-0.029084,0.043715,1.022319,-0.008545,-0.000488,-0.000244,0,0,0,0,3000,3000,3000,3000,0,225,-439,00,0,0,5
398.867645,0.648438,-2.527344,0.000000,-0.119999,-0.299999,-0.001278,-0.029084,0.043715,1.022319,0.003662,0.000000,0.003662,0,0,0,0,3000,3000,3000,3000,0,216,-439,00,0,0,5
398.869598,0.648438,-2.527344,0.000000,-0.119999,-0.299999,-0.001907,-0.029084,0.043715,1.022319,-0.003662,0.001709,0.000244,0,0,0,0,3000,3000,3000,3000,0,222,-441,00,0,0,5
398.871552,0.648438,-2.527344,0.000000,-0.119999,-0.299999,-0.001875,-0.029084,0.043715,1.022319,-0.000977,-0.000488,-0.000244,0,0,0,0,3000,3000,3000,3000,0,220,-439,00,0,0,5
398.873505,0.648438,-2.527344,0.000000,-0.119999,-0.299999,-0.001804,-0.029084,0.043715,1.022319,0.002686,0.000488,0.002441,0,0,0,0,3000,3000,3000,3000,0,217,-439,00,0,0,5
398.875458,0.648438,-2.527344,0.000000,-0.119999,-0.299999,0.000214,-0.029084,0.043715,1.022319,-0.009033,0.000000,-0.001221,0,0,0,0,3000,3000,3000,3000,0,226,-439,00,0,0,5
398.877411,0.648438,-2.527344,0.000000,-0.119999,-0.299999,0.000235,-0.029084,0.043715,1.022319,0.005859,0.001709,0.000244,0,0,0,0,3000,3000,3000,3000,0,215,-440,00,0,0,5
398.879364,0.648438,-2.527344,0.000000,-0.119999,-0.299999,0.000212,-0.029084,0.043715,1.022319,-0.003662,0.001709,-0.001709,0,0,0,0,3000,3000,3000,3000,0,222,-440,00,0,0,5
398.881317,0.648438,-2.527344,0.000000,-0.119999,-0.299999,0.000172,-0.029084,0.043715,1.022319,0.003662,-0.001465,-0.002197,0,0,0,0,3000,3000,3000,3000,0,216,-437,00,0,0,5
398.883270,0.648438,-2.527344,0.000000,-0.119999,-0.299999,0.000143,-0.029084,0.043715,1.022319,0.002686,0.001221,0.001465,0,0,0,0,3000,3000,3000,3000,0,217,-440,00,0,0,5
398.885223,0.648438,-2.527344,0.000000,-0.119999,-0.299999,0.000202,-0.029084,0.043715,1.022319,-0.004883,0.002686,-0.001709,0,0,0,0,3000,3000,3000,3000,0,222,-441,00,0,0,5
398.887177,0.648438,-2.527344,0.000000,-0.119999,-0.299999,0.000065,-0.029084,0.043715,1.022319,0.009033,0.002197,0.002441,0,0,0,0,3000,3000,3000,3000,0,212,-441,00,0,0,5
398.889130,0.648438,-2.527344,0.000000,-0.119999,-0.299999,-0.000044,-0.029084,0.043715,1.022319,-0.008545,-0.000488,-0.001709,0,0,0,0,3000,3000,3000,3000,0,224,-438,00,0,0,5
398.891083,0.648438,-2.527344,0.000000,-0.119999,-0.299999,-0.000118,-0.029084,0.043715,1.022319,0.000488,-0.001953,-0.000244,0,0,0,0,3000,3000,3000,3000,0,218,-437,00,0,0,5
398.893036,0.648438,-2.527344,0.000000,-0.119999,-0.299999,-0.000153,-0.029084,0.043715,1.022319,0.003662,-0.001465,0.002930,0,0,0,0,3000,3000,3000,3000,0,216,-437,00,0,0,5
398.894989,0.648438,-2.527344,0.000000,-0.119999,-0.299999,-0.000210,-0.029084,0.043715,1.022319,-0.006836,-0.002686,0.000977,0,0,0,0,3000,3000,3000,3000,0,223,-435,00,0,0,5
398.896942,0.648438,-2.527344,0.000000,-0.119999,-0.299999,-0.000210,-0.029084,0.043715,1.022319,0.009033,0.001709,0.003418,0,0,0,0,3000,3000,3000,3000,0,212,-439,00,0,0,5
398.898895,0.648438,-2.527344,0.000000,-0.119999,-0.299999,0.000029,-0.029084,0.043715,1.022319,-0.010010,0.000000,0.002441,0,0,0,0,3000,3000,3000,3000,0,226,-437,00,0,0,5
398.900848,0.648438,-2.527344,0.000000,-0.119999,-0.299999,0.000025,-0.029084,0.043715,1.022319,0.004883,-0.000977,-0.000244,0,0,0,0,3000,3000,3000,3000,0,215,-436,00,0,0,5
398.902802,0.648438,-2.527344,0.000000,-0.119999,-0.299999,-0.000065,-0.029084,0.043715,1.022319,-0.003174,0.001709,0.001465,0,0,0,0,3000,3000,3000,3000,0,221,-439,00,0,0,5
398.904755,0.648438,-2.527344,0.000000,-0.119999,-0.299999,-0.000044,-0.029084,0.043715,1.022319,-0.001465,-0.002686,-0.000732,0,0,0,0,3000,3000,3000,3000,0,220,-435,00,0,0,5
398.906708,0.648438,-2.527344,0.000000,-0.119999,-0.299999,0.000000,-0.029084,0.043715,1.022319,0.005859,0.000000,0.001953,0,0,0,0,3000,3000,3000,3000,0,215,-437,00,0,0,5
398.908661,0.648438,-2.527344,0.000000,-0.119999,-0.299999,-0.000170,-0.029084,0.043715,1.022319,-0.005859,-0.000488,-0.001221,0,0,0,0,3000,3000,3000,3000,0,223,-437,00,0,0,5
398.910614,0.648438,-2.527344,0.000000,-0.119999,-0.299999,-0.000013,-0.029084,0.043715,1.022319,0.000488,0.000488,0.003418,0,0,0,0,3000,3000,3000,3000,0,218,-438,00,0,0,5
398.912567,0.648438,-2.527344,0.000000,-0.119999,-0.299999,0.000128,-0.029084,0.043715,1.022319,-0.000488,0.002197,0.004150,0,0,0,0,3000,3000,3000,3000,0,219,-439,00,0,0,5
398.914520,0.648438,-2.527344,0.000000,-0.119999,-0.299999,0.000231,-0.029145,0.043715,1.022319,-0.005371,-0.001465,-0.001221,0,0,0,0,3000,3000,3000,3000,0,223,-436,00,0,0,5
398.916473,0.648438,-2.527344,0.000000,-0.119999,-0.299999,0.000267,-0.029145,0.043715,1.022319,-0.000488,0.002197,0.003418,0,0,0,0,3000,3000,3000,3000,0,220,-440,00,0,0,5
398.918427,0.648438,-2.527344,0.000000,-0.119999,-0.299999,0.000202,-0.029145,0.043715,1.022319,-0.006836,0.001221,0.000977,0,0,0,0,3000,3000,3000,3000,0,225,-439,00,0,0,5
398.920380,0.648438,-2.527344,0.000000,-0.119999,-0.299999,0.000174,-0.029145,0.043715,1.022319,0.009521,-0.001465,-0.001221,0,0,0,0,3000,3000,3000,3000,0,213,-437,00,0,0,5
398.922333,0.648438,-2.527344,0.000000,-0.119999,-0.299999,0.000151,-0.029145,0.043715,1.022319,-0.005371,0.004883,0.000244,0,0,0,0,3000,3000,3000,3000,0,223,-443,00,0,0,5
398.924286,0.648438,-2.527344,0.000000,-0.119999,-0.299999,0.000092,-0.029145,0.043715,1.022319,0.000977,0.000488,0.000244,0,0,0,0,3000,3000,3000,3000,0,219,-439,00,0,0,5
398.928192,0.648438,-2.527344,0.000000,-0.119999,-0.299999,0.000023,-0.029145,0.043715,1.022319,0.004883,0.002686,-0.000732,0,0,0,0,3000,3000,3000,3000,0,216,-441,00,0,0,5
398.930145,0.648438,-2.527344,0.000000,-0.119999,-0.299999,-0.000170,-0.029085,0.043776,1.022424,0.007568,0.002197,0.000244,0,0,0,0,3000,3000,3000,3000,0,213,-442,00,0,0,5
398.932098,0.648438,-2.527344,0.000000,-0.119999,-0.299999,-0.000254,-0.029085,0.043776,1.022424,-0.002686,0.000488,-0.000732,0,0,0,0,3000,3000,3000,3000,0,219,-440,00,0,0,5
398.934052,0.648438,-2.527344,0.000000,-0.119999,-0.299999,-0.000237,-0.029085,0.043776,1.022424,-0.002197,-0.000977,0.001465,0,0,0,0,3000,3000,3000,3000,0,219,-439,00,0,0,5
398.936005,0.648438,-2.527344,0.000000,-0.119999,-0.299999,-0.000191,-0.029085,0.043776,1.022424,0.007568,0.001709,-0.000244,0,0,0,0,3000,3000,3000,3000,0,212,-441,00,0,0,5
398.937958,0.648438,-2.527344,0.000000,-0.119999,-0.299999,-0.000324,-0.029085,0.043776,1.022424,-0.005371,0.001709,-0.003906,0,0,0,0,3000,3000,3000,3000,0,221,-441,00,0,0,5
398.939941,0.648438,-2.527344,0.000000,-0.119999,-0.299999,-0.000250,-0.029085,0.043776,1.022424,0.006348,0.000000,0.001953,0,0,0,0,3000,3000,3000,3000,0,213,-440,00,0,0,5
398.941864,0.648438,-2.527344,0.000000,-0.119999,-0.299999,-0.000113,-0.029085,0.043776,1.022424,-0.006836,0.000000,-0.001221,0,0,0,0,3000,3000,3000,3000,0,223,-439,00,0,0,5
398.943817,0.648438,-2.527344,0.000000,-0.119999,-0.299999,-0.000128,-0.029085,0.043776,1.022424,0.003174,0.001709,0.000977,0,0,0,0,3000,3000,3000,3000,0,216,-441,00,0,0,5
398.945770,0.648438,-2.527344,0.000000,-0.119999,-0.299999,-0.000252,-0.029085,0.043776,1.022424,-0.000488,0.001709,0.000244,0,0,0,0,3000,3000,3000,3000,0,219,-441,00,0,0,5
398.947723,0.648438,-2.527344,0.000000,-0.119999,-0.299999,-0.000214,-0.029085,0.043776,1.022424,-0.004150,-0.000488,-0.006592,0,0,0,0,3000,3000,3000,3000,0,221,-439,00,0,0,5
398.949677,0.648438,-2.527344,0.000000,-0.119999,-0.299999,-0.000160,-0.029085,0.043776,1.022424,0.004395,-0.001953,-0.000244,0,0,0,0,3000,3000,3000,3000,0,216,-437,00,0,0,5
398.951630,0.648438,-2.527344,0.000000,-0.119999,-0.299999,-0.000166,-0.029085,0.043776,1.022424,-0.000488,0.001709,-0.001221,0,0,0,0,3000,3000,3000,3000,0,219,-441,00,0,0,5
398.953583,0.648438,-2.527344,0.000000,-0.119999,-0.299999,-0.000086,-0.029085,0.043776,1.022424,0.002197,-0.003662,-0.001221,0,0,0,0,3000,3000,3000,3000,0,217,-435,00,0,0,5
398.955536,0.648438,-2.527344,0.000000,-0.119999,-0.299999,-0.003328,-0.029085,0.043776,1.022424,0.000000,0.003174,0.001953,0,0,0,0,3000,3000,3000,3000,0,219,-441,00,0,0,5
398.957489,0.648438,-2.527344,0.000000,-0.119999,-0.299999,-0.003315,-0.029085,0.043776,1.022424,-0.005859,-0.000488,0.001465,0,0,0,0,3000,3000,3000,3000,0,223,-438,00,0,0,5
398.959442,0.648438,-2.527344,0.000000,-0.119999,-0.299999,-0.003302,-0.029085,0.043776,1.022424,0.010742,0.000000,0.000244,0,0,0,0,3000,3000,3000,3000,0,211,-439,00,0,0,5
398.961395,0.648438,-2.527344,0.000000,-0.119999,-0.299999,-0.003222,-0.029085,0.043776,1.022424,-0.005371,0.000488,0.001465,0,0,0,0,3000,3000,3000,3000,0,222,-439,00,0,0,5
398.963348,0.648438,-2.527344,0.000000,-0.119999,-0.299999,-0.003269,-0.029085,0.043776,1.022424,0.004395,-0.000488,0.001953,0,0,0,0,3000,3000,3000,3000,0,215,-438,00,0,0,5
398.965302,0.648438,-2.527344,0.000000,0.009998,0.039999,-0.003027,-0.029085,0.043776,1.022424,-0.001465,0.002686,-0.000244,0,0,0,0,3000,3000,3000,3000,0,220,-441,00,0,0,5
398.967255,0.648438,-2.527344,0.000000,0.009998,0.039999,-0.003122,-0.029085,0.043776,1.022424,-0.007324,0.003174,-0.001221,0,0,0,0,3000,3000,3000,3000,0,224,-442,00,0,0,5
398.969208,0.648438,-2.527344,0.000000,0.009998,0.039999,-0.003191,-0.029049,0.043802,1.022444,0.004883,-0.000488,0.001953,0,0,0,0,3000,3000,3000,3000,0,216,-439,00,0,0,5
398.971161,0.648438,-2.527344,0.000000,0.009998,0.039999,-0.003244,-0.029085,0.043776,1.022424,-0.005859,-0.000977,-0.001221,0,0,0,0,3000,3000,3000,3000,0,224,-438,00,0,0,5
398.973114,0.648438,-2.527344,0.000000,0.009998,0.039999,-0.003069,-0.029085,0.043776,1.022424,0.004395,-0.000977,-0.000732,0,0,0,0,3000,3000,3000,3000,0,216,-438,00,0,0,5
398.975067,0.648438,-2.527344,0.000000,0.009998,0.039999,-0.003052,-0.029085,0.043776,1.022424,0.000000,0.000488,0.001465,0,0,0,0,3000,3000,3000,3000,0,219,-439,00,0,0,5
398.977020,0.648438,-2.527344,0.000000,0.009998,0.039999,-0.002977,-0.029085,0.043776,1.022424,-0.002197,0.000488,0.000244,0,0,0,0,3000,3000,3000,3000,0,221,-439,00,0,0,5
398.978973,0.648438,-2.527344,0.000000,0.009998,0.039999,-0.003014,-0.029085,0.043776,1.022424,0.005371,-0.000977,0.000244,0,0,0,0,3000,3000,3000,3000,0,215,-438,00,0,0,5
398.980927,0.648438,-2.527344,0.000000,0.009998,0.039999,-0.003191,-0.029085,0.043776,1.022424,-0.008545,0.000488,-0.001221,0,0,0,0,3000,3000,3000,3000,0,225,-439,00,0,0,5
398.982880,0.648438,-2.527344,0.000000,0.009998,0.039999,-0.002964,-0.029085,0.043776,1.022424,0.004883,0.001221,0.001953,0,0,0,0,3000,3000,3000,3000,0,216,-440,00,0,0,5
398.984833,0.648438,-2.527344,0.000000,0.009998,0.039999,-0.002956,-0.029085,0.043776,1.022424,-0.003174,-0.000488,-0.000732,0,0,0,0,3000,3000,3000,3000,0,222,-438,00,0,0,5
398.986786,0.648438,-2.527344,0.000000,0.009998,0.039999,-0.002951,-0.029085,0.043776,1.022424,0.000000,-0.000488,-0.001709,0,0,0,0,3000,3000,3000,3000,0,219,-438,00,0,0,5
398.988739,0.648438,-2.527344,0.000000,0.009998,0.039999,-0.003151,-0.029085,0.043776,1.022424,0.005859,0.001221,0.001465,0,0,0,0,3000,3000,3000,3000,0,215,-440,00,0,0,5
398.990692,0.648438,-2.527344,0.000000,0.009998,0.039999,-0.003317,-0.029085,0.043776,1.022424,-0.007324,0.004395,-0.000732,0,0,0,0,3000,3000,3000,3000,0,224,-443,00,0,0,5
398.992645,0.648438,-2.527344,0.000000,0.009998,0.039999,-0.003321,-0.029085,0.043776,1.022424,0.004883,-0.000488,0.000244,0,0,0,0,3000,3000,3000,3000,0,216,-439,00,0,0,5
398.994598,0.648438,-2.527344,0.000000,0.009998,0.039999,-0.003279,-0.029085,0.043776,1.022424,-0.002197,0.000000,-0.000244,0,0,0,0,3000,3000,3000,3000,0,221,-439,00,0,0,5
398.996552,0.648438,-2.527344,0.000000,0.009998,0.039999,-0.003340,-0.029085,0.043776,1.022424,-0.003174,0.000000,-0.002930,0,0,0,0,3000,3000,3000,3000,0,222,-439,00,0,0,5
398.998505,0.648438,-2.527344,0.000000,0.009998,0.039999,-0.003536,-0.029085,0.043776,1.022424,0.005371,0.000000,-0.000732,0,0,0,0,3000,3000,3000,3000,0,216,-439,00,0,0,5
399.000458,0.648438,-2.527344,0.000000,0.009998,0.039999,-0.003529,-0.029085,0.043776,1.022424,-0.006836,-0.002686,-0.002930,0,0,0,0,3000,3000,3000,3000,0,224,-436,00,0,0,5
399.002411,0.648438,-2.527344,0.000000,0.009998,0.039999,-0.003578,-0.029085,0.043776,1.022424,0.004883,-0.001465,0.002441,0,0,0,0,3000,3000,3000,3000,0,216,-437,00,0,0,5
399.004364,0.648438,-2.527344,0.000000,0.009998,0.039999,-0.003487,-0.029085,0.043776,1.022424,-0.004883,0.001709,0.000244,0,0,0,0,3000,3000,3000,3000,0,223,-440,00,0,0,5
399.006317,0.648438,-2.527344,0.000000,0.009998,0.039999,-0.003248,-0.029085,0.043776,1.022424,-0.002686,0.000000,-0.000732,0,0,0,0,3000,3000,3000,3000,0,221,-438,00,0,0,5
399.008270,0.648438,-2.527344,0.000000,0.009998,0.039999,-0.003222,-0.029085,0.043776,1.022424,0.001709,0.000000,0.001953,0,0,0,0,3000,3000,3000,3000,0,218,-438,00,0,0,5
399.010223,0.648438,-2.527344,0.000000,0.009998,0.039999,-0.003309,-0.029085,0.043776,1.022424,-0.006836,0.000488,-0.000732,0,0,0,0,3000,3000,3000,3000,0,225,-439,00,0,0,5
399.012177,0.648438,-2.527344,0.000000,0.009998,0.039999,-0.003525,-0.029085,0.043776,1.022424,0.005859,-0.000977,0.000977,0,0,0,0,3000,3000,3000,3000,0,216,-438,00,0,0,5
399.014130,0.648438,-2.527344,0.000000,0.009998,0.039999,-0.003441,-0.029085,0.043776,1.022424,-0.006348,0.004395,-0.000244,0,0,0,0,3000,3000,3000,3000,0,224,-443,00,0,0,5
399.016083,0.648438,-2.527344,0.000000,0.009998,0.039999,-0.003473,-0.029085,0.043776,1.022424,0.003662,-0.000488,-0.002197,0,0,0,0,3000,3000,3000,3000,0,217,-438,00,0,0,5
399.018036,0.648438,-2.527344,0.000000,0.009998,0.039999,-0.003475,-0.029085,0.043776,1.022424,-0.000488,0.000488,0.002930,0,0,0,0,3000,3000,3000,3000,0,220,-439,00,0,0,5
399.019989,0.648438,-2.527344,0.000000,0.009998,0.039999,-0.003447,-0.029085,0.043776,1.022424,0.000000,-0.000488,-0.001221,0,0,0,0,3000,3000,3000,3000,0,219,-438,00,0,0,5
399.021942,0.648438,-2.527344,0.000000,0.009998,0.039999,-0.003462,-0.029085,0.043776,1.022424,0.006348,0.002197,0.003662,0,0,0,0,3000,3000,3000,3000,0,215,-441,00,0,0,5
399.023895,0.648438,-2.527344,0.000000,0.009998,0.039999,-0.003429,-0.029085,0.043776,1.022424,-0.006836,-0.000488,-0.003418,0,0,0,0,3000,3000,3000,3000,0,224,-439,00,0,0,5
399.025848,0.648438,-2.527344,0.000000,0.009998,0.039999,-0.003586,-0.029085,0.043776,1.022424,0.006348,-0.000977,-0.000732,0,0,0,0,3000,3000,3000,3000,0,214,-438,00,0,0,5
399.027802,0.648438,-2.527344,0.000000,0.009998,0.039999,-0.003544,-0.029085,0.043776,1.022424,-0.003174,0.002197,0.000244,0,0,0,0,3000,3000,3000,3000,0,221,-441,00,0,0,5
399.029755,0.648438,-2.527344,0.000000,0.009998,0.039999,-0.003500,-0.029085,0.043776,1.022424,-0.008057,0.001221,-0.001221,0,0,0,0,3000,3000,3000,3000,0,225,-440,00,0,0,5
399.031708,0.648438,-2.527344,0.000000,0.009998,0.039999,-0.003508,-0.029085,0.043776,1.022424,0.004883,-0.000977,0.004639,0,0,0,0,3000,3000,3000,3000,0,216,-438,00,0,0,5
399.033661,0.648438,-2.527344,0.000000,0.009998,0.039999,-0.000408,-0.029085,0.043776,1.022424,-0.007324,0.000000,-0.000732,0,0,0,0,3000,3000,3000,3000,0,225,-439,00,0,0,5
399.035614,0.648438,-2.527344,0.000000,0.009998,0.039999,-0.000347,-0.029085,0.043776,1.022424,0.006348,-0.000488,-0.001221,0,0,0,0,3000,3000,3000,3000,0,215,-438,00,0,0,5
399.037567,0.648438,-2.527344,0.000000,0.009998,0.039999,-0.000418,-0.029085,0.043776,1.022424,-0.002197,0.000000,0.000977,0,0,0,0,3000,3000,3000,3000,0,221,-439,00,0,0,5
399.039520,0.648438,-2.527344,0.000000,0.009998,0.039999,-0.000393,-0.029085,0.043776,1.022424,0.002197,0.003662,-0.003906,0,0,0,0,3000,3000,3000,3000,0,217,-442,00,0,0,5
399.041473,0.648438,-2.527344,0.000000,0.009998,0.039999,-0.000555,-0.029085,0.043776,1.022424,0.004883,0.001709,0.000244,0,0,0,0,3000,3000,3000,3000,0,215,-441,00,0,0,5
399.043427,0.648438,-2.527344,0.000000,0.009998,0.039999,-0.000631,-0.029085,0.043776,1.022424,-0.005859,0.000000,0.001465,0,0,0,0,3000,3000,3000,3000,0,223,-439,00,0,0,5
399.045380,0.648438,-2.527344,0.000000,0.009998,0.039999,-0.000582,-0.029085,0.043776,1.022424,0.004395,0.002197,0.001953,0,0,0,0,3000,3000,3000,3000,0,215,-441,00,0,0,5
399.047333,0.648438,-2.527344,0.000000,0.009998,0.039999,-0.000528,-0.029085,0.043776,1.022424,-0.001465,0.000488,0.000244,0,0,0,0,3000,3000,3000,3000,0,220,-440,00,0,0,5
399.049286,0.648438,-2.527344,0.000000,0.009998,0.039999,-0.000656,-0.029085,0.043776,1.022424,-0.005859,-0.000488,0.000977,0,0,0,0,3000,3000,3000,3000,0,223,-439,00,0,0,5
399.051239,0.648438,-2.527344,0.000000,0.009998,0.039999,-0.000530,-0.029085,0.043776,1.022424,0.006836,0.001709,0.001465,0,0,0,0,3000,3000,3000,3000,0,214,-441,00,0,0,5
399.053192,0.648438,-2.527344,0.000000,0.009998,0.039999,-0.000460,-0.029085,0.043776,1.022424,-0.008057,0.003174,-0.001221,0,0,0,0,3000,3000,3000,3000,0,224,-442,00,0,0,5
399.055145,0.648438,-2.527344,0.000000,0.009998,0.039999,-0.000298,-0.029085,0.043776,1.022424,0.005859,-0.001953,0.001465,0,0,0,0,3000,3000,3000,3000,0,215,-438,00,0,0,5
399.057098,0.648438,-2.527344,0.000000,0.009998,0.039999,-0.000282,-0.029085,0.043776,1.022424,-0.000488,-0.000488,0.001953,0,0,0,0,3000,3000,3000,3000,0,219,-439,00,0,0,5
399.059052,0.648438,-2.527344,0.000000,0.009998,0.039999,-0.000263,-0.029085,0.043776,1.022424,0.001709,-0.001465,0.002930,0,0,0,0,3000,3000,3000,3000,0,217,-438,00,0,0,5
399.061005,0.648438,-2.527344,0.000000,0.009998,0.039999,-0.000284,-0.029085,0.043776,1.022424,-0.002197,0.002197,0.003418,0,0,0,0,3000,3000,3000,3000,0,220,-441,00,0,0,5
399.062958,0.648438,-2.527344,0.000000,0.009998,0.039999,-0.000484,-0.029085,0.043776,1.022424,-0.006348,0.000000,-0.000244,0,0,0,0,3000,3000,3000,3000,0,223,-439,00,0,0,5
399.064911,0.648438,-2.527344,0.000000,0.009998,0.039999,-0.000540,-0.029085,0.043776,1.022424,0.008057,-0.001953,-0.001221,0,0,0,0,3000,3000,3000,3000,0,213,-437,00,0,0,5
399.066864,0.648438,-2.527344,0.000000,0.009998,0.039999,-0.000719,-0.029085,0.043776,1.022424,-0.004150,0.000000,0.001465,0,0,0,0,3000,3000,3000,3000,0,222,-439,00,0,0,5
399.068817,0.648438,-2.527344,0.000000,0.009998,0.039999,-0.000841,-0.029085,0.043776,1.022424,-0.000488,0.000488,0.002930,0,0,0,0,3000,3000,3000,3000,0,219,-439,00,0,0,5
399.070770,0.648438,-2.527344,0.000000,0.070000,0.169998,-0.000864,-0.029049,0.043802,1.022444,0.001709,0.001221,0.000244,0,0,0,0,3000,3000,3000,3000,0,218,-440,00,0,0,5
399.072723,0.648438,-2.527344,0.000000,0.070000,0.169998,-0.001842,-0.029085,0.043776,1.022424,-0.009033,-0.002686,-0.002930,0,0,0,0,3000,3000,3000,3000,0,225,-436,00,0,0,5
399.074677,0.648438,-2.527344,0.000000,0.070000,0.169998,-0.001890,-0.029085,0.043776,1.022424,0.006348,0.002197,-0.000244,0,0,0,0,3000,3000,3000,3000,0,215,-440,00,0,0,5
399.076630,0.648438,-2.527344,0.000000,0.070000,0.169998,-0.001677,-0.029085,0.043776,1.022424,-0.008057,0.001221,0.001465,0,0,0,0,3000,3000,3000,3000,0,225,-440,00,0,0,5
399.078583,0.648438,-2.527344,0.000000,0.070000,0.169998,-0.001631,-0.029085,0.043776,1.022424,0.003174,-0.002686,0.001465,0,0,0,0,3000,3000,3000,3000,0,217,-436,00,0,0,5
399.080536,0.648438,-2.527344,0.000000,0.070000,0.169998,-0.001654,-0.029085,0.043776,1.022424,0.002197,-0.000977,-0.000732,0,0,0,0,3000,3000,3000,3000,0,218,-437,00,0,0,5
399.082489,0.648438,-2.527344,0.000000,0.070000,0.169998,-0.001684,-0.029085,0.043776,1.022424,-0.004150,0.002686,-0.000244,0,0,0,0,3000,3000,3000,3000,0,222,-441,00,0,0,5
399.084442,0.648438,-2.527344,0.000000,0.070000,0.169998,-0.001802,-0.029085,0.043776,1.022424,0.005371,0.002197,0.001465,0,0,0,0,3000,3000,3000,3000,0,215,-441,00,0,0,5
399.086395,0.648438,-2.527344,0.000000,0.070000,0.169998,-0.001894,-0.029085,0.043776,1.022424,-0.004883,-0.003174,-0.001709,0,0,0,0,3000,3000,3000,3000,0,222,-436,00,0,0,5
399.088348,0.648438,-2.527344,0.000000,0.070000,0.169998,-0.001919,-0.029085,0.043776,1.022424,0.002686,0.001221,0.000977,0,0,0,0,3000,3000,3000,3000,0,217,-440,00,0,0,5
399.090302,0.648438,-2.527344,0.000000,0.070000,0.169998,-0.001984,-0.029085,0.043776,1.022424,-0.000977,0.000488,-0.001221,0,0,0,0,3000,3000,3000,3000,0,220,-439,00,0,0,5
399.092255,0.648438,-2.527344,0.000000,0.070000,0.169998,-0.001982,-0.029146,0.043837,1.022424,-0.008057,-0.000488,0.000977,0,0,0,0,3000,3000,3000,3000,0,225,-438,00,0,0,5
399.094208,0.648438,-2.527344,0.000000,0.070000,0.169998,-0.001980,-0.029146,0.043837,1.022424,0.009033,0.001221,0.001953,0,0,0,0,3000,3000,3000,3000,0,213,-440,00,0,0,5
399.096161,0.648438,-2.527344,0.000000,0.070000,0.169998,-0.001976,-0.029146,0.043837,1.022424,-0.004883,0.002197,-0.002197,0,0,0,0,3000,3000,3000,3000,0,223,-441,00,0,0,5
399.098114,0.648438,-2.527344,0.000000,0.070000,0.169998,-0.001921,-0.029146,0.043837,1.022424,0.007568,0.003174,-0.002197,0,0,0,0,3000,3000,3000,3000,0,214,-442,00,0,0,5
399.100067,0.648438,-2.527344,0.000000,0.070000,0.169998,-0.001778,-0.029146,0.043837,1.022424,-0.000488,0.002686,-0.002197,0,0,0,0,3000,3000,3000,3000,0,219,-442,00,0,0,5
399.102020,0.648438,-2.527344,0.000000,0.070000,0.169998,-0.001785,-0.029146,0.043837,1.022424,0.000488,0.001709,0.001465,0,0,0,0,3000,3000,3000,3000,0,218,-442,00,0,0,5
399.104034,0.648438,-2.527344,0.000000,0.070000,0.169998,-0.001722,-0.029146,0.043898,1.022424,0.005371,-0.002686,0.000977,0,0,0,0,3000,3000,3000,3000,0,215,-438,00,0,0,5
399.105927,0.648438,-2.527344,0.000000,0.070000,0.169998,-0.001675,-0.029146,0.043898,1.022424,-0.003662,0.002197,0.003418,0,0,0,0,3000,3000,3000,3000,0,221,-442,00,0,0,5
399.107880,0.648438,-2.527344,0.000000,0.070000,0.169998,-0.001801,-0.029146,0.043898,1.022424,0.006836,-0.001953,-0.000732,0,0,0,0,3000,3000,3000,3000,0,213,-438,00,0,0,5
399.109833,0.648438,-2.527344,0.000000,0.070000,0.169998,-0.001799,-0.029146,0.043898,1.022424,-0.004150,0.000000,0.003418,0,0,0,0,3000,3000,3000,3000,0,221,-440,00,0,0,5
399.111786,0.648438,-2.527344,0.000000,0.070000,0.169998,-0.004309,-0.029146,0.043898,1.022424,-0.003174,-0.000488,0.002441,0,0,0,0,3000,3000,3000,3000,0,221,-439,00,0,0,5
399.113739,0.648438,-2.527344,0.000000,0.070000,0.169998,-0.004316,-0.029146,0.043898,1.022424,0.004395,0.001221,0.000977,0,0,0,0,3000,3000,3000,3000,0,216,-441,00,0,0,5
399.115692,0.648438,-2.527344,0.000000,0.070000,0.169998,-0.004393,-0.029146,0.043898,1.022424,-0.005371,-0.000488,0.000977,0,0,0,0,3000,3000,3000,3000,0,222,-439,00,0,0,5
399.117645,0.648438,-2.527344,0.000000,0.070000,0.169998,-0.004572,-0.029146,0.043898,1.022424,0.009033,-0.000977,0.000977,0,0,0,0,3000,3000,3000,3000,0,212,-439,00,0,0,5
399.119598,0.648438,-2.527344,0.000000,0.070000,0.169998,-0.004652,-0.029146,0.043898,1.022424,-0.005859,0.002686,-0.004883,0,0,0,0,3000,3000,3000,3000,0,223,-442,00,1,0,5
399.121582,0.648438,-2.527344,0.000000,0.070000,0.169998,-0.004602,-0.029146,0.043898,1.022424,0.002197,0.002197,0.000244,0,0,0,0,3000,3000,3000,3000,0,217,-442,00,1,0,5
399.123505,0.648438,-2.527344,0.000000,0.070000,0.169998,-0.004555,-0.029146,0.043898,1.022424,0.004395,-0.000977,0.002930,0,0,0,0,3000,3000,3000,3000,0,216,-439,00,1,0,5
399.125458,0.648438,-2.527344,0.000000,0.070000,0.169998,-0.004498,-0.029146,0.043898,1.022424,-0.005371,-0.001465,-0.000732,0,0,0,0,3000,3000,3000,3000,0,222,-438,00,1,0,5
399.127411,0.648438,-2.527344,0.000000,0.070000,0.169998,-0.004490,-0.029146,0.043898,1.022424,0.008545,-0.000977,0.001953,0,0,0,0,3000,3000,3000,3000,0,213,-439,00,1,0,5
399.129364,0.648438,-2.527344,0.000000,0.070000,0.169998,-0.004459,-0.029146,0.043898,1.022424,-0.004883,-0.001953,-0.001709,0,0,0,0,3000,3000,3000,3000,0,222,-437,00,1,0,5
399.131317,0.648438,-2.527344,0.000000,0.070000,0.169998,-0.004492,-0.029146,0.043898,1.022424,0.000000,-0.003174,0.001465,0,0,0,0,3000,3000,3000,3000,0,219,-436,00,1,0,5
399.133301,0.648438,-2.527344,0.000000,0.070000,0.169998,-0.004255,-0.029146,0.043898,1.022424,0.002197,-0.000977,-0.001221,0,0,0,0,3000,3000,3000,3000,0,217,-438,00,1,0,5
399.135223,0.648438,-2.527344,0.000000,0.070000,0.169998,-0.004269,-0.029146,0.043898,1.022424,-0.000977,0.000000,-0.000732,0,0,0,0,3000,3000,3000,3000,0,220,-439,00,1,0,5
399.137177,0.648438,-2.527344,0.000000,0.070000,0.169998,-0.004509,-0.029146,0.043898,1.022424,0.004883,0.000000,-0.000244,0,0,0,0,3000,3000,3000,3000,0,215,-439,00,1,0,5
399.139130,0.648438,-2.527344,0.000000,0.070000,0.169998,-0.004559,-0.029146,0.043898,1.022424,-0.008057,-0.001953,0.000244,0,0,0,0,3000,3000,3000,3000,0,225,-437,00,1,0,5
399.141083,0.648438,-2.527344,0.000000,0.070000,0.169998,-0.004658,-0.029146,0.043898,1.022424,0.003174,-0.002686,-0.001709,0,0,0,0,3000,3000,3000,3000,0,217,-436,00,1,0,5
399.143036,0.648438,-2.527344,0.000000,0.070000,0.169998,-0.004698,-0.029146,0.043898,1.022424,0.001709,0.001221,0.000244,0,0,0,0,3000,3000,3000,3000,0,218,-440,00,1,0,5
399.144989,0.648438,-2.527344,0.000000,0.070000,0.169998,-0.004538,-0.029146,0.043898,1.022424,-0.006348,0.001709,0.001465,0,0,0,0,3000,3000,3000,3000,0,224,-440,00,1,0,5
399.146942,0.648438,-2.527344,0.000000,0.070000,0.169998,-0.004635,-0.029146,0.043898,1.022424,0.009033,0.003174,-0.001221,0,0,0,0,3000,3000,3000,3000,0,213,-442,00,1,0,5
399.148895,0.648438,-2.527344,0.000000,0.070000,0.169998,-0.004560,-0.029146,0.043898,1.022424,-0.005371,0.000000,-0.001221,0,0,0,0,3000,3000,3000,3000,0,223,-440,00,1,0,5
399.150848,0.648438,-2.527344,0.000000,0.070000,0.169998,-0.004448,-0.029146,0.043898,1.022424,0.003174,0.000000,-0.003906,0,0,0,0,3000,3000,3000,3000,0,217,-440,00,1,0,5
399.152802,0.648438,-2.527344,0.000000,0.070000,0.169998,-0.004494,-0.029146,0.043898,1.022424,-0.000977,0.002686,0.000977,0,0,0,0,3000,3000,3000,3000,0,220,-442,00,1,0,5
399.154755,0.648438,-2.527344,0.000000,0.070000,0.169998,-0.004465,-0.029146,0.043898,1.022424,-0.003662,0.000000,0.000977,0,0,0,0,3000,3000,3000,3000,0,222,-440,00,1,0,5
399.156708,0.648438,-2.527344,0.000000,0.070000,0.169998,-0.004553,-0.029146,0.043898,1.022424,0.006348,-0.001465,-0.000244,0,0,0,0,3000,3000,3000,3000,0,215,-439,00,1,0,5
399.158661,0.648438,-2.527344,0.000000,0.070000,0.169998,-0.004566,-0.029146,0.043898,1.022424,-0.005859,0.002197,-0.003906,0,0,0,0,3000,3000,3000,3000,0,223,-442,00,1,0,5
399.160614,0.648438,-2.527344,0.000000,0.070000,0.169998,-0.004446,-0.029146,0.043898,1.022424,0.002197,0.001709,-0.002930,0,0,0,0,3000,3000,3000,3000,0,218,-442,00,1,0,5
399.162567,0.648438,-2.527344,0.000000,0.070000,0.169998,-0.004465,-0.029146,0.043898,1.022424,0.002197,0.000000,-0.000244,0,0,0,0,3000,3000,3000,3000,0,218,-440,00,1,0,5
399.164520,0.648438,-2.527344,0.000000,0.070000,0.169998,-0.004316,-0.029146,0.043898,1.022424,-0.000488,-0.000977,-0.003418,0,0,0,0,3000,3000,3000,3000,0,220,-439,00,1,0,5
399.166473,0.648438,-2.527344,0.000000,0.070000,0.169998,-0.004210,-0.029146,0.043898,1.022424,0.007568,0.002686,0.000244,0,0,0,0,3000,3000,3000,3000,0,214,-443,00,1,0,5
399.168427,0.648438,-2.527344,0.000000,0.070000,0.169998,-0.004223,-0.029146,0.043898,1.022424,-0.007324,0.001709,0.000244,0,0,0,0,3000,3000,3000,3000,0,224,-442,00,1,0,5
399.170380,0.648438,-2.527344,0.000000,0.070000,0.169998,-0.003960,-0.029146,0.043898,1.022424,0.003662,-0.000488,0.001465,0,0,0,0,3000,3000,3000,3000,0,216,-440,00,1,0,5
399.178223,0.648438,-2.527344,0.000000,0.070000,0.169998,-0.003965,-0.029146,0.043898,1.022424,-0.003174,0.000000,-0.002197,0,0,0,0,3000,3000,3000,3000,0,222,-440,00,1,0,5
399.180145,0.648438,-2.527344,0.000000,0.070000,0.169998,-0.003592,-0.028965,0.043898,1.022392,0.006348,0.002686,0.006348,0,0,0,0,3000,3000,3000,3000,0,214,-443,00,1,0,5
399.182098,0.648438,-2.527344,0.000000,0.070000,0.169998,-0.003420,-0.028965,0.043898,1.022392,-0.000488,-0.000977,-0.000244,0,0,0,0,3000,3000,3000,3000,0,219,-439,00,1,0,5
399.184052,0.648438,-2.527344,0.000000,0.070000,0.169998,-0.003170,-0.028965,0.043898,1.022392,0.003174,-0.001953,-0.000244,0,0,0,0,3000,3000,3000,3000,0,216,-438,00,1,0,5
399.186005,0.648438,-2.527344,0.000000,0.070000,0.169998,-0.003172,-0.028965,0.043898,1.022392,0.003662,0.000488,0.003662,0,0,0,0,3000,3000,3000,3000,0,215,-440,00,1,0,5
399.187958,0.648438,-2.527344,0.000000,0.070000,0.169998,-0.003187,-0.028965,0.043898,1.022392,-0.008545,-0.001465,-0.003418,0,0,0,0,3000,3000,3000,3000,0,224,-438,00,1,0,5
399.189911,0.648438,-2.527344,0.000000,0.070000,0.169998,-0.003189,-0.028965,0.043898,1.022392,0.010010,0.002197,0.001953,0,0,0,0,3000,3000,3000,3000,0,211,-442,00,1,0,5
399.191864,0.648438,-2.527344,0.000000,0.070000,0.169998,-0.003071,-0.028965,0.043898,1.022392,-0.003174,0.001221,0.002930,0,0,0,0,3000,3000,3000,3000,0,220,-441,00,1,0,5
399.193817,0.648438,-2.527344,0.000000,0.070000,0.169998,0.002621,-0.028965,0.043898,1.022392,-0.000488,-0.001465,-0.001221,0,0,0,0,3000,3000,3000,3000,0,218,-438,00,1,0,5
399.195770,0.648438,-2.527344,0.000000,0.000000,-0.009998,0.001007,-0.028965,0.043898,1.022392,0.002197,0.002197,0.001465,0,0,0,0,3000,3000,3000,3000,0,216,-442,00,1,0,5
399.197723,0.648438,-2.527344,0.000000,0.000000,-0.009998,0.000978,-0.028965,0.043898,1.022392,-0.004883,0.001709,-0.002197,0,0,0,0,3000,3000,3000,3000,0,221,-441,00,1,0,5
399.199677,0.648438,-2.527344,0.000000,0.000000,-0.009998,0.000990,-0.028965,0.043898,1.022392,0.008057,-0.000977,0.000244,0,0,0,0,3000,3000,3000,3000,0,212,-439,00,1,0,5
399.201630,0.648438,-2.527344,0.000000,0.000000,-0.009998,0.000952,-0.028965,0.043898,1.022392,-0.003174,0.002197,-0.001709,0,0,0,0,3000,3000,3000,3000,0,220,-442,00,1,0,5
399.203583,0.648438,-2.527344,0.000000,0.000000,-0.009998,0.000946,-0.028965,0.043898,1.022392,0.002197,0.002197,-0.001709,0,0,0,0,3000,3000,3000,3000,0,216,-442,00,1,0,5
399.205536,0.648438,-2.527344,0.000000,0.000000,-0.009998,0.000948,-0.028965,0.043898,1.022392,0.004883,0.001221,-0.000244,0,0,0,0,3000,3000,3000,3000,0,214,-441,00,1,0,5
399.207489,0.648438,-2.527344,0.000000,0.000000,-0.009998,0.000896,-0.028965,0.043898,1.022392,-0.006836,0.002686,0.000244,0,0,0,0,3000,3000,3000,3000,0,223,-443,00,1,0,5
399.209442,0.648438,-2.527344,0.000000,0.000000,-0.009998,0.000792,-0.028965,0.043898,1.022392,0.008545,0.000488,0.003418,0,0,0,0,3000,3000,3000,3000,0,212,-441,00,1,0,5
399.211395,0.648438,-2.527344,0.000000,0.000000,-0.009998,0.000637,-0.028965,0.043898,1.022392,-0.008057,0.003174,0.000977,0,0,0,0,3000,3000,3000,3000,0,224,-444,00,1,0,5
399.213348,0.648438,-2.527344,0.000000,0.000000,-0.009998,0.000593,-0.028965,0.043898,1.022392,0.002197,-0.000488,-0.000244,0,0,0,0,3000,3000,3000,3000,0,217,-440,00,1,0,5
399.215302,0.648438,-2.527344,0.000000,0.000000,-0.009998,0.000589,-0.028965,0.043898,1.022392,0.000000,0.000000,-0.001221,0,0,0,0,3000,3000,3000,3000,0,218,-440,00,1,0,5
399.217255,0.648438,-2.527344,0.000000,0.000000,-0.009998,0.000601,-0.028965,0.043898,1.022392,-0.001465,-0.000977,-0.004395,0,0,0,0,3000,3000,3000,3000,0,219,-439,00,1,0,5
399.219208,0.648438,-2.527344,0.000000,0.000000,-0.009998,0.000538,-0.028965,0.043898,1.022392,0.007568,0.000000,0.001465,0,0,0,0,3000,3000,3000,3000,0,213,-440,00,1,0,5
399.221161,0.648438,-2.527344,0.000000,0.000000,-0.009998,0.000410,-0.028965,0.043898,1.022392,-0.005859,0.003662,0.001465,0,0,0,0,3000,3000,3000,3000,0,222,-443,00,1,0,5
399.223114,0.648438,-2.527344,0.000000,0.000000,-0.009998,0.000345,-0.028965,0.043898,1.022392,0.000977,0.001221,0.000977,0,0,0,0,3000,3000,3000,3000,0,218,-441,00,1,0,5
399.225067,0.648438,-2.527344,0.000000,0.000000,-0.009998,0.000103,-0.028965,0.043959,1.022392,0.001709,0.001221,-0.001709,0,0,0,0,3000,3000,3000,3000,0,217,-442,00,1,0,5
399.227020,0.648438,-2.527344,0.000000,0.000000,-0.009998,0.000023,-0.028965,0.043959,1.022392,-0.003174,-0.000977,-0.000732,0,0,0,0,3000,3000,3000,3000,0,220,-440,00,1,0,5
399.228973,0.648438,-2.527344,0.000000,0.000000,-0.009998,0.000069,-0.028965,0.043959,1.022392,0.008057,0.000488,0.000977,0,0,0,0,3000,3000,3000,3000,0,212,-441,00,1,0,5
399.230927,0.648438,-2.527344,0.000000,0.000000,-0.009998,0.000023,-0.028965,0.043959,1.022392,-0.008057,0.001709,-0.002197,0,0,0,0,3000,3000,3000,3000,0,224,-442,00,1,0,5
399.232880,0.648438,-2.527344,0.000000,0.000000,-0.009998,0.000055,-0.028965,0.043959,1.022392,0.003174,0.000000,0.001465,0,0,0,0,3000,3000,3000,3000,0,216,-440,00,1,0,5
399.234833,0.648438,-2.527344,0.000000,0.000000,-0.009998,-0.000008,-0.028965,0.043959,1.022392,-0.002197,0.000488,-0.001709,0,0,0,0,3000,3000,3000,3000,0,220,-441,00,1,0,5
399.236786,0.648438,-2.527344,0.000000,0.000000,-0.009998,-0.000082,-0.028965,0.043959,1.022392,-0.000977,-0.000488,-0.001221,0,0,0,0,3000,3000,3000,3000,0,219,-440,00,1,0,5
399.238739,0.648438,-2.527344,0.000000,0.000000,-0.009998,-0.000006,-0.028965,0.043959,1.022392,0.002686,-0.003174,0.003418,0,0,0,0,3000,3000,3000,3000,0,216,-437,00,1,0,5
399.240692,0.648438,-2.527344,0.000000,0.000000,-0.009998,0.000139,-0.028965,0.043959,1.022392,-0.006348,0.001709,0.000977,0,0,0,0,3000,3000,3000,3000,0,223,-441,00,1,0,5
399.242645,0.648438,-2.527344,0.000000,0.000000,-0.009998,0.000149,-0.028965,0.043959,1.022392,0.003174,0.000000,0.000977,0,0,0,0,3000,3000,3000,3000,0,216,-440,00,1,0,5
399.244598,0.648438,-2.527344,0.000000,0.000000,-0.009998,0.000198,-0.028965,0.043959,1.022392,-0.003174,0.000488,0.000977,0,0,0,0,3000,3000,3000,3000,0,221,-440,00,1,0,5
399.246552,0.648438,-2.527344,0.000000,0.000000,-0.009998,0.000252,-0.028965,0.043959,1.022392,-0.001465,-0.000488,-0.000244,0,0,0,0,3000,3000,3000,3000,0,220,-439,00,1,0,5
399.248505,0.648438,-2.527344,0.000000,0.000000,-0.009998,0.000366,-0.028965,0.043959,1.022392,0.004395,0.002686,0.000244,0,0,0,0,3000,3000,3000,3000,0,216,-442,00,1,0,5
399.250458,0.648438,-2.527344,0.000000,0.000000,-0.009998,0.000294,-0.028965,0.043959,1.022392,-0.007324,0.000488,-0.001221,0,0,0,0,3000,3000,3000,3000,0,224,-440,00,1,0,5
399.252411,0.648438,-2.527344,0.000000,0.000000,-0.009998,0.000250,-0.028965,0.043959,1.022392,0.007568,-0.002686,0.003662,0,0,0,0,3000,3000,3000,3000,0,213,-437,00,1,0,5
399.254364,0.648438,-2.527344,0.000000,0.000000,-0.009998,0.000187,-0.028965,0.043959,1.022392,-0.002197,-0.001465,-0.000244,0,0,0,0,3000,3000,3000,3000,0,220,-438,00,1,0,5
399.256317,0.648438,-2.527344,0.000000,0.000000,-0.009998,0.000273,-0.028965,0.043959,1.022392,0.001709,-0.003174,0.001953,0,0,0,0,3000,3000,3000,3000,0,217,-436,00,1,0,5
399.258270,0.648438,-2.527344,0.000000,0.000000,-0.009998,0.000107,-0.028965,0.043959,1.022392,-0.000977,0.001709,0.000977,0,0,0,0,3000,3000,3000,3000,0,219,-441,00,1,0,5
399.260223,0.648438,-2.527344,0.000000,0.000000,-0.009998,0.000010,-0.028965,0.043959,1.022392,-0.008545,-0.000488,-0.001709,0,0,0,0,3000,3000,3000,3000,0,224,-439,00,1,0,5
399.262177,0.648438,-2.527344,0.000000,0.000000,-0.009998,0.000067,-0.028965,0.043959,1.022392,0.004883,0.001221,0.000977,0,0,0,0,3000,3000,3000,3000,0,215,-440,00,1,0,5
399.264130,0.648438,-2.527344,0.000000,0.000000,-0.009998,0.000011,-0.028965,0.043959,1.022392,-0.004150,0.000488,0.000244,0,0,0,0,3000,3000,3000,3000,0,221,-440,00,1,0,5
399.266083,0.648438,-2.527344,0.000000,0.000000,-0.009998,-0.000093,-0.028965,0.043959,1.022392,-0.000488,-0.001465,-0.001221,0,0,0,0,3000,3000,3000,3000,0,219,-438,00,1,0,5
399.268036,0.648438,-2.527344,0.000000,0.000000,-0.009998,-0.000036,-0.028965,0.043959,1.022392,-0.000977,0.000488,0.000244,0,0,0,0,3000,3000,3000,3000,0,219,-440,00,1,0,5
399.269989,0.648438,-2.527344,0.000000,0.000000,-0.009998,-0.000078,-0.028965,0.043959,1.022392,-0.005371,-0.000488,-0.004395,0,0,0,0,3000,3000,3000,3000,0,223,-439,00,1,0,5
399.271942,0.648438,-2.527344,0.000000,0.000000,-0.009998,-0.001999,-0.028965,0.043959,1.022392,0.006348,-0.002686,0.001465,0,0,0,0,3000,3000,3000,3000,0,214,-437,00,1,0,5
399.273895,0.648438,-2.527344,0.000000,0.000000,-0.009998,-0.002193,-0.028965,0.043959,1.022392,-0.008057,0.000488,0.001465,0,0,0,0,3000,3000,3000,3000,0,224,-440,00,1,0,5
399.275848,0.648438,-2.527344,0.000000,0.000000,-0.009998,-0.002291,-0.028965,0.043959,1.022392,0.003662,0.001221,-0.000244,0,0,0,0,3000,3000,3000,3000,0,216,-441,00,1,0,5
399.277802,0.648438,-2.527344,0.000000,0.000000,-0.009998,-0.002283,-0.028965,0.043959,1.022392,0.003662,-0.000977,0.000244,0,0,0,0,3000,3000,3000,3000,0,216,-439,00,1,0,5
399.279755,0.648438,-2.527344,0.000000,0.000000,-0.009998,-0.002319,-0.028965,0.043959,1.022392,-0.006836,0.002197,-0.001709,0,0,0,0,3000,3000,3000,3000,0,223,-442,00,1,0,5
399.281708,0.648438,-2.527344,0.000000,0.000000,0.000000,-0.002499,-0.028965,0.043959,1.022392,0.004883,-0.001465,0.001953,0,0,0,0,3000,3000,3000,3000,0,215,-438,00,1,0,5
399.283661,0.648438,-2.527344,0.000000,0.000000,0.000000,-0.002125,-0.028965,0.043959,1.022392,-0.003174,-0.004150,0.001465,0,0,0,0,3000,3000,3000,3000,0,220,-436,00,1,0,5
399.285614,0.648438,-2.527344,0.000000,0.000000,0.000000,-0.002039,-0.028965,0.043959,1.022392,0.000000,0.000000,0.003418,0,0,0,0,3000,3000,3000,3000,0,218,-439,00,1,0,5
399.287567,0.648438,-2.527344,0.000000,0.000000,0.000000,-0.002245,-0.028965,0.043959,1.022392,0.000488,0.000000,0.002441,0,0,0,0,3000,3000,3000,3000,0,218,-439,00,1,0,5
399.289520,0.648438,-2.527344,0.000000,0.000000,0.000000,-0.002310,-0.028965,0.043959,1.022392,-0.003662,-0.001465,-0.001221,0,0,0,0,3000,3000,3000,3000,0,221,-438,00,1,0,5
399.291473,0.648438,-2.527344,0.000000,0.000000,0.000000,-0.002131,-0.028965,0.043959,1.022392,0.003662,0.001709,0.001465,0,0,0,0,3000,3000,3000,3000,0,215,-441,00,1,0,5
399.293427,0.648438,-2.527344,0.000000,0.000000,0.000000,-0.002161,-0.028965,0.043959,1.022392,-0.006836,0.001221,-0.001221,0,0,0,0,3000,3000,3000,3000,0,223,-441,00,1,0,5
399.295380,0.648438,-2.527344,0.000000,0.000000,0.000000,-0.002234,-0.028965,0.043959,1.022392,0.005859,-0.003174,0.001465,0,0,0,0,3000,3000,3000,3000,0,214,-437,00,1,0,5
399.297333,0.648438,-2.527344,0.000000,0.000000,0.000000,-0.002331,-0.028965,0.043959,1.022392,-0.006348,0.001709,-0.000244,0,0,0,0,3000,3000,3000,3000,0,222,-441,00,1,0,5
399.299286,0.648438,-2.527344,0.000000,0.000000,0.000000,-0.002417,-0.028965,0.043959,1.022392,-0.004150,0.003174,-0.001221,0,0,0,0,3000,3000,3000,3000,0,221,-443,00,1,0,5
399.301239,0.648438,-2.527344,0.000000,0.000000,0.000000,-0.002363,-0.028965,0.043959,1.022392,0.004883,0.002686,0.000244,0,0,0,0,3000,3000,3000,3000,0,215,-443,00,1,0,5
399.303192,0.648438,-2.527344,0.000000,0.000000,0.000000,-0.002375,-0.028965,0.043959,1.022392,-0.006836,0.001709,0.000244,0,0,0,0,3000,3000,3000,3000,0,223,-443,00,1,0,5
399.305145,0.648438,-2.527344,0.000000,0.000000,0.000000,-0.002312,-0.028965,0.043959,1.022392,0.007568,-0.000977,0.002930,0,0,0,0,3000,3000,3000,3000,0,213,-440,00,1,0,5
399.307098,0.648438,-2.527344,0.000000,0.000000,0.000000,-0.002205,-0.028965,0.043959,1.022392,-0.002197,0.002197,0.000977,0,0,0,0,3000,3000,3000,3000,0,219,-443,00,1,0,5
399.309052,0.648438,-2.527344,0.000000,0.000000,0.000000,-0.002232,-0.028965,0.043959,1.022392,0.000488,-0.000488,-0.000244,0,0,0,0,3000,3000,3000,3000,0,217,-441,00,1,0,5
399.311005,0.648438,-2.527344,0.000000,0.000000,0.000000,-0.002193,-0.028965,0.043959,1.022392,0.005371,0.002686,0.002930,0,0,0,0,3000,3000,3000,3000,0,214,-444,00,1,0,5
399.312958,0.648438,-2.527344,0.000000,0.000000,0.000000,-0.002254,-0.028965,0.043959,1.022392,-0.006348,-0.000488,-0.002930,0,0,0,0,3000,3000,3000,3000,0,222,-441,00,1,0,5
399.314911,0.648438,-2.527344,0.000000,0.000000,0.000000,-0.002172,-0.028965,0.043959,1.022392,0.004395,-0.001465,0.002930,0,0,0,0,3000,3000,3000,3000,0,214,-440,00,1,0,5
399.316864,0.648438,-2.527344,0.000000,0.000000,0.000000,-0.002192,-0.028965,0.043959,1.022392,-0.004883,-0.001465,-0.004395,0,0,0,0,3000,3000,3000,3000,0,221,-439,00,1,0,5
399.318817,0.648438,-2.527344,0.000000,0.000000,0.000000,-0.002203,-0.028965,0.043959,1.022392,-0.001465,-0.000977,0.000244,0,0,0,0,3000,3000,3000,3000,0,219,-440,00,1,0,5
399.320770,0.648438,-2.527344,0.000000,0.000000,0.000000,-0.002136,-0.028965,0.043959,1.022392,0.002686,0.002197,0.000244,0,0,0,0,3000,3000,3000,3000,0,216,-442,00,1,0,5
399.322723,0.648438,-2.527344,0.000000,0.000000,0.000000,-0.002142,-0.028965,0.043959,1.022392,-0.007324,-0.001953,-0.001709,0,0,0,0,3000,3000,3000,3000,0,223,-439,00,0,0,5
399.324677,0.648438,-2.527344,0.000000,0.000000,0.000000,-0.001945,-0.028965,0.043959,1.022392,0.005859,0.000000,0.000244,0,0,0,0,3000,3000,3000,3000,0,214,-440,00,0,0,5
399.326630,0.648438,-2.527344,0.000000,0.000000,0.000000,-0.001938,-0.028907,0.043930,1.022368,-0.004883,0.003662,-0.002930,0,0,0,0,3000,3000,3000,3000,0,213,-440,00,0,0,5
399.328583,0.648438,-2.527344,0.000000,0.000000,0.000000,-0.001955,-0.028965,0.043959,1.022392,0.002686,0.002686,0.001953,0,0,0,0,3000,3000,3000,3000,0,215,-443,00,0,0,5
399.330536,0.648438,-2.527344,0.000000,0.000000,0.000000,-0.002024,-0.028965,0.043959,1.022392,0.000977,0.000488,0.003418,0,0,0,0,3000,3000,3000,3000,0,216,-441,00,0,0,5
399.332489,0.648438,-2.527344,0.000000,0.000000,0.000000,-0.002092,-0.028965,0.043959,1.022392,-0.001465,0.000488,0.001953,0,0,0,0,3000,3000,3000,3000,0,218,-441,00,0,0,5
399.334442,0.648438,-2.527344,0.000000,0.000000,0.000000,-0.002316,-0.028965,0.043959,1.022392,0.007568,0.002686,-0.002197,0,0,0,0,3000,3000,3000,3000,0,211,-443,00,0,0,5
399.336395,0.648438,-2.527344,0.000000,0.000000,0.000000,-0.002401,-0.028965,0.043959,1.022392,-0.008545,-0.000488,0.001953,0,0,0,0,3000,3000,3000,3000,0,223,-440,00,0,0,5
399.338348,0.648438,-2.527344,0.000000,0.000000,0.000000,-0.002295,-0.028965,0.043959,1.022392,-0.000977,0.000000,-0.000244,0,0,0,0,3000,3000,3000,3000,0,218,-441,00,0,0,5
399.340302,0.648438,-2.527344,0.000000,0.000000,0.000000,-0.002218,-0.028965,0.043959,1.022392,0.003662,0.000000,-0.001221,0,0,0,0,3000,3000,3000,3000,0,215,-441,00,0,0,5
399.342255,0.648438,-2.527344,0.000000,0.000000,0.000000,-0.002214,-0.028965,0.043959,1.022392,-0.007324,0.001709,-0.002930,0,0,0,0,3000,3000,3000,3000,0,223,-442,00,0,0,5
399.344208,0.648438,-2.527344,0.000000,0.000000,0.000000,-0.002314,-0.028965,0.043959,1.022392,0.003662,-0.000488,0.001953,0,0,0,0,3000,3000,3000,3000,0,215,-440,00,0,0,5
399.346161,0.648438,-2.527344,0.000000,0.000000,0.000000,-0.002262,-0.028965,0.043959,1.022392,-0.004150,-0.001953,0.001465,0,0,0,0,3000,3000,3000,3000,0,221,-439,00,0,0,5
399.348114,0.648438,-2.527344,0.000000,0.000000,0.000000,-0.002253,-0.028965,0.043959,1.022392,0.002686,0.001709,0.002930,0,0,0,0,3000,3000,3000,3000,0,216,-442,00,0,0,5
399.350067,0.648438,-2.527344,0.000000,0.000000,0.000000,0.003475,-0.028965,0.043959,1.022392,-0.003174,0.001709,0.000977,0,0,0,0,3000,3000,3000,3000,0,220,-442,00,0,0,5
399.352020,0.648438,-2.527344,0.000000,0.000000,0.000000,0.003317,-0.028965,0.043959,1.022392,-0.002197,0.000000,-0.001221,0,0,0,0,3000,3000,3000,3000,0,220,-440,00,0,0,5
399.354034,0.648438,-2.527344,0.000000,0.000000,0.000000,0.003265,-0.028965,0.043959,1.022392,0.004883,0.001221,0.001465,0,0,0,0,3000,3000,3000,3000,0,215,-442,00,0,0,5
399.355927,0.648438,-2.527344,0.000000,0.000000,0.000000,0.003284,-0.029026,0.043959,1.022392,-0.009033,-0.001953,-0.001221,0,0,0,0,3000,3000,3000,3000,0,225,-439,00,0,0,5
399.357880,0.648438,-2.527344,0.000000,0.000000,0.000000,0.003281,-0.029026,0.043959,1.022392,0.003174,-0.001953,-0.001221,0,0,0,0,3000,3000,3000,3000,0,217,-439,00,0,0,5
399.359833,0.648438,-2.527344,0.000000,0.000000,0.000000,0.003250,-0.029026,0.043959,1.022392,0.000977,-0.001953,-0.000244,0,0,0,0,3000,3000,3000,3000,0,218,-438,00,0,0,5
399.361786,0.648438,-2.527344,0.000000,0.000000,0.000000,0.003208,-0.029026,0.043959,1.022392,-0.005859,0.001221,0.000977,0,0,0,0,3000,3000,3000,3000,0,223,-441,00,0,0,5
399.363739,0.648438,-2.527344,0.000000,0.000000,0.000000,0.003290,-0.029026,0.043959,1.022392,0.005859,0.004395,0.003662,0,0,0,0,3000,3000,3000,3000,0,215,-444,00,0,0,5
399.365692,0.648438,-2.527344,0.000000,0.000000,0.000000,0.003248,-0.029026,0.043959,1.022392,-0.006104,0.001709,-0.002197,0,0,0,0,3000,3000,3000,3000,0,223,-442,00,0,0,5
399.367645,0.648438,-2.527344,0.000000,0.000000,0.000000,0.003248,-0.029026,0.043959,1.022392,0.006348,0.001221,-0.001221,0,0,0,0,3000,3000,3000,3000,0,214,-442,00,0,0,5
399.369598,0.648438,-2.527344,0.000000,0.000000,0.000000,0.003162,-0.029026,0.043959,1.022392,-0.002441,0.001709,-0.000732,0,0,0,0,3000,3000,3000,3000,0,220,-443,00,0,0,5
399.371552,0.648438,-2.527344,0.000000,0.000000,0.000000,0.003195,-0.029026,0.043959,1.022392,0.002197,0.000000,0.000977,0,0,0,0,3000,3000,3000,3000,0,217,-441,00,0,0,5
399.373505,0.648438,-2.527344,0.000000,0.000000,0.000000,0.003315,-0.029026,0.043959,1.022392,0.002441,-0.000488,0.000977,0,0,0,0,3000,3000,3000,3000,0,216,-440,00,0,0,5
399.375458,0.648438,-2.527344,0.000000,0.000000,0.000000,0.003405,-0.029026,0.043959,1.022392,-0.010498,0.003174,-0.002197,0,0,0,0,3000,3000,3000,3000,0,226,-444,00,0,0,5
399.377411,0.648438,-2.527344,0.000000,0.000000,0.000000,0.003412,-0.029026,0.043959,1.022392,0.007080,0.002197,0.000244,0,0,0,0,3000,3000,3000,3000,0,214,-443,00,0,0,5
399.379364,0.648438,-2.527344,0.000000,0.000000,0.000000,0.003513,-0.029026,0.043959,1.022392,-0.001221,0.001709,-0.000244,0,0,0,0,3000,3000,3000,3000,0,219,-443,00,0,0,5
399.381317,0.648438,-2.527344,0.000000,0.000000,0.000000,0.003536,-0.029026,0.043959,1.022392,-0.000244,0.001709,-0.003418,0,0,0,0,3000,3000,3000,3000,0,218,-443,00,0,0,5
399.383270,0.648438,-2.527344,0.000000,0.000000,0.000000,0.003460,-0.029026,0.043959,1.022392,0.006592,0.002197,0.001953,0,0,0,0,3000,3000,3000,3000,0,213,-444,00,0,0,5
399.385223,0.648438,-2.527344,0.000000,0.000000,0.000000,0.003403,-0.029026,0.043959,1.022392,-0.003906,0.001221,-0.001709,0,0,0,0,3000,3000,3000,3000,0,221,-443,00,0,0,5
399.387177,0.648438,-2.527344,0.000000,0.000000,0.000000,0.003380,-0.029026,0.043959,1.022392,0.006592,0.000488,0.000244,0,0,0,0,3000,3000,3000,3000,0,213,-442,00,0,0,5
399.389130,0.648438,-2.527344,0.000000,0.000000,0.000000,0.003391,-0.029026,0.043959,1.022392,-0.007080,-0.002686,0.000244,0,0,0,0,3000,3000,3000,3000,0,223,-439,00,0,0,5
399.391083,0.648438,-2.527344,0.000000,0.000000,0.000000,0.003462,-0.029026,0.043959,1.022392,0.002930,0.000000,-0.001221,0,0,0,0,3000,3000,3000,3000,0,216,-441,00,0,0,5
399.393036,0.648438,-2.527344,0.000000,0.000000,0.000000,0.003399,-0.029026,0.043959,1.022392,-0.002930,-0.000977,0.003418,0,0,0,0,3000,3000,3000,3000,0,220,-440,00,0,0,5
399.394989,0.648438,-2.527344,0.000000,0.000000,0.000000,0.003323,-0.029026,0.043959,1.022392,-0.007812,-0.000977,0.000977,0,0,0,0,3000,3000,3000,3000,0,224,-439,00,0,0,5
399.396942,0.648438,-2.527344,0.000000,0.000000,0.000000,0.003326,-0.029026,0.043959,1.022392,0.009033,0.000244,-0.002197,0,0,0,0,3000,3000,3000,3000,0,212,-440,00,0,0,5
399.398895,0.648438,-2.527344,0.000000,0.000000,0.000000,0.003603,-0.029026,0.043959,1.022392,-0.005127,0.000488,0.000244,0,0,0,0,3000,3000,3000,3000,0,222,-440,00,0,0,5
399.400848,0.648438,-2.527344,0.000000,0.000000,0.000000,0.003725,-0.029026,0.043959,1.022392,0.003174,0.001709,0.003418,0,0,0,0,3000,3000,3000,3000,0,216,-442,00,0,0,5
399.402802,0.648438,-2.527344,0.000000,0.000000,0.000000,0.003670,-0.029026,0.043959,1.022392,0.002441,-0.001953,-0.001221,0,0,0,0,3000,3000,3000,3000,0,216,-438,00,0,0,5
399.404755,0.648438,-2.527344,0.000000,0.000000,0.000000,0.003576,-0.029026,0.043959,1.022392,-0.006836,-0.001953,-0.000732,0,0,0,0,3000,3000,3000,3000,0,223,-438,00,0,0,5
399.406708,0.648438,-2.527344,0.000000,0.000000,0.000000,0.003595,-0.029026,0.043959,1.022392,0.006592,-0.000977,0.003418,0,0,0,0,3000,3000,3000,3000,0,214,-439,00,0,0,5
399.408661,0.648438,-2.527344,0.000000,0.000000,0.000000,0.003632,-0.029026,0.043959,1.022392,-0.006104,-0.000488,0.000244,0,0,0,0,3000,3000,3000,3000,0,223,-439,00,0,0,5
399.410614,0.648438,-2.527344,0.000000,0.000000,0.000000,0.003784,-0.029026,0.043959,1.022392,0.003174,0.000488,0.000977,0,0,0,0,3000,3000,3000,3000,0,216,-440,00,0,0,5
399.412567,0.648438,-2.527344,0.000000,0.000000,0.000000,0.003855,-0.029026,0.043959,1.022392,-0.001221,0.002686,0.000244,0,0,0,0,3000,3000,3000,3000,0,219,-442,00,0,0,5
399.414520,0.648438,-2.527344,0.000000,0.000000,0.000000,0.003990,-0.029026,0.043959,1.022392,-0.000488,-0.002686,0.000244,0,0,0,0,3000,3000,3000,3000,0,219,-437,00,0,0,5
399.416473,0.648438,-2.527344,0.000000,0.000000,0.000000,0.003922,-0.029026,0.043959,1.022392,0.007080,-0.000488,0.000244,0,0,0,0,3000,3000,3000,3000,0,213,-439,00,0,0,5
399.418457,0.648438,-2.527344,0.000000,0.000000,-0.009998,0.003935,-0.029026,0.043959,1.022392,-0.005859,0.001709,-0.001709,0,0,0,0,3000,3000,3000,3000,0,222,-441,00,0,0,5
399.420380,0.648438,-2.527344,0.000000,0.000000,-0.009998,0.001019,-0.029026,0.043959,1.022392,0.005859,0.000488,-0.000732,0,0,0,0,3000,3000,3000,3000,0,214,-440,00,0,0,5
399.422333,0.648438,-2.527344,0.000000,0.000000,-0.009998,0.001047,-0.029026,0.043959,1.022392,-0.003662,0.000000,-0.002197,0,0,0,0,3000,3000,3000,3000,0,220,-440,00,0,0,5
399.424286,0.648438,-2.527344,0.000000,0.000000,-0.009998,0.001150,-0.029026,0.043959,1.022392,-0.002686,0.000488,-0.000244,0,0,0,0,3000,3000,3000,3000,0,220,-441,00,0,0,5
399.426239,0.648438,-2.527344,0.000000,0.000000,-0.009998,0.001156,-0.029026,0.043959,1.022392,0.003662,0.001221,0.001953,0,0,0,0,3000,3000,3000,3000,0,216,-441,00,0,0,5
399.428192,0.648438,-2.527344,0.000000,0.000000,-0.009998,0.000309,-0.029026,0.043959,1.022392,-0.005371,0.001709,-0.000732,0,0,0,0,3000,3000,3000,3000,0,222,-442,00,0,0,5
399.430145,0.648438,-2.527344,0.000000,0.000000,-0.009998,0.000431,-0.029026,0.043959,1.022392,0.009521,0.001221,0.001953,0,0,0,0,3000,3000,3000,3000,0,211,-442,00,0,0,5
399.432098,0.648438,-2.527344,0.000000,0.000000,-0.009998,0.000446,-0.029026,0.043959,1.022392,-0.004639,0.000000,0.002441,0,0,0,0,3000,3000,3000,3000,0,221,-441,00,0,0,5
399.434052,0.648438,-2.527344,0.000000,0.000000,-0.009998,0.000580,-0.029026,0.043959,1.022392,-0.006348,-0.000488,0.000244,0,0,0,0,3000,3000,3000,3000,0,223,-440,00,0,0,5
399.436035,0.648438,-2.527344,0.000000,0.000000,-0.009998,0.000528,-0.029026,0.043959,1.022392,0.003174,0.001709,-0.001221,0,0,0,0,3000,3000,3000,3000,0,216,-442,00,0,0,5
399.437958,0.648438,-2.527344,0.000000,0.000000,-0.009998,0.000563,-0.029026,0.043959,1.022392,-0.005859,0.002197,-0.003418,0,0,0,0,3000,3000,3000,3000,0,223,-443,00,0,0,5
399.439911,0.648438,-2.527344,0.000000,0.000000,-0.009998,0.000578,-0.029026,0.043959,1.022392,0.004883,0.001465,-0.000244,0,0,0,0,3000,3000,3000,3000,0,215,-442,00,0,0,5
399.441864,0.648438,-2.527344,0.000000,0.000000,-0.009998,0.000582,-0.029026,0.043959,1.022392,-0.003418,-0.000244,-0.000244,0,0,0,0,3000,3000,3000,3000,0,221,-441,00,0,0,5
399.443817,0.648438,-2.527344,0.000000,0.000000,-0.009998,0.000641,-0.029026,0.043959,1.022392,-0.000977,-0.000732,-0.003906,0,0,0,0,3000,3000,3000,3000,0,219,-440,00,0,0,5
399.445770,0.648438,-2.527344,0.000000,0.000000,-0.009998,0.000669,-0.029026,0.043959,1.022392,0.004639,0.004150,-0.002197,0,0,0,0,3000,3000,3000,3000,0,215,-445,00,0,0,5
399.447723,0.648438,-2.527344,0.000000,0.000000,-0.009998,0.000675,-0.029026,0.043959,1.022392,-0.005859,0.001465,-0.002930,0,0,0,0,3000,3000,3000,3000,0,223,-443,00,0,0,5
399.449677,0.648438,-2.527344,0.000000,0.000000,-0.009998,0.000771,-0.029026,0.043959,1.022392,0.006348,-0.001221,0.001953,0,0,0,0,3000,3000,3000,3000,0,214,-440,00,0,0,5
399.451630,0.648438,-2.527344,0.000000,0.000000,-0.009998,0.000809,-0.029026,0.043959,1.022392,-0.008057,-0.001221,-0.002197,0,0,0,0,3000,3000,3000,3000,0,224,-440,00,0,0,5
399.453583,0.648438,-2.527344,0.000000,0.000000,-0.009998,0.000887,-0.029026,0.043959,1.022392,0.003662,-0.001221,0.002441,0,0,0,0,3000,3000,3000,3000,0,216,-440,00,0,0,5
399.455536,0.648438,-2.527344,0.000000,0.000000,-0.009998,0.000940,-0.029026,0.043959,1.022392,0.002686,0.005127,0.006348,0,0,0,0,3000,3000,3000,3000,0,217,-445,00,0,0,5
399.457489,0.648438,-2.527344,0.000000,0.000000,-0.009998,0.000854,-0.029026,0.043959,1.022392,-0.006348,0.002930,-0.002930,0,0,0,0,3000,3000,3000,3000,0,223,-444,00,0,0,5
399.459442,0.648438,-2.527344,0.000000,0.000000,-0.009998,0.000845,-0.029026,0.043959,1.022392,0.004883,0.001465,0.001465,0,0,0,0,3000,3000,3000,3000,0,215,-443,00,0,0,5
399.461395,0.648438,-2.527344,0.000000,0.000000,-0.009998,0.000820,-0.029026,0.043959,1.022392,-0.003662,-0.001221,0.000244,0,0,0,0,3000,3000,3000,3000,0,221,-440,00,0,0,5
399.463348,0.648438,-2.527344,0.000000,0.000000,-0.009998,0.000834,-0.029026,0.043959,1.022392,0.004883,-0.000244,-0.003906,0,0,0,0,3000,3000,3000,3000,0,215,-441,00,0,0,5
399.465302,0.648438,-2.527344,0.000000,0.000000,-0.009998,0.000826,-0.029026,0.043959,1.022392,-0.001465,-0.000244,0.003418,0,0,0,0,3000,3000,3000,3000,0,219,-441,00,0,0,5
399.467255,0.648438,-2.527344,0.000000,0.000000,-0.009998,0.000755,-0.029026,0.043959,1.022392,-0.005859,-0.001709,-0.000244,0,0,0,0,3000,3000,3000,3000,0,222,-439,00,0,0,5
399.469208,0.648438,-2.527344,0.000000,0.000000,-0.009998,0.001078,-0.029026,0.043959,1.022392,0.007812,-0.000244,-0.000244,0,0,0,0,3000,3000,3000,3000,0,213,-440,00,0,0,5
399.471161,0.648438,-2.527344,0.000000,0.000000,-0.009998,0.001348,-0.029026,0.043959,1.022392,-0.006836,0.000244,-0.001221,0,0,0,0,3000,3000,3000,3000,0,223,-440,00,0,0,5
399.475067,0.648438,-2.527344,0.000000,0.000000,-0.009998,0.001429,-0.029026,0.043959,1.022392,-0.000732,-0.002930,-0.000244,0,0,0,0,3000,3000,3000,3000,0,219,-437,00,0,0,5
399.477020,0.648438,-2.527344,0.000000,0.000000,-0.009998,0.001335,-0.029089,0.044021,1.022392,0.001953,-0.002930,-0.002930,0,0,0,0,3000,3000,3000,3000,0,218,-437,00,0,0,5
399.478973,0.648438,-2.527344,0.000000,0.000000,-0.009998,0.001238,-0.029089,0.044021,1.022392,0.008301,-0.001709,0.000977,0,0,0,0,3000,3000,3000,3000,0,213,-438,00,0,0,5
399.480927,0.648438,-2.527344,0.000000,0.000000,-0.009998,0.001217,-0.029089,0.044021,1.022392,-0.006592,-0.000244,-0.004395,0,0,0,0,3000,3000,3000,3000,0,223,-439,00,0,0,5
399.482880,0.648438,-2.527344,0.000000,0.000000,-0.009998,0.001066,-0.029089,0.044021,1.022392,0.006104,0.001465,0.002441,0,0,0,0,3000,3000,3000,3000,0,214,-441,00,0,0,5
399.484833,0.648438,-2.527344,0.000000,0.000000,-0.009998,0.001045,-0.029089,0.044021,1.022392,-0.002930,0.002441,0.001953,0,0,0,0,3000,3000,3000,3000,0,220,-442,00,0,0,5
399.486786,0.648438,-2.527344,0.000000,0.000000,-0.009998,0.000977,-0.029089,0.044021,1.022392,-0.001221,0.000977,-0.001221,0,0,0,0,3000,3000,3000,3000,0,219,-441,00,0,0,5
399.488770,0.648438,-2.527344,0.000000,0.000000,-0.009998,0.001032,-0.029089,0.044021,1.022392,0.004639,0.001465,0.000244,0,0,0,0,3000,3000,3000,3000,0,215,-442,00,0,0,5
399.490692,0.648438,-2.527344,0.000000,0.000000,-0.009998,0.001072,-0.029089,0.044021,1.022392,-0.003906,-0.000732,-0.003418,0,0,0,0,3000,3000,3000,3000,0,221,-440,00,0,0,5
399.492645,0.648438,-2.527344,0.000000,0.000000,-0.009998,0.001125,-0.029089,0.044021,1.022392,0.007080,0.001465,0.001953,0,0,0,0,3000,3000,3000,3000,0,213,-442,00,0,0,5
399.494598,0.648438,-2.527344,0.000000,0.000000,-0.009998,0.001038,-0.029089,0.044021,1.022392,-0.001221,0.000977,0.002441,0,0,0,0,3000,3000,3000,3000,0,219,-442,00,0,0,5
399.496552,0.648438,-2.527344,0.000000,0.000000,-0.009998,0.001003,-0.029089,0.044021,1.022392,-0.001221,0.000977,0.000244,0,0,0,0,3000,3000,3000,3000,0,219,-442,00,0,0,5
399.498505,0.648438,-2.527344,0.000000,0.000000,-0.009998,0.000961,-0.029089,0.044021,1.022392,0.005127,0.000977,0.000977,0,0,0,0,3000,3000,3000,3000,0,214,-442,00,0,0,5
399.500458,0.648438,-2.527344,0.000000,0.000000,-0.009998,0.000910,-0.029089,0.044021,1.022392,-0.007080,-0.000732,-0.002930,0,0,0,0,3000,3000,3000,3000,0,223,-440,00,0,0,5
399.502411,0.648438,-2.527344,0.000000,0.000000,-0.009998,0.000999,-0.029089,0.044021,1.022392,0.007812,-0.000244,0.003662,0,0,0,0,3000,3000,3000,3000,0,213,-441,00,0,0,5
399.504364,0.648438,-2.527344,0.000000,0.000000,-0.009998,0.001263,-0.029089,0.044021,1.022392,-0.004639,-0.002197,-0.001221,0,0,0,0,3000,3000,3000,3000,0,221,-439,00,0,0,5
399.506317,0.648438,-2.527344,0.000000,0.000000,-0.009998,-0.006710,-0.029089,0.044021,1.022392,0.003418,-0.000244,0.000977,0,0,0,0,3000,3000,3000,3000,0,216,-440,00,0,0,5
399.508270,0.648438,-2.527344,0.000000,0.000000,-0.009998,-0.006697,-0.029089,0.044021,1.022392,0.002930,0.000977,-0.000244,0,0,0,0,3000,3000,3000,3000,0,216,-441,00,0,0,5
399.510223,0.648438,-2.527344,0.000000,0.000000,-0.009998,-0.006660,-0.029089,0.044021,1.022392,-0.002930,-0.001221,-0.004395,0,0,0,0,3000,3000,3000,3000,0,220,-439,00,0,0,5
399.512177,0.648438,-2.527344,0.000000,0.000000,-0.009998,-0.006708,-0.029089,0.044021,1.022392,0.007812,-0.002197,-0.002930,0,0,0,0,3000,3000,3000,3000,0,213,-438,00,0,0,5
399.514160,0.648438,-2.527344,0.000000,0.000000,0.000000,-0.006617,-0.029089,0.044021,1.022392,-0.006104,0.001465,0.001465,0,0,0,0,3000,3000,3000,3000,0,222,-442,00,0,0,5
399.516083,0.648438,-2.527344,0.000000,0.000000,0.000000,-0.003450,-0.029089,0.044021,1.022392,0.001953,0.000977,0.002441,0,0,0,0,3000,3000,3000,3000,0,217,-441,00,0,0,5
399.518036,0.648438,-2.527344,0.000000,0.000000,0.000000,-0.003635,-0.029089,0.044021,1.022392,0.002441,0.001953,0.000977,0,0,0,0,3000,3000,3000,3000,0,217,-443,00,0,0,5
399.519989,0.648438,-2.527344,0.000000,0.000000,0.000000,-0.003685,-0.029089,0.044021,1.022392,-0.004639,-0.002197,-0.000732,0,0,0,0,3000,3000,3000,3000,0,222,-439,00,0,0,5
399.521942,0.648438,-2.527344,0.000000,0.000000,0.000000,-0.003696,-0.029089,0.044021,1.022392,0.007812,0.000244,0.002441,0,0,0,0,3000,3000,3000,3000,0,213,-441,00,0,0,5
399.523895,0.648438,-2.527344,0.000000,0.000000,0.000000,-0.003725,-0.029089,0.044021,1.022392,-0.007080,-0.000732,-0.000244,0,0,0,0,3000,3000,3000,3000,0,223,-440,00,0,0,5
399.525848,0.648438,-2.527344,0.000000,0.000000,0.000000,-0.003559,-0.029089,0.044021,1.022392,0.005127,-0.001709,0.000244,0,0,0,0,3000,3000,3000,3000,0,215,-439,00,0,0,5
399.527802,0.648438,-2.527344,0.000000,0.000000,0.000000,-0.003630,-0.029089,0.044021,1.022392,-0.003418,-0.000732,-0.000732,0,0,0,0,3000,3000,3000,3000,0,221,-440,00,0,0,5
399.529755,0.648438,-2.527344,0.000000,0.000000,0.000000,-0.003746,-0.029089,0.044021,1.022392,-0.002441,0.003418,0.000244,0,0,0,0,3000,3000,3000,3000,0,221,-444,00,0,0,5
399.531708,0.648438,-2.527344,0.000000,0.000000,0.000000,-0.003725,-0.029089,0.044021,1.022392,0.008301,-0.000732,0.002441,0,0,0,0,3000,3000,3000,3000,0,213,-440,00,0,0,5
399.533661,0.648438,-2.527344,0.000000,0.000000,0.000000,-0.003630,-0.029089,0.044021,1.022392,-0.005127,0.000977,-0.000244,0,0,0,0,3000,3000,3000,3000,0,222,-442,00,0,0,5
399.535614,0.648438,-2.527344,0.000000,0.000000,0.000000,-0.003336,-0.029089,0.044021,1.022392,0.003418,-0.000732,0.003418,0,0,0,0,3000,3000,3000,3000,0,216,-440,00,0,0,5
399.537567,0.648438,-2.527344,0.000000,0.000000,0.000000,-0.003325,-0.029089,0.044021,1.022392,0.000732,0.001465,-0.002930,0,0,0,0,3000,3000,3000,3000,0,218,-442,00,0,0,5
399.539520,0.648438,-2.527344,0.000000,0.000000,0.000000,-0.003502,-0.029089,0.044021,1.022392,-0.002441,0.000244,-0.001221,0,0,0,0,3000,3000,3000,3000,0,220,-441,00,0,0,5
399.541473,0.648438,-2.527344,0.000000,0.000000,0.000000,-0.003473,-0.029089,0.044021,1.022392,0.003906,0.001465,-0.000732,0,0,0,0,3000,3000,3000,3000,0,216,-443,00,0,0,5
399.543427,0.648438,-2.527344,0.000000,0.000000,0.000000,-0.003599,-0.029089,0.044021,1.022392,-0.008301,-0.000244,-0.001709,0,0,0,0,3000,3000,3000,3000,0,225,-441,00,0,0,5
399.545380,0.648438,-2.527344,0.000000,0.000000,0.000000,-0.003511,-0.029089,0.044021,1.022392,0.006104,0.001465,-0.000244,0,0,0,0,3000,3000,3000,3000,0,215,-443,00,0,0,5
399.547333,0.648438,-2.527344,0.000000,0.000000,0.000000,-0.003445,-0.029089,0.044021,1.022392,-0.003906,-0.000244,-0.001221,0,0,0,0,3000,3000,3000,3000,0,222,-441,00,0,0,5
399.549286,0.648438,-2.527344,0.000000,0.000000,0.000000,-0.003387,-0.029089,0.044021,1.022392,-0.002930,0.001953,-0.000732,0,0,0,0,3000,3000,3000,3000,0,221,-443,00,0,0,5
399.551239,0.648438,-2.527344,0.000000,0.000000,0.000000,-0.003386,-0.029089,0.044021,1.022392,0.005615,0.001953,-0.002197,0,0,0,0,3000,3000,3000,3000,0,215,-443,00,0,0,5
399.553192,0.648438,-2.527344,0.000000,0.000000,0.000000,-0.003426,-0.029089,0.044021,1.022392,-0.008301,0.000977,-0.000244,0,0,0,0,3000,3000,3000,3000,0,225,-443,00,0,0,5
399.555145,0.648438,-2.527344,0.000000,0.000000,0.000000,-0.003519,-0.029089,0.044021,1.022392,0.006104,-0.000732,0.002441,0,0,0,0,3000,3000,3000,3000,0,215,-441,00,0,0,5
399.557098,0.648438,-2.527344,0.000000,0.000000,0.000000,-0.003544,-0.029089,0.044021,1.022392,-0.002930,-0.000732,0.001953,0,0,0,0,3000,3000,3000,3000,0,221,-441,00,0,0,5
399.559052,0.648438,-2.527344,0.000000,0.000000,0.000000,-0.003754,-0.029089,0.044021,1.022392,0.001221,0.001465,-0.002197,0,0,0,0,3000,3000,3000,3000,0,218,-443,00,0,0,5
399.561005,0.648438,-2.527344,0.000000,0.000000,0.000000,-0.003702,-0.029089,0.044021,1.022392,0.003418,-0.001221,0.001953,0,0,0,0,3000,3000,3000,3000,0,217,-440,00,0,0,5
399.562958,0.648438,-2.527344,0.000000,0.000000,0.000000,-0.003794,-0.029089,0.044021,1.022392,-0.008301,-0.001221,0.000244,0,0,0,0,3000,3000,3000,3000,0,225,-440,00,0,0,5
399.564911,0.648438,-2.527344,0.000000,0.000000,0.000000,-0.003828,-0.029089,0.044021,1.022392,0.008301,-0.000732,-0.000732,0,0,0,0,3000,3000,3000,3000,0,213,-440,00,0,0,5
399.566864,0.648438,-2.527344,0.000000,0.000000,0.000000,-0.003859,-0.029089,0.044021,1.022392,-0.005615,-0.001709,0.000977,0,0,0,0,3000,3000,3000,3000,0,223,-439,00,0,0,5
399.568817,0.648438,-2.527344,0.000000,0.000000,0.000000,-0.003849,-0.029089,0.044021,1.022392,0.003418,0.001465,0.000244,0,0,0,0,3000,3000,3000,3000,0,217,-442,00,0,0,5
399.570770,0.648438,-2.527344,0.000000,0.000000,0.000000,-0.003862,-0.029089,0.044021,1.022392,0.003906,-0.000244,0.001953,0,0,0,0,3000,3000,3000,3000,0,216,-440,00,0,0,5
399.572723,0.648438,-2.527344,0.000000,0.000000,0.000000,-0.003864,-0.029089,0.044021,1.022392,-0.008789,-0.001709,-0.001221,0,0,0,0,3000,3000,3000,3000,0,225,-439,00,0,0,5
399.574677,0.648438,-2.527344,0.000000,0.000000,0.000000,-0.004038,-0.029089,0.044021,1.022392,0.005615,-0.002197,0.001465,0,0,0,0,3000,3000,3000,3000,0,215,-438,00,0,0,5
399.576630,0.648438,-2.527344,0.000000,0.000000,0.000000,-0.003901,-0.029089,0.044021,1.022392,-0.003906,0.000977,0.001465,0,0,0,0,3000,3000,3000,3000,0,222,-441,00,0,0,5
399.578583,0.648438,-2.527344,0.000000,0.000000,0.000000,-0.003811,-0.029089,0.044021,1.022392,0.003418,-0.000732,-0.000244,0,0,0,0,3000,3000,3000,3000,0,216,-439,00,0,0,5
399.580536,0.648438,-2.527344,0.000000,0.000000,0.000000,-0.003902,-0.029089,0.044021,1.022392,0.001221,0.000244,0.001465,0,0,0,0,3000,3000,3000,3000,0,218,-440,00,0,0,5
399.582489,0.648438,-2.527344,0.000000,0.000000,0.000000,-0.003948,-0.029089,0.044021,1.022392,-0.002930,-0.000732,-0.001221,0,0,0,0,3000,3000,3000,3000,0,221,-440,00,0,0,5
399.584442,0.648438,-2.527344,0.000000,0.000000,0.000000,-0.006695,-0.029089,0.044021,1.022392,0.003906,-0.000244,0.000977,0,0,0,0,3000,3000,3000,3000,0,216,-440,00,0,0,5
399.586395,0.648438,-2.527344,0.000000,0.000000,0.000000,-0.006712,-0.029089,0.044021,1.022392,-0.008301,0.001465,-0.002197,0,0,0,0,3000,3000,3000,3000,0,225,-442,00,0,0,5
399.588348,0.648438,-2.527344,0.000000,0.000000,0.000000,-0.006897,-0.029089,0.044021,1.022392,0.003906,-0.001221,0.001465,0,0,0,0,3000,3000,3000,3000,0,216,-439,00,0,0,5
399.590302,0.648438,-2.527344,0.000000,0.000000,0.000000,-0.006971,-0.029089,0.044021,1.022392,0.004639,-0.000732,0.000977,0,0,0,0,3000,3000,3000,3000,0,216,-440,00,0,0,5
399.592255,0.648438,-2.527344,0.000000,0.000000,0.000000,-0.007046,-0.029089,0.044021,1.022392,-0.006104,-0.000244,-0.000732,0,0,0,0,3000,3000,3000,3000,0,223,-440,00,0,0,5
399.594208,0.648438,-2.527344,0.000000,0.000000,-0.009998,-0.006786,-0.029089,0.044021,1.022392,0.007812,-0.001221,0.001953,0,0,0,0,3000,3000,3000,3000,0,213,-439,00,0,0,5
399.596161,0.648438,-2.527344,0.000000,0.000000,-0.009998,-0.003391,-0.029087,0.044021,1.022256,-0.005127,0.001465,-0.000732,0,0,0,0,3000,3000,3000,3000,0,222,-442,00,0,0,5
399.598114,0.648438,-2.527344,0.000000,0.000000,-0.009998,-0.003332,-0.029087,0.044021,1.022256,0.007080,-0.002197,-0.001221,0,0,0,0,3000,3000,3000,3000,0,213,-438,00,0,0,5
399.600067,0.648438,-2.527344,0.000000,0.000000,-0.009998,-0.003107,-0.029087,0.044021,1.022256,-0.002441,-0.001709,-0.003418,0,0,0,0,3000,3000,3000,3000,0,220,-439,00,0,0,5
399.602020,0.648438,-2.527344,0.000000,0.000000,-0.009998,-0.003201,-0.029087,0.044021,1.022256,-0.004639,0.001953,0.001465,0,0,0,0,3000,3000,3000,3000,0,222,-442,00,0,0,5
399.604004,0.648438,-2.527344,0.000000,0.000000,-0.009998,-0.003103,-0.029087,0.044021,1.022256,0.001221,0.001465,0.002930,0,0,0,0,3000,3000,3000,3000,0,218,-442,00,0,0,5
399.605927,0.648438,-2.527344,0.000000,0.000000,-0.009998,-0.003132,-0.029087,0.044021,1.022256,-0.006592,0.001465,-0.003906,0,0,0,0,3000,3000,3000,3000,0,224,-442,00,0,0,5
399.607880,0.648438,-2.527344,0.000000,0.000000,-0.009998,-0.003244,-0.029087,0.044021,1.022256,0.007080,0.001465,0.001465,0,0,0,0,3000,3000,3000,3000,0,214,-442,00,0,0,5
399.609833,0.648438,-2.527344,0.000000,0.000000,-0.009998,-0.003351,-0.029087,0.044021,1.022256,-0.002441,0.001465,0.003662,0,0,0,0,3000,3000,3000,3000,0,221,-443,00,0,0,5
399.611786,0.648438,-2.527344,0.000000,0.000000,-0.009998,-0.003496,-0.029087,0.044021,1.022256,-0.001953,-0.000732,-0.003418,0,0,0,0,3000,3000,3000,3000,0,220,-441,00,0,0,5
399.613739,0.648438,-2.527344,0.000000,0.000000,-0.009998,-0.003408,-0.029087,0.044021,1.022256,0.005615,-0.000732,0.000977,0,0,0,0,3000,3000,3000,3000,0,215,-441,00,0,0,5
399.615692,0.648438,-2.527344,0.000000,0.000000,-0.009998,-0.003487,-0.029087,0.044021,1.022256,-0.008789,-0.000244,-0.001709,0,0,0,0,3000,3000,3000,3000,0,225,-441,00,0,0,5
399.617645,0.648438,-2.527344,0.000000,0.000000,-0.009998,-0.003492,-0.029087,0.044021,1.022256,0.008301,0.000244,0.001465,0,0,0,0,3000,3000,3000,3000,0,213,-441,00,0,0,5
399.619598,0.648438,-2.527344,0.000000,0.000000,-0.009998,-0.003542,-0.029087,0.044021,1.022256,-0.001953,-0.001221,0.000244,0,0,0,0,3000,3000,3000,3000,0,220,-440,00,0,0,5
399.621552,0.648438,-2.527344,0.000000,0.000000,-0.009998,-0.003447,-0.029087,0.044021,1.022256,0.000244,-0.000732,-0.000732,0,0,0,0,3000,3000,3000,3000,0,218,-440,03,-1,-300,5
399.623505,0.648438,-2.527344,0.000000,0.000000,-0.009998,-0.003241,-0.029087,0.044021,1.022256,0.002930,0.000244,0.000244,0,0,0,0,3000,3000,3000,3000,0,216,-441,03,-1,-300,5
399.625458,0.648438,-2.527344,0.000000,0.000000,-0.009998,-0.003235,-0.029087,0.044021,1.022256,-0.006104,-0.001709,-0.000732,0,0,0,0,3000,3000,3000,3000,0,223,-439,03,-1,-300,5
399.627411,0.648438,-2.527344,0.000000,0.000000,-0.009998,-0.003017,-0.029026,0.043959,1.022256,0.007812,-0.000732,0.001953,0,0,0,0,3000,3000,3000,3000,0,213,-440,03,-1,-300,5
399.629364,0.648438,-2.527344,0.000000,0.000000,-0.009998,-0.002989,-0.029026,0.043959,1.022256,-0.000732,0.002441,-0.001709,0,0,0,0,3000,3000,3000,3000,0,218,-443,03,-1,-300,5
399.631317,0.648438,-2.527344,0.000000,0.000000,-0.009998,-0.002960,-0.029026,0.043959,1.022256,-0.002441,-0.003418,0.004639,0,0,0,0,3000,3000,3000,3000,0,220,-437,03,-1,-300,5
399.633270,0.648438,-2.527344,0.000000,0.000000,-0.009998,-0.002958,-0.029026,0.043959,1.022256,0.000732,0.000244,0.002441,0,0,0,0,3000,3000,3000,3000,0,218,-440,03,-1,-300,5
399.635223,0.648438,-2.527344,0.000000,0.000000,-0.009998,-0.002993,-0.029026,0.043959,1.022256,-0.004639,0.001465,-0.002930,0,0,0,0,3000,3000,3000,3000,0,222,-442,03,-1,-300,5
399.637177,0.648438,-2.527344,0.000000,0.000000,-0.009998,-0.002874,-0.029026,0.043959,1.022256,0.004639,-0.002930,0.001953,0,0,0,0,3000,3000,3000,3000,0,215,-438,03,-1,-300,5
399.639130,0.648438,-2.527344,0.000000,0.000000,-0.009998,-0.002901,-0.029026,0.043959,1.022256,-0.007812,0.000244,-0.003418,0,0,0,0,3000,3000,3000,3000,0,224,-440,03,-1,-300,5
399.641083,0.648438,-2.527344,0.000000,0.000000,-0.009998,-0.002861,-0.029026,0.043959,1.022256,0.003418,-0.002930,-0.002197,0,0,0,0,3000,3000,3000,3000,0,216,-437,03,-1,-300,5
399.643036,0.648438,-2.527344,0.000000,0.000000,-0.009998,-0.002903,-0.029026,0.043959,1.022256,0.001221,-0.000244,0.000244,0,0,0,0,3000,3000,3000,3000,0,218,-440,03,-1,-300,5
399.644989,0.648438,-2.527344,0.000000,0.000000,-0.009998,-0.002918,-0.029026,0.043959,1.022256,0.000732,0.000244,-0.001709,0,0,0,0,3000,3000,3000,3000,0,218,-440,03,-1,-300,5
399.646942,0.648438,-2.527344,0.000000,0.000000,-0.009998,-0.002722,-0.029026,0.043959,1.022256,0.006592,0.000244,-0.000244,0,0,0,0,3000,3000,3000,3000,0,213,-440,03,-1,-300,5
399.648895,0.648438,-2.527344,0.000000,0.000000,-0.009998,-0.002661,-0.029026,0.043959,1.022256,-0.006104,-0.002930,-0.003418,0,0,0,0,3000,3000,3000,3000,0,222,-437,03,-1,-300,5
399.650848,0.648438,-2.527344,0.000000,0.000000,-0.009998,-0.002684,-0.029026,0.043959,1.022256,0.004639,-0.000732,0.004639,0,0,0,0,3000,3000,3000,3000,0,215,-439,03,-1,-300,5
399.652802,0.648438,-2.527344,0.000000,0.000000,-0.009998,-0.002737,-0.029026,0.043959,1.022256,0.000732,0.001465,0.000244,0,0,0,0,3000,3000,3000,3000,0,217,-441,03,-1,-300,5
399.654755,0.648438,-2.527344,0.000000,0.000000,-0.009998,-0.002769,-0.029026,0.043959,1.022256,-0.005615,-0.001709,0.000244,0,0,0,0,3000,3000,3000,3000,0,222,-438,03,-1,-300,5
399.656708,0.648438,-2.527344,0.000000,0.000000,-0.009998,-0.002689,-0.029026,0.043959,1.022256,0.006104,-0.000244,0.000977,0,0,0,0,3000,3000,3000,3000,0,214,-440,03,-1,-300,5
399.658661,0.648438,-2.527344,0.000000,0.000000,-0.009998,-0.002594,-0.029026,0.043959,1.022256,-0.006592,0.001953,-0.000244,0,0,0,0,3000,3000,3000,3000,0,223,-442,03,-1,-300,5
399.660614,0.648438,-2.527344,0.000000,0.000000,-0.009998,-0.002602,-0.029026,0.043959,1.022256,0.005615,0.001953,0.001953,0,0,0,0,3000,3000,3000,3000,0,214,-442,03,-1,-300,5
399.662567,0.648438,-2.527344,0.000000,0.000000,-0.009998,-0.005068,-0.029026,0.043959,1.022256,-0.003906,0.001465,0.000244,0,0,0,0,3000,3000,3000,3000,0,221,-442,03,-1,-300,5
399.664520,0.648438,-2.527344,0.000000,0.000000,-0.009998,-0.005068,-0.029026,0.043959,1.022256,-0.001953,-0.001221,-0.004395,0,0,0,0,3000,3000,3000,3000,0,220,-440,03,-1,-300,5
399.666473,0.648438,-2.527344,0.000000,0.000000,-0.009998,-0.004963,-0.029026,0.043959,1.022256,0.006592,-0.000732,0.003418,0,0,0,0,3000,3000,3000,3000,0,214,-440,03,-1,-300,5
399.668427,0.648438,-2.527344,0.000000,0.000000,-0.009998,-0.004927,-0.029026,0.043959,1.022256,-0.009766,-0.000732,-0.000732,0,0,0,0,3000,3000,3000,3000,0,225,-440,03,-1,-300,5
399.670380,0.648438,-2.527344,0.000000,0.000000,-0.009998,-0.004768,-0.029026,0.043959,1.022256,0.005615,-0.001221,0.000244,0,0,0,0,3000,3000,3000,3000,0,215,-440,03,-1,-300,5
399.672333,0.648438,-2.527344,0.000000,0.000000,-0.009998,-0.004807,-0.029026,0.043959,1.022256,-0.003418,0.000977,0.002441,0,0,0,0,3000,3000,3000,3000,0,221,-442,03,-1,-300,5
399.674286,0.648438,-2.527344,0.000000,0.000000,-0.009998,-0.004686,-0.028963,0.043958,1.022225,-0.000244,-0.001221,-0.000732,0,0,0,0,3000,3000,3000,3000,0,219,-439,03,-1,-300,5
399.676239,0.648438,-2.527344,0.000000,0.000000,-0.009998,-0.004719,-0.029026,0.043959,1.022256,0.002930,0.000244,0.001465,0,0,0,0,3000,3000,3000,3000,0,217,-441,03,-1,-300,5
399.678192,0.648438,-2.527344,0.000000,0.000000,-0.009998,-0.004606,-0.029026,0.043959,1.022256,-0.006592,-0.000244,0.001465,0,0,0,0,3000,3000,3000,3000,0,223,-440,03,-1,-300,5
399.680145,0.648438,-2.527344,0.000000,0.000000,-0.009998,-0.004660,-0.029026,0.043959,1.022256,0.006104,0.000977,0.000977,0,0,0,0,3000,3000,3000,3000,0,214,-442,03,-1,-300,5
399.682159,0.648438,-2.527344,0.000000,0.000000,-0.009998,-0.004484,-0.029026,0.043959,1.022256,-0.003418,-0.001221,-0.002930,0,0,0,0,3000,3000,3000,3000,0,221,-440,03,-1,-300,5
399.684052,0.648438,-2.527344,0.000000,0.000000,-0.009998,-0.004436,-0.029026,0.043959,1.022256,0.001221,0.000244,0.000977,0,0,0,0,3000,3000,3000,3000,0,218,-441,03,-1,-300,5
399.686005,0.648438,-2.527344,0.000000,0.000000,-0.009998,-0.004290,-0.029026,0.043959,1.022256,0.000244,0.000977,0.002930,0,0,0,0,3000,3000,3000,3000,0,218,-442,03,-1,-300,5
399.687988,0.648438,-2.527344,0.000000,0.000000,-0.009998,-0.004328,-0.029026,0.043959,1.022256,-0.008301,0.000977,-0.000732,0,0,0,0,3000,3000,3000,3000,0,225,-442,03,-1,-300,5
399.690887,0.648438,-2.527344,0.000000,0.000000,-0.009998,-0.004293,-0.029026,0.043959,1.022256,0.007080,0.001465,0.002930,0,0,0,0,3000,3000,3000,3000,0,214,-442,03,-1,-300,5
399.691895,0.648438,-2.527344,0.000000,0.000000,-0.019999,-0.004293,-0.029026,0.043959,1.022256,0.007080,0.001465,0.002930,0,0,0,0,3000,3000,3000,3000,0,213,-443,03,-1,-300,5
399.693817,0.648438,-2.527344,0.000000,0.000000,-0.019999,-0.000992,-0.029024,0.043959,1.022235,0.002441,-0.001221,-0.001709,0,0,0,0,3000,3000,3000,3000,0,216,-440,03,-1,-300,5
399.695770,0.648438,-2.527344,0.000000,0.000000,-0.019999,-0.001032,-0.029024,0.043959,1.022235,0.001953,0.000244,-0.001221,0,0,0,0,3000,3000,3000,3000,0,216,-441,03,-1,-300,5
399.697723,0.648438,-2.527344,0.000000,0.000000,-0.019999,-0.001160,-0.029024,0.043959,1.022235,-0.007812,-0.001709,-0.000244,0,0,0,0,3000,3000,3000,3000,0,223,-439,03,-1,-300,5
399.699677,0.648438,-2.527344,0.000000,0.000000,-0.019999,-0.001116,-0.029024,0.043959,1.022235,0.006592,-0.002197,0.000244,0,0,0,0,3000,3000,3000,3000,0,213,-439,03,-1,-300,5
399.701630,0.648438,-2.527344,0.000000,0.000000,-0.019999,-0.001013,-0.029024,0.043959,1.022235,-0.003906,0.001465,-0.000244,0,0,0,0,3000,3000,3000,3000,0,221,-442,03,-1,-300,5
399.703583,0.648438,-2.527344,0.000000,0.000000,-0.019999,-0.000929,-0.029024,0.043959,1.022235,0.000732,-0.000732,0.002441,0,0,0,0,3000,3000,3000,3000,0,217,-440,03,-1,-300,5
399.705536,0.648438,-2.527344,0.000000,0.000000,-0.019999,-0.000959,-0.029024,0.043959,1.022235,0.003906,-0.000732,-0.000732,0,0,0,0,3000,3000,3000,3000,0,215,-440,03,-1,-300,5
399.707489,0.648438,-2.527344,0.000000,0.000000,-0.019999,-0.000969,-0.029024,0.043959,1.022235,-0.003906,-0.000244,0.001953,0,0,0,0,3000,3000,3000,3000,0,221,-440,03,-1,-300,5
399.709442,0.648438,-2.527344,0.000000,0.000000,-0.019999,-0.001118,-0.029024,0.043959,1.022235,0.008789,-0.000244,0.000244,0,0,0,0,3000,3000,3000,3000,0,212,-440,03,-1,-300,5
399.711395,0.648438,-2.527344,0.000000,0.000000,-0.019999,-0.001156,-0.029024,0.043959,1.022235,-0.004639,0.001953,-0.001221,0,0,0,0,3000,3000,3000,3000,0,221,-442,03,-1,-300,5
399.713348,0.648438,-2.527344,0.000000,0.000000,-0.019999,-0.000992,-0.029024,0.043959,1.022235,0.000244,-0.000244,-0.001221,0,0,0,0,3000,3000,3000,3000,0,218,-440,03,-1,-300,5
399.715302,0.648438,-2.527344,0.000000,0.000000,-0.019999,-0.001059,-0.029024,0.043959,1.022235,-0.003418,0.002930,-0.001221,0,0,0,0,3000,3000,3000,3000,0,220,-443,03,-1,-300,5
399.717255,0.648438,-2.527344,0.000000,0.000000,-0.019999,-0.001047,-0.029024,0.043959,1.022235,-0.000732,-0.003906,0.001465,0,0,0,0,3000,3000,3000,3000,0,219,-437,03,-1,-300,5
399.719208,0.648438,-2.527344,0.000000,0.000000,-0.019999,-0.001015,-0.029024,0.043959,1.022235,0.003906,0.001465,0.004639,0,0,0,0,3000,3000,3000,3000,0,216,-442,03,-1,-300,5
399.721161,0.648438,-2.527344,0.000000,0.000000,-0.019999,-0.000980,-0.029024,0.043959,1.022235,-0.004639,0.002930,0.001465,0,0,0,0,3000,3000,3000,3000,0,222,-443,00,-1,0,5
399.723145,0.648438,-2.527344,0.000000,0.000000,-0.019999,-0.000761,-0.029024,0.043959,1.022235,0.006592,-0.002197,0.001465,0,0,0,0,3000,3000,3000,3000,0,214,-439,00,-1,0,5
399.725067,0.648438,-2.527344,0.000000,0.000000,-0.019999,-0.000675,-0.029024,0.043959,1.022235,-0.005127,0.000244,-0.001221,0,0,0,0,3000,3000,3000,3000,0,222,-441,00,-1,0,5
399.727020,0.648438,-2.527344,0.000000,0.000000,-0.019999,-0.000654,-0.029024,0.043959,1.022235,-0.001953,-0.000244,-0.001709,0,0,0,0,3000,3000,3000,3000,0,220,-440,00,-1,0,5
399.728973,0.648438,-2.527344,0.000000,0.000000,-0.019999,-0.000599,-0.029024,0.043959,1.022235,0.005127,-0.002197,0.000244,0,0,0,0,3000,3000,3000,3000,0,215,-438,00,-1,0,5
399.730927,0.648438,-2.527344,0.000000,0.000000,-0.019999,-0.000685,-0.029024,0.043959,1.022235,-0.008789,0.002441,-0.002930,0,0,0,0,3000,3000,3000,3000,0,225,-443,00,-1,0,5
399.732880,0.648438,-2.527344,0.000000,0.000000,-0.019999,-0.000616,-0.029024,0.043959,1.022235,0.001221,-0.002930,0.001953,0,0,0,0,3000,3000,3000,3000,0,218,-438,00,-1,0,5
399.734833,0.648438,-2.527344,0.000000,0.000000,-0.019999,-0.000437,-0.029024,0.043959,1.022235,-0.001221,0.000977,-0.003906,0,0,0,0,3000,3000,3000,3000,0,220,-441,00,-1,0,5
399.736786,0.648438,-2.527344,0.000000,0.000000,-0.019999,-0.000578,-0.029024,0.043959,1.022235,-0.000244,0.004639,-0.000244,0,0,0,0,3000,3000,3000,3000,0,219,-445,00,-1,0,5
399.738739,0.648438,-2.527344,0.000000,0.000000,-0.019999,-0.000511,-0.029024,0.043959,1.022235,0.002930,-0.000732,0.001953,0,0,0,0,3000,3000,3000,3000,0,217,-440,00,-1,0,5
399.740692,0.648438,-2.527344,0.000000,0.000000,-0.019999,-0.000515,-0.029024,0.043959,1.022235,-0.005615,-0.003418,-0.002197,0,0,0,0,3000,3000,3000,3000,0,223,-438,00,-1,0,5
399.742645,0.648438,-2.527344,0.000000,0.000000,-0.019999,0.000675,-0.029024,0.043959,1.022235,0.006592,0.002441,0.001953,0,0,0,0,3000,3000,3000,3000,0,214,-443,00,-1,0,5
399.744598,0.648438,-2.527344,0.000000,0.000000,-0.019999,0.000582,-0.029024,0.043959,1.022235,-0.002441,0.000244,0.001953,0,0,0,0,3000,3000,3000,3000,0,220,-441,00,-1,0,5
399.746552,0.648438,-2.527344,0.000000,0.000000,-0.019999,0.000572,-0.029024,0.043959,1.022235,-0.002441,-0.000244,-0.002197,0,0,0,0,3000,3000,3000,3000,0,220,-440,00,-1,0,5
399.748505,0.648438,-2.527344,0.000000,0.000000,-0.019999,0.000746,-0.029024,0.043959,1.022235,0.003906,0.003418,-0.000732,0,0,0,0,3000,3000,3000,3000,0,216,-444,00,-1,0,5
399.750458,0.648438,-2.527344,0.000000,0.000000,-0.019999,0.000864,-0.029024,0.043959,1.022235,-0.006104,0.002441,-0.002197,0,0,0,0,3000,3000,3000,3000,0,223,-443,00,-1,0,5
399.752411,0.648438,-2.527344,0.000000,0.000000,-0.019999,0.000896,-0.029024,0.043959,1.022235,0.005615,-0.001709,0.001465,0,0,0,0,3000,3000,3000,3000,0,215,-440,00,-1,0,5
399.754364,0.648438,-2.527344,0.000000,0.000000,-0.019999,0.000835,-0.029024,0.043959,1.022235,-0.008301,0.001465,0.000244,0,0,0,0,3000,3000,3000,3000,0,224,-442,00,-1,0,5
399.756317,0.648438,-2.527344,0.000000,0.000000,-0.019999,0.000854,-0.029024,0.043959,1.022235,0.000732,-0.000732,0.001953,0,0,0,0,3000,3000,3000,3000,0,218,-440,00,-1,0,5
399.758270,0.648438,-2.527344,0.000000,0.000000,-0.019999,0.001013,-0.029024,0.043959,1.022235,0.003418,0.000244,0.000244,0,0,0,0,3000,3000,3000,3000,0,216,-441,00,-1,0,5
399.760223,0.648438,-2.527344,0.000000,0.000000,-0.019999,0.001181,-0.029024,0.043959,1.022235,-0.004639,0.000977,-0.003906,0,0,0,0,3000,3000,3000,3000,0,222,-442,00,-1,0,5
399.762177,0.648438,-2.527344,0.000000,0.000000,-0.019999,0.001293,-0.029024,0.043959,1.022235,0.006592,0.002441,0.003662,0,0,0,0,3000,3000,3000,3000,0,214,-443,00,-1,0,5
399.764130,0.648438,-2.527344,0.000000,0.000000,-0.019999,0.001301,-0.029024,0.043959,1.022235,-0.006104,0.000244,-0.001221,0,0,0,0,3000,3000,3000,3000,0,223,-441,00,-1,0,5
399.766083,0.648438,-2.527344,0.000000,0.000000,-0.019999,0.001242,-0.029024,0.043959,1.022235,0.000732,-0.000244,-0.001221,0,0,0,0,3000,3000,3000,3000,0,218,-441,00,-1,0,5
399.769012,0.648438,-2.527344,0.000000,0.000000,-0.019999,0.001223,-0.029024,0.043959,1.022235,0.001221,0.002930,0.001953,0,0,0,0,3000,3000,3000,3000,0,217,-444,00,-1,0,5
399.769989,0.648438,-2.527344,0.000000,0.000000,-0.019999,0.001451,-0.028964,0.043959,1.022241,0.002441,-0.001221,0.000977,0,0,0,0,3000,3000,3000,3000,0,217,-444,00,-1,0,5
399.771942,0.648438,-2.527344,0.000000,0.000000,-0.019999,0.001423,-0.029024,0.043959,1.022235,0.005127,-0.000244,0.001953,0,0,0,0,3000,3000,3000,3000,0,214,-441,00,-1,0,5
399.773895,0.648438,-2.527344,0.000000,0.000000,-0.019999,0.001429,-0.029024,0.043959,1.022235,-0.005615,0.000244,0.000977,0,0,0,0,3000,3000,3000,3000,0,222,-441,00,-1,0,5
399.775848,0.648438,-2.527344,0.000000,0.000000,-0.019999,0.001593,-0.029024,0.043959,1.022235,0.005127,0.000244,0.000977,0,0,0,0,3000,3000,3000,3000,0,214,-441,00,-1,0,5
399.777802,0.648438,-2.527344,0.000000,0.000000,-0.019999,0.001654,-0.029024,0.043959,1.022235,-0.000244,-0.000732,0.005127,0,0,0,0,3000,3000,3000,3000,0,218,-440,00,-1,0,5
399.779755,0.648438,-2.527344,0.000000,0.000000,-0.019999,0.001516,-0.029024,0.043959,1.022235,-0.000732,0.001953,-0.005615,0,0,0,0,3000,3000,3000,3000,0,218,-443,00,-1,0,5
399.781708,0.648438,-2.527344,0.000000,0.000000,-0.019999,0.001469,-0.029024,0.043959,1.022235,0.008789,0.000977,-0.000244,0,0,0,0,3000,3000,3000,3000,0,211,-442,00,-1,0,5
399.783661,0.648438,-2.527344,0.000000,0.000000,-0.019999,0.001493,-0.029024,0.043959,1.022235,-0.007080,-0.002930,-0.001709,0,0,0,0,3000,3000,3000,3000,0,222,-438,00,-1,0,5
399.785614,0.648438,-2.527344,0.000000,0.000000,-0.019999,0.001478,-0.029024,0.043959,1.022235,0.002441,-0.002930,-0.000732,0,0,0,0,3000,3000,3000,3000,0,216,-438,00,-1,0,5
399.787567,0.648438,-2.527344,0.000000,0.000000,-0.019999,0.001493,-0.029024,0.043959,1.022235,0.000244,0.000244,0.002930,0,0,0,0,3000,3000,3000,3000,0,218,-440,00,-1,0,5
399.789520,0.648438,-2.527344,0.000000,0.000000,-0.019999,0.001558,-0.029024,0.043959,1.022235,-0.001953,-0.000244,-0.002930,0,0,0,0,3000,3000,3000,3000,0,219,-440,00,-1,0,5
399.791473,0.648438,-2.527344,0.000000,0.000000,-0.019999,0.001532,-0.029024,0.043959,1.022235,0.007812,-0.003906,0.002441,0,0,0,0,3000,3000,3000,3000,0,212,-436,00,-1,0,5
399.793427,0.648438,-2.527344,0.000000,0.000000,-0.019999,0.001539,-0.029024,0.043959,1.022235,-0.005615,0.002930,0.000244,0,0,0,0,3000,3000,3000,3000,0,222,-442,00,-1,0,5
399.795380,0.648438,-2.527344,0.000000,0.000000,-0.019999,0.001562,-0.029024,0.043959,1.022235,0.002441,-0.000244,0.001465,0,0,0,0,3000,3000,3000,3000,0,216,-439,00,-1,0,5
399.797333,0.648438,-2.527344,0.000000,0.000000,-0.019999,0.001476,-0.029024,0.043959,1.022235,-0.005615,0.001953,0.002441,0,0,0,0,3000,3000,3000,3000,0,222,-442,00,-1,0,5
399.799286,0.648438,-2.527344,0.000000,0.000000,-0.019999,0.001524,-0.029024,0.043959,1.022235,-0.000244,-0.000732,0.000244,0,0,0,0,3000,3000,3000,3000,0,218,-439,00,-1,0,5
399.801239,0.648438,-2.527344,0.000000,0.000000,-0.019999,0.001383,-0.029024,0.043959,1.022235,0.003418,0.001465,0.003418,0,0,0,0,3000,3000,3000,3000,0,216,-441,00,-1,0,5
399.803192,0.648438,-2.527344,0.000000,0.000000,-0.019999,0.001318,-0.029024,0.043959,1.022235,-0.008789,0.000244,0.001465,0,0,0,0,3000,3000,3000,3000,0,225,-440,00,-1,0,5
399.805145,0.648438,-2.527344,0.000000,0.000000,-0.019999,0.001335,-0.029024,0.043959,1.022235,0.003906,0.001465,0.001465,0,0,0,0,3000,3000,3000,3000,0,216,-442,00,-1,0,5
399.807098,0.648438,-2.527344,0.000000,0.000000,-0.019999,0.001274,-0.029024,0.043959,1.022235,-0.003418,-0.001709,-0.000244,0,0,0,0,3000,3000,3000,3000,0,221,-439,00,-1,0,5
399.809052,0.648438,-2.527344,0.000000,0.000000,-0.019999,0.001137,-0.029024,0.043959,1.022235,-0.000244,0.000244,-0.001709,0,0,0,0,3000,3000,3000,3000,0,219,-440,00,-1,0,5
399.811005,0.648438,-2.527344,0.000000,0.000000,-0.019999,0.001188,-0.029024,0.043959,1.022235,0.006104,0.002441,-0.000732,0,0,0,0,3000,3000,3000,3000,0,214,-443,00,-1,0,5
399.812958,0.648438,-2.527344,0.000000,0.000000,-0.019999,0.001139,-0.029024,0.043959,1.022235,-0.005615,0.000244,-0.001221,0,0,0,0,3000,3000,3000,3000,0,222,-441,00,-1,0,5
399.814911,0.648438,-2.527344,0.000000,0.000000,-0.019999,0.001240,-0.029024,0.043959,1.022235,0.003906,-0.003418,0.000244,0,0,0,0,3000,3000,3000,3000,0,216,-437,00,-1,0,5
399.816864,0.648438,-2.527344,0.000000,0.000000,-0.019999,0.001160,-0.029024,0.043959,1.022235,-0.001953,0.001465,0.001953,0,0,0,0,3000,3000,3000,3000,0,220,-442,00,-1,0,5
399.818817,0.648438,-2.527344,0.000000,0.000000,-0.019999,0.001184,-0.029024,0.043959,1.022235,0.001221,-0.002930,0.002441,0,0,0,0,3000,3000,3000,3000,0,218,-437,00,-1,0,5
399.820770,0.648438,-2.527344,0.000000,-0.139999,-0.299999,0.003248,-0.029024,0.043959,1.022235,0.000244,-0.001221,-0.000244,0,0,0,0,3000,3000,3000,3000,0,218,-439,00,-1,0,5
399.822723,0.648438,-2.527344,0.000000,-0.139999,-0.299999,0.003426,-0.029024,0.043959,1.022235,-0.003418,0.002441,-0.000244,0,0,0,0,3000,3000,3000,3000,0,221,-442,00,-1,0,5
399.824677,0.648438,-2.527344,0.000000,-0.139999,-0.299999,0.003283,-0.029024,0.043959,1.022235,0.006104,0.001465,-0.000244,0,0,0,0,3000,3000,3000,3000,0,214,-441,00,-1,0,5
399.826630,0.648438,-2.527344,0.000000,-0.139999,-0.299999,0.003309,-0.029024,0.043959,1.022235,-0.003418,0.000244,0.000244,0,0,0,0,3000,3000,3000,3000,0,221,-441,00,-1,0,5
399.828583,0.648438,-2.527344,0.000000,-0.139999,-0.299999,0.003260,-0.029024,0.043959,1.022235,0.001221,-0.002197,0.001465,0,0,0,0,3000,3000,3000,3000,0,217,-438,00,-1,0,5
399.830536,0.648438,-2.527344,0.000000,-0.139999,-0.299999,0.003244,-0.029024,0.043959,1.022235,0.000244,-0.001221,0.001465,0,0,0,0,3000,3000,3000,3000,0,218,-439,00,-1,0,5
399.832489,0.648438,-2.527344,0.000000,-0.139999,-0.299999,0.003269,-0.029024,0.043959,1.022235,-0.005615,0.000244,-0.000244,0,0,0,0,3000,3000,3000,3000,0,222,-440,00,-1,0,5
399.834442,0.648438,-2.527344,0.000000,-0.139999,-0.299999,0.003216,-0.029024,0.043959,1.022235,0.006104,0.001465,0.001953,0,0,0,0,3000,3000,3000,3000,0,214,-441,00,-1,0,5
399.836395,0.648438,-2.527344,0.000000,-0.139999,-0.299999,0.003265,-0.029024,0.043959,1.022235,-0.006592,0.000977,-0.000732,0,0,0,0,3000,3000,3000,3000,0,223,-441,00,-1,0,5
399.838348,0.648438,-2.527344,0.000000,-0.139999,-0.299999,0.003222,-0.029024,0.043959,1.022235,0.005615,0.000244,0.004639,0,0,0,0,3000,3000,3000,3000,0,215,-441,00,-1,0,5
399.840302,0.648438,-2.527344,0.000000,-0.139999,-0.299999,0.003149,-0.029024,0.043959,1.022235,-0.005615,0.000244,-0.001709,0,0,0,0,3000,3000,3000,3000,0,222,-441,00,-1,0,5
399.842255,0.648438,-2.527344,0.000000,-0.139999,-0.299999,0.003178,-0.029024,0.043959,1.022235,-0.003418,-0.000244,-0.003418,0,0,0,0,3000,3000,3000,3000,0,221,-440,00,-1,0,5
399.844208,0.648438,-2.527344,0.000000,-0.139999,-0.299999,0.003157,-0.029024,0.043959,1.022235,0.008789,-0.002930,-0.000244,0,0,0,0,3000,3000,3000,3000,0,213,-438,00,-1,0,5
399.846161,0.648438,-2.527344,0.000000,-0.139999,-0.299999,0.003248,-0.029024,0.043959,1.022235,-0.007080,0.000244,-0.000732,0,0,0,0,3000,3000,3000,3000,0,223,-440,00,-1,0,5
399.848114,0.648438,-2.527344,0.000000,-0.139999,-0.299999,0.003279,-0.029024,0.043959,1.022235,0.007080,0.000244,0.000244,0,0,0,0,3000,3000,3000,3000,0,213,-440,00,-1,0,5
399.850067,0.648438,-2.527344,0.000000,-0.139999,-0.299999,0.003340,-0.029024,0.043959,1.022235,0.000244,0.000244,0.002441,0,0,0,0,3000,3000,3000,3000,0,218,-440,00,-1,0,5
399.852020,0.648438,-2.527344,0.000000,-0.139999,-0.299999,0.003342,-0.029024,0.043959,1.022235,-0.002930,-0.003418,-0.003906,0,0,0,0,3000,3000,3000,3000,0,220,-437,00,-1,0,5
399.854004,0.648438,-2.527344,0.000000,-0.139999,-0.299999,0.003353,-0.029024,0.043959,1.022235,0.006592,0.001465,-0.000732,0,0,0,0,3000,3000,3000,3000,0,213,-441,00,-1,0,5
399.855927,0.648438,-2.527344,0.000000,-0.139999,-0.299999,0.003311,-0.029024,0.043959,1.022235,-0.008301,-0.001709,0.000244,0,0,0,0,3000,3000,3000,3000,0,224,-438,00,-1,0,5
399.857880,0.648438,-2.527344,0.000000,-0.139999,-0.299999,0.003300,-0.029024,0.043959,1.022235,0.006592,-0.000244,-0.001709,0,0,0,0,3000,3000,3000,3000,0,213,-440,00,-1,0,5
399.859833,0.648438,-2.527344,0.000000,-0.139999,-0.299999,0.003426,-0.029024,0.043959,1.022235,-0.001953,0.001465,0.002441,0,0,0,0,3000,3000,3000,3000,0,219,-441,00,-1,0,5
399.861786,0.648438,-2.527344,0.000000,-0.139999,-0.299999,0.003574,-0.029024,0.043959,1.022235,-0.003418,0.000244,0.000977,0,0,0,0,3000,3000,3000,3000,0,220,-440,00,-1,0,5
399.863739,0.648438,-2.527344,0.000000,-0.139999,-0.299999,0.003513,-0.029024,0.043959,1.022235,0.004639,-0.000732,0.000977,0,0,0,0,3000,3000,3000,3000,0,215,-440,00,-1,0,5
399.865692,0.648438,-2.527344,0.000000,-0.139999,-0.299999,0.003538,-0.029024,0.043959,1.022235,-0.005615,0.002441,-0.000244,0,0,0,0,3000,3000,3000,3000,0,222,-443,00,-1,0,5
399.867645,0.648438,-2.527344,0.000000,-0.139999,-0.299999,0.003561,-0.029024,0.043959,1.022235,0.006104,0.001465,0.002930,0,0,0,0,3000,3000,3000,3000,0,214,-442,00,-1,0,5
399.869598,0.648438,-2.527344,0.000000,-0.139999,-0.299999,0.003405,-0.029024,0.043959,1.022235,-0.004639,0.001465,-0.001221,0,0,0,0,3000,3000,3000,3000,0,221,-442,00,-1,0,5
399.871552,0.648438,-2.527344,0.000000,-0.139999,-0.299999,0.003387,-0.029024,0.043959,1.022235,0.001221,0.001465,0.002930,0,0,0,0,3000,3000,3000,3000,0,217,-443,00,-1,0,5
399.873505,0.648438,-2.527344,0.000000,-0.139999,-0.299999,0.003340,-0.029024,0.043959,1.022235,0.006104,-0.002197,0.001465,0,0,0,0,3000,3000,3000,3000,0,214,-439,00,-1,0,5
399.875458,0.648438,-2.527344,0.000000,-0.139999,-0.299999,0.003511,-0.028964,0.043959,1.022241,-0.008789,0.000977,-0.002197,0,0,0,0,3000,3000,3000,3000,0,224,-442,00,-1,0,5
399.877411,0.648438,-2.527344,0.000000,-0.139999,-0.299999,0.003456,-0.029024,0.043959,1.022235,0.007812,-0.002930,-0.000244,0,0,0,0,3000,3000,3000,3000,0,213,-438,00,-1,0,5
399.879364,0.648438,-2.527344,0.000000,-0.139999,-0.299999,0.003531,-0.029024,0.043959,1.022235,-0.005127,0.002930,-0.000244,0,0,0,0,3000,3000,3000,3000,0,222,-443,00,-1,0,5
399.881317,0.648438,-2.527344,0.000000,-0.139999,-0.299999,0.003593,-0.029024,0.043959,1.022235,0.001953,0.000244,0.001465,0,0,0,0,3000,3000,3000,3000,0,217,-441,00,-1,0,5
399.883270,0.648438,-2.527344,0.000000,-0.139999,-0.299999,0.003525,-0.029024,0.043959,1.022235,0.001221,0.001465,-0.000732,0,0,0,0,3000,3000,3000,3000,0,217,-442,00,-1,0,5
399.885223,0.648438,-2.527344,0.000000,-0.139999,-0.299999,0.003527,-0.029024,0.043959,1.022235,-0.006592,0.000244,-0.003418,0,0,0,0,3000,3000,3000,3000,0,223,-441,00,-1,0,5
399.887177,0.648438,-2.527344,0.000000,-0.139999,-0.299999,0.003523,-0.029024,0.043959,1.022235,0.006104,-0.000244,0.003418,0,0,0,0,3000,3000,3000,3000,0,214,-441,00,-1,0,5
399.889130,0.648438,-2.527344,0.000000,-0.139999,-0.299999,0.003571,-0.029024,0.043959,1.022235,-0.005615,0.000244,-0.002197,0,0,0,0,3000,3000,3000,3000,0,222,-441,00,-1,0,5
399.891083,0.648438,-2.527344,0.000000,-0.139999,-0.299999,0.003439,-0.029024,0.043959,1.022235,0.003906,-0.002197,-0.001709,0,0,0,0,3000,3000,3000,3000,0,216,-439,00,-1,0,5
399.893036,0.648438,-2.527344,0.000000,-0.139999,-0.299999,0.003508,-0.029024,0.043959,1.022235,-0.000732,-0.000732,0.001953,0,0,0,0,3000,3000,3000,3000,0,219,-440,00,-1,0,5
399.894989,0.648438,-2.527344,0.000000,-0.139999,-0.299999,0.003370,-0.029024,0.043959,1.022235,-0.003418,-0.002930,0.001465,0,0,0,0,3000,3000,3000,3000,0,221,-437,00,-1,0,5
399.896942,0.648438,-2.527344,0.000000,-0.139999,-0.299999,0.003395,-0.029024,0.043959,1.022235,0.007080,0.000977,0.001465,0,0,0,0,3000,3000,3000,3000,0,213,-441,00,-1,0,5
399.898895,0.648438,-2.527344,0.000000,-0.139999,-0.299999,0.003742,-0.029024,0.043959,1.022235,-0.007812,0.000977,0.001465,0,0,0,0,3000,3000,3000,3000,0,224,-441,00,-1,0,5
399.900848,0.648438,-2.527344,0.000000,-0.139999,-0.299999,0.003672,-0.029024,0.043959,1.022235,0.001221,-0.000732,0.003418,0,0,0,0,3000,3000,3000,3000,0,218,-439,00,-1,0,5
399.902802,0.648438,-2.527344,0.000000,0.070000,0.129999,0.003790,-0.029024,0.043959,1.022235,0.002441,0.000244,0.002441,0,0,0,0,3000,3000,3000,3000,0,217,-440,00,-1,0,5
399.904755,0.648438,-2.527344,0.000000,0.070000,0.129999,0.003349,-0.029024,0.043959,1.022235,-0.005127,-0.001709,0.000977,0,0,0,0,3000,3000,3000,3000,0,222,-439,00,-1,0,5
399.906708,0.648438,-2.527344,0.000000,0.070000,0.129999,0.003334,-0.029024,0.043959,1.022235,0.007812,0.001953,0.003418,0,0,0,0,3000,3000,3000,3000,0,213,-442,00,-1,0,5
399.908661,0.648438,-2.527344,0.000000,0.070000,0.129999,0.003323,-0.029024,0.043959,1.022235,-0.003906,-0.000732,0.000977,0,0,0,0,3000,3000,3000,3000,0,221,-440,00,-1,0,5
399.910614,0.648438,-2.527344,0.000000,0.070000,0.129999,0.003401,-0.029024,0.043959,1.022235,0.001953,0.001465,-0.002197,0,0,0,0,3000,3000,3000,3000,0,217,-442,00,-1,0,5
399.915497,0.648438,-2.527344,0.000000,0.070000,0.129999,0.003353,-0.029024,0.043959,1.022235,-0.000244,0.001465,-0.000244,0,0,0,0,3000,3000,3000,3000,0,218,-442,00,-1,0,5
399.916473,0.648438,-2.527344,0.000000,0.070000,0.129999,0.003563,-0.028910,0.043928,1.022226,-0.000732,0.003418,-0.001709,0,0,0,0,3000,3000,3000,3000,0,218,-442,00,-1,0,5
399.918427,0.648438,-2.527344,0.000000,0.070000,0.129999,0.003567,-0.028965,0.043959,1.022256,-0.006104,0.001465,-0.000732,0,0,0,0,3000,3000,3000,3000,0,222,-442,00,-1,0,5
399.920380,0.648438,-2.527344,0.000000,0.070000,0.129999,0.003679,-0.028965,0.043959,1.022256,0.006592,-0.001221,0.002930,0,0,0,0,3000,3000,3000,3000,0,213,-440,00,-1,0,5
399.922333,0.648438,-2.527344,0.000000,0.070000,0.129999,0.003756,-0.028965,0.043959,1.022256,0.000732,0.000977,0.000244,0,0,0,0,3000,3000,3000,3000,0,217,-442,00,0,0,5
399.924286,0.648438,-2.527344,0.000000,0.070000,0.129999,0.003805,-0.028965,0.043959,1.022256,-0.001221,-0.002197,-0.001709,0,0,0,0,3000,3000,3000,3000,0,219,-438,00,0,0,5
399.926239,0.648438,-2.527344,0.000000,0.070000,0.129999,0.003687,-0.028965,0.043959,1.022256,0.006104,-0.000244,0.001953,0,0,0,0,3000,3000,3000,3000,0,213,-440,00,0,0,5
399.928192,0.648438,-2.527344,0.000000,0.070000,0.129999,0.003698,-0.028965,0.043959,1.022256,-0.007812,0.000244,-0.001709,0,0,0,0,3000,3000,3000,3000,0,223,-440,00,0,0,5
399.930145,0.648438,-2.527344,0.000000,0.070000,0.129999,0.003578,-0.028965,0.043959,1.022256,0.005127,-0.001709,-0.001709,0,0,0,0,3000,3000,3000,3000,0,214,-438,00,0,0,5
399.932098,0.648438,-2.527344,0.000000,0.070000,0.129999,0.003458,-0.028965,0.043959,1.022256,-0.003418,-0.000244,0.000244,0,0,0,0,3000,3000,3000,3000,0,220,-440,00,0,0,5
399.934052,0.648438,-2.527344,0.000000,0.070000,0.129999,0.003431,-0.028965,0.043959,1.022256,-0.000244,0.001465,-0.000244,0,0,0,0,3000,3000,3000,3000,0,218,-441,00,0,0,5
399.936035,0.648438,-2.527344,0.000000,0.070000,0.129999,0.003506,-0.028965,0.043959,1.022256,0.002930,-0.001709,0.002930,0,0,0,0,3000,3000,3000,3000,0,216,-438,00,0,0,5
399.937958,0.648438,-2.527344,0.000000,0.070000,0.129999,0.003534,-0.028965,0.043959,1.022256,-0.005615,0.001953,-0.001709,0,0,0,0,3000,3000,3000,3000,0,222,-442,00,0,0,5
399.939911,0.648438,-2.527344,0.000000,0.070000,0.129999,0.003618,-0.028965,0.043959,1.022256,0.003906,0.001465,-0.000244,0,0,0,0,3000,3000,3000,3000,0,215,-442,00,0,0,5
399.941864,0.648438,-2.527344,0.000000,0.070000,0.129999,0.003647,-0.028965,0.043959,1.022256,-0.003906,0.000977,0.000977,0,0,0,0,3000,3000,3000,3000,0,221,-441,00,0,0,5
399.943817,0.648438,-2.527344,0.000000,0.070000,0.129999,0.003803,-0.028965,0.043959,1.022256,0.000732,0.000244,-0.000244,0,0,0,0,3000,3000,3000,3000,0,218,-441,00,0,0,5
399.945770,0.648438,-2.527344,0.000000,0.070000,0.129999,0.003881,-0.028965,0.043959,1.022256,0.000732,-0.000732,-0.000732,0,0,0,0,3000,3000,3000,3000,0,218,-440,00,0,0,5
399.947723,0.648438,-2.527344,0.000000,0.070000,0.129999,0.003786,-0.028965,0.043959,1.022256,-0.007812,0.002930,-0.001709,0,0,0,0,3000,3000,3000,3000,0,224,-443,00,0,0,5
399.949677,0.648438,-2.527344,0.000000,0.070000,0.129999,0.003660,-0.028965,0.043959,1.022256,0.006592,0.001465,0.001465,0,0,0,0,3000,3000,3000,3000,0,214,-442,00,0,0,5
399.951630,0.648438,-2.527344,0.000000,0.070000,0.129999,0.003580,-0.028965,0.043959,1.022256,-0.003418,-0.000244,-0.000244,0,0,0,0,3000,3000,3000,3000,0,221,-441,00,0,0,5
399.953583,0.648438,-2.527344,0.000000,0.070000,0.129999,0.003613,-0.028965,0.043959,1.022256,0.001953,-0.001709,0.000244,0,0,0,0,3000,3000,3000,3000,0,217,-439,00,0,0,5
399.955536,0.648438,-2.527344,0.000000,0.070000,0.129999,0.003706,-0.028965,0.043959,1.022256,0.004639,0.001465,-0.000244,0,0,0,0,3000,3000,3000,3000,0,215,-442,00,0,0,5
399.957489,0.648438,-2.527344,0.000000,0.070000,0.129999,0.003572,-0.028965,0.043959,1.022256,-0.003418,0.002930,-0.000244,0,0,0,0,3000,3000,3000,3000,0,220,-443,00,0,0,5
399.959442,0.648438,-2.527344,0.000000,0.070000,0.129999,0.003433,-0.028965,0.043959,1.022256,0.005615,0.002441,0.003662,0,0,0,0,3000,3000,3000,3000,0,214,-443,00,0,0,5
399.961395,0.648438,-2.527344,0.000000,0.070000,0.129999,0.003391,-0.028965,0.043959,1.022256,-0.006104,0.000244,-0.001221,0,0,0,0,3000,3000,3000,3000,0,222,-441,00,0,0,5
399.963348,0.648438,-2.527344,0.000000,0.070000,0.129999,0.003317,-0.028965,0.043959,1.022256,0.005127,-0.001221,0.000977,0,0,0,0,3000,3000,3000,3000,0,214,-440,00,0,0,5
399.965302,0.648438,-2.527344,0.000000,0.070000,0.129999,0.003365,-0.028965,0.043959,1.022256,-0.001221,0.001465,-0.000732,0,0,0,0,3000,3000,3000,3000,0,218,-442,00,0,0,5
399.967255,0.648438,-2.527344,0.000000,0.070000,0.129999,0.003365,-0.028965,0.043959,1.022256,-0.005615,-0.000244,-0.001221,0,0,0,0,3000,3000,3000,3000,0,222,-440,00,0,0,5
399.969208,0.648438,-2.527344,0.000000,0.070000,0.129999,0.003395,-0.028965,0.043959,1.022256,0.007080,0.000244,0.002930,0,0,0,0,3000,3000,3000,3000,0,213,-441,00,0,0,5
399.971161,0.648438,-2.527344,0.000000,0.070000,0.129999,0.003286,-0.028965,0.043959,1.022256,-0.008301,-0.000244,0.000977,0,0,0,0,3000,3000,3000,3000,0,224,-440,00,0,0,5
399.973114,0.648438,-2.527344,0.000000,0.070000,0.129999,0.003206,-0.028965,0.043959,1.022256,0.005127,-0.001221,0.001465,0,0,0,0,3000,3000,3000,3000,0,214,-439,00,0,0,5
399.975067,0.648438,-2.527344,0.000000,0.070000,0.129999,0.003046,-0.028965,0.043959,1.022256,-0.002441,0.000244,0.000244,0,0,0,0,3000,3000,3000,3000,0,220,-440,00,0,0,5
399.977020,0.648438,-2.527344,0.000000,0.070000,0.129999,0.003054,-0.028965,0.043959,1.022256,-0.001221,-0.001221,-0.002197,0,0,0,0,3000,3000,3000,3000,0,219,-439,00,0,0,5
399.978973,0.648438,-2.527344,0.000000,0.070000,0.129999,0.002333,-0.028965,0.043959,1.022256,0.005615,0.001465,-0.001221,0,0,0,0,3000,3000,3000,3000,0,214,-441,00,0,0,5
399.980927,0.648438,-2.527344,0.000000,0.070000,0.129999,0.002468,-0.028965,0.043959,1.022256,-0.005615,0.002930,-0.000732,0,0,0,0,3000,3000,3000,3000,0,222,-443,00,0,0,5
399.982910,0.648438,-2.527344,0.000000,0.070000,0.129999,0.002495,-0.028965,0.043959,1.022256,0.005127,-0.003906,0.002930,0,0,0,0,3000,3000,3000,3000,0,214,-436,00,0,0,5
399.984833,0.648438,-2.527344,0.000000,0.070000,0.129999,0.002575,-0.028965,0.043959,1.022256,-0.002930,-0.002197,-0.002197,0,0,0,0,3000,3000,3000,3000,0,220,-438,00,0,0,5
399.986786,0.648438,-2.527344,0.000000,0.070000,0.129999,0.002531,-0.028965,0.043959,1.022256,-0.004639,0.001953,-0.000732,0,0,0,0,3000,3000,3000,3000,0,221,-441,00,0,0,5
399.988739,0.648438,-2.527344,0.000000,0.070000,0.129999,0.002768,-0.028965,0.043959,1.022256,0.004639,0.001465,0.001465,0,0,0,0,3000,3000,3000,3000,0,215,-441,00,0,0,5
399.990692,0.648438,-2.527344,0.000000,0.070000,0.129999,0.002693,-0.028965,0.043959,1.022256,-0.006104,-0.000732,-0.000732,0,0,0,0,3000,3000,3000,3000,0,222,-439,00,0,0,5
399.992645,0.648438,-2.527344,0.000000,0.070000,0.129999,0.002825,-0.028965,0.043959,1.022256,0.008301,-0.000732,0.000977,0,0,0,0,3000,3000,3000,3000,0,212,-439,00,0,0,5
399.994659,0.648438,-2.527344,0.000000,0.070000,0.129999,0.002539,-0.028965,0.043959,1.022256,-0.005127,0.000244,-0.000244,0,0,0,0,3000,3000,3000,3000,0,222,-440,00,0,0,5
399.996552,0.648438,-2.527344,0.000000,0.070000,0.129999,0.002562,-0.028965,0.043959,1.022256,0.001221,-0.001221,-0.004395,0,0,0,0,3000,3000,3000,3000,0,217,-439,00,0,0,5
399.998505,0.648438,-2.527344,0.000000,0.070000,0.129999,0.002649,-0.028965,0.043959,1.022256,-0.000244,0.001465,0.005127,0,0,0,0,3000,3000,3000,3000,0,218,-441,00,0,0,5
400.000488,0.648438,-2.527344,0.000000,-0.009998,0.000000,0.002588,-0.028965,0.043959,1.022256,-0.003906,0.002930,-0.002930,0,0,0,0,3000,3000,3000,3000,0,221,-443,00,0,0,5
400.002411,0.648438,-2.527344,0.000000,-0.009998,0.000000,0.002119,-0.028965,0.043959,1.022256,0.006104,-0.001709,0.001465,0,0,0,0,3000,3000,3000,3000,0,214,-439,00,0,0,5
400.004364,0.648438,-2.527344,0.000000,-0.009998,0.000000,0.002110,-0.028965,0.043959,1.022256,-0.003418,0.001465,0.001465,0,0,0,0,3000,3000,3000,3000,0,220,-441,00,0,0,5
400.006317,0.648438,-2.527344,0.000000,-0.009998,0.000000,0.002247,-0.028965,0.043959,1.022256,0.001221,-0.000244,-0.003418,0,0,0,0,3000,3000,3000,3000,0,217,-440,00,0,0,5
400.008270,0.648438,-2.527344,0.000000,-0.009998,0.000000,0.002333,-0.028965,0.043959,1.022256,0.001953,-0.000732,0.000977,0,0,0,0,3000,3000,3000,3000,0,216,-439,00,0,0,5
400.010223,0.648438,-2.527344,0.000000,-0.009998,0.000000,0.002520,-0.028965,0.043959,1.022256,-0.005615,-0.000732,-0.000244,0,0,0,0,3000,3000,3000,3000,0,222,-439,00,0,0,5
400.012177,0.648438,-2.527344,0.000000,-0.009998,0.000000,0.002377,-0.028965,0.043959,1.022256,0.008301,0.001953,-0.002197,0,0,0,0,3000,3000,3000,3000,0,212,-442,00,0,0,5
400.014130,0.648438,-2.527344,0.000000,-0.009998,0.000000,0.002449,-0.028965,0.043959,1.022256,-0.003906,-0.002197,0.001953,0,0,0,0,3000,3000,3000,3000,0,220,-438,00,0,0,5
400.016083,0.648438,-2.527344,0.000000,-0.009998,0.000000,0.002350,-0.028965,0.043959,1.022256,-0.001221,-0.001709,0.000244,0,0,0,0,3000,3000,3000,3000,0,219,-438,00,0,0,5
400.018036,0.648438,-2.527344,0.000000,-0.009998,0.000000,0.002213,-0.028965,0.043959,1.022256,0.005615,0.000244,0.001465,0,0,0,0,3000,3000,3000,3000,0,214,-440,00,0,0,5
400.019989,0.648438,-2.527344,0.000000,-0.009998,0.000000,0.002275,-0.028965,0.043959,1.022256,-0.007080,-0.000244,-0.002930,0,0,0,0,3000,3000,3000,3000,0,223,-439,00,0,0,5
400.021942,0.648438,-2.527344,0.000000,-0.009998,0.000000,0.002302,-0.028965,0.043959,1.022256,0.005615,-0.001709,0.001465,0,0,0,0,3000,3000,3000,3000,0,214,-438,00,0,0,5
400.023895,0.648438,-2.527344,0.000000,-0.009998,0.000000,0.002338,-0.028965,0.043959,1.022256,-0.006592,-0.000732,-0.000244,0,0,0,0,3000,3000,3000,3000,0,222,-439,00,0,0,5
400.025848,0.648438,-2.527344,0.000000,-0.009998,0.000000,0.002207,-0.028965,0.043959,1.022256,0.004639,0.002441,0.002930,0,0,0,0,3000,3000,3000,3000,0,215,-442,00,0,0,5
400.027802,0.648438,-2.527344,0.000000,-0.009998,0.000000,0.002275,-0.028965,0.043959,1.022256,-0.001221,-0.000244,0.000977,0,0,0,0,3000,3000,3000,3000,0,219,-440,00,0,0,5
400.029755,0.648438,-2.527344,0.000000,-0.009998,0.000000,0.002239,-0.028965,0.043959,1.022256,0.001221,0.000977,-0.001709,0,0,0,0,3000,3000,3000,3000,0,217,-441,00,0,0,5
400.031708,0.648438,-2.527344,0.000000,-0.009998,0.000000,0.002199,-0.028965,0.043959,1.022256,0.008301,0.000977,0.001465,0,0,0,0,3000,3000,3000,3000,0,212,-441,00,0,0,5
400.033661,0.648438,-2.527344,0.000000,-0.009998,0.000000,0.001917,-0.028965,0.043959,1.022256,-0.005615,0.004150,-0.003418,0,0,0,0,3000,3000,3000,3000,0,221,-444,00,0,0,5
400.035614,0.648438,-2.527344,0.000000,-0.009998,0.000000,0.001802,-0.028965,0.043959,1.022256,0.002441,-0.002930,0.001465,0,0,0,0,3000,3000,3000,3000,0,216,-438,00,0,0,5
400.037567,0.648438,-2.527344,0.000000,-0.009998,0.000000,0.001772,-0.028965,0.043959,1.022256,-0.000244,0.000244,0.001953,0,0,0,0,3000,3000,3000,3000,0,218,-441,00,0,0,5
400.039520,0.648438,-2.527344,0.000000,-0.009998,0.000000,0.001686,-0.028965,0.043959,1.022256,-0.005127,0.000977,-0.002930,0,0,0,0,3000,3000,3000,3000,0,221,-441,00,0,0,5
400.041473,0.648438,-2.527344,0.000000,-0.009998,0.000000,0.001791,-0.028965,0.043959,1.022256,0.003418,-0.002197,0.002930,0,0,0,0,3000,3000,3000,3000,0,215,-438,00,0,0,5
400.043427,0.648438,-2.527344,0.000000,-0.009998,0.000000,0.001585,-0.028965,0.043959,1.022256,-0.005615,0.000977,0.000244,0,0,0,0,3000,3000,3000,3000,0,222,-441,00,0,0,5
400.045380,0.648438,-2.527344,0.000000,-0.009998,0.000000,0.001492,-0.028965,0.043959,1.022256,0.003418,0.001465,0.000977,0,0,0,0,3000,3000,3000,3000,0,216,-442,00,0,0,5
400.047333,0.648438,-2.527344,0.000000,-0.009998,0.000000,0.001556,-0.028965,0.043959,1.022256,-0.001221,-0.000732,0.000244,0,0,0,0,3000,3000,3000,3000,0,219,-440,00,0,0,5
400.049286,0.648438,-2.527344,0.000000,-0.009998,0.000000,0.001600,-0.028965,0.043959,1.022256,-0.001953,-0.000732,-0.002197,0,0,0,0,3000,3000,3000,3000,0,220,-440,00,0,0,5
400.051239,0.648438,-2.527344,0.000000,-0.009998,0.000000,0.001652,-0.028965,0.043959,1.022256,0.002930,0.002441,0.001465,0,0,0,0,3000,3000,3000,3000,0,216,-443,00,0,0,5
400.053192,0.648438,-2.527344,0.000000,-0.009998,0.000000,0.001602,-0.028965,0.043959,1.022256,-0.004639,-0.001221,-0.001709,0,0,0,0,3000,3000,3000,3000,0,221,-439,00,0,0,5
400.055145,0.648438,-2.527344,0.000000,-0.009998,0.000000,0.001753,-0.028965,0.043959,1.022256,0.006104,0.000977,-0.003906,0,0,0,0,3000,3000,3000,3000,0,214,-441,00,0,0,5
400.057098,0.648438,-2.527344,0.000000,-0.009998,0.000000,0.001911,-0.028965,0.043959,1.022256,-0.006104,0.001953,0.001953,0,0,0,0,3000,3000,3000,3000,0,222,-442,00,0,0,5
400.059052,0.648438,-2.527344,0.000000,-0.009998,0.000000,0.001837,-0.028965,0.043959,1.022256,-0.003418,-0.002930,-0.001709,0,0,0,0,3000,3000,3000,3000,0,221,-438,00,0,0,5
400.061005,0.648438,-2.527344,0.000000,-0.009998,0.000000,0.001894,-0.028965,0.043959,1.022256,0.005127,0.000977,-0.000244,0,0,0,0,3000,3000,3000,3000,0,215,-441,00,0,0,5
400.062958,0.648438,-2.527344,0.000000,-0.009998,0.000000,0.001888,-0.028965,0.043959,1.022256,-0.005127,0.000977,-0.000244,0,0,0,0,3000,3000,3000,3000,0,222,-441,00,0,0,5
400.064911,0.648438,-2.527344,0.000000,-0.009998,0.000000,0.001966,-0.028965,0.043959,1.022256,0.005127,0.001465,0.000977,0,0,0,0,3000,3000,3000,3000,0,215,-442,00,0,0,5
400.066864,0.648438,-2.527344,0.000000,-0.009998,0.000000,0.001818,-0.028965,0.043959,1.022256,-0.004639,-0.001709,0.000244,0,0,0,0,3000,3000,3000,3000,0,221,-439,00,0,0,5
400.068817,0.648438,-2.527344,0.000000,-0.009998,0.000000,0.001738,-0.028965,0.043959,1.022256,0.000244,-0.001709,-0.001221,0,0,0,0,3000,3000,3000,3000,0,218,-439,00,0,0,5
400.070770,0.648438,-2.527344,0.000000,-0.009998,0.000000,0.001745,-0.028965,0.043959,1.022256,0.001221,0.003418,0.000977,0,0,0,0,3000,3000,3000,3000,0,217,-443,00,0,0,5
400.072723,0.648438,-2.527344,0.000000,-0.009998,0.000000,0.001665,-0.028965,0.043959,1.022256,-0.006104,-0.000244,-0.002930,0,0,0,0,3000,3000,3000,3000,0,223,-440,00,0,0,5
400.074677,0.648438,-2.527344,0.000000,-0.009998,0.000000,0.001690,-0.028965,0.043959,1.022256,0.004639,-0.003418,0.002930,0,0,0,0,3000,3000,3000,3000,0,215,-437,00,0,0,5
400.076630,0.648438,-2.527344,0.000000,-0.009998,0.000000,0.001806,-0.028965,0.043959,1.022256,-0.007080,0.001465,0.000977,0,0,0,0,3000,3000,3000,3000,0,223,-441,00,0,0,5
400.078583,0.648438,-2.527344,0.000000,-0.009998,0.000000,0.001823,-0.028965,0.043959,1.022256,0.000244,-0.000732,0.001953,0,0,0,0,3000,3000,3000,3000,0,218,-439,00,0,0,5
400.080536,0.648438,-2.527344,0.000000,-0.009998,0.000000,0.001801,-0.028965,0.043959,1.022256,0.003418,0.000977,0.003418,0,0,0,0,3000,3000,3000,3000,0,216,-441,00,0,0,5
400.082489,0.648438,-2.527344,0.000000,-0.009998,0.000000,0.001623,-0.028965,0.043959,1.022256,-0.006104,-0.000732,-0.003906,0,0,0,0,3000,3000,3000,3000,0,223,-439,00,0,0,5
400.084442,0.648438,-2.527344,0.000000,-0.009998,0.000000,0.001560,-0.028965,0.043959,1.022256,0.004639,-0.001221,0.001465,0,0,0,0,3000,3000,3000,3000,0,215,-439,00,0,0,5
400.086395,0.648438,-2.527344,0.000000,-0.009998,0.000000,0.001642,-0.028965,0.043959,1.022256,-0.005127,-0.000244,-0.002197,0,0,0,0,3000,3000,3000,3000,0,222,-440,00,0,0,5
400.088348,0.648438,-2.527344,0.000000,-0.009998,0.000000,0.001783,-0.028965,0.043959,1.022256,0.003418,0.000977,-0.000244,0,0,0,0,3000,3000,3000,3000,0,216,-441,00,0,0,5
400.090302,0.648438,-2.527344,0.000000,-0.009998,0.000000,0.001684,-0.028965,0.043959,1.022256,0.000244,-0.000732,-0.001221,0,0,0,0,3000,3000,3000,3000,0,218,-439,00,0,0,5
400.092255,0.648438,-2.527344,0.000000,-0.009998,0.000000,0.001707,-0.028965,0.043959,1.022256,-0.000732,0.003418,0.000977,0,0,0,0,3000,3000,3000,3000,0,218,-443,00,0,0,5
400.094208,0.648438,-2.527344,0.000000,-0.009998,0.000000,0.001638,-0.028965,0.043959,1.022256,0.008789,0.002930,0.001953,0,0,0,0,3000,3000,3000,3000,0,211,-443,00,0,0,5
400.096161,0.648438,-2.527344,0.000000,-0.009998,0.000000,0.001572,-0.028965,0.043959,1.022256,-0.009277,-0.002197,-0.000732,0,0,0,0,3000,3000,3000,3000,0,224,-439,00,0,0,5
400.098114,0.648438,-2.527344,0.000000,-0.009998,0.000000,0.001698,-0.028965,0.043959,1.022256,0.002930,-0.000732,-0.000244,0,0,0,0,3000,3000,3000,3000,0,216,-440,00,0,0,5
400.100067,0.648438,-2.527344,0.000000,-0.009998,0.000000,0.001665,-0.028965,0.043959,1.022256,0.001221,0.000244,-0.001221,0,0,0,0,3000,3000,3000,3000,0,217,-441,00,0,0,5
400.102020,0.648438,-2.527344,0.000000,-0.009998,0.000000,0.001551,-0.028965,0.043959,1.022256,-0.001953,0.000977,-0.000244,0,0,0,0,3000,3000,3000,3000,0,219,-441,00,0,0,5
400.104004,0.648438,-2.527344,0.000000,-0.009998,0.000000,0.001377,-0.028965,0.043959,1.022256,0.006592,0.002441,-0.001709,0,0,0,0,3000,3000,3000,3000,0,213,-443,00,0,0,5
400.105927,0.648438,-2.527344,0.000000,-0.009998,0.000000,0.001406,-0.028965,0.043959,1.022256,-0.005615,-0.000732,-0.000244,0,0,0,0,3000,3000,3000,3000,0,221,-440,00,0,0,5
400.107880,0.648438,-2.527344,0.000000,-0.009998,0.000000,0.001339,-0.028965,0.043959,1.022256,0.004639,-0.000244,0.002441,0,0,0,0,3000,3000,3000,3000,0,214,-440,00,0,0,5
400.109833,0.648438,-2.527344,0.000000,-0.009998,0.000000,0.001348,-0.028965,0.043959,1.022256,-0.006592,0.001465,-0.000244,0,0,0,0,3000,3000,3000,3000,0,222,-442,00,0,0,5
400.111786,0.648438,-2.527344,0.000000,-0.009998,0.000000,0.001038,-0.028965,0.043959,1.022256,-0.001221,0.001953,0.001953,0,0,0,0,3000,3000,3000,3000,0,219,-442,00,0,0,5
400.113739,0.648438,-2.527344,0.000000,-0.009998,0.000000,0.000977,-0.028965,0.043959,1.022256,0.001221,0.001465,-0.001709,0,0,0,0,3000,3000,3000,3000,0,217,-442,00,0,0,5
400.115692,0.648438,-2.527344,0.000000,-0.009998,0.000000,0.001019,-0.029026,0.043959,1.022256,-0.008789,-0.002197,0.000244,0,0,0,0,3000,3000,3000,3000,0,225,-439,00,0,0,5
400.117645,0.648438,-2.527344,0.000000,-0.009998,0.000000,0.001040,-0.029026,0.043959,1.022256,0.002441,-0.001709,-0.000244,0,0,0,0,3000,3000,3000,3000,0,217,-439,00,0,0,5
400.119598,0.648438,-2.527344,0.000000,-0.009998,0.000000,0.000927,-0.029026,0.043959,1.022256,0.000244,0.000244,0.002930,0,0,0,0,3000,3000,3000,3000,0,219,-441,00,0,0,5
400.121552,0.648438,-2.527344,0.000000,-0.009998,0.000000,0.000843,-0.029026,0.043959,1.022256,-0.002441,0.001953,0.003418,0,0,0,0,3000,3000,3000,3000,0,220,-442,00,0,0,5
400.123505,0.648438,-2.527344,0.000000,-0.009998,0.000000,0.000814,-0.029026,0.043959,1.022256,0.002441,0.000977,0.002930,0,0,0,0,3000,3000,3000,3000,0,217,-442,00,0,0,5
400.125458,0.648438,-2.527344,0.000000,-0.009998,0.000000,0.000751,-0.029026,0.043959,1.022256,-0.004639,-0.002930,-0.001709,0,0,0,0,3000,3000,3000,3000,0,222,-438,00,0,0,5
400.127411,0.648438,-2.527344,0.000000,-0.009998,0.000000,0.000837,-0.029026,0.043959,1.022256,0.009277,0.000244,0.001465,0,0,0,0,3000,3000,3000,3000,0,212,-441,00,0,0,5
400.129364,0.648438,-2.527344,0.000000,-0.009998,0.000000,0.000896,-0.029026,0.043959,1.022256,-0.003418,0.001953,-0.001221,0,0,0,0,3000,3000,3000,3000,0,221,-442,00,0,0,5
400.131317,0.648438,-2.527344,0.000000,-0.009998,0.000000,0.000954,-0.029026,0.043959,1.022256,0.003906,-0.004883,-0.001221,0,0,0,0,3000,3000,3000,3000,0,215,-436,00,0,0,5
400.133270,0.648438,-2.527344,0.000000,-0.009998,0.000000,0.000923,-0.029026,0.043959,1.022256,0.003906,0.001465,-0.001709,0,0,0,0,3000,3000,3000,3000,0,215,-441,00,0,0,5
400.135223,0.648438,-2.527344,0.000000,-0.009998,0.000000,0.004215,-0.029026,0.043959,1.022256,-0.005127,-0.000244,-0.003418,0,0,0,0,3000,3000,3000,3000,0,221,-440,00,0,0,5
400.137177,0.648438,-2.527344,0.000000,-0.009998,0.000000,0.004082,-0.029026,0.043959,1.022256,0.004639,-0.000244,0.001953,0,0,0,0,3000,3000,3000,3000,0,214,-440,00,0,0,5
400.139130,0.648438,-2.527344,0.000000,-0.009998,0.000000,0.004084,-0.029026,0.043959,1.022256,-0.005615,0.001465,0.000244,0,0,0,0,3000,3000,3000,3000,0,222,-441,00,0,0,5
400.141083,0.648438,-2.527344,0.000000,-0.009998,0.000000,0.004023,-0.029026,0.043959,1.022256,0.005127,-0.000244,0.000244,0,0,0,0,3000,3000,3000,3000,0,214,-440,00,0,0,5
400.143036,0.648438,-2.527344,0.000000,-0.009998,0.000000,0.003885,-0.029026,0.043959,1.022256,0.003418,-0.001221,0.003418,0,0,0,0,3000,3000,3000,3000,0,215,-439,00,0,0,5
400.144989,0.648438,-2.527344,0.000000,-0.009998,0.000000,0.003962,-0.029026,0.043959,1.022256,-0.007812,-0.002197,-0.001221,0,0,0,0,3000,3000,3000,3000,0,223,-438,00,0,0,5
400.146942,0.648438,-2.527344,0.000000,-0.009998,0.000000,0.003994,-0.029026,0.043959,1.022256,0.004639,-0.000732,0.000977,0,0,0,0,3000,3000,3000,3000,0,215,-439,00,0,0,5
400.148895,0.648438,-2.527344,0.000000,-0.009998,0.000000,0.004192,-0.029026,0.043959,1.022256,-0.009277,-0.001709,0.000244,0,0,0,0,3000,3000,3000,3000,0,225,-438,00,0,0,5
400.150848,0.648438,-2.527344,0.000000,-0.009998,0.000000,0.004194,-0.029026,0.043959,1.022256,0.005615,-0.000244,-0.001221,0,0,0,0,3000,3000,3000,3000,0,214,-439,00,0,0,5
400.152802,0.648438,-2.527344,0.000000,-0.009998,0.000000,0.004189,-0.029026,0.043959,1.022256,-0.002441,0.001953,0.000977,0,0,0,0,3000,3000,3000,3000,0,220,-442,00,0,0,5
400.154755,0.648438,-2.527344,0.000000,-0.009998,0.000000,0.004442,-0.029026,0.043959,1.022256,-0.001953,-0.002930,0.001465,0,0,0,0,3000,3000,3000,3000,0,220,-437,00,0,0,5
400.156708,0.648438,-2.527344,0.000000,-0.009998,0.000000,0.004450,-0.029026,0.043959,1.022256,0.007812,-0.001221,0.005615,0,0,0,0,3000,3000,3000,3000,0,213,-439,00,0,0,5
400.158661,0.648438,-2.527344,0.000000,-0.009998,0.000000,0.004436,-0.029026,0.043959,1.022256,-0.007080,0.000977,-0.004395,0,0,0,0,3000,3000,3000,3000,0,223,-441,00,0,0,5
400.162567,0.648438,-2.527344,0.000000,-0.009998,0.000000,0.004431,-0.029026,0.043959,1.022256,0.002930,-0.001221,-0.001221,0,0,0,0,3000,3000,3000,3000,0,216,-439,00,0,0,5
400.164520,0.648438,-2.527344,0.000000,-0.009998,0.000000,0.004141,-0.029026,0.043959,1.022256,-0.004639,-0.001709,-0.000732,0,0,0,0,3000,3000,3000,3000,0,222,-438,00,0,0,5
400.166473,0.648438,-2.527344,0.000000,-0.009998,0.000000,0.004179,-0.029026,0.043959,1.022256,0.002441,0.000244,0.001465,0,0,0,0,3000,3000,3000,3000,0,217,-440,00,0,0,5
400.168457,0.648438,-2.527344,0.000000,0.080000,0.160000,0.004187,-0.029026,0.043959,1.022256,-0.008301,0.000977,-0.000244,0,0,0,0,3000,3000,3000,3000,0,225,-441,00,0,0,5
400.170380,0.648438,-2.527344,0.000000,0.080000,0.160000,0.001148,-0.029026,0.043959,1.022256,0.006592,-0.000244,0.001465,0,0,0,0,3000,3000,3000,3000,0,214,-440,00,0,0,5
400.172333,0.648438,-2.527344,0.000000,0.080000,0.160000,0.001104,-0.029026,0.043959,1.022256,-0.000244,-0.001709,-0.000244,0,0,0,0,3000,3000,3000,3000,0,219,-439,00,0,0,5
400.174286,0.648438,-2.527344,0.000000,0.080000,0.160000,0.001175,-0.029026,0.043959,1.022256,-0.003418,-0.001221,-0.001221,0,0,0,0,3000,3000,3000,3000,0,221,-439,00,0,0,5
400.176239,0.648438,-2.527344,0.000000,0.080000,0.160000,0.001234,-0.029026,0.043959,1.022256,0.006104,-0.000244,0.002441,0,0,0,0,3000,3000,3000,3000,0,214,-440,00,0,0,5
400.178192,0.648438,-2.527344,0.000000,0.080000,0.160000,0.001184,-0.029026,0.043959,1.022256,-0.007812,-0.000732,-0.001221,0,0,0,0,3000,3000,3000,3000,0,224,-439,00,0,0,5
400.180145,0.648438,-2.527344,0.000000,0.080000,0.160000,0.001116,-0.029026,0.043959,1.022256,0.005615,-0.001221,0.000244,0,0,0,0,3000,3000,3000,3000,0,215,-439,00,0,0,5
400.182098,0.648438,-2.527344,0.000000,0.080000,0.160000,0.001020,-0.029026,0.043959,1.022256,-0.005127,0.000244,-0.000244,0,0,0,0,3000,3000,3000,3000,0,222,-440,00,0,0,5
400.184082,0.648438,-2.527344,0.000000,0.080000,0.160000,0.000965,-0.029026,0.043959,1.022256,0.002930,-0.000732,0.000244,0,0,0,0,3000,3000,3000,3000,0,216,-439,00,0,0,5
400.186005,0.648438,-2.527344,0.000000,0.080000,0.160000,0.001045,-0.029026,0.043959,1.022256,0.003906,-0.001221,0.001953,0,0,0,0,3000,3000,3000,3000,0,216,-439,00,0,0,5
400.187958,0.648438,-2.527344,0.000000,0.080000,0.160000,0.001108,-0.029026,0.043959,1.022256,-0.007080,-0.000244,-0.002197,0,0,0,0,3000,3000,3000,3000,0,223,-440,00,0,0,5
400.189911,0.648438,-2.527344,0.000000,0.080000,0.160000,0.000776,-0.029026,0.043959,1.022256,0.005127,0.001953,-0.001221,0,0,0,0,3000,3000,3000,3000,0,215,-442,00,0,0,5
400.191864,0.648438,-2.527344,0.000000,0.080000,0.160000,0.000799,-0.029026,0.043959,1.022256,-0.005127,-0.001221,0.000977,0,0,0,0,3000,3000,3000,3000,0,222,-439,00,0,0,5
400.193817,0.648438,-2.527344,0.000000,0.080000,0.160000,0.000811,-0.029026,0.043959,1.022256,0.001221,-0.002197,-0.000244,0,0,0,0,3000,3000,3000,3000,0,218,-438,00,0,0,5
400.195770,0.648438,-2.527344,0.000000,0.080000,0.160000,0.000767,-0.029026,0.043959,1.022256,0.003418,0.000977,0.002930,0,0,0,0,3000,3000,3000,3000,0,216,-441,00,0,0,5
400.197723,0.648438,-2.527344,0.000000,0.080000,0.160000,0.000690,-0.029026,0.043959,1.022256,-0.006104,-0.002197,-0.002930,0,0,0,0,3000,3000,3000,3000,0,223,-438,00,0,0,5
400.199677,0.648438,-2.527344,0.000000,0.080000,0.160000,0.000559,-0.029026,0.043959,1.022256,0.008789,0.001465,0.000977,0,0,0,0,3000,3000,3000,3000,0,212,-442,00,0,0,5
400.201630,0.648438,-2.527344,0.000000,0.080000,0.160000,0.000536,-0.029026,0.043959,1.022256,-0.005615,-0.001221,-0.000732,0,0,0,0,3000,3000,3000,3000,0,222,-439,00,0,0,5
400.203583,0.648438,-2.527344,0.000000,0.000000,0.000000,-0.000362,-0.029026,0.043959,1.022256,0.000244,-0.001221,0.000244,0,0,0,0,3000,3000,3000,3000,0,218,-439,00,0,0,5
400.205536,0.648438,-2.527344,0.000000,0.000000,0.000000,-0.000496,-0.029026,0.043959,1.022256,0.002930,-0.000244,-0.000244,0,0,0,0,3000,3000,3000,3000,0,216,-440,00,0,0,5
400.207489,0.648438,-2.527344,0.000000,0.000000,0.000000,-0.000395,-0.029026,0.043959,1.022256,-0.005127,0.000977,-0.001709,0,0,0,0,3000,3000,3000,3000,0,222,-441,00,0,0,5
400.209442,0.648438,-2.527344,0.000000,0.000000,0.000000,-0.000580,-0.029026,0.043959,1.022256,0.007080,-0.000244,0.002441,0,0,0,0,3000,3000,3000,3000,0,213,-440,00,0,0,5
400.211395,0.648438,-2.527344,0.000000,0.000000,0.000000,-0.000839,-0.029026,0.043959,1.022256,-0.007080,-0.000732,-0.000244,0,0,0,0,3000,3000,3000,3000,0,223,-440,00,0,0,5
400.213348,0.648438,-2.527344,0.000000,0.000000,0.000000,-0.000893,-0.029026,0.043959,1.022256,0.002930,-0.000732,0.000244,0,0,0,0,3000,3000,3000,3000,0,216,-440,00,0,0,5
400.215302,0.648438,-2.527344,0.000000,0.000000,0.000000,0.000816,-0.029026,0.043959,1.022256,0.000732,-0.000244,-0.001709,0,0,0,0,3000,3000,3000,3000,0,218,-440,00,0,0,5
400.217255,0.648438,-2.527344,0.000000,0.000000,0.000000,0.000814,-0.029026,0.043959,1.022256,-0.004639,-0.000244,-0.003418,0,0,0,0,3000,3000,3000,3000,0,221,-440,00,0,0,5
400.219208,0.648438,-2.527344,0.000000,0.000000,0.000000,0.001059,-0.029026,0.043959,1.022256,0.005615,-0.000244,0.000244,0,0,0,0,3000,3000,3000,3000,0,214,-440,00,0,0,5
400.221161,0.648438,-2.527344,0.000000,0.000000,0.000000,0.000975,-0.029026,0.043959,1.022256,-0.007080,0.001953,-0.001709,0,0,0,0,3000,3000,3000,3000,0,223,-443,00,0,0,5
400.223114,0.648438,-2.527344,0.000000,0.000000,0.000000,0.000929,-0.029026,0.043959,1.022256,0.005615,-0.002930,-0.002197,0,0,0,0,3000,3000,3000,3000,0,214,-438,00,0,0,5
400.225067,0.648438,-2.527344,0.000000,0.000000,0.000000,0.000811,-0.029026,0.043959,1.022256,-0.003906,0.001465,-0.001221,0,0,0,0,3000,3000,3000,3000,0,221,-442,00,0,0,5
400.227020,0.648438,-2.527344,0.000000,0.000000,0.000000,0.000761,-0.029026,0.043959,1.022256,-0.002930,-0.001709,-0.000732,0,0,0,0,3000,3000,3000,3000,0,221,-439,00,0,0,5
400.228973,0.648438,-2.527344,0.000000,0.000000,0.000000,0.000696,-0.029026,0.043959,1.022256,0.003418,-0.000244,0.001465,0,0,0,0,3000,3000,3000,3000,0,216,-440,00,0,0,5
400.230957,0.648438,-2.527344,0.000000,0.000000,0.000000,0.000732,-0.029028,0.043959,1.022224,-0.008789,-0.000244,-0.006104,0,0,0,0,3000,3000,3000,3000,0,225,-440,00,0,0,5
400.232880,0.648438,-2.527344,0.000000,0.000000,0.000000,0.000629,-0.029028,0.043959,1.022224,0.002441,-0.001709,0.000977,0,0,0,0,3000,3000,3000,3000,0,217,-439,00,0,0,5
400.234833,0.648438,-2.527344,0.000000,0.000000,0.000000,0.000549,-0.029028,0.043959,1.022224,0.000244,-0.000244,0.002930,0,0,0,0,3000,3000,3000,3000,0,219,-440,00,0,0,5
400.236786,0.648438,-2.527344,0.000000,0.000000,0.000000,0.000498,-0.029028,0.043959,1.022224,-0.001221,-0.001709,-0.000732,0,0,0,0,3000,3000,3000,3000,0,220,-439,00,0,0,5
400.238739,0.648438,-2.527344,0.000000,0.000000,0.000000,0.000683,-0.029028,0.043959,1.022224,0.003906,-0.003418,-0.000732,0,0,0,0,3000,3000,3000,3000,0,216,-437,00,0,0,5
400.240692,0.648438,-2.527344,0.000000,0.000000,0.000000,0.000809,-0.029028,0.043959,1.022224,-0.007812,0.000977,-0.001709,0,0,0,0,3000,3000,3000,3000,0,224,-441,00,0,0,5
400.242645,0.648438,-2.527344,0.000000,0.000000,0.000000,0.000629,-0.029028,0.043959,1.022224,0.004639,0.004150,0.000977,0,0,0,0,3000,3000,3000,3000,0,215,-444,00,0,0,5
400.244598,0.648438,-2.527344,0.000000,0.000000,0.000000,0.000458,-0.029028,0.043959,1.022224,-0.005615,0.002441,-0.001709,0,0,0,0,3000,3000,3000,3000,0,223,-443,00,0,0,5
400.246552,0.648438,-2.527344,0.000000,0.000000,0.000000,0.000561,-0.029028,0.043959,1.022224,-0.001221,-0.002197,0.003418,0,0,0,0,3000,3000,3000,3000,0,220,-439,00,0,0,5
400.248505,0.648438,-2.527344,0.000000,0.000000,0.000000,0.000465,-0.029028,0.043959,1.022224,0.001953,0.000244,0.000244,0,0,0,0,3000,3000,3000,3000,0,218,-441,00,0,0,5
400.250458,0.648438,-2.527344,0.000000,0.000000,0.000000,0.000362,-0.029028,0.043959,1.022224,-0.007080,0.000244,0.000977,0,0,0,0,3000,3000,3000,3000,0,224,-441,00,0,0,5
400.252411,0.648438,-2.527344,0.000000,0.000000,0.000000,0.000364,-0.029028,0.043959,1.022224,0.003418,-0.000732,0.004639,0,0,0,0,3000,3000,3000,3000,0,217,-440,00,0,0,5
400.255341,0.648438,-2.527344,0.000000,0.000000,0.000000,0.000439,-0.029028,0.043959,1.022224,-0.001953,0.000977,-0.000244,0,0,0,0,3000,3000,3000,3000,0,220,-442,00,0,0,5
400.256317,0.648438,-2.527344,0.000000,0.000000,0.000000,0.000290,-0.028993,0.043903,1.022146,0.004639,0.001465,0.000977,0,0,0,0,3000,3000,3000,3000,0,220,-442,00,0,0,5
400.258270,0.648438,-2.527344,0.000000,0.000000,0.000000,0.000278,-0.029028,0.043898,1.022224,0.002930,-0.000732,0.001953,0,0,0,0,3000,3000,3000,3000,0,217,-440,00,0,0,5
400.260223,0.648438,-2.527344,0.000000,0.000000,0.000000,0.000336,-0.029028,0.043898,1.022224,-0.005127,0.001953,-0.001221,0,0,0,0,3000,3000,3000,3000,0,222,-442,00,0,0,5
400.262177,0.648438,-2.527344,0.000000,0.000000,0.000000,0.000490,-0.029028,0.043898,1.022224,0.006104,0.001953,0.002441,0,0,0,0,3000,3000,3000,3000,0,214,-443,00,0,0,5
400.264130,0.648438,-2.527344,0.000000,0.000000,0.000000,0.000542,-0.029028,0.043898,1.022224,-0.005615,0.000244,0.002930,0,0,0,0,3000,3000,3000,3000,0,223,-441,00,0,0,5
400.266113,0.648438,-2.527344,0.000000,0.000000,0.000000,0.000387,-0.029028,0.043898,1.022224,0.005127,-0.001221,-0.001709,0,0,0,0,3000,3000,3000,3000,0,215,-440,00,0,0,5
400.268036,0.648438,-2.527344,0.000000,0.000000,0.000000,0.000303,-0.029028,0.043898,1.022224,0.001953,-0.000732,-0.000244,0,0,0,0,3000,3000,3000,3000,0,217,-440,00,0,0,5
400.269989,0.648438,-2.527344,0.000000,0.000000,0.000000,0.000231,-0.029028,0.043898,1.022224,-0.001221,-0.001221,0.000977,0,0,0,0,3000,3000,3000,3000,0,219,-439,00,0,0,5
400.271942,0.648438,-2.527344,0.000000,0.000000,0.000000,0.000114,-0.029028,0.043898,1.022224,0.005615,-0.001709,0.001465,0,0,0,0,3000,3000,3000,3000,0,214,-439,00,0,0,5
400.273895,0.648438,-2.527344,0.000000,0.000000,0.000000,0.000166,-0.029028,0.043898,1.022224,-0.003906,0.001953,-0.001221,0,0,0,0,3000,3000,3000,3000,0,220,-442,00,0,0,5
400.275848,0.648438,-2.527344,0.000000,0.000000,0.000000,0.000042,-0.029028,0.043898,1.022224,0.002930,-0.003418,-0.000244,0,0,0,0,3000,3000,3000,3000,0,216,-437,00,0,0,5
400.277802,0.648438,-2.527344,0.000000,0.000000,0.000000,0.000145,-0.029028,0.043898,1.022224,0.000732,0.001953,0.001465,0,0,0,0,3000,3000,3000,3000,0,217,-442,00,0,0,5
400.279755,0.648438,-2.527344,0.000000,0.000000,0.000000,0.000185,-0.029028,0.043898,1.022224,-0.000732,-0.000732,-0.002197,0,0,0,0,3000,3000,3000,3000,0,218,-439,00,0,0,5
400.281708,0.648438,-2.527344,0.000000,0.000000,0.000000,0.000273,-0.029028,0.043898,1.022224,0.006104,-0.000732,-0.002197,0,0,0,0,3000,3000,3000,3000,0,213,-439,00,0,0,5
400.283661,0.648438,-2.527344,0.000000,0.000000,0.000000,0.000423,-0.029028,0.043898,1.022224,-0.011963,0.003418,-0.000244,0,0,0,0,3000,3000,3000,3000,0,226,-443,00,0,0,5
400.285614,0.648438,-2.527344,0.000000,0.000000,0.000000,0.000437,-0.029028,0.043898,1.022224,0.001953,-0.001221,0.000977,0,0,0,0,3000,3000,3000,3000,0,217,-439,00,0,0,5
400.287567,0.648438,-2.527344,0.000000,0.000000,0.000000,0.000433,-0.029028,0.043898,1.022224,-0.005127,0.004639,0.000977,0,0,0,0,3000,3000,3000,3000,0,222,-445,00,0,0,5
400.289520,0.648438,-2.527344,0.000000,0.000000,0.000000,0.000517,-0.029028,0.043898,1.022224,-0.002930,0.002441,-0.001709,0,0,0,0,3000,3000,3000,3000,0,221,-443,00,0,0,5
400.291473,0.648438,-2.527344,0.000000,0.000000,0.000000,0.000580,-0.029028,0.043898,1.022224,0.003906,-0.001709,-0.001221,0,0,0,0,3000,3000,3000,3000,0,216,-439,00,0,0,5
400.293427,0.648438,-2.527344,0.000000,0.000000,0.000000,-0.001513,-0.029028,0.043898,1.022224,-0.008789,0.002441,0.001953,0,0,0,0,3000,3000,3000,3000,0,225,-443,00,0,0,5
400.295380,0.648438,-2.527344,0.000000,0.000000,0.000000,-0.001602,-0.029028,0.043898,1.022224,0.002930,-0.000244,-0.000732,0,0,0,0,3000,3000,3000,3000,0,217,-441,00,0,0,5
400.297333,0.648438,-2.527344,0.000000,0.000000,0.000000,-0.001446,-0.029028,0.043898,1.022224,-0.000244,-0.000732,0.000977,0,0,0,0,3000,3000,3000,3000,0,219,-440,00,0,0,5
400.299286,0.648438,-2.527344,0.000000,0.000000,0.000000,-0.001366,-0.029028,0.043898,1.022224,-0.001221,-0.001221,0.000244,0,0,0,0,3000,3000,3000,3000,0,220,-439,00,0,0,5
400.301239,0.648438,-2.527344,0.000000,0.000000,0.000000,-0.001101,-0.029028,0.043898,1.022224,0.003906,-0.003418,0.000977,0,0,0,0,3000,3000,3000,3000,0,216,-437,00,0,0,5
400.303192,0.648438,-2.527344,0.000000,0.000000,0.000000,-0.001026,-0.029028,0.043898,1.022224,-0.006104,-0.000732,0.000977,0,0,0,0,3000,3000,3000,3000,0,223,-439,00,0,0,5
400.305145,0.648438,-2.527344,0.000000,-0.080000,-0.139999,-0.000910,-0.029028,0.043898,1.022224,0.005615,0.000977,0.000244,0,0,0,0,3000,3000,3000,3000,0,215,-440,00,0,0,5
400.307098,0.648438,-2.527344,0.000000,-0.080000,-0.139999,-0.001434,-0.029028,0.043898,1.022224,-0.002930,0.000977,-0.000732,0,0,0,0,3000,3000,3000,3000,0,221,-441,00,0,0,5
400.309052,0.648438,-2.527344,0.000000,-0.080000,-0.139999,-0.001520,-0.029028,0.043898,1.022224,0.003906,0.000977,0.000977,0,0,0,0,3000,3000,3000,3000,0,216,-441,00,0,0,5
400.311005,0.648438,-2.527344,0.000000,-0.080000,-0.139999,-0.001417,-0.029028,0.043898,1.022224,0.006104,0.001953,0.002930,0,0,0,0,3000,3000,3000,3000,0,214,-442,00,0,0,5
400.312958,0.648438,-2.527344,0.000000,-0.080000,-0.139999,-0.001514,-0.029028,0.043898,1.022224,-0.004639,-0.001221,-0.001221,0,0,0,0,3000,3000,3000,3000,0,221,-439,00,0,0,5
400.314911,0.648438,-2.527344,0.000000,-0.080000,-0.139999,-0.001631,-0.029028,0.043898,1.022224,0.003906,-0.001709,0.002441,0,0,0,0,3000,3000,3000,3000,0,215,-438,00,0,0,5
400.316864,0.648438,-2.527344,0.000000,-0.080000,-0.139999,-0.001707,-0.029028,0.043898,1.022224,-0.004639,0.001465,0.000244,0,0,0,0,3000,3000,3000,3000,0,221,-441,00,0,0,5
400.318817,0.648438,-2.527344,0.000000,-0.080000,-0.139999,-0.001665,-0.029028,0.043898,1.022224,-0.000244,0.001465,0.001465,0,0,0,0,3000,3000,3000,3000,0,218,-441,00,0,0,5
400.320770,0.648438,-2.527344,0.000000,-0.080000,-0.139999,-0.001574,-0.029028,0.043898,1.022224,0.002441,0.000244,0.003662,0,0,0,0,3000,3000,3000,3000,0,216,-440,00,0,0,5
400.322723,0.648438,-2.527344,0.000000,-0.080000,-0.139999,-0.001535,-0.029028,0.043898,1.022224,-0.004639,-0.001709,-0.001221,0,0,0,0,3000,3000,3000,3000,0,221,-438,00,0,0,5
400.324677,0.648438,-2.527344,0.000000,-0.080000,-0.139999,-0.001635,-0.029028,0.043898,1.022224,0.003418,-0.000732,0.002930,0,0,0,0,3000,3000,3000,3000,0,216,-439,00,0,0,5
400.326630,0.648438,-2.527344,0.000000,-0.080000,-0.139999,-0.001598,-0.029028,0.043898,1.022224,-0.006592,0.000244,-0.004883,0,0,0,0,3000,3000,3000,3000,0,223,-440,00,0,0,5
400.328583,0.648438,-2.527344,0.000000,-0.080000,-0.139999,-0.001698,-0.029028,0.043898,1.022224,-0.000732,0.000244,-0.000244,0,0,0,0,3000,3000,3000,3000,0,219,-440,00,0,0,5
400.330536,0.648438,-2.527344,0.000000,-0.080000,-0.139999,-0.001724,-0.029028,0.043898,1.022224,0.005127,0.001953,0.000244,0,0,0,0,3000,3000,3000,3000,0,215,-442,00,0,0,5
400.332489,0.648438,-2.527344,0.000000,-0.080000,-0.139999,-0.001585,-0.029028,0.043898,1.022224,-0.003906,0.001465,0.000977,0,0,0,0,3000,3000,3000,3000,0,221,-441,00,0,0,5
400.334442,0.648438,-2.527344,0.000000,-0.080000,-0.139999,-0.001587,-0.029028,0.043898,1.022224,0.008301,0.000977,0.001953,0,0,0,0,3000,3000,3000,3000,0,213,-441,00,0,0,5
400.336395,0.648438,-2.527344,0.000000,-0.080000,-0.139999,-0.001385,-0.029028,0.043898,1.022224,-0.007080,0.000244,-0.003906,0,0,0,0,3000,3000,3000,3000,0,223,-441,00,0,0,5
400.338348,0.648438,-2.527344,0.000000,-0.080000,-0.139999,-0.001326,-0.029028,0.043898,1.022224,0.002930,-0.000244,-0.000244,0,0,0,0,3000,3000,3000,3000,0,216,-440,00,0,0,5
400.340302,0.648438,-2.527344,0.000000,-0.080000,-0.139999,-0.001276,-0.029028,0.043898,1.022224,0.000732,0.001465,0.001465,0,0,0,0,3000,3000,3000,3000,0,218,-442,00,0,0,5
400.342255,0.648438,-2.527344,0.000000,-0.080000,-0.139999,-0.001225,-0.029028,0.043898,1.022224,-0.000732,-0.002197,-0.001709,0,0,0,0,3000,3000,3000,3000,0,219,-438,00,0,0,5
400.344208,0.648438,-2.527344,0.000000,-0.080000,-0.139999,-0.001194,-0.029028,0.043898,1.022224,0.007080,-0.001221,0.001953,0,0,0,0,3000,3000,3000,3000,0,213,-439,00,0,0,5
400.346161,0.648438,-2.527344,0.000000,-0.080000,-0.139999,-0.000849,-0.029028,0.043898,1.022224,-0.006592,-0.000732,-0.000244,0,0,0,0,3000,3000,3000,3000,0,223,-439,00,0,0,5
400.348114,0.648438,-2.527344,0.000000,-0.080000,-0.139999,-0.000727,-0.029028,0.043898,1.022224,0.006592,-0.001221,-0.000732,0,0,0,0,3000,3000,3000,3000,0,213,-438,00,0,0,5
400.350067,0.648438,-2.527344,0.000000,-0.080000,-0.139999,-0.000765,-0.029028,0.043898,1.022224,0.000244,-0.000244,-0.001221,0,0,0,0,3000,3000,3000,3000,0,218,-439,00,0,0,5
400.352020,0.648438,-2.527344,0.000000,-0.080000,-0.139999,-0.000738,-0.029028,0.043898,1.022224,-0.002441,-0.000732,-0.004395,0,0,0,0,3000,3000,3000,3000,0,220,-439,00,0,0,5
400.354034,0.648438,-2.527344,0.000000,-0.080000,-0.139999,-0.000652,-0.029028,0.043898,1.022224,0.007812,0.000244,-0.000244,0,0,0,0,3000,3000,3000,3000,0,212,-440,00,0,0,5
400.355927,0.648438,-2.527344,0.000000,-0.080000,-0.139999,-0.000656,-0.029028,0.043898,1.022224,-0.008301,0.001953,-0.002197,0,0,0,0,3000,3000,3000,3000,0,224,-441,00,0,0,5
400.357880,0.648438,-2.527344,0.000000,-0.080000,-0.139999,-0.000660,-0.029028,0.043898,1.022224,0.002930,-0.001221,0.002441,0,0,0,0,3000,3000,3000,3000,0,216,-439,00,0,0,5
400.359833,0.648438,-2.527344,0.000000,-0.080000,-0.139999,-0.000584,-0.029028,0.043898,1.022224,-0.001953,-0.002197,0.001465,0,0,0,0,3000,3000,3000,3000,0,220,-438,00,0,0,5
400.361786,0.648438,-2.527344,0.000000,-0.080000,-0.139999,-0.000544,-0.029028,0.043898,1.022224,-0.001953,-0.001221,-0.001709,0,0,0,0,3000,3000,3000,3000,0,220,-438,00,0,0,5
400.363739,0.648438,-2.527344,0.000000,-0.080000,-0.139999,-0.000473,-0.029028,0.043898,1.022224,0.002930,0.000244,0.005127,0,0,0,0,3000,3000,3000,3000,0,217,-439,00,0,0,5
400.365692,0.648438,-2.527344,0.000000,-0.080000,-0.139999,-0.000528,-0.029028,0.043898,1.022224,-0.006104,0.000244,-0.001221,0,0,0,0,3000,3000,3000,3000,0,223,-440,00,0,0,5
400.367645,0.648438,-2.527344,0.000000,-0.080000,-0.139999,-0.000542,-0.029028,0.043898,1.022224,0.002930,-0.003418,0.001465,0,0,0,0,3000,3000,3000,3000,0,217,-436,00,0,0,5
400.369598,0.648438,-2.527344,0.000000,-0.080000,-0.139999,-0.000280,-0.029028,0.043898,1.022224,0.000732,0.000244,-0.000732,0,0,0,0,3000,3000,3000,3000,0,218,-439,00,0,0,5
400.371552,0.648438,-2.527344,0.000000,-0.080000,-0.139999,-0.001818,-0.029028,0.043898,1.022224,-0.002441,0.000244,-0.001221,0,0,0,0,3000,3000,3000,3000,0,220,-439,00,0,0,5
400.373505,0.648438,-2.527344,0.000000,-0.080000,-0.139999,-0.001768,-0.029028,0.043898,1.022224,0.007080,-0.002197,-0.000732,0,0,0,0,3000,3000,3000,3000,0,214,-437,00,0,0,5
400.375458,0.648438,-2.527344,0.000000,-0.080000,-0.139999,-0.001980,-0.029028,0.043898,1.022224,-0.005127,0.002930,0.000244,0,0,0,0,3000,3000,3000,3000,0,222,-442,00,0,0,5
400.377411,0.648438,-2.527344,0.000000,-0.080000,-0.139999,-0.002047,-0.029028,0.043898,1.022224,0.003418,-0.000244,0.003418,0,0,0,0,3000,3000,3000,3000,0,216,-439,00,0,0,5
400.379364,0.648438,-2.527344,0.000000,-0.080000,-0.139999,-0.002218,-0.029028,0.043898,1.022224,-0.005615,-0.001221,-0.001709,0,0,0,0,3000,3000,3000,3000,0,223,-439,00,0,0,5
400.381317,0.648438,-2.527344,0.000000,-0.080000,-0.139999,-0.002365,-0.029028,0.043898,1.022224,-0.000732,0.001465,0.000977,0,0,0,0,3000,3000,3000,3000,0,219,-441,00,0,0,5
400.383270,0.648438,-2.527344,0.000000,-0.080000,-0.139999,-0.002518,-0.029028,0.043898,1.022224,0.003906,-0.002930,-0.000244,0,0,0,0,3000,3000,3000,3000,0,216,-437,00,0,0,5
400.385223,0.648438,-2.527344,0.000000,-0.080000,-0.139999,-0.002497,-0.029028,0.043898,1.022224,-0.001953,-0.001709,-0.000732,0,0,0,0,3000,3000,3000,3000,0,220,-438,00,0,0,5
400.387177,0.648438,-2.527344,0.000000,-0.080000,-0.139999,-0.002541,-0.029028,0.043898,1.022224,0.006592,-0.002930,0.000977,0,0,0,0,3000,3000,3000,3000,0,214,-437,00,0,0,5
400.389130,0.648438,-2.527344,0.000000,-0.080000,-0.139999,-0.002520,-0.029028,0.043898,1.022224,-0.003418,0.000244,-0.000244,0,0,0,0,3000,3000,3000,3000,0,221,-439,00,0,0,5
400.391083,0.648438,-2.527344,0.000000,-0.080000,-0.139999,-0.002604,-0.029028,0.043898,1.022224,-0.001953,-0.002197,0.000244,0,0,0,0,3000,3000,3000,3000,0,220,-437,00,0,0,5
400.393036,0.648438,-2.527344,0.000000,-0.080000,-0.139999,-0.002563,-0.029028,0.043898,1.022224,0.001953,0.001465,-0.000732,0,0,0,0,3000,3000,3000,3000,0,217,-441,00,0,0,5
400.394989,0.648438,-2.527344,0.000000,-0.080000,-0.139999,-0.002546,-0.029028,0.043898,1.022224,-0.005615,-0.000244,-0.002930,0,0,0,0,3000,3000,3000,3000,0,223,-439,00,0,0,5
400.396942,0.648438,-2.527344,0.000000,-0.080000,-0.139999,-0.002520,-0.029028,0.043898,1.022224,0.007812,-0.001221,-0.000244,0,0,0,0,3000,3000,3000,3000,0,213,-438,00,0,0,5
400.398895,0.648438,-2.527344,0.000000,-0.080000,-0.139999,-0.002602,-0.029028,0.043898,1.022224,-0.003418,-0.003906,0.003418,0,0,0,0,3000,3000,3000,3000,0,221,-436,00,0,0,5
400.400848,0.648438,-2.527344,0.000000,-0.080000,-0.139999,-0.002611,-0.029028,0.043898,1.022224,0.005615,-0.001709,-0.000244,0,0,0,0,3000,3000,3000,3000,0,214,-438,00,0,0,5
400.402802,0.648438,-2.527344,0.000000,-0.080000,-0.139999,-0.002695,-0.029028,0.043898,1.022224,-0.001221,0.001953,0.000977,0,0,0,0,3000,3000,3000,3000,0,219,-441,00,0,0,5
400.404755,0.648438,-2.527344,0.000000,-0.080000,-0.139999,-0.002644,-0.029028,0.043898,1.022224,-0.000244,-0.002930,-0.000732,0,0,0,0,3000,3000,3000,3000,0,218,-437,00,0,0,5
400.408691,0.648438,-2.527344,0.000000,-0.080000,-0.139999,-0.002714,-0.029028,0.043898,1.022224,0.008301,-0.001709,0.000244,0,0,0,0,3000,3000,3000,3000,0,212,-438,00,0,0,5
400.410614,0.648438,-2.527344,0.000000,-0.080000,-0.139999,-0.002827,-0.028942,0.043874,1.022162,0.007812,-0.000244,-0.000244,0,0,0,0,3000,3000,3000,3000,0,216,-439,00,0,0,5
400.412567,0.648438,-2.527344,0.000000,-0.080000,-0.139999,-0.002794,-0.028965,0.043898,1.022203,0.001953,0.001465,0.000244,0,0,0,0,3000,3000,3000,3000,0,216,-441,00,0,0,5
400.414520,0.648438,-2.527344,0.000000,-0.080000,-0.139999,-0.003119,-0.028965,0.043898,1.022203,-0.006592,0.001465,-0.000732,0,0,0,0,3000,3000,3000,3000,0,222,-441,00,0,0,5
400.416473,0.648438,-2.527344,0.000000,-0.080000,-0.139999,-0.003059,-0.028965,0.043898,1.022203,0.007812,0.001953,0.002441,0,0,0,0,3000,3000,3000,3000,0,212,-442,00,0,0,5
400.418427,0.648438,-2.527344,0.000000,-0.080000,-0.139999,-0.003073,-0.028965,0.043898,1.022203,-0.007812,-0.000732,-0.002197,0,0,0,0,3000,3000,3000,3000,0,223,-439,00,0,0,5
400.420380,0.648438,-2.527344,0.000000,-0.139999,-0.289999,-0.003103,-0.028965,0.043898,1.022203,0.006592,0.000977,0.002441,0,0,0,0,3000,3000,3000,3000,0,213,-441,00,0,0,5
400.422333,0.648438,-2.527344,0.000000,-0.139999,-0.289999,-0.002432,-0.028965,0.043898,1.022203,-0.001953,0.000977,0.000244,0,0,0,0,3000,3000,3000,3000,0,219,-441,00,0,0,5
400.424286,0.648438,-2.527344,0.000000,-0.139999,-0.289999,-0.002441,-0.028965,0.043898,1.022203,0.002441,-0.001221,-0.000244,0,0,0,0,3000,3000,3000,3000,0,216,-439,00,0,0,5
400.426270,0.648438,-2.527344,0.000000,-0.139999,-0.289999,-0.002447,-0.028965,0.043898,1.022203,0.007812,0.001953,0.003418,0,0,0,0,3000,3000,3000,3000,0,212,-442,00,0,0,5
400.428192,0.648438,-2.527344,0.000000,-0.139999,-0.289999,-0.002304,-0.028965,0.043898,1.022203,-0.008301,-0.002197,-0.001709,0,0,0,0,3000,3000,3000,3000,0,223,-438,00,0,0,5
400.430145,0.648438,-2.527344,0.000000,-0.139999,-0.289999,-0.002300,-0.028965,0.043898,1.022203,0.007080,-0.004395,0.000244,0,0,0,0,3000,3000,3000,3000,0,213,-436,00,0,0,5
400.432098,0.648438,-2.527344,0.000000,-0.139999,-0.289999,-0.002474,-0.028965,0.043898,1.022203,-0.001953,0.000244,-0.002930,0,0,0,0,3000,3000,3000,3000,0,219,-440,00,0,0,5
400.434052,0.648438,-2.527344,0.000000,-0.139999,-0.289999,-0.002573,-0.028965,0.043898,1.022203,-0.002930,0.002441,0.001953,0,0,0,0,3000,3000,3000,3000,0,220,-442,00,0,0,5
400.436005,0.648438,-2.527344,0.000000,-0.139999,-0.289999,-0.002647,-0.028965,0.043898,1.022203,0.008301,-0.003418,-0.000244,0,0,0,0,3000,3000,3000,3000,0,212,-437,00,0,0,5
400.437958,0.648438,-2.527344,0.000000,-0.139999,-0.289999,-0.002495,-0.028965,0.043898,1.022203,-0.006104,-0.002197,0.000977,0,0,0,0,3000,3000,3000,3000,0,222,-438,00,0,0,5
400.439911,0.648438,-2.527344,0.000000,-0.139999,-0.289999,-0.002560,-0.028965,0.043898,1.022203,0.005615,0.003418,0.000244,0,0,0,0,3000,3000,3000,3000,0,214,-443,00,0,0,5
400.441864,0.648438,-2.527344,0.000000,-0.139999,-0.289999,-0.002619,-0.028965,0.043898,1.022203,-0.005615,0.000244,-0.001221,0,0,0,0,3000,3000,3000,3000,0,222,-440,00,0,0,5
400.443817,0.648438,-2.527344,0.000000,-0.139999,-0.289999,-0.002712,-0.028965,0.043898,1.022203,-0.003418,-0.000244,-0.003418,0,0,0,0,3000,3000,3000,3000,0,221,-440,00,0,0,5
400.445770,0.648438,-2.527344,0.000000,-0.139999,-0.289999,-0.002605,-0.028965,0.043898,1.022203,0.006104,-0.001709,0.002441,0,0,0,0,3000,3000,3000,3000,0,214,-438,00,0,0,5
400.447723,0.648438,-2.527344,0.000000,-0.139999,-0.289999,-0.002811,-0.028965,0.043898,1.022203,-0.007080,-0.001221,-0.001221,0,0,0,0,3000,3000,3000,3000,0,224,-439,00,0,0,5
400.449677,0.648438,-2.527344,0.000000,-0.139999,-0.289999,-0.001167,-0.028965,0.043898,1.022203,0.006592,0.002441,0.001953,0,0,0,0,3000,3000,3000,3000,0,214,-442,00,0,0,5
400.451630,0.648438,-2.527344,0.000000,-0.139999,-0.289999,-0.001232,-0.028965,0.043898,1.022203,-0.003906,0.001953,-0.000244,0,0,0,0,3000,3000,3000,3000,0,221,-442,00,0,0,5
400.453583,0.648438,-2.527344,0.000000,-0.139999,-0.289999,-0.001177,-0.028965,0.043898,1.022203,-0.000244,0.000977,-0.001709,0,0,0,0,3000,3000,3000,3000,0,219,-441,00,0,0,5
400.455536,0.648438,-2.527344,0.000000,-0.139999,-0.289999,-0.001226,-0.028965,0.043898,1.022203,0.005127,-0.000244,0.001953,0,0,0,0,3000,3000,3000,3000,0,215,-440,00,0,0,5
400.457489,0.648438,-2.527344,0.000000,-0.139999,-0.289999,-0.001186,-0.028965,0.043898,1.022203,-0.003906,-0.001221,-0.001221,0,0,0,0,3000,3000,3000,3000,0,221,-439,00,0,0,5
400.459442,0.648438,-2.527344,0.000000,-0.139999,-0.289999,-0.001022,-0.028965,0.043837,1.022203,0.008301,-0.001221,0.003418,0,0,0,0,3000,3000,3000,3000,0,212,-439,00,0,0,5
400.461395,0.648438,-2.527344,0.000000,-0.139999,-0.289999,-0.001146,-0.028965,0.043837,1.022203,-0.008789,0.001465,-0.001709,0,0,0,0,3000,3000,3000,3000,0,224,-441,00,0,0,5
400.463348,0.648438,-2.527344,0.000000,-0.139999,-0.289999,-0.001059,-0.028965,0.043837,1.022203,0.000244,-0.002930,-0.000244,0,0,0,0,3000,3000,3000,3000,0,218,-437,00,0,0,5
400.465302,0.648438,-2.527344,0.000000,-0.139999,-0.289999,-0.001064,-0.028965,0.043837,1.022203,0.005127,-0.002930,0.001465,0,0,0,0,3000,3000,3000,3000,0,215,-437,00,0,0,5
400.467255,0.648438,-2.527344,0.000000,-0.139999,-0.289999,-0.001060,-0.028965,0.043837,1.022203,-0.006592,-0.000244,-0.000244,0,0,0,0,3000,3000,3000,3000,0,223,-439,00,0,0,5
400.469208,0.648438,-2.527344,0.000000,-0.139999,-0.289999,-0.001022,-0.028965,0.043837,1.022203,0.007080,-0.000732,0.000977,0,0,0,0,3000,3000,3000,3000,0,213,-438,00,0,0,5
400.471161,0.648438,-2.527344,0.000000,-0.139999,-0.289999,-0.001053,-0.028965,0.043837,1.022203,-0.003418,0.001465,0.001465,0,0,0,0,3000,3000,3000,3000,0,220,-440,00,0,0,5
400.473114,0.648438,-2.527344,0.000000,-0.139999,-0.289999,-0.001032,-0.028965,0.043837,1.022203,0.006592,0.002930,0.001953,0,0,0,0,3000,3000,3000,3000,0,213,-442,00,0,0,5
400.475067,0.648438,-2.527344,0.000000,-0.139999,-0.289999,-0.001017,-0.028965,0.043837,1.022203,-0.001953,-0.001221,0.002930,0,0,0,0,3000,3000,3000,3000,0,219,-438,00,0,0,5
400.477020,0.648438,-2.527344,0.000000,-0.139999,-0.289999,-0.000914,-0.028965,0.043837,1.022203,-0.000244,-0.002930,-0.001709,0,0,0,0,3000,3000,3000,3000,0,218,-437,00,0,0,5
400.478973,0.648438,-2.527344,0.000000,-0.139999,-0.289999,-0.000935,-0.028965,0.043837,1.022203,0.002930,-0.002930,0.001953,0,0,0,0,3000,3000,3000,3000,0,216,-436,00,0,0,5
400.480927,0.648438,-2.527344,0.000000,-0.139999,-0.289999,-0.001022,-0.028888,0.043844,1.022162,-0.009277,-0.000732,-0.004883,0,0,0,0,3000,3000,3000,3000,0,224,-438,00,0,0,5
400.482880,0.648438,-2.527344,0.000000,-0.139999,-0.289999,-0.001081,-0.028965,0.043837,1.022203,0.001221,-0.000244,0.000244,0,0,0,0,3000,3000,3000,3000,0,217,-439,00,0,0,5
400.484833,0.648438,-2.527344,0.000000,-0.139999,-0.289999,-0.001205,-0.028965,0.043837,1.022203,-0.001221,0.000977,0.002441,0,0,0,0,3000,3000,3000,3000,0,219,-440,00,0,0,5
400.486786,0.648438,-2.527344,0.000000,-0.139999,-0.289999,-0.001245,-0.028965,0.043837,1.022203,-0.002930,-0.001221,-0.002197,0,0,0,0,3000,3000,3000,3000,0,221,-438,00,0,0,5
400.488739,0.648438,-2.527344,0.000000,-0.139999,-0.289999,-0.001368,-0.028965,0.043837,1.022203,0.005127,-0.000732,-0.000244,0,0,0,0,3000,3000,3000,3000,0,215,-438,00,0,0,5
400.490692,0.648438,-2.527344,0.000000,-0.139999,-0.289999,-0.001535,-0.028965,0.043837,1.022203,-0.005615,-0.000244,0.002930,0,0,0,0,3000,3000,3000,3000,0,222,-439,00,0,0,5
400.492645,0.648438,-2.527344,0.000000,-0.139999,-0.289999,-0.001564,-0.028965,0.043837,1.022203,0.003906,-0.001221,-0.000244,0,0,0,0,3000,3000,3000,3000,0,216,-438,00,0,0,5
400.494598,0.648438,-2.527344,0.000000,-0.139999,-0.289999,-0.001484,-0.028965,0.043837,1.022203,-0.002930,0.005127,-0.000732,0,0,0,0,3000,3000,3000,3000,0,220,-444,00,0,0,5
400.496552,0.648438,-2.527344,0.000000,-0.139999,-0.289999,-0.001566,-0.028965,0.043837,1.022203,-0.000732,-0.000732,0.000244,0,0,0,0,3000,3000,3000,3000,0,219,-439,00,0,0,5
400.498505,0.648438,-2.527344,0.000000,-0.139999,-0.289999,-0.001589,-0.028965,0.043837,1.022203,0.002930,-0.002930,0.001465,0,0,0,0,3000,3000,3000,3000,0,216,-437,00,0,0,5
400.500458,0.648438,-2.527344,0.000000,-0.139999,-0.289999,-0.001469,-0.028965,0.043837,1.022203,-0.003906,-0.002930,-0.000244,0,0,0,0,3000,3000,3000,3000,0,221,-437,00,0,0,5
400.502411,0.648438,-2.527344,0.000000,-0.139999,-0.289999,-0.001442,-0.028965,0.043837,1.022203,0.006592,0.000977,0.003418,0,0,0,0,3000,3000,3000,3000,0,213,-440,00,0,0,5
400.504364,0.648438,-2.527344,0.000000,-0.139999,-0.289999,-0.001381,-0.028965,0.043837,1.022203,-0.002441,0.002441,0.001465,0,0,0,0,3000,3000,3000,3000,0,220,-442,00,0,0,5
400.506317,0.648438,-2.527344,0.000000,-0.139999,-0.289999,-0.001385,-0.028965,0.043837,1.022203,-0.002930,0.001953,0.002441,0,0,0,0,3000,3000,3000,3000,0,220,-441,00,0,0,5
400.508270,0.648438,-2.527344,0.000000,-0.139999,-0.289999,-0.001358,-0.028965,0.043837,1.022203,0.005615,-0.001709,-0.000244,0,0,0,0,3000,3000,3000,3000,0,214,-438,00,0,0,5
400.510223,0.648438,-2.527344,0.000000,-0.139999,-0.289999,-0.001436,-0.028965,0.043837,1.022203,-0.007812,-0.000244,-0.000244,0,0,0,0,3000,3000,3000,3000,0,223,-439,00,0,0,5
400.512177,0.648438,-2.527344,0.000000,-0.139999,-0.289999,-0.001364,-0.028965,0.043837,1.022203,0.006104,-0.001709,0.001953,0,0,0,0,3000,3000,3000,3000,0,214,-438,00,0,0,5
400.514130,0.648438,-2.527344,0.000000,-0.139999,-0.289999,-0.001272,-0.028965,0.043837,1.022203,-0.005615,0.000977,-0.000732,0,0,0,0,3000,3000,3000,3000,0,222,-440,00,0,0,5
400.516083,0.648438,-2.527344,0.000000,0.129999,0.279999,-0.001356,-0.028965,0.043837,1.022203,0.000732,0.000977,-0.001709,0,0,0,0,3000,3000,3000,3000,0,217,-440,00,0,0,5
400.518036,0.648438,-2.527344,0.000000,0.129999,0.279999,-0.001280,-0.028965,0.043837,1.022203,0.002930,0.002930,-0.001709,0,0,0,0,3000,3000,3000,3000,0,216,-443,00,0,0,5
400.519989,0.648438,-2.527344,0.000000,0.129999,0.279999,-0.001183,-0.028965,0.043837,1.022203,-0.005127,-0.001709,-0.002197,0,0,0,0,3000,3000,3000,3000,0,221,-438,00,0,0,5
400.521942,0.648438,-2.527344,0.000000,0.129999,0.279999,-0.001091,-0.028965,0.043837,1.022203,0.005127,-0.000732,0.002441,0,0,0,0,3000,3000,3000,3000,0,214,-439,00,0,0,5
400.523895,0.648438,-2.527344,0.000000,0.129999,0.279999,-0.001032,-0.028965,0.043837,1.022203,-0.005127,-0.001221,0.001465,0,0,0,0,3000,3000,3000,3000,0,221,-439,00,0,0,5
400.525848,0.648438,-2.527344,0.000000,0.129999,0.279999,-0.000994,-0.028965,0.043837,1.022203,0.003418,-0.002197,-0.001221,0,0,0,0,3000,3000,3000,3000,0,215,-437,00,0,0,5
400.527802,0.648438,-2.527344,0.000000,0.129999,0.279999,0.001535,-0.028965,0.043837,1.022203,0.000732,-0.001221,0.002441,0,0,0,0,3000,3000,3000,3000,0,217,-438,00,0,0,5
400.529755,0.648438,-2.527344,0.000000,0.129999,0.279999,0.001459,-0.028965,0.043837,1.022203,-0.003906,-0.000244,0.000244,0,0,0,0,3000,3000,3000,3000,0,220,-439,00,0,0,5
400.531708,0.648438,-2.527344,0.000000,0.129999,0.279999,0.001373,-0.028965,0.043837,1.022203,0.007080,0.000977,0.000977,0,0,0,0,3000,3000,3000,3000,0,213,-440,00,0,0,5
400.533661,0.648438,-2.527344,0.000000,0.129999,0.279999,0.001589,-0.028965,0.043837,1.022203,-0.004639,0.000244,-0.001221,0,0,0,0,3000,3000,3000,3000,0,221,-439,00,0,0,5
400.535614,0.648438,-2.527344,0.000000,0.129999,0.279999,0.001738,-0.028965,0.043837,1.022203,0.007080,-0.002930,0.004150,0,0,0,0,3000,3000,3000,3000,0,212,-436,00,0,0,5
400.537567,0.648438,-2.527344,0.000000,0.129999,0.279999,0.001629,-0.028965,0.043837,1.022203,0.000732,0.004150,0.000977,0,0,0,0,3000,3000,3000,3000,0,217,-443,00,0,0,5
400.539520,0.648438,-2.527344,0.000000,0.129999,0.279999,0.001638,-0.028965,0.043837,1.022203,-0.003418,0.001953,0.001465,0,0,0,0,3000,3000,3000,3000,0,219,-441,00,0,0,5
400.541473,0.648438,-2.527344,0.000000,0.129999,0.279999,0.001707,-0.028965,0.043837,1.022203,0.005127,-0.002197,-0.000244,0,0,0,0,3000,3000,3000,3000,0,213,-438,00,0,0,5
400.543427,0.648438,-2.527344,0.000000,0.129999,0.279999,0.001642,-0.028888,0.043844,1.022162,-0.006104,0.000244,-0.002197,0,0,0,0,3000,3000,3000,3000,0,221,-440,00,0,0,5
400.545380,0.648438,-2.527344,0.000000,0.129999,0.279999,0.001495,-0.028965,0.043837,1.022203,0.000732,-0.002930,-0.001709,0,0,0,0,3000,3000,3000,3000,0,217,-437,00,0,0,5
400.547333,0.648438,-2.527344,0.000000,0.129999,0.279999,0.001207,-0.028965,0.043837,1.022203,-0.000732,-0.002197,0.000977,0,0,0,0,3000,3000,3000,3000,0,218,-437,00,0,0,5
400.549286,0.648438,-2.527344,0.000000,0.129999,0.279999,0.001160,-0.028965,0.043837,1.022203,-0.001953,0.000977,-0.000244,0,0,0,0,3000,3000,3000,3000,0,219,-440,00,0,0,5
400.551239,0.648438,-2.527344,0.000000,0.129999,0.279999,0.001165,-0.028965,0.043837,1.022203,0.005127,0.002930,0.006836,0,0,0,0,3000,3000,3000,3000,0,214,-442,00,0,0,5
400.553192,0.648438,-2.527344,0.000000,0.129999,0.279999,0.001139,-0.028965,0.043837,1.022203,-0.006104,-0.000732,0.000244,0,0,0,0,3000,3000,3000,3000,0,222,-439,00,0,0,5
400.555145,0.648438,-2.527344,0.000000,0.129999,0.279999,0.000969,-0.028965,0.043837,1.022203,0.003418,-0.001709,0.001953,0,0,0,0,3000,3000,3000,3000,0,215,-438,00,0,0,5
400.557098,0.648438,-2.527344,0.000000,0.129999,0.279999,0.000816,-0.028965,0.043837,1.022203,-0.001953,0.001465,0.001465,0,0,0,0,3000,3000,3000,3000,0,219,-441,00,0,0,5
400.559052,0.648438,-2.527344,0.000000,0.129999,0.279999,0.000710,-0.028965,0.043837,1.022203,0.000732,-0.001221,0.001465,0,0,0,0,3000,3000,3000,3000,0,217,-438,00,0,0,5
400.561005,0.648438,-2.527344,0.000000,0.129999,0.279999,0.000784,-0.028965,0.043837,1.022203,0.006104,-0.000732,0.001465,0,0,0,0,3000,3000,3000,3000,0,213,-439,00,0,0,5
400.562958,0.648438,-2.527344,0.000000,0.129999,0.279999,0.000694,-0.028963,0.043837,1.022235,-0.007080,0.005127,0.000977,0,0,0,0,3000,3000,3000,3000,0,222,-444,00,0,0,5
400.564911,0.648438,-2.527344,0.000000,0.129999,0.279999,0.000669,-0.028963,0.043837,1.022235,0.006104,-0.000244,0.002930,0,0,0,0,3000,3000,3000,3000,0,213,-440,00,0,0,5
400.566864,0.648438,-2.527344,0.000000,0.129999,0.279999,0.000746,-0.028963,0.043837,1.022235,-0.001953,-0.003418,-0.000244,0,0,0,0,3000,3000,3000,3000,0,219,-437,00,0,0,5
400.568817,0.648438,-2.527344,0.000000,0.129999,0.279999,0.000837,-0.028963,0.043837,1.022235,-0.000244,-0.001709,0.001953,0,0,0,0,3000,3000,3000,3000,0,218,-438,00,0,0,5
400.570770,0.648438,-2.527344,0.000000,0.129999,0.279999,0.000826,-0.028963,0.043837,1.022235,0.007080,-0.002197,-0.000244,0,0,0,0,3000,3000,3000,3000,0,212,-437,00,0,0,5
400.572723,0.648438,-2.527344,0.000000,0.129999,0.279999,0.000631,-0.028963,0.043837,1.022235,-0.006592,0.001465,-0.002930,0,0,0,0,3000,3000,3000,3000,0,222,-440,00,0,0,5
400.574677,0.648438,-2.527344,0.000000,0.129999,0.279999,0.000568,-0.028963,0.043837,1.022235,0.002441,-0.002930,0.001465,0,0,0,0,3000,3000,3000,3000,0,216,-436,00,0,0,5
400.576630,0.648438,-2.527344,0.000000,0.129999,0.279999,0.000744,-0.028963,0.043837,1.022235,-0.003906,-0.002197,-0.002197,0,0,0,0,3000,3000,3000,3000,0,220,-437,00,0,0,5
400.578583,0.648438,-2.527344,0.000000,0.129999,0.279999,0.000866,-0.028963,0.043837,1.022235,0.003418,-0.001709,0.000977,0,0,0,0,3000,3000,3000,3000,0,215,-437,00,0,0,5
400.580536,0.648438,-2.527344,0.000000,0.129999,0.279999,0.000898,-0.028887,0.043846,1.022241,0.001953,0.000977,-0.002930,0,0,0,0,3000,3000,3000,3000,0,216,-439,00,0,0,5
400.582489,0.648438,-2.527344,0.000000,0.129999,0.279999,0.000854,-0.028963,0.043837,1.022235,-0.006592,-0.003906,-0.003906,0,0,0,0,3000,3000,3000,3000,0,222,-435,00,0,0,5
400.584442,0.648438,-2.527344,0.000000,0.129999,0.279999,0.001060,-0.028963,0.043837,1.022235,0.006592,0.001465,0.004639,0,0,0,0,3000,3000,3000,3000,0,213,-440,00,0,0,5
400.586395,0.648438,-2.527344,0.000000,0.129999,0.279999,0.001122,-0.028963,0.043837,1.022235,-0.004639,0.001953,-0.002197,0,0,0,0,3000,3000,3000,3000,0,221,-440,00,0,0,5
400.588348,0.648438,-2.527344,0.000000,0.129999,0.279999,0.001186,-0.028963,0.043837,1.022235,-0.001221,-0.001221,0.001465,0,0,0,0,3000,3000,3000,3000,0,219,-438,00,0,0,5
400.590302,0.648438,-2.527344,0.000000,0.129999,0.279999,0.001274,-0.028963,0.043837,1.022235,0.001221,-0.001221,-0.002197,0,0,0,0,3000,3000,3000,3000,0,217,-438,00,0,0,5
400.592255,0.648438,-2.527344,0.000000,0.129999,0.279999,0.001272,-0.028963,0.043837,1.022235,-0.003906,0.000977,0.002441,0,0,0,0,3000,3000,3000,3000,0,221,-440,00,0,0,5
400.594208,0.648438,-2.527344,0.000000,0.129999,0.279999,0.001345,-0.028963,0.043837,1.022235,0.005615,-0.000244,0.000977,0,0,0,0,3000,3000,3000,3000,0,214,-439,00,0,0,5
400.596161,0.648438,-2.527344,0.000000,0.129999,0.279999,0.001411,-0.028963,0.043837,1.022235,-0.006104,0.000977,-0.001709,0,0,0,0,3000,3000,3000,3000,0,222,-440,00,0,0,5
400.598114,0.648438,-2.527344,0.000000,0.129999,0.279999,0.001438,-0.028963,0.043837,1.022235,0.003418,0.001953,0.000244,0,0,0,0,3000,3000,3000,3000,0,216,-441,00,0,0,5
400.600067,0.648438,-2.527344,0.000000,0.129999,0.279999,0.001348,-0.028963,0.043837,1.022235,-0.001953,-0.000732,0.001953,0,0,0,0,3000,3000,3000,3000,0,219,-439,00,0,0,5
400.602020,0.648438,-2.527344,0.000000,0.129999,0.279999,0.001347,-0.028963,0.043837,1.022235,-0.006104,-0.000244,-0.002197,0,0,0,0,3000,3000,3000,3000,0,223,-440,00,0,0,5
400.604004,0.648438,-2.527344,0.000000,0.129999,0.279999,0.001329,-0.028963,0.043837,1.022235,0.006104,-0.002930,-0.000244,0,0,0,0,3000,3000,3000,3000,0,214,-437,00,0,0,5
400.605927,0.648438,-2.527344,0.000000,0.129999,0.279999,0.004490,-0.028963,0.043837,1.022235,-0.005615,-0.000244,-0.000732,0,0,0,0,3000,3000,3000,3000,0,222,-439,00,0,0,5
400.607880,0.648438,-2.527344,0.000000,0.129999,0.279999,0.004435,-0.028963,0.043837,1.022235,0.002441,0.000244,-0.001709,0,0,0,0,3000,3000,3000,3000,0,217,-440,00,0,0,5
400.609833,0.648438,-2.527344,0.000000,0.129999,0.279999,0.004347,-0.028963,0.043837,1.022235,-0.003906,0.001465,0.000244,0,0,0,0,3000,3000,3000,3000,0,221,-441,00,0,0,5
400.611786,0.648438,-2.527344,0.000000,0.129999,0.279999,0.004448,-0.028963,0.043837,1.022235,-0.001221,-0.002197,-0.001709,0,0,0,0,3000,3000,3000,3000,0,219,-437,00,0,0,5
400.613739,0.648438,-2.527344,0.000000,0.129999,0.279999,0.004530,-0.028963,0.043837,1.022235,0.005127,0.001953,-0.001709,0,0,0,0,3000,3000,3000,3000,0,215,-441,00,0,0,5
400.615692,0.648438,-2.527344,0.000000,0.129999,0.279999,0.004450,-0.028963,0.043837,1.022235,-0.006104,0.001953,-0.001221,0,0,0,0,3000,3000,3000,3000,0,222,-442,00,0,0,5
400.617645,0.648438,-2.527344,0.000000,0.129999,0.279999,0.004259,-0.028963,0.043837,1.022235,0.005615,0.001953,0.003418,0,0,0,0,3000,3000,3000,3000,0,214,-442,00,0,0,5
400.619598,0.648438,-2.527344,0.000000,0.059999,0.169998,0.004427,-0.028963,0.043837,1.022235,-0.005615,0.001465,-0.000732,0,0,0,0,3000,3000,3000,3000,0,222,-442,00,0,0,5
400.621552,0.648438,-2.527344,0.000000,0.059999,0.169998,0.001181,-0.028963,0.043837,1.022235,-0.002441,-0.001709,-0.001221,0,0,0,0,3000,3000,3000,3000,0,220,-439,00,0,0,5
400.623505,0.648438,-2.527344,0.000000,0.059999,0.169998,0.001099,-0.028963,0.043837,1.022235,0.005127,0.000977,-0.002197,0,0,0,0,3000,3000,3000,3000,0,215,-441,00,0,0,5
400.625458,0.648438,-2.527344,0.000000,0.059999,0.169998,0.001097,-0.028963,0.043837,1.022235,-0.009277,0.000977,0.000977,0,0,0,0,3000,3000,3000,3000,0,225,-441,00,0,0,5
400.627411,0.648438,-2.527344,0.000000,0.059999,0.169998,0.001179,-0.028963,0.043837,1.022235,0.003906,-0.002197,-0.003418,0,0,0,0,3000,3000,3000,3000,0,216,-438,00,0,0,5
400.629364,0.648438,-2.527344,0.000000,0.059999,0.169998,0.001286,-0.028963,0.043837,1.022235,-0.003906,0.000977,0.000977,0,0,0,0,3000,3000,3000,3000,0,221,-441,00,0,0,5
400.631317,0.648438,-2.527344,0.000000,0.059999,0.169998,0.001131,-0.028887,0.043846,1.022241,-0.000244,0.000244,0.000977,0,0,0,0,3000,3000,3000,3000,0,218,-440,00,0,0,5
400.633270,0.648438,-2.527344,0.000000,0.059999,0.169998,0.001198,-0.028963,0.043837,1.022235,0.002441,-0.000732,0.000244,0,0,0,0,3000,3000,3000,3000,0,216,-439,00,0,0,5
400.635223,0.648438,-2.527344,0.000000,0.059999,0.169998,0.001163,-0.028963,0.043837,1.022235,-0.007080,-0.000732,-0.003418,0,0,0,0,3000,3000,3000,3000,0,223,-439,00,0,0,5
400.637177,0.648438,-2.527344,0.000000,0.059999,0.169998,0.001032,-0.028963,0.043837,1.022235,0.003906,-0.002197,-0.001221,0,0,0,0,3000,3000,3000,3000,0,215,-437,00,0,0,5
400.639130,0.648438,-2.527344,0.000000,0.059999,0.169998,0.000854,-0.028963,0.043837,1.022235,-0.003418,-0.001221,-0.002197,0,0,0,0,3000,3000,3000,3000,0,221,-438,00,0,0,5
400.641083,0.648438,-2.527344,0.000000,0.059999,0.169998,0.000893,-0.028963,0.043837,1.022235,0.001221,0.000977,0.000977,0,0,0,0,3000,3000,3000,3000,0,217,-440,00,0,0,5
400.643036,0.648438,-2.527344,0.000000,0.059999,0.169998,0.000772,-0.028963,0.043837,1.022235,0.004639,0.000244,-0.000244,0,0,0,0,3000,3000,3000,3000,0,215,-439,00,0,0,5
400.644989,0.648438,-2.527344,0.000000,0.059999,0.169998,0.000706,-0.029024,0.043776,1.022235,-0.005127,-0.001709,-0.001221,0,0,0,0,3000,3000,3000,3000,0,221,-437,00,0,0,5
400.646942,0.648438,-2.527344,0.000000,0.059999,0.169998,0.000887,-0.029024,0.043776,1.022235,0.008301,-0.000244,0.001953,0,0,0,0,3000,3000,3000,3000,0,212,-438,00,0,0,5
400.648895,0.648438,-2.527344,0.000000,0.059999,0.169998,0.000904,-0.029024,0.043776,1.022235,-0.006104,-0.001221,-0.003418,0,0,0,0,3000,3000,3000,3000,0,222,-437,00,0,0,5
400.650848,0.648438,-2.527344,0.000000,0.059999,0.169998,0.000881,-0.029024,0.043776,1.022235,0.001953,-0.001221,-0.001709,0,0,0,0,3000,3000,3000,3000,0,216,-437,00,0,0,5
400.652802,0.648438,-2.527344,0.000000,0.059999,0.169998,0.000807,-0.029024,0.043776,1.022235,-0.000244,0.002930,-0.000732,0,0,0,0,3000,3000,3000,3000,0,218,-441,00,0,0,5
400.654755,0.648438,-2.527344,0.000000,0.059999,0.169998,0.000731,-0.029024,0.043776,1.022235,-0.002930,-0.000732,-0.001709,0,0,0,0,3000,3000,3000,3000,0,220,-438,00,0,0,5
400.656708,0.648438,-2.527344,0.000000,0.059999,0.169998,0.000896,-0.029024,0.043776,1.022235,0.005127,-0.000732,0.000244,0,0,0,0,3000,3000,3000,3000,0,214,-438,00,0,0,5
400.658661,0.648438,-2.527344,0.000000,0.059999,0.169998,0.000967,-0.029024,0.043776,1.022235,-0.006104,-0.001221,-0.002197,0,0,0,0,3000,3000,3000,3000,0,222,-437,00,0,0,5
400.660645,0.648438,-2.527344,0.000000,0.059999,0.169998,0.001064,-0.029024,0.043776,1.022235,0.000244,-0.000244,-0.000732,0,0,0,0,3000,3000,3000,3000,0,218,-438,00,0,0,5
400.662567,0.648438,-2.527344,0.000000,0.059999,0.169998,0.000883,-0.029024,0.043776,1.022235,0.003418,0.002441,0.003662,0,0,0,0,3000,3000,3000,3000,0,215,-441,00,0,0,5
400.664520,0.648438,-2.527344,0.000000,0.059999,0.169998,0.000839,-0.029024,0.043776,1.022235,-0.006104,-0.001221,-0.002197,0,0,0,0,3000,3000,3000,3000,0,222,-438,00,0,0,5
400.666473,0.648438,-2.527344,0.000000,0.059999,0.169998,0.000854,-0.029024,0.043776,1.022235,0.007812,-0.000732,0.001953,0,0,0,0,3000,3000,3000,3000,0,212,-438,00,0,0,5
400.668427,0.648438,-2.527344,0.000000,0.059999,0.169998,0.000971,-0.029024,0.043776,1.022235,-0.008301,-0.000732,0.000244,0,0,0,0,3000,3000,3000,3000,0,223,-438,00,0,0,5
400.670380,0.648438,-2.527344,0.000000,0.059999,0.169998,0.000971,-0.029024,0.043776,1.022235,0.003906,-0.000732,-0.000244,0,0,0,0,3000,3000,3000,3000,0,215,-438,00,0,0,5
400.672333,0.648438,-2.527344,0.000000,0.059999,0.169998,0.000986,-0.029024,0.043776,1.022235,-0.000244,0.001465,0.000977,0,0,0,0,3000,3000,3000,3000,0,218,-440,00,0,0,5
400.674286,0.648438,-2.527344,0.000000,0.059999,0.169998,0.001011,-0.029024,0.043776,1.022235,0.003906,-0.000732,-0.001709,0,0,0,0,3000,3000,3000,3000,0,215,-438,00,0,0,5
400.676239,0.648438,-2.527344,0.000000,0.059999,0.169998,0.000917,-0.029024,0.043776,1.022235,0.001953,-0.001221,0.003662,0,0,0,0,3000,3000,3000,3000,0,216,-438,00,0,0,5
400.678192,0.648438,-2.527344,0.000000,0.059999,0.169998,0.000908,-0.029024,0.043776,1.022235,-0.008301,0.000244,0.002441,0,0,0,0,3000,3000,3000,3000,0,223,-439,00,0,0,5
400.680145,0.648438,-2.527344,0.000000,0.059999,0.169998,0.000948,-0.029024,0.043776,1.022235,0.007812,0.000244,-0.001709,0,0,0,0,3000,3000,3000,3000,0,212,-439,00,0,0,5
400.682098,0.648438,-2.527344,0.000000,0.059999,0.169998,0.000910,-0.029024,0.043776,1.022235,-0.003906,0.000244,0.001465,0,0,0,0,3000,3000,3000,3000,0,220,-439,00,0,0,5
400.684052,0.648438,-2.527344,0.000000,0.059999,0.169998,0.003550,-0.029024,0.043776,1.022235,-0.001953,-0.001221,-0.002197,0,0,0,0,3000,3000,3000,3000,0,219,-438,00,0,0,5
400.686005,0.648438,-2.527344,0.000000,0.059999,0.169998,0.003580,-0.029024,0.043776,1.022235,0.005127,0.001465,0.000977,0,0,0,0,3000,3000,3000,3000,0,214,-440,00,0,0,5
400.687958,0.648438,-2.527344,0.000000,0.059999,0.169998,0.003592,-0.029024,0.043776,1.022235,-0.007080,0.000244,0.000244,0,0,0,0,3000,3000,3000,3000,0,223,-439,00,0,0,5
400.689911,0.648438,-2.527344,0.000000,0.059999,0.169998,0.003666,-0.029024,0.043776,1.022235,0.006592,0.000244,0.002441,0,0,0,0,3000,3000,3000,3000,0,213,-439,00,0,0,5
400.691864,0.648438,-2.527344,0.000000,0.059999,0.169998,0.003685,-0.029024,0.043776,1.022235,-0.002930,0.000977,0.000977,0,0,0,0,3000,3000,3000,3000,0,220,-440,00,0,0,5
400.693817,0.648438,-2.527344,0.000000,0.059999,0.169998,0.003689,-0.029024,0.043776,1.022235,0.000244,0.000244,0.000977,0,0,0,0,3000,3000,3000,3000,0,217,-439,00,0,0,5
400.695770,0.648438,-2.527344,0.000000,0.059999,0.169998,0.003796,-0.029024,0.043776,1.022235,0.001953,0.000244,0.001953,0,0,0,0,3000,3000,3000,3000,0,216,-439,00,0,0,5
400.697723,0.648438,-2.527344,0.000000,0.059999,0.169998,0.003746,-0.029024,0.043776,1.022235,-0.005127,-0.003418,0.000977,0,0,0,0,3000,3000,3000,3000,0,221,-436,00,0,0,5
400.699677,0.648438,-2.527344,0.000000,0.059999,0.169998,0.003687,-0.029024,0.043776,1.022235,0.006104,-0.003906,0.001465,0,0,0,0,3000,3000,3000,3000,0,214,-435,00,0,0,5
400.701630,0.648438,-2.527344,0.000000,0.059999,0.169998,0.003696,-0.029024,0.043776,1.022235,-0.004639,-0.000732,-0.000732,0,0,0,0,3000,3000,3000,3000,0,221,-438,00,0,0,5
400.703583,0.648438,-2.527344,0.000000,0.059999,0.169998,0.003918,-0.029024,0.043776,1.022235,-0.000732,0.000244,-0.003418,0,0,0,0,3000,3000,3000,3000,0,218,-438,00,0,0,5
400.705536,0.648438,-2.527344,0.000000,0.059999,0.169998,0.003933,-0.029024,0.043776,1.022235,0.002930,-0.001709,0.001953,0,0,0,0,3000,3000,3000,3000,0,216,-437,00,0,0,5
400.707489,0.648438,-2.527344,0.000000,0.059999,0.169998,0.003868,-0.029024,0.043776,1.022235,-0.006592,-0.000732,-0.002197,0,0,0,0,3000,3000,3000,3000,0,223,-437,00,0,0,5
400.709442,0.648438,-2.527344,0.000000,0.059999,0.169998,0.003824,-0.029024,0.043776,1.022235,0.007080,0.000244,0.000244,0,0,0,0,3000,3000,3000,3000,0,213,-438,00,0,0,5
400.711395,0.648438,-2.527344,0.000000,0.059999,0.169998,0.003717,-0.029024,0.043776,1.022235,-0.006104,0.000977,0.000977,0,0,0,0,3000,3000,3000,3000,0,222,-439,00,0,0,5
400.713348,0.648438,-2.527344,0.000000,0.059999,0.169998,0.003628,-0.029024,0.043776,1.022235,0.003906,-0.001709,-0.001221,0,0,0,0,3000,3000,3000,3000,0,215,-437,00,0,0,5
400.715302,0.648438,-2.527344,0.000000,0.059999,0.169998,0.003590,-0.029024,0.043776,1.022235,0.005127,-0.001221,0.000244,0,0,0,0,3000,3000,3000,3000,0,214,-437,00,0,0,5
400.717255,0.648438,-2.527344,0.000000,0.059999,0.169998,0.003666,-0.029024,0.043776,1.022235,-0.005615,0.001465,-0.001221,0,0,0,0,3000,3000,3000,3000,0,222,-440,00,0,0,5
400.719208,0.648438,-2.527344,0.000000,0.059999,0.169998,0.003828,-0.029024,0.043776,1.022235,0.007080,-0.001221,0.000977,0,0,0,0,3000,3000,3000,3000,0,213,-437,00,0,0,5
400.721161,0.648438,-2.527344,0.000000,0.059999,0.169998,0.003735,-0.029024,0.043776,1.022235,-0.004639,0.001465,-0.002197,0,0,0,0,3000,3000,3000,3000,0,221,-440,00,0,0,5
400.723114,0.648438,-2.527344,0.000000,0.059999,0.169998,0.003614,-0.029024,0.043776,1.022235,0.001953,0.001465,-0.001221,0,0,0,0,3000,3000,3000,3000,0,216,-440,00,0,0,5
400.725067,0.648438,-2.527344,0.000000,0.059999,0.169998,0.003540,-0.029024,0.043776,1.022235,-0.002441,-0.001221,0.000977,0,0,0,0,3000,3000,3000,3000,0,219,-438,00,0,0,5
400.727020,0.648438,-2.527344,0.000000,0.059999,0.169998,0.003597,-0.029024,0.043776,1.022235,-0.004639,0.000244,0.000244,0,0,0,0,3000,3000,3000,3000,0,221,-439,00,0,0,5
400.728973,0.648438,-2.527344,0.000000,-0.070000,-0.150000,0.003540,-0.029024,0.043776,1.022235,0.006592,0.001465,0.001465,0,0,0,0,3000,3000,3000,3000,0,213,-440,00,0,0,5
400.730927,0.648438,-2.527344,0.000000,-0.070000,-0.150000,0.000086,-0.029024,0.043776,1.022235,-0.003418,-0.000244,-0.001221,0,0,0,0,3000,3000,3000,3000,0,220,-439,00,0,0,5
400.732880,0.648438,-2.527344,0.000000,-0.070000,-0.150000,0.000128,-0.029024,0.043776,1.022235,0.007812,-0.002930,-0.001221,0,0,0,0,3000,3000,3000,3000,0,212,-436,00,0,0,5
400.734833,0.648438,-2.527344,0.000000,-0.070000,-0.150000,0.000128,-0.029024,0.043776,1.022235,-0.001953,-0.001709,-0.002197,0,0,0,0,3000,3000,3000,3000,0,219,-437,00,0,0,5
400.736786,0.648438,-2.527344,0.000000,-0.070000,-0.150000,0.000200,-0.029024,0.043776,1.022235,-0.001953,-0.002197,0.002441,0,0,0,0,3000,3000,3000,3000,0,219,-437,00,0,0,5
400.738739,0.648438,-2.527344,0.000000,-0.070000,-0.150000,0.000181,-0.029024,0.043776,1.022235,0.004639,0.004639,-0.000732,0,0,0,0,3000,3000,3000,3000,0,214,-443,00,0,0,5
400.740692,0.648438,-2.527344,0.000000,-0.070000,-0.150000,0.000065,-0.029024,0.043776,1.022235,-0.009277,-0.001221,-0.003418,0,0,0,0,3000,3000,3000,3000,0,224,-438,00,0,0,5
400.742645,0.648438,-2.527344,0.000000,-0.070000,-0.150000,0.000116,-0.029024,0.043776,1.022235,0.003418,0.000244,0.000977,0,0,0,0,3000,3000,3000,3000,0,216,-439,00,0,0,5
400.744598,0.648438,-2.527344,0.000000,-0.070000,-0.150000,0.000063,-0.029024,0.043776,1.022235,-0.000732,0.004150,0.000977,0,0,0,0,3000,3000,3000,3000,0,219,-443,00,0,0,5
400.747528,0.648438,-2.527344,0.000000,-0.070000,-0.150000,0.000109,-0.029024,0.043776,1.022235,-0.002930,-0.002197,-0.002197,0,0,0,0,3000,3000,3000,3000,0,220,-437,00,0,0,5
400.748535,0.648438,-2.527344,0.000000,-0.070000,-0.150000,0.000109,-0.029024,0.043776,1.022235,-0.002930,-0.002197,-0.002197,0,0,0,0,3000,3000,3000,3000,0,221,-437,00,0,0,5
400.750458,0.648438,-2.527344,0.000000,-0.070000,-0.150000,0.000242,-0.028918,0.043791,1.022162,-0.005615,-0.000244,-0.000244,0,0,0,0,3000,3000,3000,3000,0,224,-439,00,0,0,5
400.752411,0.648438,-2.527344,0.000000,-0.070000,-0.150000,0.000341,-0.029026,0.043776,1.022203,0.006592,0.001465,0.001953,0,0,0,0,3000,3000,3000,3000,0,214,-440,00,0,0,5
400.754364,0.648438,-2.527344,0.000000,-0.070000,-0.150000,0.000628,-0.029026,0.043776,1.022203,0.000244,0.001465,0.001465,0,0,0,0,3000,3000,3000,3000,0,219,-441,00,0,0,5
400.756317,0.648438,-2.527344,0.000000,-0.070000,-0.150000,0.000561,-0.029026,0.043776,1.022203,-0.003418,0.002930,0.000244,0,0,0,0,3000,3000,3000,3000,0,221,-442,00,0,0,5
400.758270,0.648438,-2.527344,0.000000,-0.070000,-0.150000,0.000328,-0.029026,0.043776,1.022203,0.006104,0.002441,0.002441,0,0,0,0,3000,3000,3000,3000,0,214,-442,00,0,0,5
400.760223,0.648438,-2.527344,0.000000,-0.070000,-0.150000,0.000235,-0.029026,0.043776,1.022203,-0.007812,0.001953,-0.004395,0,0,0,0,3000,3000,3000,3000,0,224,-442,00,0,0,5
400.762177,0.648438,-2.527344,0.000000,-0.070000,-0.150000,-0.003712,-0.029026,0.043776,1.022203,0.008789,-0.002197,0.000244,0,0,0,0,3000,3000,3000,3000,0,212,-438,00,0,0,5
400.764130,0.648438,-2.527344,0.000000,-0.070000,-0.150000,-0.003708,-0.029026,0.043776,1.022203,-0.001221,-0.001221,0.001465,0,0,0,0,3000,3000,3000,3000,0,219,-439,00,0,0,5
400.766083,0.648438,-2.527344,0.000000,-0.070000,-0.150000,-0.003725,-0.029026,0.043776,1.022203,0.001953,0.000244,-0.003418,0,0,0,0,3000,3000,3000,3000,0,216,-440,00,0,0,5
400.768036,0.648438,-2.527344,0.000000,-0.070000,-0.150000,-0.003740,-0.029026,0.043776,1.022203,0.000732,-0.000244,0.001465,0,0,0,0,3000,3000,3000,3000,0,217,-439,00,0,0,5
400.769989,0.648438,-2.527344,0.000000,-0.070000,-0.150000,-0.003813,-0.029026,0.043776,1.022203,-0.007080,0.000977,-0.000732,0,0,0,0,3000,3000,3000,3000,0,223,-440,00,0,0,5
400.773895,0.648438,-2.527344,0.000000,-0.070000,-0.150000,-0.003813,-0.029026,0.043776,1.022203,-0.007080,0.000977,-0.000732,0,0,0,0,3000,3000,3000,3000,0,223,-440,00,0,0,5
400.775848,0.648438,-2.527344,0.000000,-0.070000,-0.150000,-0.003662,-0.028971,0.043821,1.022161,0.010254,0.001465,0.000977,0,0,0,0,3000,3000,3000,3000,0,216,-439,00,0,0,5
400.777802,0.648438,-2.527344,0.000000,-0.070000,-0.150000,-0.003622,-0.029026,0.043837,1.022203,0.003906,-0.000244,0.001465,0,0,0,0,3000,3000,3000,3000,0,216,-439,00,0,0,5
400.779755,0.648438,-2.527344,0.000000,-0.070000,-0.150000,-0.003492,-0.029026,0.043837,1.022203,-0.004639,-0.000244,-0.001221,0,0,0,0,3000,3000,3000,3000,0,222,-439,00,0,0,5
400.781708,0.648438,-2.527344,0.000000,-0.070000,-0.150000,-0.003492,-0.029026,0.043837,1.022203,0.008789,-0.001221,0.001465,0,0,0,0,3000,3000,3000,3000,0,212,-438,00,0,0,5
400.783661,0.648438,-2.527344,0.000000,-0.070000,-0.150000,-0.003393,-0.029026,0.043837,1.022203,-0.007080,-0.003906,-0.001709,0,0,0,0,3000,3000,3000,3000,0,223,-435,00,0,0,5
400.785614,0.648438,-2.527344,0.000000,-0.070000,-0.150000,-0.003311,-0.028971,0.043821,1.022161,0.005127,-0.000244,0.001465,0