time,pos_x,pos_y,pos_z,vel_x,vel_y,vel_z,att_phi,att_theta,att_psi,rate_p,rate_q,rate_r,rpm_obs_1,rpm_obs_2,rpm_obs_3,rpm_obs_4,rpm_ref_1,rpm_ref_2,rpm_ref_3,rpm_ref_4,cmd_thrust,cmd_roll,cmd_pitch,cmd_yaw,flow_der_x,flow_der_y,divergence,obstacle_free_confidence
93.344307,1.117188,-2.738281,0.000000,-0.019999,-0.129999,0.013027,-0.031583,0.035713,1.507844,-0.003906,-0.001221,-0.000488,0,0,0,0,3000,3000,3000,3000,0,240,-356,0-20,0,0,0
93.346252,1.117188,-2.738281,0.000000,-0.019999,-0.129999,0.013063,-0.031583,0.035713,1.507844,0.000244,-0.001221,-0.005859,0,0,0,0,3000,3000,3000,3000,0,237,-356,0-20,0,0,0
93.348206,1.117188,-2.738281,0.000000,-0.019999,-0.129999,0.013145,-0.031583,0.035713,1.507844,0.004150,0.001221,0.000000,0,0,0,0,3000,3000,3000,3000,0,234,-358,0-20,0,0,0
93.350159,1.117188,-2.738281,0.000000,-0.019999,-0.129999,0.013247,-0.031583,0.035713,1.507844,-0.008789,0.001221,-0.005371,0,0,0,0,3000,3000,3000,3000,0,243,-358,0-20,0,0,0
93.352112,1.117188,-2.738281,0.000000,-0.019999,-0.129999,0.013170,-0.031583,0.035713,1.507844,0.004639,0.000244,-0.006348,0,0,0,0,3000,3000,3000,3000,0,234,-358,0-20,0,0,0
93.354065,1.117188,-2.738281,0.000000,-0.019999,-0.129999,0.013197,-0.031583,0.035713,1.507844,-0.007568,0.003418,-0.002197,0,0,0,0,3000,3000,3000,3000,0,243,-361,0-20,0,0,0
93.356018,1.117188,-2.738281,0.000000,-0.019999,-0.129999,0.013306,-0.031583,0.035713,1.507844,0.000244,0.001221,-0.002686,0,0,0,0,3000,3000,3000,3000,0,238,-359,0-20,0,0,0
93.357971,1.117188,-2.738281,0.000000,-0.019999,-0.129999,0.013449,-0.031583,0.035713,1.507844,0.004150,0.001221,0.001465,0,0,0,0,3000,3000,3000,3000,0,235,-359,0-20,0,0,0
93.359940,1.117188,-2.738281,0.000000,-0.019999,-0.129999,0.013552,-0.031583,0.035713,1.507844,-0.001221,-0.001953,-0.000488,0,0,0,0,3000,3000,3000,3000,0,238,-356,0-20,0,0,0
93.361877,1.117188,-2.738281,0.000000,-0.019999,-0.129999,0.013699,-0.031583,0.035713,1.507844,0.010010,0.002930,0.002686,0,0,0,0,3000,3000,3000,3000,0,230,-361,0-20,0,0,0
93.363831,1.117188,-2.738281,0.000000,-0.019999,-0.129999,0.013870,-0.031583,0.035713,1.507844,-0.002441,-0.001221,0.003174,0,0,0,0,3000,3000,3000,3000,0,238,-357,0-20,0,0,0
93.365784,1.117188,-2.738281,0.000000,-0.019999,-0.129999,0.014149,-0.031583,0.035713,1.507844,0.007324,0.002441,0.002197,0,0,0,0,3000,3000,3000,3000,0,231,-360,0-20,0,0,0
93.367737,1.117188,-2.738281,0.000000,-0.019999,-0.129999,0.014282,-0.031583,0.035713,1.507844,-0.000732,0.000244,0.005371,0,0,0,0,3000,3000,3000,3000,0,237,-358,0-20,0,0,0
93.369690,1.117188,-2.738281,0.000000,-0.019999,-0.129999,0.014299,-0.031583,0.035713,1.507844,-0.002441,-0.000732,0.002686,0,0,0,0,3000,3000,3000,3000,0,238,-357,0-20,0,0,0
93.371643,1.117188,-2.738281,0.000000,-0.019999,-0.129999,0.014456,-0.031583,0.035713,1.507844,0.007324,-0.002930,0.003662,0,0,0,0,3000,3000,3000,3000,0,231,-355,0-20,0,0,0
93.373596,1.117188,-2.738281,0.000000,-0.019999,-0.129999,0.014456,-0.031583,0.035713,1.507844,-0.009277,-0.000732,-0.000488,0,0,0,0,3000,3000,3000,3000,0,243,-356,0-20,0,0,0
93.375549,1.117188,-2.738281,0.000000,-0.019999,-0.129999,0.014698,-0.031583,0.035713,1.507844,0.004150,0.002441,-0.000488,0,0,0,0,3000,3000,3000,3000,0,234,-359,0-20,0,0,0
93.377502,1.117188,-2.738281,0.000000,-0.019999,-0.129999,0.014658,-0.031583,0.035713,1.507844,-0.003906,-0.002441,0.000977,0,0,0,0,3000,3000,3000,3000,0,240,-355,0-20,0,0,0
93.379456,1.117188,-2.738281,0.000000,-0.019999,-0.129999,0.014563,-0.031583,0.035713,1.507844,-0.004883,0.001221,-0.002686,0,0,0,0,3000,3000,3000,3000,0,241,-358,0-20,0,0,0
93.381409,1.117188,-2.738281,0.000000,-0.019999,-0.129999,0.014791,-0.031583,0.035713,1.507844,0.004150,-0.000244,-0.002197,0,0,0,0,3000,3000,3000,3000,0,235,-357,0-20,0,0,0
93.383362,1.117188,-2.738281,0.000000,-0.019999,-0.129999,0.014736,-0.031583,0.035713,1.507844,-0.003418,0.001221,-0.002197,0,0,0,0,3000,3000,3000,3000,0,240,-358,0-20,0,0,0
93.385315,1.117188,-2.738281,0.000000,-0.019999,-0.129999,0.014828,-0.031583,0.035713,1.507844,0.004150,0.001953,0.001465,0,0,0,0,3000,3000,3000,3000,0,235,-359,0-20,0,0,0
93.387268,1.117188,-2.738281,0.000000,-0.019999,-0.129999,0.017471,-0.031583,0.035713,1.507844,-0.003418,0.001221,-0.001709,0,0,0,0,3000,3000,3000,3000,0,240,-359,0-20,0,0,0
93.389221,1.117188,-2.738281,0.000000,-0.019999,-0.129999,0.017616,-0.031583,0.035713,1.507844,0.000977,0.003906,0.000000,0,0,0,0,3000,3000,3000,3000,0,237,-361,0-20,0,0,0
93.391182,1.117188,-2.738281,0.000000,-0.029999,-0.029999,0.017847,-0.031583,0.035713,1.507844,0.000977,-0.000732,0.000000,0,0,0,0,3000,3000,3000,3000,0,237,-357,0-20,0,0,0
93.393135,1.117188,-2.738281,0.000000,-0.029999,-0.029999,0.012947,-0.031583,0.035713,1.507844,-0.002930,0.002930,-0.002197,0,0,0,0,3000,3000,3000,3000,0,240,-361,0-20,0,0,0
93.395081,1.117188,-2.738281,0.000000,-0.029999,-0.029999,0.012987,-0.031583,0.035713,1.507844,0.006592,0.001953,-0.002197,0,0,0,0,3000,3000,3000,3000,0,233,-360,0-20,0,0,0
93.397034,1.117188,-2.738281,0.000000,-0.029999,-0.029999,0.013008,-0.031583,0.035713,1.507844,-0.008301,-0.003418,-0.001221,0,0,0,0,3000,3000,3000,3000,0,243,-355,0-20,0,0,0
93.398987,1.117188,-2.738281,0.000000,-0.029999,-0.029999,0.013145,-0.031583,0.035713,1.507844,-0.002930,-0.002441,0.000000,0,0,0,0,3000,3000,3000,3000,0,240,-355,0-20,0,0,0
93.400940,1.117188,-2.738281,0.000000,-0.029999,-0.029999,0.013145,-0.031583,0.035713,1.507844,0.004639,-0.001221,0.000488,0,0,0,0,3000,3000,3000,3000,0,235,-356,0-20,0,0,0
93.402893,1.117188,-2.738281,0.000000,-0.029999,-0.029999,0.013298,-0.031583,0.035713,1.507844,-0.006592,-0.001953,-0.000732,0,0,0,0,3000,3000,3000,3000,0,243,-355,0-20,0,0,0
93.404846,1.117188,-2.738281,0.000000,-0.029999,-0.029999,0.013483,-0.031583,0.035713,1.507844,0.003418,-0.002930,0.003662,0,0,0,0,3000,3000,3000,3000,0,236,-354,0-20,0,0,0
93.406799,1.117188,-2.738281,0.000000,-0.029999,-0.029999,0.013479,-0.031583,0.035713,1.507844,-0.006104,0.001221,0.000488,0,0,0,0,3000,3000,3000,3000,0,242,-357,0-20,0,0,0
93.408752,1.117188,-2.738281,0.000000,-0.029999,-0.029999,0.013685,-0.031583,0.035713,1.507844,0.006104,-0.001221,0.000488,0,0,0,0,3000,3000,3000,3000,0,234,-355,0-20,0,0,0
93.410706,1.117188,-2.738281,0.000000,-0.029999,-0.029999,0.013826,-0.031583,0.035713,1.507844,0.000977,-0.000244,0.004150,0,0,0,0,3000,3000,3000,3000,0,237,-356,0-20,0,0,0
93.412666,1.117188,-2.738281,0.000000,-0.029999,-0.029999,0.013977,-0.031583,0.035713,1.507844,-0.000732,-0.000244,0.002686,0,0,0,0,3000,3000,3000,3000,0,238,-356,0-20,0,0,0
93.414612,1.117188,-2.738281,0.000000,-0.029999,-0.029999,0.014273,-0.031583,0.035713,1.507844,0.006104,-0.000732,0.002197,0,0,0,0,3000,3000,3000,3000,0,233,-356,0-20,0,0,0
93.416565,1.117188,-2.738281,0.000000,-0.029999,-0.029999,0.014078,-0.031583,0.035713,1.507844,-0.005615,0.001953,0.000000,0,0,0,0,3000,3000,3000,3000,0,241,-358,0-20,0,0,0
93.418518,1.117188,-2.738281,0.000000,-0.029999,-0.029999,0.013945,-0.031583,0.035713,1.507844,0.006592,-0.000244,-0.002197,0,0,0,0,3000,3000,3000,3000,0,232,-357,0-20,0,0,0
93.420471,1.117188,-2.738281,0.000000,-0.029999,-0.029999,0.013939,-0.031583,0.035713,1.507844,-0.003418,0.003906,0.004639,0,0,0,0,3000,3000,3000,3000,0,239,-361,0-20,0,0,0
93.422424,1.117188,-2.738281,0.000000,-0.029999,-0.029999,0.013861,-0.031583,0.035713,1.507844,0.001465,0.002930,-0.000488,0,0,0,0,3000,3000,3000,3000,0,236,-360,0-20,0,0,0
93.424377,1.117188,-2.738281,0.000000,-0.029999,-0.029999,0.014023,-0.031583,0.035713,1.507844,-0.001221,0.001221,-0.001221,0,0,0,0,3000,3000,3000,3000,0,238,-359,0-20,0,0,0
93.426331,1.117188,-2.738281,0.000000,-0.029999,-0.029999,0.014008,-0.031583,0.035713,1.507844,-0.005615,-0.001221,-0.002197,0,0,0,0,3000,3000,3000,3000,0,241,-357,0-20,0,0,0
93.428284,1.117188,-2.738281,0.000000,-0.029999,-0.029999,0.014135,-0.031583,0.035713,1.507844,0.004639,0.000244,-0.002686,0,0,0,0,3000,3000,3000,3000,0,234,-358,0-20,0,0,0
93.430237,1.117188,-2.738281,0.000000,-0.029999,-0.029999,0.014240,-0.031583,0.035713,1.507844,-0.004883,-0.002441,-0.001221,0,0,0,0,3000,3000,3000,3000,0,241,-355,0-20,0,0,0
93.432190,1.117188,-2.738281,0.000000,-0.029999,-0.029999,0.014120,-0.031583,0.035713,1.507844,0.002441,-0.002441,-0.001709,0,0,0,0,3000,3000,3000,3000,0,236,-355,0-20,0,0,0
93.434143,1.117188,-2.738281,0.000000,-0.029999,-0.029999,0.014309,-0.031583,0.035713,1.507844,0.001465,-0.000732,-0.000488,0,0,0,0,3000,3000,3000,3000,0,236,-356,0-20,0,0,0
93.436096,1.117188,-2.738281,0.000000,-0.029999,-0.029999,0.014330,-0.031583,0.035713,1.507844,-0.002930,-0.001221,0.000488,0,0,0,0,3000,3000,3000,3000,0,239,-356,0-20,0,0,0
93.438049,1.117188,-2.738281,0.000000,-0.029999,-0.029999,0.014479,-0.031583,0.035713,1.507844,0.004639,-0.002930,0.001465,0,0,0,0,3000,3000,3000,3000,0,234,-354,0-20,0,0,0
93.440002,1.117188,-2.738281,0.000000,-0.029999,-0.029999,0.014542,-0.031583,0.035713,1.507844,-0.001221,-0.001221,-0.000732,0,0,0,0,3000,3000,3000,3000,0,238,-355,0-20,0,0,0
93.441956,1.117188,-2.738281,0.000000,-0.029999,-0.029999,0.014631,-0.031583,0.035713,1.507844,0.001953,-0.000244,0.002197,0,0,0,0,3000,3000,3000,3000,0,236,-356,0-20,0,0,0
93.443909,1.117188,-2.738281,0.000000,-0.029999,-0.029999,0.014801,-0.031583,0.035713,1.507844,0.000977,-0.001221,0.000000,0,0,0,0,3000,3000,3000,3000,0,236,-355,0-20,0,0,0
93.445862,1.117188,-2.738281,0.000000,-0.029999,-0.029999,0.014748,-0.031583,0.035713,1.507844,-0.001709,-0.001221,0.001465,0,0,0,0,3000,3000,3000,3000,0,238,-355,0-20,0,0,0
93.447815,1.117188,-2.738281,0.000000,-0.029999,-0.029999,0.014772,-0.031583,0.035713,1.507844,0.006592,0.000244,0.003174,0,0,0,0,3000,3000,3000,3000,0,232,-357,0-20,0,0,0
93.449768,1.117188,-2.738281,0.000000,-0.029999,-0.029999,0.014814,-0.031583,0.035713,1.507844,-0.007080,0.003906,0.000000,0,0,0,0,3000,3000,3000,3000,0,242,-360,0-20,0,0,0
93.451721,1.117188,-2.738281,0.000000,-0.029999,-0.029999,0.014820,-0.031583,0.035713,1.507844,0.006592,-0.001221,0.003174,0,0,0,0,3000,3000,3000,3000,0,232,-356,0-20,0,0,0
93.453674,1.117188,-2.738281,0.000000,-0.029999,-0.029999,0.014868,-0.031583,0.035713,1.507844,-0.007568,0.000732,-0.001221,0,0,0,0,3000,3000,3000,3000,0,242,-358,0-20,0,0,0
93.455627,1.117188,-2.738281,0.000000,-0.029999,-0.029999,0.014940,-0.031583,0.035713,1.507844,-0.003906,0.001953,-0.000732,0,0,0,0,3000,3000,3000,3000,0,240,-359,0-20,0,0,0
93.457581,1.117188,-2.738281,0.000000,-0.029999,-0.029999,0.015265,-0.031583,0.035713,1.507844,0.004639,0.002930,0.001465,0,0,0,0,3000,3000,3000,3000,0,235,-360,0-20,0,0,0
93.459534,1.117188,-2.738281,0.000000,-0.029999,-0.029999,0.015419,-0.031583,0.035713,1.507844,-0.006592,0.000244,-0.002197,0,0,0,0,3000,3000,3000,3000,0,242,-358,0-20,0,0,0
93.461487,1.117188,-2.738281,0.000000,-0.029999,-0.029999,0.015644,-0.031583,0.035713,1.507844,0.007812,-0.000732,-0.001221,0,0,0,0,3000,3000,3000,3000,0,232,-357,0-20,0,0,0
93.463440,1.117188,-2.738281,0.000000,-0.029999,-0.029999,0.015764,-0.031583,0.035713,1.507844,-0.004883,0.000244,-0.000488,0,0,0,0,3000,3000,3000,3000,0,241,-358,0-20,0,0,0
93.465393,1.117188,-2.738281,0.000000,-0.029999,-0.029999,0.015417,-0.031583,0.035713,1.507844,0.001953,0.001221,0.000000,0,0,0,0,3000,3000,3000,3000,0,236,-359,0-20,0,0,0
93.467346,1.117188,-2.738281,0.000000,-0.029999,-0.029999,0.015617,-0.031583,0.035713,1.507844,0.001465,-0.001221,-0.003906,0,0,0,0,3000,3000,3000,3000,0,236,-357,0-20,0,0,0
93.469299,1.117188,-2.738281,0.000000,-0.029999,-0.029999,0.015545,-0.031583,0.035713,1.507844,-0.004883,-0.000732,-0.001221,0,0,0,0,3000,3000,3000,3000,0,241,-357,0-20,0,0,0
93.471252,1.117188,-2.738281,0.000000,-0.029999,-0.029999,0.015667,-0.031583,0.035713,1.507844,0.003418,-0.000732,-0.000488,0,0,0,0,3000,3000,3000,3000,0,235,-357,0-20,0,0,0
93.473206,1.117188,-2.738281,0.000000,-0.029999,-0.029999,0.015806,-0.031583,0.035713,1.507844,-0.007568,0.000244,-0.000732,0,0,0,0,3000,3000,3000,3000,0,243,-358,0-20,0,0,0
93.475159,1.117188,-2.738281,0.000000,-0.029999,-0.029999,0.015829,-0.031583,0.035713,1.507844,0.005127,0.001221,-0.001709,0,0,0,0,3000,3000,3000,3000,0,234,-359,0-20,0,0,0
93.477112,1.117188,-2.738281,0.000000,-0.029999,-0.029999,0.015987,-0.031583,0.035713,1.507844,0.001953,0.000244,-0.000488,0,0,0,0,3000,3000,3000,3000,0,236,-358,0-20,0,0,0
93.479065,1.117188,-2.738281,0.000000,-0.029999,-0.029999,0.016020,-0.031583,0.035713,1.507844,-0.004883,0.000244,-0.002197,0,0,0,0,3000,3000,3000,3000,0,241,-358,0-20,0,0,0
93.481018,1.117188,-2.738281,0.000000,-0.029999,-0.029999,0.016075,-0.031583,0.035713,1.507844,0.004150,-0.001953,0.001465,0,0,0,0,3000,3000,3000,3000,0,235,-356,0-20,0,0,0
93.482971,1.117188,-2.738281,0.000000,-0.029999,-0.029999,0.016102,-0.031583,0.035713,1.507844,-0.003906,0.001221,-0.000732,0,0,0,0,3000,3000,3000,3000,0,240,-359,0-20,0,0,0
93.484924,1.117188,-2.738281,0.000000,-0.029999,-0.029999,0.016056,-0.031583,0.035713,1.507844,0.003418,0.001221,-0.000732,0,0,0,0,3000,3000,3000,3000,0,235,-359,0-20,0,0,0
93.486877,1.117188,-2.738281,0.000000,-0.029999,-0.029999,0.016218,-0.031583,0.035713,1.507844,-0.001709,0.001221,-0.001221,0,0,0,0,3000,3000,3000,3000,0,239,-359,0-20,0,0,0
93.488831,1.117188,-2.738281,0.000000,-0.029999,-0.029999,0.016304,-0.031583,0.035713,1.507844,-0.002441,-0.000244,0.001465,0,0,0,0,3000,3000,3000,3000,0,239,-358,0-20,0,0,0
93.490784,1.117188,-2.738281,0.000000,-0.029999,-0.029999,0.016344,-0.031583,0.035713,1.507844,0.005615,0.000244,0.004150,0,0,0,0,3000,3000,3000,3000,0,233,-358,0-20,0,0,0
93.492737,1.117188,-2.738281,0.000000,-0.029999,-0.029999,0.016361,-0.031583,0.035713,1.507844,-0.003906,0.001221,-0.000488,0,0,0,0,3000,3000,3000,3000,0,240,-359,0-20,0,0,0
93.494690,1.117188,-2.738281,0.000000,-0.029999,-0.029999,0.016451,-0.031583,0.035713,1.507844,0.006592,-0.000244,0.000977,0,0,0,0,3000,3000,3000,3000,0,232,-358,0-20,0,0,0
93.496643,1.117188,-2.738281,0.000000,-0.029999,-0.029999,0.016569,-0.031583,0.035713,1.507844,-0.000244,-0.000244,-0.001221,0,0,0,0,3000,3000,3000,3000,0,237,-358,0-20,0,0,0
93.498604,1.117188,-2.738281,0.000000,-0.029999,-0.029999,0.016693,-0.031583,0.035713,1.507844,0.000977,-0.000732,0.000000,0,0,0,0,3000,3000,3000,3000,0,236,-357,0-20,0,0,0
93.500549,1.117188,-2.738281,0.000000,0.039999,0.160000,0.011459,-0.031583,0.035713,1.507844,0.002441,0.001221,0.002197,0,0,0,0,3000,3000,3000,3000,0,235,-359,0-20,0,0,0
93.502502,1.117188,-2.738281,0.000000,0.039999,0.160000,0.011473,-0.031583,0.035713,1.507844,-0.005615,0.001221,-0.004395,0,0,0,0,3000,3000,3000,3000,0,241,-359,0-20,0,0,0
93.504456,1.117188,-2.738281,0.000000,0.039999,0.160000,0.011463,-0.031583,0.035713,1.507844,0.005127,-0.002441,0.001465,0,0,0,0,3000,3000,3000,3000,0,233,-355,0-20,0,0,0
93.506409,1.117188,-2.738281,0.000000,0.039999,0.160000,0.011602,-0.031583,0.035713,1.507844,-0.004883,-0.003906,-0.000732,0,0,0,0,3000,3000,3000,3000,0,240,-354,0-20,0,0,0
93.508362,1.117188,-2.738281,0.000000,0.039999,0.160000,0.011663,-0.031583,0.035713,1.507844,0.004639,-0.000244,-0.001221,0,0,0,0,3000,3000,3000,3000,0,234,-357,0-20,0,0,0
93.510315,1.117188,-2.738281,0.000000,0.039999,0.160000,0.011919,-0.031583,0.035713,1.507844,-0.002441,0.000732,-0.000732,0,0,0,0,3000,3000,3000,3000,0,239,-357,0-20,0,0,0
93.512268,1.117188,-2.738281,0.000000,0.039999,0.160000,0.011858,-0.031583,0.035713,1.507844,0.000244,-0.001953,-0.001709,0,0,0,0,3000,3000,3000,3000,0,237,-355,0-20,0,0,0
93.514221,1.117188,-2.738281,0.000000,0.039999,0.160000,0.011986,-0.031583,0.035713,1.507844,0.001953,-0.001221,0.000000,0,0,0,0,3000,3000,3000,3000,0,236,-356,0-20,0,0,0
93.516174,1.117188,-2.738281,0.000000,0.039999,0.160000,0.012030,-0.031583,0.035713,1.507844,-0.005615,0.001221,0.001465,0,0,0,0,3000,3000,3000,3000,0,241,-358,0-20,0,0,0
93.518127,1.117188,-2.738281,0.000000,0.039999,0.160000,0.012089,-0.031583,0.035713,1.507844,0.004150,-0.001953,-0.001221,0,0,0,0,3000,3000,3000,3000,0,235,-355,0-20,0,0,0
93.520081,1.117188,-2.738281,0.000000,0.039999,0.160000,0.012011,-0.031583,0.035713,1.507844,-0.002930,0.002441,-0.000488,0,0,0,0,3000,3000,3000,3000,0,240,-359,0-20,0,0,0
93.522034,1.117188,-2.738281,0.000000,0.039999,0.160000,0.012180,-0.031583,0.035713,1.507844,-0.001709,-0.001221,0.000000,0,0,0,0,3000,3000,3000,3000,0,239,-356,0-20,0,0,0
93.523987,1.117188,-2.738281,0.000000,0.039999,0.160000,0.012289,-0.031583,0.035713,1.507844,0.004639,-0.001221,0.000977,0,0,0,0,3000,3000,3000,3000,0,234,-356,0-20,0,0,0
93.525940,1.117188,-2.738281,0.000000,0.039999,0.160000,0.012220,-0.031583,0.035713,1.507844,-0.006592,-0.000732,-0.001709,0,0,0,0,3000,3000,3000,3000,0,242,-356,0-20,0,0,0
93.527893,1.117188,-2.738281,0.000000,0.039999,0.160000,0.012224,-0.031583,0.035713,1.507844,0.006592,0.001221,-0.000488,0,0,0,0,3000,3000,3000,3000,0,233,-358,0-20,0,0,0
93.529846,1.117188,-2.738281,0.000000,0.039999,0.160000,0.012232,-0.031583,0.035713,1.507844,-0.006104,0.001221,0.000977,0,0,0,0,3000,3000,3000,3000,0,242,-358,0-20,0,0,0
93.531799,1.117188,-2.738281,0.000000,0.039999,0.160000,0.012354,-0.031583,0.035713,1.507844,0.001953,-0.001221,0.000488,0,0,0,0,3000,3000,3000,3000,0,236,-356,0-20,0,0,0
93.533752,1.117188,-2.738281,0.000000,0.039999,0.160000,0.012516,-0.031583,0.035713,1.507844,0.007812,0.000244,0.000488,0,0,0,0,3000,3000,3000,3000,0,232,-357,0-20,0,0,0
93.535706,1.117188,-2.738281,0.000000,0.039999,0.160000,0.012541,-0.031583,0.035713,1.507844,-0.003418,0.000732,-0.000488,0,0,0,0,3000,3000,3000,3000,0,239,-358,0-20,0,0,0
93.537659,1.117188,-2.738281,0.000000,0.039999,0.160000,0.012728,-0.031583,0.035713,1.507844,0.004150,-0.001221,0.000488,0,0,0,0,3000,3000,3000,3000,0,234,-356,0-20,0,0,0
93.539612,1.117188,-2.738281,0.000000,0.039999,0.160000,0.012897,-0.031583,0.035713,1.507844,-0.004883,0.001953,0.000977,0,0,0,0,3000,3000,3000,3000,0,240,-359,0-20,0,0,0
93.541565,1.117188,-2.738281,0.000000,0.039999,0.160000,0.013000,-0.031583,0.035713,1.507844,0.004150,-0.000732,0.000000,0,0,0,0,3000,3000,3000,3000,0,234,-357,0-20,0,0,0
93.543518,1.117188,-2.738281,0.000000,0.039999,0.160000,0.012966,-0.031583,0.035713,1.507844,0.000977,-0.001221,-0.000732,0,0,0,0,3000,3000,3000,3000,0,236,-356,0-20,0,0,0
93.545471,1.117188,-2.738281,0.000000,0.039999,0.160000,0.013063,-0.031583,0.035713,1.507844,-0.004395,0.001953,-0.002197,0,0,0,0,3000,3000,3000,3000,0,240,-359,0-20,0,0,0
93.547424,1.117188,-2.738281,0.000000,0.039999,0.160000,0.013107,-0.031583,0.035713,1.507844,0.004639,-0.002930,0.000488,0,0,0,0,3000,3000,3000,3000,0,234,-355,0-20,0,0,0
93.549377,1.117188,-2.738281,0.000000,0.039999,0.160000,0.013149,-0.031583,0.035713,1.507844,-0.006104,0.000732,-0.000732,0,0,0,0,3000,3000,3000,3000,0,242,-358,0-20,0,0,0
93.551331,1.117188,-2.738281,0.000000,0.039999,0.160000,0.013281,-0.031583,0.035713,1.507844,0.003418,0.003906,-0.002686,0,0,0,0,3000,3000,3000,3000,0,235,-361,0-20,0,0,0
93.553284,1.117188,-2.738281,0.000000,0.039999,0.160000,0.013399,-0.031583,0.035713,1.507844,-0.003906,-0.001221,-0.002686,0,0,0,0,3000,3000,3000,3000,0,240,-357,0-20,0,0,0
93.555237,1.117188,-2.738281,0.000000,0.039999,0.160000,0.013416,-0.031583,0.035713,1.507844,-0.001221,0.000244,-0.000732,0,0,0,0,3000,3000,3000,3000,0,239,-358,0-20,0,0,0
93.557190,1.117188,-2.738281,0.000000,0.039999,0.160000,0.013418,-0.031583,0.035713,1.507844,0.004150,-0.001221,0.001465,0,0,0,0,3000,3000,3000,3000,0,235,-357,0-20,0,0,0
93.559143,1.117188,-2.738281,0.000000,0.039999,0.160000,0.013353,-0.031583,0.035713,1.507722,-0.007080,-0.001953,-0.005371,0,0,0,0,3000,3000,3000,3000,0,243,-356,0-20,0,0,0
93.561096,1.117188,-2.738281,0.000000,0.039999,0.160000,0.013474,-0.031583,0.035713,1.507722,0.006592,0.001953,0.002686,0,0,0,0,3000,3000,3000,3000,0,233,-359,0-20,0,0,0
93.563049,1.117188,-2.738281,0.000000,0.039999,0.160000,0.013571,-0.031583,0.035713,1.507722,-0.003418,0.001953,0.002686,0,0,0,0,3000,3000,3000,3000,0,240,-359,0-20,0,0,0
93.565002,1.117188,-2.738281,0.000000,0.039999,0.160000,0.013489,-0.031583,0.035713,1.507722,-0.000244,-0.001953,-0.000732,0,0,0,0,3000,3000,3000,3000,0,238,-356,0-20,0,0,0
93.566956,1.117188,-2.738281,0.000000,0.039999,0.160000,0.013498,-0.031583,0.035713,1.507722,0.002441,0.000732,0.000977,0,0,0,0,3000,3000,3000,3000,0,236,-358,0-20,0,0,0
93.568909,1.117188,-2.738281,0.000000,0.039999,0.160000,0.013414,-0.031488,0.035672,1.507663,-0.003906,0.001221,-0.003174,0,0,0,0,3000,3000,3000,3000,0,240,-359,0-20,0,0,0
93.570862,1.117188,-2.738281,0.000000,0.039999,0.160000,0.013630,-0.031583,0.035713,1.507722,0.004639,-0.001953,0.003662,0,0,0,0,3000,3000,3000,3000,0,234,-356,0-20,0,0,0
93.572815,1.117188,-2.738281,0.000000,0.039999,0.160000,0.013884,-0.031583,0.035713,1.507722,-0.002930,-0.001953,0.004639,0,0,0,0,3000,3000,3000,3000,0,240,-356,0-20,0,0,0
93.574768,1.117188,-2.738281,0.000000,0.039999,0.160000,0.013897,-0.031583,0.035713,1.507722,-0.001221,-0.001953,0.000000,0,0,0,0,3000,3000,3000,3000,0,238,-355,0-20,0,0,0
93.576721,1.117188,-2.738281,0.000000,0.039999,0.160000,0.014002,-0.031583,0.035713,1.507722,0.004150,0.000244,0.000977,0,0,0,0,3000,3000,3000,3000,0,235,-357,0-20,0,0,0
93.578674,1.117188,-2.738281,0.000000,0.039999,0.160000,0.014160,-0.031583,0.035713,1.507722,-0.003906,0.000732,-0.001221,0,0,0,0,3000,3000,3000,3000,0,240,-358,0-20,0,0,0
93.580627,1.117188,-2.738281,0.000000,0.039999,0.160000,0.014427,-0.031583,0.035713,1.507722,0.006104,-0.000732,0.002686,0,0,0,0,3000,3000,3000,3000,0,233,-356,0-20,0,0,0
93.582581,1.117188,-2.738281,0.000000,0.039999,0.160000,0.014431,-0.031583,0.035713,1.507722,-0.006104,0.001953,-0.000732,0,0,0,0,3000,3000,3000,3000,0,242,-359,0-20,0,0,0
93.584534,1.117188,-2.738281,0.000000,0.039999,0.160000,0.014585,-0.031583,0.035713,1.507722,0.005127,-0.001221,0.000488,0,0,0,0,3000,3000,3000,3000,0,234,-356,0-20,0,0,0
93.586487,1.117188,-2.738281,0.000000,0.039999,0.160000,0.014610,-0.031583,0.035713,1.507722,-0.003418,0.001953,0.000977,0,0,0,0,3000,3000,3000,3000,0,240,-359,0-20,0,0,0
93.588440,1.117188,-2.738281,0.000000,0.039999,0.160000,0.014656,-0.031583,0.035713,1.507722,-0.001221,0.000732,-0.002686,0,0,0,0,3000,3000,3000,3000,0,238,-358,0-20,0,0,0
93.590393,1.117188,-2.738281,0.000000,0.039999,0.160000,0.014858,-0.031583,0.035713,1.507722,0.002930,0.001953,0.000977,0,0,0,0,3000,3000,3000,3000,0,235,-360,0-20,0,0,0
93.592346,1.117188,-2.738281,0.000000,0.039999,0.160000,0.014791,-0.031583,0.035713,1.507722,-0.006592,0.000244,-0.000488,0,0,0,0,3000,3000,3000,3000,0,242,-358,0-20,0,0,0
93.594299,1.117188,-2.738281,0.000000,0.039999,0.160000,0.015057,-0.031583,0.035713,1.507722,0.000977,0.000244,-0.000732,0,0,0,0,3000,3000,3000,3000,0,237,-358,0-20,0,0,0
93.596252,1.117188,-2.738281,0.000000,0.039999,0.160000,0.015045,-0.031583,0.035713,1.507722,-0.002930,0.001221,-0.001221,0,0,0,0,3000,3000,3000,3000,0,240,-359,0-20,0,0,0
93.598206,1.117188,-2.738281,0.000000,0.039999,0.160000,0.015265,-0.031583,0.035713,1.507722,0.000244,-0.001953,-0.004883,0,0,0,0,3000,3000,3000,3000,0,238,-356,0-20,0,0,0
93.600159,1.117188,-2.738281,0.000000,0.039999,0.160000,0.015141,-0.031583,0.035713,1.507722,0.005615,0.002441,0.000488,0,0,0,0,3000,3000,3000,3000,0,234,-360,0-20,0,0,0
93.602112,1.117188,-2.738281,0.000000,0.039999,0.160000,0.015152,-0.031583,0.035713,1.507722,-0.007568,0.000244,0.000000,0,0,0,0,3000,3000,3000,3000,0,243,-358,0-20,0,0,0
93.604065,1.117188,-2.738281,0.000000,0.039999,0.160000,0.015171,-0.031583,0.035713,1.507722,0.006592,-0.001221,0.003174,0,0,0,0,3000,3000,3000,3000,0,233,-357,0-20,0,0,0
93.606018,1.117188,-2.738281,0.000000,0.039999,0.160000,0.015301,-0.031583,0.035713,1.507722,-0.006592,0.000244,-0.000488,0,0,0,0,3000,3000,3000,3000,0,242,-358,0-20,0,0,0
93.607971,1.117188,-2.738281,0.000000,0.039999,0.160000,0.015463,-0.031583,0.035713,1.507722,0.001465,0.000244,0.002197,0,0,0,0,3000,3000,3000,3000,0,237,-358,0-20,0,0,0
93.609924,1.117188,-2.738281,0.000000,0.039999,0.160000,0.015471,-0.031583,0.035713,1.507722,-0.001709,0.002441,0.004639,0,0,0,0,3000,3000,3000,3000,0,239,-360,0-20,0,0,0
93.611877,1.117188,-2.738281,0.000000,0.039999,0.160000,0.015528,-0.031583,0.035713,1.507722,-0.006104,0.002441,0.001465,0,0,0,0,3000,3000,3000,3000,0,242,-360,0-20,0,0,0
93.613831,1.117188,-2.738281,0.000000,0.039999,0.160000,0.015520,-0.031583,0.035713,1.507722,0.004639,-0.001221,0.000000,0,0,0,0,3000,3000,3000,3000,0,235,-357,0-20,0,0,0
93.615784,1.117188,-2.738281,0.000000,0.039999,0.160000,0.015762,-0.031583,0.035713,1.507722,-0.001709,0.000244,-0.001221,0,0,0,0,3000,3000,3000,3000,0,239,-358,0-20,0,0,0
93.617744,1.117188,-2.738281,0.000000,0.039999,0.160000,0.015814,-0.031583,0.035713,1.507722,0.002930,0.000244,0.000488,0,0,0,0,3000,3000,3000,3000,0,236,-358,0-20,0,0,0
93.619698,1.117188,-2.738281,0.000000,0.000000,0.009998,0.015934,-0.031583,0.035713,1.507722,0.000244,-0.000244,0.002197,0,0,0,0,3000,3000,3000,3000,0,237,-357,0-20,0,0,0
93.621651,1.117188,-2.738281,0.000000,0.000000,0.009998,0.009674,-0.031583,0.035713,1.507722,-0.003418,0.002441,-0.002197,0,0,0,0,3000,3000,3000,3000,0,240,-360,0-20,0,0,0
93.623596,1.117188,-2.738281,0.000000,0.000000,0.009998,0.009798,-0.031583,0.035713,1.507722,0.005127,0.000732,0.000977,0,0,0,0,3000,3000,3000,3000,0,234,-358,0-20,0,0,0
93.625549,1.117188,-2.738281,0.000000,0.000000,0.009998,0.009748,-0.031583,0.035713,1.507722,-0.006104,0.000244,0.000000,0,0,0,0,3000,3000,3000,3000,0,242,-358,0-20,0,0,0
93.627502,1.117188,-2.738281,0.000000,0.000000,0.009998,0.009876,-0.031583,0.035713,1.507722,0.004639,-0.000244,0.003174,0,0,0,0,3000,3000,3000,3000,0,234,-358,0-20,0,0,0
93.629456,1.117188,-2.738281,0.000000,0.000000,0.009998,0.010096,-0.031583,0.035713,1.507722,-0.003906,0.001221,0.000488,0,0,0,0,3000,3000,3000,3000,0,240,-359,0-20,0,0,0
93.631409,1.117188,-2.738281,0.000000,0.000000,0.009998,0.010038,-0.031583,0.035713,1.507722,0.000977,-0.001221,0.002686,0,0,0,0,3000,3000,3000,3000,0,237,-356,0-20,0,0,0
93.633362,1.117188,-2.738281,0.000000,0.000000,0.009998,0.010073,-0.031583,0.035713,1.507722,0.004639,-0.001953,0.002686,0,0,0,0,3000,3000,3000,3000,0,234,-356,0-20,0,0,0
93.635315,1.117188,-2.738281,0.000000,0.000000,0.009998,0.010187,-0.031583,0.035713,1.507722,-0.004395,-0.001953,0.000000,0,0,0,0,3000,3000,3000,3000,0,240,-355,0-20,0,0,0
93.637268,1.117188,-2.738281,0.000000,0.000000,0.009998,0.010324,-0.031583,0.035713,1.507722,0.006104,-0.001953,0.001465,0,0,0,0,3000,3000,3000,3000,0,233,-355,0-20,0,0,0
93.639221,1.117188,-2.738281,0.000000,0.000000,0.009998,0.010229,-0.031583,0.035713,1.507722,-0.004395,-0.000732,0.001465,0,0,0,0,3000,3000,3000,3000,0,240,-356,0-20,0,0,0
93.641174,1.117188,-2.738281,0.000000,0.000000,0.009998,0.010153,-0.031583,0.035713,1.507722,0.005127,0.000244,-0.003906,0,0,0,0,3000,3000,3000,3000,0,233,-357,0-20,0,0,0
93.643127,1.117188,-2.738281,0.000000,0.000000,0.009998,0.010126,-0.031583,0.035713,1.507722,0.000244,-0.000244,0.001465,0,0,0,0,3000,3000,3000,3000,0,237,-356,0-20,0,0,0
93.645081,1.117188,-2.738281,0.000000,0.000000,0.009998,0.009979,-0.031583,0.035713,1.507722,-0.003418,-0.000732,-0.001709,0,0,0,0,3000,3000,3000,3000,0,239,-356,0-20,0,0,0
93.647034,1.117188,-2.738281,0.000000,0.000000,0.009998,0.010229,-0.031583,0.035713,1.507722,0.005127,-0.000244,0.000000,0,0,0,0,3000,3000,3000,3000,0,233,-356,0-20,0,0,0
93.648987,1.117188,-2.738281,0.000000,0.000000,0.009998,0.010321,-0.031583,0.035713,1.507722,-0.004883,0.002441,-0.001709,0,0,0,0,3000,3000,3000,3000,0,240,-359,0-20,0,0,0
93.650940,1.117188,-2.738281,0.000000,0.000000,0.009998,0.010265,-0.031583,0.035713,1.507722,0.004639,-0.001953,-0.000488,0,0,0,0,3000,3000,3000,3000,0,234,-355,0-20,0,0,0
93.652893,1.117188,-2.738281,0.000000,0.000000,0.009998,0.010456,-0.031583,0.035713,1.507722,0.003418,0.001221,0.000977,0,0,0,0,3000,3000,3000,3000,0,234,-358,0-20,0,0,0
93.654846,1.117188,-2.738281,0.000000,0.000000,0.009998,0.010616,-0.031583,0.035713,1.507722,-0.004883,-0.000244,-0.000732,0,0,0,0,3000,3000,3000,3000,0,240,-357,0-20,0,0,0
93.656799,1.117188,-2.738281,0.000000,0.000000,0.009998,0.010710,-0.031583,0.035713,1.507722,0.005127,-0.003418,0.000488,0,0,0,0,3000,3000,3000,3000,0,233,-354,0-20,0,0,0
93.658752,1.117188,-2.738281,0.000000,0.000000,0.009998,0.010592,-0.031583,0.035713,1.507722,-0.003906,-0.000244,-0.000732,0,0,0,0,3000,3000,3000,3000,0,240,-356,0-20,0,0,0
93.660706,1.117188,-2.738281,0.000000,0.000000,0.009998,0.010729,-0.031583,0.035713,1.507722,0.007324,0.000244,0.000000,0,0,0,0,3000,3000,3000,3000,0,232,-357,0-20,0,0,0
93.662659,1.117188,-2.738281,0.000000,0.000000,0.009998,0.010653,-0.031583,0.035713,1.507722,-0.004395,0.002441,-0.000732,0,0,0,0,3000,3000,3000,3000,0,240,-359,0-20,0,0,0
93.664612,1.117188,-2.738281,0.000000,0.000000,0.009998,0.010818,-0.031583,0.035713,1.507722,0.002441,0.000732,-0.001221,0,0,0,0,3000,3000,3000,3000,0,235,-358,0-20,0,0,0
93.666565,1.117188,-2.738281,0.000000,0.000000,0.009998,0.011051,-0.031583,0.035713,1.507722,0.002930,-0.000244,0.000977,0,0,0,0,3000,3000,3000,3000,0,235,-357,0-20,0,0,0
93.668518,1.117188,-2.738281,0.000000,0.000000,0.009998,0.011105,-0.031583,0.035713,1.507722,-0.003906,-0.000244,-0.002197,0,0,0,0,3000,3000,3000,3000,0,240,-357,0-20,0,0,0
93.670471,1.117188,-2.738281,0.000000,0.000000,0.009998,0.011215,-0.031583,0.035713,1.507722,0.007324,0.000244,0.002686,0,0,0,0,3000,3000,3000,3000,0,232,-358,0-20,0,0,0
93.672424,1.117188,-2.738281,0.000000,0.000000,0.009998,0.011513,-0.031583,0.035713,1.507722,-0.004395,-0.001221,0.003174,0,0,0,0,3000,3000,3000,3000,0,240,-356,0-20,0,0,0
93.674377,1.117188,-2.738281,0.000000,0.000000,0.009998,0.011572,-0.031583,0.035713,1.507722,0.002930,-0.000244,-0.001221,0,0,0,0,3000,3000,3000,3000,0,235,-357,0-20,0,0,0
93.676338,1.117188,-2.738281,0.000000,0.000000,0.009998,0.011652,-0.031488,0.035672,1.507663,0.000977,0.000732,0.001465,0,0,0,0,3000,3000,3000,3000,0,236,-358,0-20,0,0,0
93.678284,1.117188,-2.738281,0.000000,0.000000,0.009998,0.011986,-0.031583,0.035713,1.507722,-0.006104,0.001221,0.000000,0,0,0,0,3000,3000,3000,3000,0,241,-359,0-20,0,0,0
93.680237,1.117188,-2.738281,0.000000,0.000000,0.009998,0.012100,-0.031583,0.035713,1.507722,0.006104,0.000244,0.002197,0,0,0,0,3000,3000,3000,3000,0,233,-358,0-20,0,0,0
93.682190,1.117188,-2.738281,0.000000,0.000000,0.009998,0.012152,-0.031583,0.035713,1.507722,-0.003906,-0.000244,-0.000488,0,0,0,0,3000,3000,3000,3000,0,240,-357,0-20,0,0,0
93.684143,1.117188,-2.738281,0.000000,0.000000,0.009998,0.012468,-0.031583,0.035713,1.507722,0.005615,0.001953,-0.000488,0,0,0,0,3000,3000,3000,3000,0,233,-359,0-20,0,0,0
93.686096,1.117188,-2.738281,0.000000,0.000000,0.009998,0.012693,-0.031583,0.035713,1.507722,-0.001221,-0.000244,0.002197,0,0,0,0,3000,3000,3000,3000,0,238,-358,0-20,0,0,0
93.688057,1.117188,-2.738281,0.000000,0.000000,0.009998,0.012877,-0.031583,0.035713,1.507722,-0.004395,0.000732,-0.000732,0,0,0,0,3000,3000,3000,3000,0,240,-358,0-20,0,0,0
93.690002,1.117188,-2.738281,0.000000,0.000000,0.009998,0.012915,-0.031583,0.035713,1.507722,0.004150,0.000244,0.002686,0,0,0,0,3000,3000,3000,3000,0,235,-358,0-20,0,0,0
93.691956,1.117188,-2.738281,0.000000,0.000000,0.009998,0.013058,-0.031583,0.035713,1.507722,-0.003418,0.002441,-0.001221,0,0,0,0,3000,3000,3000,3000,0,240,-360,0-20,0,0,0
93.693909,1.117188,-2.738281,0.000000,0.000000,0.009998,0.013058,-0.031583,0.035713,1.507722,0.005127,0.001221,-0.000732,0,0,0,0,3000,3000,3000,3000,0,234,-359,0-20,0,0,0
93.695862,1.117188,-2.738281,0.000000,0.000000,0.009998,0.013325,-0.031488,0.035672,1.507663,0.000244,-0.000732,0.000488,0,0,0,0,3000,3000,3000,3000,0,237,-357,0-20,0,0,0
93.697823,1.117188,-2.738281,0.000000,0.000000,0.000000,0.013222,-0.031583,0.035713,1.507722,-0.001709,0.000244,0.000000,0,0,0,0,3000,3000,3000,3000,0,239,-358,0-20,0,0,0
93.699768,1.117188,-2.738281,0.000000,0.000000,0.000000,0.010227,-0.031583,0.035713,1.507722,0.001465,-0.000732,0.003174,0,0,0,0,3000,3000,3000,3000,0,236,-357,0-20,0,0,0
93.701721,1.117188,-2.738281,0.000000,0.000000,0.000000,0.010210,-0.031583,0.035713,1.507722,-0.003418,0.002441,-0.000488,0,0,0,0,3000,3000,3000,3000,0,240,-360,0-20,0,0,0
93.703674,1.117188,-2.738281,0.000000,0.000000,0.000000,0.010433,-0.031583,0.035713,1.507722,0.006104,0.000732,-0.002197,0,0,0,0,3000,3000,3000,3000,0,233,-359,0-20,0,0,0
93.705627,1.117188,-2.738281,0.000000,0.000000,0.000000,0.010454,-0.031583,0.035713,1.507722,-0.004395,0.000244,-0.000488,0,0,0,0,3000,3000,3000,3000,0,241,-358,0-20,0,0,0
93.707581,1.117188,-2.738281,0.000000,0.000000,0.000000,0.010439,-0.031583,0.035713,1.507722,0.003418,-0.001953,0.000000,0,0,0,0,3000,3000,3000,3000,0,235,-356,0-20,0,0,0
93.709534,1.117188,-2.738281,0.000000,0.000000,0.000000,0.010569,-0.031583,0.035713,1.507722,0.002930,-0.000732,0.000488,0,0,0,0,3000,3000,3000,3000,0,235,-357,0-20,0,0,0
93.711487,1.117188,-2.738281,0.000000,0.000000,0.000000,0.010794,-0.031583,0.035713,1.507722,-0.005615,0.002930,0.000488,0,0,0,0,3000,3000,3000,3000,0,241,-360,0-20,0,0,0
93.713440,1.117188,-2.738281,0.000000,0.000000,0.000000,0.010920,-0.031583,0.035713,1.507722,0.005127,-0.000732,-0.000732,0,0,0,0,3000,3000,3000,3000,0,234,-357,0-20,0,0,0
93.715393,1.117188,-2.738281,0.000000,0.000000,0.000000,0.010910,-0.031583,0.035713,1.507722,-0.005615,-0.000732,-0.003906,0,0,0,0,3000,3000,3000,3000,0,242,-357,0-20,0,0,0
93.717346,1.117188,-2.738281,0.000000,0.000000,0.000000,0.011013,-0.031583,0.035713,1.507722,0.001465,-0.002930,-0.002686,0,0,0,0,3000,3000,3000,3000,0,237,-355,0-20,0,0,0
93.719299,1.117188,-2.738281,0.000000,0.000000,0.000000,0.010923,-0.031583,0.035713,1.507722,-0.001221,0.001221,0.005859,0,0,0,0,3000,3000,3000,3000,0,239,-358,0-20,0,0,0
93.721252,1.117188,-2.738281,0.000000,0.000000,0.000000,0.011024,-0.031583,0.035713,1.507722,-0.003906,0.001953,-0.001221,0,0,0,0,3000,3000,3000,3000,0,241,-359,0-20,0,0,0
93.723206,1.117188,-2.738281,0.000000,0.000000,0.000000,0.011175,-0.031583,0.035713,1.507722,0.005127,-0.001953,0.003662,0,0,0,0,3000,3000,3000,3000,0,234,-355,0-20,0,0,0
93.725159,1.117188,-2.738281,0.000000,0.000000,0.000000,0.011181,-0.031583,0.035713,1.507722,-0.006592,0.000732,0.000000,0,0,0,0,3000,3000,3000,3000,0,243,-358,0-20,0,0,0
93.727112,1.117188,-2.738281,0.000000,0.000000,0.000000,0.011318,-0.031583,0.035713,1.507722,0.004150,-0.000244,-0.002686,0,0,0,0,3000,3000,3000,3000,0,235,-357,0-20,0,0,0
93.729065,1.117188,-2.738281,0.000000,0.000000,0.000000,0.011251,-0.031583,0.035713,1.507722,-0.002441,0.001953,0.000000,0,0,0,0,3000,3000,3000,3000,0,240,-359,0-20,0,0,0
93.731018,1.117188,-2.738281,0.000000,0.000000,0.000000,0.011297,-0.031583,0.035713,1.507722,-0.005615,-0.000244,-0.000488,0,0,0,0,3000,3000,3000,3000,0,242,-357,0-20,0,0,0
93.732971,1.117188,-2.738281,0.000000,0.000000,0.000000,0.011351,-0.031583,0.035713,1.507722,0.004150,-0.000244,0.000488,0,0,0,0,3000,3000,3000,3000,0,235,-357,0-20,0,0,0
93.734924,1.117188,-2.738281,0.000000,0.000000,0.000000,0.011471,-0.031583,0.035713,1.507722,-0.005615,-0.001953,-0.003174,0,0,0,0,3000,3000,3000,3000,0,242,-355,0-20,0,0,0
93.736877,1.117188,-2.738281,0.000000,0.000000,0.000000,0.011570,-0.031583,0.035713,1.507722,0.003418,0.000244,0.002197,0,0,0,0,3000,3000,3000,3000,0,236,-357,0-20,0,0,0
93.738831,1.117188,-2.738281,0.000000,0.000000,0.000000,0.011660,-0.031583,0.035713,1.507722,-0.005615,-0.001221,-0.001221,0,0,0,0,3000,3000,3000,3000,0,242,-356,0-20,0,0,0
93.740784,1.117188,-2.738281,0.000000,0.000000,0.000000,0.011795,-0.031583,0.035713,1.507722,0.002930,0.002930,-0.000732,0,0,0,0,3000,3000,3000,3000,0,236,-360,0-20,0,0,0
93.742737,1.117188,-2.738281,0.000000,0.000000,0.000000,0.011963,-0.031583,0.035713,1.507722,0.003418,0.000244,0.002686,0,0,0,0,3000,3000,3000,3000,0,236,-357,0-20,0,0,0
93.744690,1.117188,-2.738281,0.000000,0.000000,0.000000,0.012299,-0.031583,0.035713,1.507722,-0.006592,0.000244,-0.003174,0,0,0,0,3000,3000,3000,3000,0,242,-358,0-20,0,0,0
93.746643,1.117188,-2.738281,0.000000,0.000000,0.000000,0.012506,-0.031488,0.035672,1.507663,0.007812,0.000244,-0.000488,0,0,0,0,3000,3000,3000,3000,0,232,-358,0-20,0,0,0
93.748596,1.117188,-2.738281,0.000000,0.000000,0.000000,0.012629,-0.031583,0.035713,1.507722,-0.001709,0.002441,-0.000732,0,0,0,0,3000,3000,3000,3000,0,239,-360,0-20,0,0,0
93.750549,1.117188,-2.738281,0.000000,0.000000,0.000000,0.012655,-0.031583,0.035713,1.507722,0.000977,0.000244,-0.002197,0,0,0,0,3000,3000,3000,3000,0,237,-358,0-20,0,0,0
93.752502,1.117188,-2.738281,0.000000,0.000000,0.000000,0.012774,-0.031583,0.035713,1.507722,-0.000244,-0.000732,0.000977,0,0,0,0,3000,3000,3000,3000,0,237,-357,0-20,0,0,0
93.754456,1.117188,-2.738281,0.000000,0.000000,0.000000,0.012815,-0.031583,0.035713,1.507722,-0.004883,0.000244,0.002197,0,0,0,0,3000,3000,3000,3000,0,241,-358,0-20,0,0,0
93.756409,1.117188,-2.738281,0.000000,0.000000,0.000000,0.012903,-0.031583,0.035713,1.507722,0.007812,-0.001953,0.003662,0,0,0,0,3000,3000,3000,3000,0,232,-356,0-20,0,0,0
93.758362,1.117188,-2.738281,0.000000,0.000000,0.000000,0.013094,-0.031583,0.035713,1.507722,-0.006104,0.000244,-0.001709,0,0,0,0,3000,3000,3000,3000,0,242,-357,0-20,0,0,0
93.760315,1.117188,-2.738281,0.000000,0.000000,0.000000,0.013109,-0.031583,0.035713,1.507722,0.007812,-0.000244,0.002197,0,0,0,0,3000,3000,3000,3000,0,232,-357,0-20,0,0,0
93.762268,1.117188,-2.738281,0.000000,0.000000,0.000000,0.013136,-0.031583,0.035713,1.507722,-0.003418,-0.000732,-0.002197,0,0,0,0,3000,3000,3000,3000,0,239,-356,0-20,0,0,0
93.764221,1.117188,-2.738281,0.000000,0.000000,0.000000,0.013201,-0.031583,0.035713,1.507722,-0.000244,-0.000244,-0.001709,0,0,0,0,3000,3000,3000,3000,0,237,-357,0-20,0,0,0
93.766174,1.117188,-2.738281,0.000000,0.000000,0.000000,0.013241,-0.031583,0.035713,1.507722,0.007324,-0.000244,0.000000,0,0,0,0,3000,3000,3000,3000,0,232,-357,0-20,0,0,0
93.768127,1.117188,-2.738281,0.000000,0.000000,0.000000,0.013041,-0.031583,0.035713,1.507722,-0.006104,0.002441,0.000977,0,0,0,0,3000,3000,3000,3000,0,241,-359,0-20,0,0,0
93.770081,1.117188,-2.738281,0.000000,0.000000,0.000000,0.012877,-0.031583,0.035713,1.507722,0.007324,0.001221,0.000488,0,0,0,0,3000,3000,3000,3000,0,231,-358,0-20,0,0,0
93.772034,1.117188,-2.738281,0.000000,0.000000,0.000000,0.012913,-0.031583,0.035713,1.507722,-0.004395,0.001953,0.001465,0,0,0,0,3000,3000,3000,3000,0,240,-359,0-20,0,0,0
93.773987,1.117188,-2.738281,0.000000,0.000000,0.000000,0.013048,-0.031583,0.035713,1.507722,0.000244,-0.000732,-0.001221,0,0,0,0,3000,3000,3000,3000,0,237,-357,0-20,0,0,0
93.775940,1.117188,-2.738281,0.000000,0.000000,0.000000,0.013205,-0.031583,0.035713,1.507722,0.003418,0.000244,0.003174,0,0,0,0,3000,3000,3000,3000,0,234,-358,0-20,0,0,0
93.777893,1.117188,-2.738281,0.000000,0.000000,0.000000,0.018002,-0.031583,0.035713,1.507722,-0.007080,0.003418,-0.001221,0,0,0,0,3000,3000,3000,3000,0,242,-361,0-20,0,0,0
93.779846,1.117188,-2.738281,0.000000,0.000000,0.000000,0.018181,-0.031583,0.035713,1.507722,0.004639,0.000732,0.000977,0,0,0,0,3000,3000,3000,3000,0,234,-359,0-20,0,0,0
93.781799,1.117188,-2.738281,0.000000,0.000000,0.000000,0.018215,-0.031583,0.035713,1.507722,-0.006104,0.002441,-0.002197,0,0,0,0,3000,3000,3000,3000,0,242,-360,0-20,0,0,0
93.783760,1.117188,-2.738281,0.000000,0.000000,0.000000,0.018324,-0.031583,0.035713,1.507722,0.002441,-0.001953,-0.002197,0,0,0,0,3000,3000,3000,3000,0,236,-356,0-20,0,0,0
93.785706,1.117188,-2.738281,0.000000,0.000000,0.000000,0.018463,-0.031583,0.035713,1.507722,-0.003418,-0.004639,0.002197,0,0,0,0,3000,3000,3000,3000,0,240,-353,0-20,0,0,0
93.787659,1.117188,-2.738281,0.000000,0.000000,0.000000,0.018394,-0.031583,0.035713,1.507722,-0.006592,-0.000244,-0.000732,0,0,0,0,3000,3000,3000,3000,0,243,-357,0-20,0,0,0
93.789612,1.117188,-2.738281,0.003906,0.000000,0.000000,0.018503,-0.031583,0.035713,1.507722,0.007812,0.000244,0.001465,0,0,0,0,3000,3000,3000,3000,0,233,-357,0-20,0,0,0
93.791573,1.117188,-2.738281,0.003906,0.000000,0.000000,0.018719,-0.031583,0.035713,1.507722,-0.004883,0.000244,0.000000,0,0,0,0,3000,3000,3000,3000,0,241,-357,0-20,0,0,0
93.793518,1.117188,-2.738281,0.003906,0.000000,0.000000,0.019081,-0.031583,0.035713,1.507722,0.003418,-0.000244,-0.001221,0,0,0,0,3000,3000,3000,3000,0,235,-357,0-20,0,0,0
93.795471,1.117188,-2.738281,0.003906,0.000000,0.000000,0.019257,-0.031583,0.035713,1.507722,-0.000244,-0.000244,-0.002197,0,0,0,0,3000,3000,3000,3000,0,238,-357,0-20,0,0,0
93.797424,1.117188,-2.738281,0.003906,0.000000,0.000000,0.019293,-0.031583,0.035713,1.507722,-0.001221,0.001221,-0.000732,0,0,0,0,3000,3000,3000,3000,0,238,-358,0-20,0,0,0
93.799385,1.117188,-2.738281,0.003906,0.000000,0.000000,0.019287,-0.031583,0.035713,1.507722,0.010010,-0.000244,0.001465,0,0,0,0,3000,3000,3000,3000,0,230,-357,0-20,0,0,0
93.801331,1.117188,-2.738281,0.003906,0.000000,0.000000,0.019251,-0.031583,0.035713,1.507722,-0.006104,0.001953,-0.004883,0,0,0,0,3000,3000,3000,3000,0,241,-359,0-20,0,0,0
93.803284,1.117188,-2.738281,0.003906,0.000000,0.000000,0.019300,-0.031583,0.035713,1.507722,0.006104,-0.001221,-0.001221,0,0,0,0,3000,3000,3000,3000,0,233,-356,0-20,0,0,0
93.805237,1.117188,-2.738281,0.003906,0.000000,0.000000,0.019314,-0.031583,0.035713,1.507722,0.001465,-0.000732,0.001465,0,0,0,0,3000,3000,3000,3000,0,236,-357,0-20,0,0,0
93.807190,1.117188,-2.738281,0.003906,0.000000,0.000000,0.019258,-0.031583,0.035713,1.507722,-0.001709,0.000244,0.000488,0,0,0,0,3000,3000,3000,3000,0,238,-357,0-20,0,0,0
93.809143,1.117188,-2.738281,0.003906,0.000000,0.000000,0.019527,-0.031583,0.035713,1.507722,0.004639,-0.000244,0.002197,0,0,0,0,3000,3000,3000,3000,0,233,-357,0-20,0,0,0
93.811096,1.117188,-2.738281,0.003906,0.000000,0.000000,0.019644,-0.031583,0.035713,1.507722,-0.003906,0.005127,-0.003906,0,0,0,0,3000,3000,3000,3000,0,239,-362,0-20,0,0,0
93.813049,1.117188,-2.738281,0.003906,0.000000,0.000000,0.019831,-0.031583,0.035713,1.507722,0.006592,0.003418,0.000000,0,0,0,0,3000,3000,3000,3000,0,232,-361,0-20,0,0,0
93.815002,1.117188,-2.738281,0.003906,0.000000,0.000000,0.019758,-0.031583,0.035713,1.507722,-0.005615,0.002930,0.001465,0,0,0,0,3000,3000,3000,3000,0,241,-361,0-20,0,0,0
93.816956,1.117188,-2.738281,0.003906,0.000000,0.000000,0.019880,-0.031583,0.035713,1.507722,0.002930,-0.007812,0.000977,0,0,0,0,3000,3000,3000,3000,0,235,-351,0-20,0,0,0
93.818909,1.117188,-2.738281,0.003906,0.000000,0.000000,0.019955,-0.031583,0.035713,1.507722,0.005615,0.001221,-0.002686,0,0,0,0,3000,3000,3000,3000,0,233,-359,0-20,0,0,0
93.820862,1.117188,-2.738281,0.003906,0.000000,0.000000,0.020027,-0.031583,0.035713,1.507722,-0.011475,0.005615,0.001465,0,0,0,0,3000,3000,3000,3000,0,245,-363,0-20,0,0,0
93.822815,1.117188,-2.738281,0.003906,0.000000,0.000000,0.020067,-0.031583,0.035713,1.507722,0.006592,-0.000244,0.000000,0,0,0,0,3000,3000,3000,3000,0,233,-358,0-20,0,0,0
93.824768,1.117188,-2.738281,0.003906,0.000000,0.000000,0.019983,-0.031583,0.035713,1.507722,-0.012939,-0.001221,0.000488,0,0,0,0,3000,3000,3000,3000,0,247,-357,0-20,0,0,0
93.826721,1.117188,-2.738281,0.003906,0.000000,0.000000,0.020302,-0.031583,0.035713,1.507722,0.001465,0.008789,0.002197,0,0,0,0,3000,3000,3000,3000,0,237,-366,0-20,0,0,0
93.828674,1.117188,-2.738281,0.003906,0.000000,0.000000,0.020323,-0.031583,0.035713,1.507722,0.008301,-0.000732,-0.002686,0,0,0,0,3000,3000,3000,3000,0,232,-358,0-20,0,0,0
93.830627,1.117188,-2.738281,0.003906,0.000000,0.000000,0.020248,-0.031583,0.035713,1.507722,-0.014160,0.003906,0.002197,0,0,0,0,3000,3000,3000,3000,0,248,-362,0-20,0,0,0
93.832581,1.117188,-2.738281,0.003906,0.000000,0.000000,0.020794,-0.031522,0.035713,1.507722,0.011475,0.005615,0.002686,0,0,0,0,3000,3000,3000,3000,0,230,-365,0-20,0,0,0
93.834534,1.117188,-2.738281,0.003906,0.000000,0.000000,0.020815,-0.031522,0.035713,1.507722,0.000977,-0.005615,-0.000732,0,0,0,0,3000,3000,3000,3000,0,237,-354,0-20,0,0,0
93.836487,1.117188,-2.738281,0.003906,0.000000,0.000000,0.020834,-0.031522,0.035713,1.507722,-0.003906,0.006104,0.006348,0,0,0,0,3000,3000,3000,3000,0,240,-365,0-20,0,0,0
93.838440,1.117188,-2.738281,0.003906,0.000000,0.000000,0.020943,-0.031522,0.035713,1.507722,0.003418,-0.009277,-0.004395,0,0,0,0,3000,3000,3000,3000,0,235,-350,0-20,0,0,0
93.840393,1.117188,-2.738281,0.003906,0.000000,0.000000,0.020866,-0.031522,0.035713,1.507722,-0.000732,-0.001221,-0.000488,0,0,0,0,3000,3000,3000,3000,0,238,-357,0-20,0,0,0
93.842346,1.117188,-2.738281,0.003906,0.000000,0.000000,0.021114,-0.031522,0.035713,1.507722,0.000244,0.000244,0.005371,0,0,0,0,3000,3000,3000,3000,0,237,-358,0-20,0,0,0
93.844299,1.117188,-2.738281,0.003906,0.000000,0.000000,0.021301,-0.031522,0.035713,1.507722,0.004639,-0.008301,-0.002686,0,0,0,0,3000,3000,3000,3000,0,234,-349,0-20,0,0,0
93.846252,1.117188,-2.738281,0.003906,0.000000,0.000000,0.021305,-0.031522,0.035713,1.507722,0.004639,0.000244,0.001465,0,0,0,0,3000,3000,3000,3000,0,233,-357,0-20,0,0,0
93.848206,1.117188,-2.738281,0.003906,0.000000,0.000000,0.021288,-0.031522,0.035713,1.507722,-0.006104,-0.000244,-0.000488,0,0,0,0,3000,3000,3000,3000,0,241,-356,0-20,0,0,0
93.850159,1.117188,-2.738281,0.003906,0.000000,0.000000,0.021366,-0.031522,0.035713,1.507722,0.000977,-0.008789,-0.002197,0,0,0,0,3000,3000,3000,3000,0,236,-348,0-20,0,0,0
93.852112,1.117188,-2.738281,0.003906,0.000000,0.000000,0.021078,-0.031522,0.035713,1.507722,-0.001709,-0.000732,-0.000488,0,0,0,0,3000,3000,3000,3000,0,238,-355,0-20,0,0,0
93.854080,1.117188,-2.738281,0.003906,0.000000,0.000000,0.021185,-0.031522,0.035713,1.507722,-0.008301,0.002930,-0.002197,0,0,0,0,3000,3000,3000,3000,0,243,-358,0-20,0,0,0
93.856026,1.117188,-2.738281,0.003906,0.000000,0.000000,0.028267,-0.031522,0.035713,1.507722,-0.000244,0.003418,-0.000488,0,0,0,0,3000,3000,3000,3000,0,238,-359,0-20,0,0,0
93.857979,1.117188,-2.738281,0.003906,0.000000,0.000000,0.028030,-0.031522,0.035713,1.507722,0.001465,0.008301,-0.002686,0,0,0,0,3000,3000,3000,3000,0,237,-365,0-20,0,0,0
93.859932,1.117188,-2.738281,0.003906,0.000000,0.000000,0.028423,-0.031522,0.035713,1.507722,0.009277,0.001953,-0.003906,0,0,0,0,3000,3000,3000,3000,0,231,-360,0-20,0,0,0
93.861885,1.117188,-2.738281,0.003906,0.000000,0.000000,0.028263,-0.031522,0.035713,1.507722,0.002930,0.001221,-0.002197,0,0,0,0,3000,3000,3000,3000,0,235,-359,0-20,0,0,0
93.863831,1.117188,-2.738281,0.003906,0.000000,0.000000,0.028212,-0.031522,0.035713,1.507722,-0.006592,0.005127,0.008545,0,0,0,0,3000,3000,3000,3000,0,241,-363,0-20,0,0,0
93.865784,1.117188,-2.738281,0.007812,0.000000,0.000000,0.028488,-0.031522,0.035713,1.507722,0.010010,-0.001221,0.006836,0,0,0,0,3000,3000,3000,3000,0,230,-358,0-20,0,0,0
93.867737,1.117188,-2.738281,0.007812,0.000000,0.000000,0.028414,-0.031522,0.035713,1.507722,-0.000244,-0.000732,0.002686,0,0,0,0,3000,3000,3000,3000,0,237,-358,0-20,0,0,0
93.869690,1.117188,-2.738281,0.007812,0.000000,0.000000,0.028454,-0.031522,0.035713,1.507722,-0.002930,0.002441,0.003662,0,0,0,0,3000,3000,3000,3000,0,238,-361,0-20,0,0,0
93.871643,1.117188,-2.738281,0.007812,0.000000,0.000000,0.028379,-0.031522,0.035713,1.507722,0.002441,-0.000244,-0.001709,0,0,0,0,3000,3000,3000,3000,0,235,-358,0-20,0,0,0
93.873596,1.117188,-2.738281,0.007812,0.000000,0.000000,0.028368,-0.031522,0.035713,1.507722,-0.004883,-0.001953,-0.001221,0,0,0,0,3000,3000,3000,3000,0,240,-357,0-20,0,0,0
93.875549,1.117188,-2.738281,0.007812,0.000000,0.000000,0.028387,-0.031522,0.035713,1.507722,-0.000244,-0.003418,0.003174,0,0,0,0,3000,3000,3000,3000,0,237,-355,0-20,0,0,0
93.877502,1.117188,-2.738281,0.007812,0.000000,0.000000,0.028475,-0.031522,0.035713,1.507722,-0.004883,-0.000244,-0.001221,0,0,0,0,3000,3000,3000,3000,0,241,-357,0-20,0,0,0
93.879456,1.117188,-2.738281,0.007812,0.000000,0.000000,0.028589,-0.031522,0.035713,1.507722,0.001465,-0.003906,0.005859,0,0,0,0,3000,3000,3000,3000,0,237,-354,0-20,0,0,0
93.881409,1.117188,-2.738281,0.007812,0.000000,0.000000,0.028271,-0.031522,0.035713,1.507722,-0.005615,0.001953,0.000000,0,0,0,0,3000,3000,3000,3000,0,242,-359,0-20,0,0,0
93.883362,1.117188,-2.738281,0.007812,0.000000,0.000000,0.028383,-0.031522,0.035713,1.507722,0.000244,0.002930,-0.002686,0,0,0,0,3000,3000,3000,3000,0,238,-360,0-20,0,0,0
93.885315,1.117188,-2.738281,0.007812,0.000000,0.000000,0.028509,-0.031522,0.035713,1.507722,0.005615,0.002930,0.001465,0,0,0,0,3000,3000,3000,3000,0,234,-360,0-20,0,0,0
93.887268,1.117188,-2.738281,0.007812,0.000000,0.000000,0.028412,-0.031522,0.035713,1.507722,0.001465,0.010254,0.003662,0,0,0,0,3000,3000,3000,3000,0,236,-368,0-20,0,0,0
93.889221,1.117188,-2.738281,0.007812,0.000000,0.000000,0.028723,-0.031522,0.035713,1.507722,0.003418,0.000732,0.003174,0,0,0,0,3000,3000,3000,3000,0,235,-360,0-20,0,0,0
93.891174,1.117188,-2.738281,0.007812,0.000000,0.000000,0.028568,-0.031522,0.035713,1.507722,0.005615,0.003906,-0.000488,0,0,0,0,3000,3000,3000,3000,0,233,-363,0-20,0,0,0
93.893127,1.117188,-2.738281,0.007812,0.000000,0.000000,0.028782,-0.031522,0.035713,1.507722,-0.001709,0.002441,0.003662,0,0,0,0,3000,3000,3000,3000,0,238,-362,0-20,0,0,0
93.895081,1.117188,-2.738281,0.007812,0.000000,0.000000,0.028891,-0.031522,0.035713,1.507722,-0.007568,-0.003906,0.000488,0,0,0,0,3000,3000,3000,3000,0,242,-356,0-20,0,0,0
93.897034,1.117188,-2.738281,0.007812,0.000000,0.000000,0.028961,-0.031522,0.035713,1.507722,0.000977,-0.005127,-0.003174,0,0,0,0,3000,3000,3000,3000,0,236,-354,0-20,0,0,0
93.898987,1.117188,-2.738281,0.007812,0.000000,0.000000,0.029175,-0.031522,0.035713,1.507722,-0.006104,-0.002441,0.000488,0,0,0,0,3000,3000,3000,3000,0,242,-356,0-20,0,0,0
93.900948,1.117188,-2.738281,0.007812,0.000000,0.000000,0.028999,-0.031522,0.035713,1.507722,-0.007080,-0.000732,-0.003906,0,0,0,0,3000,3000,3000,3000,0,243,-357,0-20,0,0,0
93.902893,1.117188,-2.738281,0.007812,0.000000,0.000000,0.029116,-0.031522,0.035713,1.507722,0.000244,-0.008789,0.000000,0,0,0,0,3000,3000,3000,3000,0,238,-349,0-20,0,0,0
93.904846,1.117188,-2.738281,0.007812,0.000000,0.000000,0.029282,-0.031522,0.035713,1.507722,-0.002930,-0.004639,0.000488,0,0,0,0,3000,3000,3000,3000,0,241,-352,0-20,0,0,0
93.906799,1.117188,-2.738281,0.007812,0.000000,0.000000,0.029385,-0.031522,0.035713,1.507722,-0.001709,0.000732,-0.002197,0,0,0,0,3000,3000,3000,3000,0,240,-356,0-20,0,0,0
93.908752,1.117188,-2.738281,0.007812,0.000000,0.000000,0.029404,-0.031522,0.035713,1.507722,0.001465,0.001953,0.003174,0,0,0,0,3000,3000,3000,3000,0,237,-357,0-20,0,0,0
93.910706,1.117188,-2.738281,0.007812,0.000000,0.000000,0.029470,-0.031522,0.035713,1.507722,-0.000244,-0.001221,-0.002686,0,0,0,0,3000,3000,3000,3000,0,238,-355,0-20,0,0,0
93.912659,1.117188,-2.738281,0.007812,0.000000,0.000000,0.029619,-0.031522,0.035713,1.507722,0.013672,0.008301,0.001465,0,0,0,0,3000,3000,3000,3000,0,228,-364,0-20,0,0,0
93.914612,1.117188,-2.738281,0.007812,0.000000,0.000000,0.029663,-0.031522,0.035713,1.507722,-0.000732,-0.002441,0.004150,0,0,0,0,3000,3000,3000,3000,0,237,-355,0-20,0,0,0
93.916565,1.117188,-2.738281,0.007812,0.000000,0.000000,0.029957,-0.031522,0.035713,1.507722,0.010010,-0.003906,0.000977,0,0,0,0,3000,3000,3000,3000,0,229,-354,0-20,0,0,0
93.918526,1.117188,-2.738281,0.007812,0.000000,0.000000,0.030283,-0.031522,0.035713,1.507722,-0.002441,0.005615,0.004639,0,0,0,0,3000,3000,3000,3000,0,237,-362,0-20,0,0,0
93.920471,1.117188,-2.738281,0.007812,0.000000,0.000000,0.030176,-0.031522,0.035713,1.507722,0.001953,0.007812,0.002197,0,0,0,0,3000,3000,3000,3000,0,234,-365,0-20,0,0,0
93.922432,1.117188,-2.738281,0.007812,0.000000,0.000000,0.030312,-0.031522,0.035713,1.507722,0.001953,-0.002441,0.004150,0,0,0,0,3000,3000,3000,3000,0,234,-356,0-20,0,0,0
93.924377,1.117188,-2.738281,0.007812,0.000000,0.000000,0.030342,-0.031522,0.035713,1.507722,-0.005615,0.003418,-0.000488,0,0,0,0,3000,3000,3000,3000,0,240,-362,0-20,0,0,0
93.926331,1.117188,-2.738281,0.007812,0.000000,0.000000,0.030327,-0.031522,0.035713,1.507722,0.000244,0.003906,0.000488,0,0,0,0,3000,3000,3000,3000,0,236,-363,0-20,0,0,0
93.928291,1.117188,-2.738281,0.007812,0.000000,0.000000,0.030550,-0.031522,0.035713,1.507722,-0.007080,-0.005615,-0.001221,0,0,0,0,3000,3000,3000,3000,0,242,-354,0-20,0,0,0
93.930244,1.117188,-2.738281,0.007812,0.000000,0.000000,0.030521,-0.031522,0.035713,1.507722,-0.000244,-0.000732,-0.001709,0,0,0,0,3000,3000,3000,3000,0,237,-358,0-20,0,0,0
93.932198,1.117188,-2.738281,0.007812,0.000000,0.000000,0.030680,-0.031522,0.035713,1.507722,0.004639,0.007080,-0.001221,0,0,0,0,3000,3000,3000,3000,0,234,-365,0-20,0,0,0
93.934151,1.117188,-2.738281,0.007812,0.000000,0.000000,0.031317,-0.031522,0.035713,1.507722,-0.006592,-0.000732,-0.004883,0,0,0,0,3000,3000,3000,3000,0,242,-358,0-20,0,0,0
93.936104,1.117188,-2.738281,0.000000,0.059999,0.160000,0.012339,-0.031522,0.035713,1.507722,0.005615,-0.001221,-0.004395,0,0,0,0,3000,3000,3000,3000,0,233,-358,0-20,0,0,0
93.938080,1.117188,-2.738281,0.000000,0.059999,0.160000,0.012383,-0.031522,0.035713,1.507722,-0.000732,0.005615,0.002686,0,0,0,0,3000,3000,3000,3000,0,238,-364,0-20,0,0,0
93.940010,1.117188,-2.738281,0.000000,0.059999,0.160000,0.012293,-0.031522,0.035713,1.507722,0.005127,-0.005127,-0.002686,0,0,0,0,3000,3000,3000,3000,0,233,-354,0-20,0,0,0
93.941963,1.117188,-2.738281,0.000000,0.059999,0.160000,0.012344,-0.031522,0.035713,1.507722,0.007324,0.003906,0.002686,0,0,0,0,3000,3000,3000,3000,0,231,-362,0-20,0,0,0
93.943916,1.117188,-2.738281,0.000000,0.059999,0.160000,0.012569,-0.031522,0.035713,1.507722,-0.011475,0.001221,0.000977,0,0,0,0,3000,3000,3000,3000,0,244,-360,0-20,0,0,0
93.945869,1.117188,-2.738281,0.000000,0.000000,-0.029999,0.012541,-0.031446,0.035716,1.507663,0.005615,0.000244,0.002686,0,0,0,0,3000,3000,3000,3000,0,233,-359,0-20,0,0,0
93.947823,1.117188,-2.738281,0.000000,0.000000,-0.029999,0.008705,-0.031522,0.035713,1.507722,-0.007080,0.000244,0.002686,0,0,0,0,3000,3000,3000,3000,0,242,-359,0-20,0,0,0
93.949776,1.117188,-2.738281,0.000000,0.000000,-0.029999,0.008682,-0.031522,0.035713,1.507722,-0.001709,0.000732,-0.000488,0,0,0,0,3000,3000,3000,3000,0,239,-359,0-20,0,0,0
93.951721,1.117188,-2.738281,0.000000,0.000000,-0.029999,0.009031,-0.031522,0.035713,1.507722,0.003418,0.002441,0.000488,0,0,0,0,3000,3000,3000,3000,0,235,-361,0-20,0,0,0
93.953674,1.117188,-2.738281,0.000000,0.000000,-0.029999,0.009010,-0.031522,0.035713,1.507722,-0.010742,0.000244,-0.001221,0,0,0,0,3000,3000,3000,3000,0,245,-359,0-20,0,0,0
93.955627,1.117188,-2.738281,0.000000,0.000000,-0.029999,0.009281,-0.031522,0.035713,1.507722,0.012451,0.001221,0.001465,0,0,0,0,3000,3000,3000,3000,0,229,-359,0-20,0,0,0
93.957588,1.117188,-2.738281,0.000000,0.000000,-0.029999,0.009365,-0.031522,0.035713,1.507722,-0.012451,-0.002441,0.002197,0,0,0,0,3000,3000,3000,3000,0,246,-356,0-20,0,0,0
93.959541,1.117188,-2.738281,0.000000,0.000000,-0.029999,0.009365,-0.031522,0.035713,1.507722,0.007812,-0.001221,0.000000,0,0,0,0,3000,3000,3000,3000,0,232,-357,0-20,0,0,0
93.961494,1.117188,-2.738281,0.000000,0.000000,-0.029999,0.009464,-0.031522,0.035713,1.507722,0.007324,-0.002441,0.000000,0,0,0,0,3000,3000,3000,3000,0,232,-355,0-20,0,0,0
93.963448,1.117188,-2.738281,0.000000,0.000000,-0.029999,0.009483,-0.031522,0.035713,1.507722,-0.004395,-0.001221,0.000000,0,0,0,0,3000,3000,3000,3000,0,240,-356,0-20,0,0,0
93.965401,1.117188,-2.738281,0.000000,0.000000,-0.029999,0.009451,-0.031522,0.035713,1.507722,0.012451,-0.001953,0.000488,0,0,0,0,3000,3000,3000,3000,0,228,-355,0-20,0,0,0
93.967346,1.117188,-2.738281,0.000000,0.000000,-0.029999,0.009464,-0.031522,0.035713,1.507722,-0.006592,-0.001221,-0.000732,0,0,0,0,3000,3000,3000,3000,0,241,-355,0-20,0,0,0
93.969307,1.117188,-2.738281,0.000000,0.000000,-0.029999,0.009670,-0.031522,0.035713,1.507722,0.005615,0.000732,0.000000,0,0,0,0,3000,3000,3000,3000,0,232,-357,0-20,0,0,0
93.971252,1.117188,-2.738281,0.000000,0.000000,-0.029999,0.009863,-0.031522,0.035713,1.507722,-0.002930,0.002441,0.000000,0,0,0,0,3000,3000,3000,3000,0,238,-359,0-20,0,0,0
93.973213,1.117188,-2.738281,0.000000,0.000000,-0.029999,0.009878,-0.031522,0.035713,1.507722,-0.006104,-0.000244,-0.002686,0,0,0,0,3000,3000,3000,3000,0,241,-357,0-20,0,0,0
93.975159,1.117188,-2.738281,0.000000,0.000000,-0.029999,0.009947,-0.031522,0.035713,1.507722,0.000244,0.001221,-0.001709,0,0,0,0,3000,3000,3000,3000,0,237,-358,0-20,0,0,0
93.977112,1.117188,-2.738281,0.000000,0.000000,-0.029999,0.009937,-0.031522,0.035713,1.507722,-0.007080,0.005127,-0.003174,0,0,0,0,3000,3000,3000,3000,0,242,-362,0-20,0,0,0
93.979073,1.117188,-2.738281,0.000000,0.000000,-0.029999,0.010098,-0.031522,0.035713,1.507722,0.004150,0.000244,-0.001709,0,0,0,0,3000,3000,3000,3000,0,235,-358,0-20,0,0,0
93.981026,1.117188,-2.738281,0.000000,0.000000,-0.029999,0.010221,-0.031522,0.035713,1.507722,-0.001221,0.002930,-0.002686,0,0,0,0,3000,3000,3000,3000,0,239,-361,0-20,0,0,0
93.982971,1.117188,-2.738281,0.000000,0.000000,-0.029999,0.010227,-0.031522,0.035713,1.507722,-0.002930,0.000244,0.000488,0,0,0,0,3000,3000,3000,3000,0,240,-359,0-20,0,0,0
93.984932,1.117188,-2.738281,0.000000,0.000000,-0.029999,0.010365,-0.031522,0.035713,1.507722,0.010010,-0.000244,0.000488,0,0,0,0,3000,3000,3000,3000,0,230,-358,0-20,0,0,0
93.986885,1.117188,-2.738281,0.000000,0.000000,-0.029999,0.010515,-0.031522,0.035713,1.507722,-0.005615,0.000244,0.000488,0,0,0,0,3000,3000,3000,3000,0,241,-358,0-20,0,0,0
93.988838,1.117188,-2.738281,0.000000,0.000000,-0.029999,0.010605,-0.031522,0.035713,1.507722,0.005615,-0.001953,0.004639,0,0,0,0,3000,3000,3000,3000,0,233,-356,0-20,0,0,0
93.990791,1.117188,-2.738281,0.000000,0.000000,-0.029999,0.010612,-0.031522,0.035713,1.507722,-0.000732,-0.002930,0.002197,0,0,0,0,3000,3000,3000,3000,0,237,-355,0-20,0,0,0
93.992744,1.117188,-2.738281,0.000000,0.000000,-0.029999,0.010612,-0.031522,0.035713,1.507722,0.006104,-0.003418,0.001465,0,0,0,0,3000,3000,3000,3000,0,232,-354,0-20,0,0,0
93.994698,1.117188,-2.738281,0.000000,0.000000,-0.029999,0.010805,-0.031522,0.035713,1.507722,-0.000732,-0.001221,0.000977,0,0,0,0,3000,3000,3000,3000,0,237,-356,0-20,0,0,0
93.996651,1.117188,-2.738281,0.000000,0.000000,-0.029999,0.010809,-0.031522,0.035713,1.507722,-0.004395,-0.004639,-0.000732,0,0,0,0,3000,3000,3000,3000,0,240,-352,0-20,0,0,0
93.998604,1.117188,-2.738281,0.000000,0.000000,-0.029999,0.010876,-0.031522,0.035713,1.507722,0.006592,-0.001221,-0.000488,0,0,0,0,3000,3000,3000,3000,0,232,-355,0-20,0,0,0
94.000557,1.117188,-2.738281,0.000000,0.000000,-0.029999,0.010939,-0.031522,0.035713,1.507722,-0.009277,-0.002441,-0.002197,0,0,0,0,3000,3000,3000,3000,0,243,-354,0-20,0,0,0
94.002510,1.117188,-2.738281,0.000000,0.000000,-0.029999,0.010948,-0.031522,0.035713,1.507722,0.001953,-0.002441,-0.000732,0,0,0,0,3000,3000,3000,3000,0,236,-354,0-20,0,0,0
94.004463,1.117188,-2.738281,0.000000,0.000000,-0.029999,0.010872,-0.031522,0.035713,1.507722,-0.001709,-0.000244,-0.001709,0,0,0,0,3000,3000,3000,3000,0,239,-356,0-20,0,0,0
94.006416,1.117188,-2.738281,0.000000,0.000000,-0.029999,0.010948,-0.031522,0.035713,1.507722,-0.003418,0.001953,-0.004883,0,0,0,0,3000,3000,3000,3000,0,240,-358,0-20,0,0,0
94.008369,1.117188,-2.738281,0.000000,0.000000,-0.029999,0.011066,-0.031522,0.035713,1.507722,0.002930,0.001953,-0.001709,0,0,0,0,3000,3000,3000,3000,0,236,-358,0-20,0,0,0
94.010330,1.117188,-2.738281,0.000000,0.000000,-0.029999,0.011049,-0.031522,0.035713,1.507722,-0.008789,0.003418,-0.001221,0,0,0,0,3000,3000,3000,3000,0,244,-360,0-20,0,0,0
94.012276,1.117188,-2.738281,0.000000,0.000000,-0.029999,0.009817,-0.031522,0.035713,1.507722,0.006592,0.002441,-0.000488,0,0,0,0,3000,3000,3000,3000,0,233,-360,0-20,0,0,0
94.014229,1.117188,-2.738281,0.000000,0.000000,-0.029999,0.010155,-0.031522,0.035713,1.507722,-0.003418,-0.001221,-0.001221,0,0,0,0,3000,3000,3000,3000,0,240,-357,0-20,0,0,0
94.016174,1.117188,-2.738281,0.000000,0.000000,-0.029999,0.010283,-0.031522,0.035713,1.507722,-0.000244,-0.000244,-0.000732,0,0,0,0,3000,3000,3000,3000,0,238,-358,0-20,0,0,0
94.018127,1.117188,-2.738281,0.000000,0.000000,-0.029999,0.010426,-0.031522,0.035713,1.507722,0.000977,0.001221,0.001465,0,0,0,0,3000,3000,3000,3000,0,237,-359,0-20,0,0,0
94.020088,1.117188,-2.738281,0.000000,0.000000,-0.029999,0.010691,-0.031522,0.035713,1.507722,-0.003906,-0.001953,-0.002197,0,0,0,0,3000,3000,3000,3000,0,240,-356,0-20,0,0,0
94.022041,1.117188,-2.738281,0.000000,0.000000,-0.029999,0.010742,-0.031522,0.035713,1.507722,0.006104,-0.005127,0.000977,0,0,0,0,3000,3000,3000,3000,0,233,-353,0-20,0,0,0
94.023994,1.117188,-2.738281,0.000000,0.000000,-0.029999,0.010889,-0.031522,0.035713,1.507722,-0.003906,-0.001221,-0.002197,0,0,0,0,3000,3000,3000,3000,0,240,-356,0-20,0,0,0
94.025948,1.117188,-2.738281,0.000000,0.000000,-0.029999,0.011200,-0.031522,0.035713,1.507722,-0.000244,0.000732,0.000977,0,0,0,0,3000,3000,3000,3000,0,238,-358,0-20,0,0,0
94.027901,1.117188,-2.738281,0.000000,0.000000,-0.029999,0.011227,-0.031522,0.035713,1.507722,0.004639,-0.003418,0.002686,0,0,0,0,3000,3000,3000,3000,0,234,-354,0-20,0,0,0
94.029854,1.117188,-2.738281,0.000000,0.000000,-0.029999,0.011236,-0.031522,0.035713,1.507722,-0.004395,-0.001221,0.000977,0,0,0,0,3000,3000,3000,3000,0,240,-356,0-20,0,0,0
94.031807,1.117188,-2.738281,0.000000,0.000000,-0.029999,0.011374,-0.031522,0.035713,1.507722,0.007324,-0.002441,0.005859,0,0,0,0,3000,3000,3000,3000,0,232,-355,0-20,0,0,0
94.033760,1.117188,-2.738281,0.000000,0.000000,-0.029999,0.011459,-0.031522,0.035713,1.507722,-0.004883,-0.000732,0.000000,0,0,0,0,3000,3000,3000,3000,0,240,-356,0-20,0,0,0
94.035713,1.117188,-2.738281,0.000000,0.000000,-0.029999,0.011515,-0.031522,0.035713,1.507722,0.005127,-0.002441,0.000488,0,0,0,0,3000,3000,3000,3000,0,233,-355,0-20,0,0,0
94.037666,1.117188,-2.738281,0.000000,0.000000,0.000000,0.011728,-0.031522,0.035713,1.507722,0.000977,0.002441,0.002197,0,0,0,0,3000,3000,3000,3000,0,236,-359,0-20,0,0,0
94.039619,1.117188,-2.738281,0.000000,0.000000,0.000000,0.008181,-0.031522,0.035713,1.507722,-0.002441,-0.001221,-0.000732,0,0,0,0,3000,3000,3000,3000,0,238,-356,0-20,0,0,0
94.041573,1.117188,-2.738281,0.000000,0.000000,0.000000,0.008190,-0.031522,0.035713,1.507722,0.007812,0.001953,0.003174,0,0,0,0,3000,3000,3000,3000,0,231,-359,0-20,0,0,0
94.043526,1.117188,-2.738281,0.000000,0.000000,0.000000,0.008329,-0.031522,0.035713,1.507722,-0.005615,-0.001221,-0.001221,0,0,0,0,3000,3000,3000,3000,0,240,-357,0-20,0,0,0
94.045471,1.117188,-2.738281,0.000000,0.000000,0.000000,0.008467,-0.031522,0.035713,1.507722,0.002930,0.001221,-0.004395,0,0,0,0,3000,3000,3000,3000,0,234,-359,0-20,0,0,0
94.047424,1.117188,-2.738281,0.000000,0.000000,0.000000,0.008533,-0.031522,0.035713,1.507722,-0.004395,-0.001221,-0.002197,0,0,0,0,3000,3000,3000,3000,0,240,-357,0-20,0,0,0
94.049385,1.117188,-2.738281,0.000000,0.000000,0.000000,0.008766,-0.031522,0.035713,1.507722,-0.003906,-0.000732,-0.003906,0,0,0,0,3000,3000,3000,3000,0,240,-357,0-20,0,0,0
94.051338,1.117188,-2.738281,0.000000,0.000000,0.000000,0.008783,-0.031522,0.035713,1.507722,0.001465,-0.000244,-0.002686,0,0,0,0,3000,3000,3000,3000,0,236,-358,0-20,0,0,0
94.053291,1.117188,-2.738281,0.000000,0.000000,0.000000,0.008904,-0.031522,0.035713,1.507722,-0.009277,-0.001953,-0.000732,0,0,0,0,3000,3000,3000,3000,0,244,-356,0-20,0,0,0
94.055244,1.117188,-2.738281,0.000000,0.000000,0.000000,0.009169,-0.031522,0.035713,1.507722,0.004639,0.000732,-0.000732,0,0,0,0,3000,3000,3000,3000,0,235,-359,0-20,0,0,0
94.057190,1.117188,-2.738281,0.000000,0.000000,0.000000,0.009205,-0.031522,0.035713,1.507722,-0.005615,-0.000732,-0.003906,0,0,0,0,3000,3000,3000,3000,0,242,-357,0-20,0,0,0
94.059151,1.117188,-2.738281,0.000000,0.000000,0.000000,0.009321,-0.031522,0.035713,1.507722,-0.002930,-0.002441,0.000488,0,0,0,0,3000,3000,3000,3000,0,240,-356,0-20,0,0,0
94.061104,1.117188,-2.738281,0.000000,0.000000,0.000000,0.009426,-0.031522,0.035713,1.507722,0.002930,-0.001221,0.003174,0,0,0,0,3000,3000,3000,3000,0,236,-357,0-20,0,0,0
94.063057,1.117188,-2.738281,0.000000,0.000000,0.000000,0.009386,-0.031522,0.035713,1.507722,-0.004395,-0.002930,-0.001221,0,0,0,0,3000,3000,3000,3000,0,241,-355,0-20,0,0,0
94.065010,1.117188,-2.738281,0.000000,0.000000,0.000000,0.009623,-0.031522,0.035713,1.507722,0.005127,0.001221,0.001465,0,0,0,0,3000,3000,3000,3000,0,234,-359,0-20,0,0,0
94.066963,1.117188,-2.738281,0.000000,0.000000,0.000000,0.009621,-0.031522,0.035713,1.507722,-0.007080,-0.000732,0.001465,0,0,0,0,3000,3000,3000,3000,0,243,-357,0-20,0,0,0
94.068916,1.117188,-2.738281,0.000000,0.000000,0.000000,0.009731,-0.031522,0.035713,1.507722,0.002930,-0.002441,0.000000,0,0,0,0,3000,3000,3000,3000,0,236,-355,0-20,0,0,0
94.070869,1.117188,-2.738281,0.000000,0.000000,0.000000,0.009804,-0.031522,0.035713,1.507722,0.001465,-0.002930,0.005859,0,0,0,0,3000,3000,3000,3000,0,237,-355,0-20,0,0,0
94.072823,1.117188,-2.738281,0.000000,0.000000,0.000000,0.009808,-0.031522,0.035713,1.507722,-0.002930,-0.000244,0.000000,0,0,0,0,3000,3000,3000,3000,0,239,-357,0-20,0,0,0
94.074776,1.117188,-2.738281,0.000000,0.000000,0.000000,0.009865,-0.031522,0.035713,1.507722,0.004639,-0.000732,-0.000488,0,0,0,0,3000,3000,3000,3000,0,234,-357,0-20,0,0,0
94.076729,1.117188,-2.738281,0.000000,0.000000,0.000000,0.009905,-0.031522,0.035713,1.507722,-0.005615,-0.000732,0.002197,0,0,0,0,3000,3000,3000,3000,0,241,-357,0-20,0,0,0
94.078682,1.117188,-2.738281,0.000000,0.000000,0.000000,0.010048,-0.031522,0.035713,1.507722,0.000977,0.000732,0.002686,0,0,0,0,3000,3000,3000,3000,0,237,-358,0-20,0,0,0
94.080635,1.117188,-2.738281,0.000000,0.000000,0.000000,0.010075,-0.031522,0.035713,1.507722,0.000244,-0.000244,0.003174,0,0,0,0,3000,3000,3000,3000,0,237,-357,0-20,0,0,0
94.082581,1.117188,-2.738281,0.000000,0.000000,0.000000,0.010214,-0.031522,0.035713,1.507722,-0.003906,-0.002930,-0.000488,0,0,0,0,3000,3000,3000,3000,0,240,-355,0-20,0,0,0
94.084541,1.117188,-2.738281,0.000000,0.000000,0.000000,0.010143,-0.031522,0.035713,1.507722,0.002441,0.001221,0.001465,0,0,0,0,3000,3000,3000,3000,0,236,-359,0-20,0,0,0
94.086494,1.117188,-2.738281,0.000000,0.000000,0.000000,0.010202,-0.031522,0.035713,1.507722,-0.005615,-0.001221,-0.000732,0,0,0,0,3000,3000,3000,3000,0,241,-357,0-20,0,0,0
94.088448,1.117188,-2.738281,0.000000,0.000000,0.000000,0.010279,-0.031522,0.035713,1.507722,0.005615,0.000244,-0.002197,0,0,0,0,3000,3000,3000,3000,0,233,-358,0-20,0,0,0
94.090401,1.117188,-2.738281,0.000000,0.000000,0.000000,0.011402,-0.031522,0.035713,1.507722,-0.003418,0.001221,0.000000,0,0,0,0,3000,3000,3000,3000,0,240,-359,0-20,0,0,0
94.092346,1.117188,-2.738281,0.000000,0.000000,0.000000,0.011448,-0.031522,0.035713,1.507722,0.002930,0.001221,-0.000488,0,0,0,0,3000,3000,3000,3000,0,235,-359,0-20,0,0,0
94.094299,1.117188,-2.738281,0.000000,0.000000,0.000000,0.011515,-0.031522,0.035713,1.507722,0.005127,0.000244,-0.001221,0,0,0,0,3000,3000,3000,3000,0,233,-359,0-20,0,0,0
94.096252,1.117188,-2.738281,0.000000,0.000000,0.000000,0.011448,-0.031522,0.035713,1.507722,-0.007080,0.001221,-0.001709,0,0,0,0,3000,3000,3000,3000,0,241,-360,0-20,0,0,0
94.098213,1.117188,-2.738281,0.000000,0.000000,0.000000,0.011518,-0.031522,0.035713,1.507722,0.004639,-0.000244,-0.001709,0,0,0,0,3000,3000,3000,3000,0,233,-359,0-20,0,0,0
94.103088,1.117188,-2.738281,0.000000,0.000000,0.000000,0.011730,-0.031522,0.035713,1.507722,-0.004883,0.000244,0.000488,0,0,0,0,3000,3000,3000,3000,0,240,-359,0-20,0,0,0
94.104073,1.117188,-2.738281,0.000000,0.000000,0.000000,0.011776,-0.031529,0.035629,1.507749,-0.006592,0.000732,-0.000732,0,0,0,0,3000,3000,3000,3000,0,240,-359,0-20,0,0,0
94.106026,1.117188,-2.738281,0.000000,0.000000,0.000000,0.011778,-0.031579,0.035652,1.507726,-0.006104,0.000244,-0.000732,0,0,0,0,3000,3000,3000,3000,0,242,-358,0-20,0,0,0
94.107971,1.117188,-2.738281,0.000000,0.000000,0.000000,0.011976,-0.031579,0.035652,1.507726,0.005127,-0.001953,0.000488,0,0,0,0,3000,3000,3000,3000,0,235,-356,0-20,0,0,0
94.109932,1.117188,-2.738281,0.000000,0.000000,0.000000,0.011948,-0.031579,0.035652,1.507726,-0.007080,-0.000244,0.002197,0,0,0,0,3000,3000,3000,3000,0,243,-357,0-20,0,0,0
94.111885,1.117188,-2.738281,0.000000,0.000000,0.000000,0.011854,-0.031579,0.035652,1.507726,0.006592,0.000732,0.003174,0,0,0,0,3000,3000,3000,3000,0,234,-358,0-20,0,0,0
94.113838,1.117188,-2.738281,0.000000,0.000000,0.000000,0.011929,-0.031579,0.035652,1.507726,-0.003418,-0.002441,0.002686,0,0,0,0,3000,3000,3000,3000,0,240,-355,0-20,0,0,0
94.115791,1.117188,-2.738281,0.000000,0.000000,0.000000,0.012037,-0.031579,0.035652,1.507726,-0.004883,-0.000244,0.000488,0,0,0,0,3000,3000,3000,3000,0,241,-357,0-20,0,0,0
94.117744,1.117188,-2.738281,0.000000,0.000000,0.000000,0.012072,-0.031579,0.035652,1.507726,0.005615,0.000488,0.001465,0,0,0,0,3000,3000,3000,3000,0,234,-358,0-20,0,0,0
94.119705,1.117188,-2.738281,0.000000,0.000000,0.000000,0.012159,-0.031579,0.035652,1.507726,-0.001709,0.001953,-0.001221,0,0,0,0,3000,3000,3000,3000,0,239,-359,0-20,0,0,0
94.121643,1.117188,-2.738281,0.000000,0.000000,0.000000,0.012194,-0.031579,0.035652,1.507726,0.006104,-0.000732,0.000488,0,0,0,0,3000,3000,3000,3000,0,233,-357,0-20,0,0,0
94.123596,1.117188,-2.738281,0.000000,0.000000,0.000000,0.012320,-0.031579,0.035652,1.507726,-0.002930,0.000732,0.000977,0,0,0,0,3000,3000,3000,3000,0,239,-358,0-20,0,0,0
94.125549,1.117188,-2.738281,0.000000,0.000000,0.000000,0.012213,-0.031579,0.035652,1.507726,0.000244,0.000732,-0.002686,0,0,0,0,3000,3000,3000,3000,0,237,-358,0-20,0,0,0
94.127502,1.117188,-2.738281,0.000000,0.000000,0.000000,0.012360,-0.031579,0.035652,1.507726,0.004150,0.000977,0.000488,0,0,0,0,3000,3000,3000,3000,0,234,-358,0-20,0,0,0
94.129456,1.117188,-2.738281,0.000000,0.000000,0.000000,0.012638,-0.031579,0.035652,1.507726,-0.006104,0.002441,0.000977,0,0,0,0,3000,3000,3000,3000,0,241,-360,0-20,0,0,0
94.131409,1.117188,-2.738281,0.000000,0.000000,0.000000,0.012651,-0.031579,0.035652,1.507726,0.005615,0.000977,-0.000488,0,0,0,0,3000,3000,3000,3000,0,233,-359,0-20,0,0,0
94.133369,1.117188,-2.738281,0.000000,0.000000,0.000000,0.012835,-0.031579,0.035652,1.507726,-0.006592,-0.000977,-0.000488,0,0,0,0,3000,3000,3000,3000,0,242,-357,0-20,0,0,0
94.135323,1.117188,-2.738281,0.000000,0.000000,0.000000,0.012854,-0.031579,0.035652,1.507726,0.003418,0.001221,0.001465,0,0,0,0,3000,3000,3000,3000,0,235,-359,0-20,0,0,0
94.137283,1.117188,-2.738281,0.000000,0.000000,0.000000,0.012915,-0.031579,0.035652,1.507726,0.001953,-0.000488,0.002197,0,0,0,0,3000,3000,3000,3000,0,236,-357,0-20,0,0,0
94.139221,1.117188,-2.738281,0.000000,0.000000,0.000000,0.013115,-0.031579,0.035652,1.507726,-0.002441,0.000488,-0.000488,0,0,0,0,3000,3000,3000,3000,0,239,-358,0-20,0,0,0
94.141174,1.117188,-2.738281,0.000000,0.000000,0.000000,0.013294,-0.031579,0.035652,1.507726,0.005615,-0.001465,0.003174,0,0,0,0,3000,3000,3000,3000,0,233,-356,0-20,0,0,0
94.143135,1.117188,-2.738281,0.000000,0.000000,0.000000,0.013315,-0.031579,0.035652,1.507726,-0.008301,-0.000488,0.000488,0,0,0,0,3000,3000,3000,3000,0,243,-357,0-20,0,0,0
94.145081,1.117188,-2.738281,0.000000,0.000000,0.000000,0.013506,-0.031579,0.035652,1.507726,0.002930,-0.002197,0.001465,0,0,0,0,3000,3000,3000,3000,0,235,-355,0-20,0,0,0
94.147041,1.117188,-2.738281,0.000000,0.000000,0.000000,0.013653,-0.031579,0.035652,1.507726,-0.001221,0.000000,0.000000,0,0,0,0,3000,3000,3000,3000,0,238,-357,0-20,0,0,0
94.148994,1.117188,-2.738281,0.000000,0.000000,0.000000,0.013695,-0.031579,0.035652,1.507726,-0.000244,0.000000,-0.001221,0,0,0,0,3000,3000,3000,3000,0,238,-357,0-20,0,0,0
94.150940,1.117188,-2.738281,0.000000,0.000000,0.000000,0.013693,-0.031579,0.035652,1.507726,0.002441,0.000488,0.004150,0,0,0,0,3000,3000,3000,3000,0,236,-357,0-20,0,0,0
94.152893,1.117188,-2.738281,0.000000,0.000000,0.000000,0.013662,-0.031579,0.035652,1.507726,-0.004395,0.000000,-0.000488,0,0,0,0,3000,3000,3000,3000,0,241,-357,0-20,0,0,0
94.154846,1.117188,-2.738281,0.000000,0.000000,0.000000,0.013704,-0.031579,0.035652,1.507726,0.005127,-0.000977,-0.001221,0,0,0,0,3000,3000,3000,3000,0,234,-356,0-20,0,0,0
94.156799,1.117188,-2.738281,0.000000,0.000000,0.000000,0.013744,-0.031579,0.035652,1.507726,-0.002441,-0.001465,0.004150,0,0,0,0,3000,3000,3000,3000,0,239,-355,0-20,0,0,0
94.158752,1.117188,-2.738281,0.000000,0.000000,0.000000,0.013651,-0.031579,0.035652,1.507726,-0.001709,0.000488,0.003174,0,0,0,0,3000,3000,3000,3000,0,239,-357,0-20,0,0,0
94.160706,1.117188,-2.738281,0.000000,0.000000,0.000000,0.013731,-0.031579,0.035652,1.507726,0.005127,-0.002686,0.001465,0,0,0,0,3000,3000,3000,3000,0,234,-354,0-20,0,0,0
94.162659,1.117188,-2.738281,0.000000,0.000000,0.000000,0.013786,-0.031579,0.035652,1.507726,-0.003418,-0.000488,-0.000488,0,0,0,0,3000,3000,3000,3000,0,240,-356,0-20,0,0,0
94.164612,1.117188,-2.738281,0.000000,0.000000,0.000000,0.013954,-0.031579,0.035652,1.507726,0.006104,0.000000,0.000488,0,0,0,0,3000,3000,3000,3000,0,233,-356,0-20,0,0,0
94.166565,1.117188,-2.738281,0.000000,0.000000,0.000000,0.014153,-0.031579,0.035652,1.507726,-0.003906,0.000488,-0.000488,0,0,0,0,3000,3000,3000,3000,0,240,-357,0-20,0,0,0
94.168518,1.117188,-2.738281,0.000000,0.000000,0.000000,0.014048,-0.031579,0.035652,1.507726,0.001953,-0.000977,-0.001221,0,0,0,0,3000,3000,3000,3000,0,236,-355,0-20,0,0,0
94.170471,1.117188,-2.738281,0.000000,0.000000,0.000000,0.012129,-0.031579,0.035652,1.507726,0.001465,0.002197,0.000977,0,0,0,0,3000,3000,3000,3000,0,236,-359,0-20,0,0,0
94.172432,1.117188,-2.738281,0.000000,-0.049999,-0.089998,0.012291,-0.031579,0.035652,1.507726,-0.002441,-0.000977,-0.000488,0,0,0,0,3000,3000,3000,3000,0,239,-356,0-20,0,0,0
94.174377,1.117188,-2.738281,0.000000,-0.049999,-0.089998,0.007812,-0.031583,0.035652,1.507844,0.005615,0.000977,-0.001709,0,0,0,0,3000,3000,3000,3000,0,233,-358,0-20,0,0,0
94.176331,1.117188,-2.738281,0.000000,-0.049999,-0.089998,0.007805,-0.031583,0.035652,1.507844,-0.002930,0.002197,-0.003174,0,0,0,0,3000,3000,3000,3000,0,239,-359,0-20,0,0,0
94.178291,1.117188,-2.738281,0.000000,-0.049999,-0.089998,0.007923,-0.031583,0.035652,1.507844,0.001465,0.000000,0.000000,0,0,0,0,3000,3000,3000,3000,0,236,-357,0-20,0,0,0
94.180237,1.117188,-2.738281,0.000000,-0.049999,-0.089998,0.008070,-0.031583,0.035652,1.507844,0.000244,-0.000488,-0.001709,0,0,0,0,3000,3000,3000,3000,0,237,-357,0-20,0,0,0
94.182190,1.117188,-2.738281,0.000000,-0.049999,-0.089998,0.008152,-0.031583,0.035652,1.507844,-0.001221,0.000977,-0.003906,0,0,0,0,3000,3000,3000,3000,0,238,-358,0-20,0,0,0
94.184143,1.117188,-2.738281,0.000000,-0.049999,-0.089998,0.008120,-0.031583,0.035652,1.507844,0.006104,0.000000,-0.000488,0,0,0,0,3000,3000,3000,3000,0,233,-357,0-20,0,0,0
94.186096,1.117188,-2.738281,0.000000,-0.049999,-0.089998,0.008198,-0.031583,0.035652,1.507844,-0.004883,0.002197,0.000977,0,0,0,0,3000,3000,3000,3000,0,241,-359,0-20,0,0,0
94.188065,1.117188,-2.738281,0.000000,-0.049999,-0.089998,0.008251,-0.031583,0.035652,1.507844,0.006104,-0.000977,-0.002197,0,0,0,0,3000,3000,3000,3000,0,233,-357,0-20,0,0,0
94.190002,1.117188,-2.738281,0.000000,-0.049999,-0.089998,0.008190,-0.031583,0.035652,1.507844,-0.001221,0.002197,0.001465,0,0,0,0,3000,3000,3000,3000,0,238,-360,0-20,0,0,0
94.191956,1.117188,-2.738281,0.000000,-0.049999,-0.089998,0.008204,-0.031583,0.035652,1.507844,0.000977,-0.002686,0.000000,0,0,0,0,3000,3000,3000,3000,0,236,-355,0-20,0,0,0
94.193909,1.117188,-2.738281,0.000000,-0.049999,-0.089998,0.008430,-0.031583,0.035652,1.507844,0.005127,-0.001465,0.002686,0,0,0,0,3000,3000,3000,3000,0,233,-356,0-20,0,0,0
94.195862,1.117188,-2.738281,0.000000,-0.049999,-0.089998,0.008486,-0.031583,0.035652,1.507844,-0.007568,0.000000,-0.000488,0,0,0,0,3000,3000,3000,3000,0,242,-357,0-20,0,0,0
94.197815,1.117188,-2.738281,0.000000,-0.049999,-0.089998,0.008657,-0.031528,0.035629,1.507746,0.010010,-0.002197,-0.003174,0,0,0,0,3000,3000,3000,3000,0,230,-355,0-20,0,0,0
94.199768,1.117188,-2.738281,0.000000,-0.049999,-0.089998,0.008734,-0.031583,0.035652,1.507844,-0.003418,-0.002197,-0.000732,0,0,0,0,3000,3000,3000,3000,0,240,-354,0-20,0,0,0
94.201721,1.117188,-2.738281,0.000000,-0.049999,-0.089998,0.008574,-0.031583,0.035652,1.507844,0.002930,0.000977,0.002197,0,0,0,0,3000,3000,3000,3000,0,235,-357,0-20,0,0,0
94.203674,1.117188,-2.738281,0.000000,-0.049999,-0.089998,0.008739,-0.031583,0.035652,1.507844,0.001465,0.000488,0.003662,0,0,0,0,3000,3000,3000,3000,0,236,-357,0-20,0,0,0
94.205627,1.117188,-2.738281,0.000000,-0.049999,-0.089998,0.008699,-0.031583,0.035652,1.507844,-0.004883,0.003174,-0.001221,0,0,0,0,3000,3000,3000,3000,0,241,-360,0-20,0,0,0
94.207581,1.117188,-2.738281,0.000000,-0.049999,-0.089998,0.008831,-0.031583,0.035652,1.507844,0.004639,0.000000,0.000977,0,0,0,0,3000,3000,3000,3000,0,234,-357,0-20,0,0,0
94.209534,1.117188,-2.738281,0.000000,-0.049999,-0.089998,0.009058,-0.031583,0.035652,1.507844,-0.004395,0.000000,0.002197,0,0,0,0,3000,3000,3000,3000,0,241,-357,0-20,0,0,0
94.211487,1.117188,-2.738281,0.000000,-0.049999,-0.089998,0.009180,-0.031583,0.035652,1.507844,0.002441,0.001709,-0.001221,0,0,0,0,3000,3000,3000,3000,0,236,-359,0-20,0,0,0
94.213440,1.117188,-2.738281,0.000000,-0.049999,-0.089998,0.009188,-0.031583,0.035652,1.507844,0.002441,0.000000,0.002686,0,0,0,0,3000,3000,3000,3000,0,236,-357,0-20,0,0,0
94.215393,1.117188,-2.738281,0.000000,-0.049999,-0.089998,0.009134,-0.031583,0.035652,1.507844,-0.003418,0.000977,-0.000488,0,0,0,0,3000,3000,3000,3000,0,240,-358,0-20,0,0,0
94.217346,1.117188,-2.750000,0.000000,-0.049999,-0.179998,0.007002,-0.031583,0.035652,1.507844,0.002441,0.000488,0.000488,0,0,0,0,3000,3000,3000,3000,0,236,-358,0-20,0,0,0
94.219299,1.117188,-2.750000,0.000000,-0.049999,-0.179998,0.007122,-0.031583,0.035652,1.507844,-0.005615,0.000977,-0.002197,0,0,0,0,3000,3000,3000,3000,0,242,-358,0-20,0,0,0
94.221252,1.117188,-2.750000,0.000000,-0.049999,-0.179998,0.006977,-0.031583,0.035652,1.507844,0.004150,0.000000,-0.000488,0,0,0,0,3000,3000,3000,3000,0,235,-357,0-20,0,0,0
94.223206,1.117188,-2.750000,0.000000,-0.049999,-0.179998,0.007113,-0.031583,0.035652,1.507844,-0.002930,-0.002197,-0.000732,0,0,0,0,3000,3000,3000,3000,0,240,-355,0-20,0,0,0
94.225159,1.117188,-2.750000,0.000000,-0.049999,-0.179998,0.007111,-0.031583,0.035652,1.507844,-0.001221,0.000488,-0.001221,0,0,0,0,3000,3000,3000,3000,0,239,-358,0-20,0,0,0
94.227112,1.117188,-2.750000,0.000000,-0.049999,-0.179998,0.007153,-0.031583,0.035652,1.507844,0.003418,-0.003174,0.003174,0,0,0,0,3000,3000,3000,3000,0,236,-354,0-20,0,0,0
94.229065,1.117188,-2.750000,0.000000,-0.049999,-0.179998,0.007111,-0.031583,0.035652,1.507844,-0.004883,0.000977,-0.001709,0,0,0,0,3000,3000,3000,3000,0,242,-358,0-20,0,0,0
94.231018,1.117188,-2.750000,0.000000,-0.049999,-0.179998,0.007147,-0.031583,0.035652,1.507844,0.005615,-0.001465,0.000488,0,0,0,0,3000,3000,3000,3000,0,234,-355,0-20,0,0,0
94.232971,1.117188,-2.750000,0.000000,-0.049999,-0.179998,0.006952,-0.031583,0.035652,1.507844,0.000244,0.000488,0.002197,0,0,0,0,3000,3000,3000,3000,0,238,-357,0-20,0,0,0
94.234924,1.117188,-2.750000,0.000000,-0.049999,-0.179998,0.006935,-0.031583,0.035652,1.507844,0.000244,0.000977,0.000488,0,0,0,0,3000,3000,3000,3000,0,238,-358,0-20,0,0,0
94.236877,1.117188,-2.750000,0.000000,-0.049999,-0.179998,0.007019,-0.031583,0.035652,1.507844,0.001953,-0.000488,0.000977,0,0,0,0,3000,3000,3000,3000,0,236,-356,0-20,0,0,0
94.238838,1.117188,-2.750000,0.000000,-0.049999,-0.179998,0.007183,-0.031583,0.035652,1.507844,-0.007080,0.002686,0.003174,0,0,0,0,3000,3000,3000,3000,0,243,-359,0-20,0,0,0
94.240784,1.117188,-2.750000,0.000000,-0.049999,-0.179998,0.007231,-0.031583,0.035652,1.507844,0.006104,0.000977,-0.000488,0,0,0,0,3000,3000,3000,3000,0,234,-358,0-20,0,0,0
94.242737,1.117188,-2.750000,0.000000,-0.049999,-0.179998,0.007196,-0.031583,0.035652,1.507844,-0.003418,0.000977,-0.002197,0,0,0,0,3000,3000,3000,3000,0,240,-358,0-20,0,0,0
94.244690,1.117188,-2.750000,0.000000,-0.049999,-0.179998,0.007170,-0.031583,0.035652,1.507844,-0.000244,0.001709,0.000977,0,0,0,0,3000,3000,3000,3000,0,238,-359,0-20,0,0,0
94.246643,1.117188,-2.750000,0.000000,-0.049999,-0.179998,0.007492,-0.031583,0.035652,1.507844,0.000244,-0.000488,0.000977,0,0,0,0,3000,3000,3000,3000,0,238,-357,0-20,0,0,0
94.248596,1.117188,-2.750000,0.000000,-0.049999,-0.179998,0.011057,-0.031583,0.035652,1.507844,-0.004883,-0.000977,-0.002197,0,0,0,0,3000,3000,3000,3000,0,242,-356,0-20,0,0,0
94.250549,1.117188,-2.750000,0.000000,-0.049999,-0.179998,0.011160,-0.031583,0.035652,1.507844,0.006104,-0.002197,0.000977,0,0,0,0,3000,3000,3000,3000,0,234,-355,0-20,0,0,0
94.252502,1.117188,-2.750000,0.000000,-0.049999,-0.179998,0.011366,-0.031583,0.035652,1.507844,-0.005615,-0.000977,-0.004395,0,0,0,0,3000,3000,3000,3000,0,242,-356,0-20,0,0,0
94.254456,1.117188,-2.750000,0.000000,-0.049999,-0.179998,0.011377,-0.031583,0.035652,1.507844,0.003418,-0.001465,-0.000732,0,0,0,0,3000,3000,3000,3000,0,236,-355,0-20,0,0,0
94.256409,1.117188,-2.750000,0.000000,-0.049999,-0.179998,0.011438,-0.031583,0.035652,1.507844,0.001465,0.001709,0.000488,0,0,0,0,3000,3000,3000,3000,0,237,-358,0-20,0,0,0
94.258369,1.117188,-2.750000,0.000000,-0.049999,-0.179998,0.011370,-0.031583,0.035652,1.507844,-0.000732,0.003174,0.001465,0,0,0,0,3000,3000,3000,3000,0,238,-360,0-20,0,0,0
94.260315,1.117188,-2.750000,0.000000,-0.049999,-0.179998,0.011536,-0.031583,0.035652,1.507844,0.004150,0.000000,0.003662,0,0,0,0,3000,3000,3000,3000,0,235,-357,0-20,0,0,0
94.262268,1.117188,-2.750000,0.000000,-0.049999,-0.179998,0.011559,-0.031583,0.035652,1.507844,-0.008301,0.000488,-0.003906,0,0,0,0,3000,3000,3000,3000,0,244,-358,0-20,0,0,0
94.264221,1.117188,-2.750000,0.000000,-0.049999,-0.179998,0.011454,-0.031583,0.035652,1.507844,0.003418,-0.001465,-0.001709,0,0,0,0,3000,3000,3000,3000,0,236,-356,0-20,0,0,0
94.266174,1.117188,-2.750000,0.000000,-0.049999,-0.179998,0.011534,-0.031583,0.035652,1.507844,-0.007080,0.000000,-0.000488,0,0,0,0,3000,3000,3000,3000,0,243,-357,0-20,0,0,0
94.268135,1.117188,-2.750000,0.000000,-0.049999,-0.179998,0.011677,-0.031583,0.035652,1.507844,0.002930,-0.002197,0.000977,0,0,0,0,3000,3000,3000,3000,0,236,-355,0-20,0,0,0
94.270081,1.117188,-2.750000,0.000000,-0.049999,-0.179998,0.011656,-0.031583,0.035652,1.507844,0.005127,-0.000977,0.001465,0,0,0,0,3000,3000,3000,3000,0,235,-356,0-20,0,0,0
94.272034,1.117188,-2.750000,0.000000,-0.049999,-0.179998,0.011543,-0.031583,0.035652,1.507844,-0.006104,0.002441,-0.001221,0,0,0,0,3000,3000,3000,3000,0,242,-359,0-20,0,0,0
94.273987,1.117188,-2.750000,0.000000,-0.049999,-0.179998,0.011744,-0.031583,0.035652,1.507844,0.007812,0.002441,-0.000488,0,0,0,0,3000,3000,3000,3000,0,232,-359,0-20,0,0,0
94.275940,1.117188,-2.750000,0.000000,-0.049999,-0.179998,0.011902,-0.031583,0.035652,1.507844,-0.002441,0.000244,0.000977,0,0,0,0,3000,3000,3000,3000,0,239,-357,0-20,0,0,0
94.277893,1.117188,-2.750000,0.000000,-0.049999,-0.179998,0.012049,-0.031583,0.035652,1.507844,0.002441,-0.000244,0.001465,0,0,0,0,3000,3000,3000,3000,0,236,-357,0-20,0,0,0
94.279846,1.117188,-2.750000,0.000000,-0.049999,-0.179998,0.012106,-0.031583,0.035652,1.507844,0.000244,0.000244,0.000488,0,0,0,0,3000,3000,3000,3000,0,237,-357,0-20,0,0,0
94.281799,1.117188,-2.750000,0.000000,-0.049999,-0.179998,0.012222,-0.031583,0.035652,1.507844,-0.003418,-0.000732,0.002197,0,0,0,0,3000,3000,3000,3000,0,240,-356,0-20,0,0,0
94.283752,1.117188,-2.750000,0.000000,-0.049999,-0.179998,0.012337,-0.031583,0.035652,1.507844,0.006592,-0.002197,0.000977,0,0,0,0,3000,3000,3000,3000,0,233,-355,0-20,0,0,0
94.285706,1.117188,-2.750000,0.000000,-0.049999,-0.179998,0.012341,-0.031583,0.035652,1.507844,-0.006592,-0.002197,-0.004395,0,0,0,0,3000,3000,3000,3000,0,242,-355,0-20,0,0,0
94.287659,1.117188,-2.750000,0.000000,-0.049999,-0.179998,0.012468,-0.031583,0.035652,1.507844,0.006104,0.000000,0.000000,0,0,0,0,3000,3000,3000,3000,0,233,-356,0-20,0,0,0
94.289612,1.117188,-2.750000,0.000000,-0.049999,-0.179998,0.012629,-0.031583,0.035652,1.507844,-0.003906,0.001709,-0.000488,0,0,0,0,3000,3000,3000,3000,0,240,-358,0-20,0,0,0
94.291565,1.117188,-2.750000,0.000000,-0.049999,-0.179998,0.012615,-0.031583,0.035652,1.507844,-0.006104,0.000488,-0.002686,0,0,0,0,3000,3000,3000,3000,0,242,-357,0-20,0,0,0
94.293518,1.117188,-2.750000,0.000000,-0.049999,-0.179998,0.012783,-0.031583,0.035652,1.507844,0.004150,-0.001465,-0.000732,0,0,0,0,3000,3000,3000,3000,0,235,-355,0-20,0,0,0
94.295471,1.117188,-2.750000,0.000000,-0.049999,-0.179998,0.012810,-0.031583,0.035652,1.507844,-0.006104,0.000000,-0.003174,0,0,0,0,3000,3000,3000,3000,0,242,-357,0-20,0,0,0
94.297424,1.117188,-2.750000,0.000000,-0.049999,-0.179998,0.012909,-0.031583,0.035652,1.507844,0.004150,-0.002197,0.000488,0,0,0,0,3000,3000,3000,3000,0,235,-354,0-20,0,0,0
94.299385,1.117188,-2.750000,0.000000,-0.049999,-0.179998,0.013119,-0.031583,0.035652,1.507844,-0.002930,0.002197,0.002197,0,0,0,0,3000,3000,3000,3000,0,240,-359,0-20,0,0,0
94.301331,1.117188,-2.750000,0.000000,-0.049999,-0.179998,0.013121,-0.031583,0.035652,1.507844,-0.001221,0.000488,0.000977,0,0,0,0,3000,3000,3000,3000,0,239,-357,0-20,0,0,0
94.303284,1.117188,-2.750000,0.000000,-0.049999,-0.179998,0.013153,-0.031583,0.035652,1.507844,0.005615,-0.000977,0.001465,0,0,0,0,3000,3000,3000,3000,0,234,-356,0-20,0,0,0
94.305237,1.117188,-2.750000,0.000000,-0.049999,-0.179998,0.013380,-0.031583,0.035652,1.507844,-0.003906,-0.000977,-0.002197,0,0,0,0,3000,3000,3000,3000,0,241,-356,0-20,0,0,0
94.307190,1.117188,-2.750000,0.000000,-0.049999,-0.179998,0.013443,-0.031583,0.035652,1.507844,0.002930,0.000488,0.003662,0,0,0,0,3000,3000,3000,3000,0,236,-357,0-20,0,0,0
94.309143,1.117188,-2.750000,0.000000,-0.049999,-0.179998,0.013632,-0.031583,0.035652,1.507844,-0.001221,0.001709,0.002197,0,0,0,0,3000,3000,3000,3000,0,239,-358,0-20,0,0,0
94.311096,1.117188,-2.750000,0.000000,-0.049999,-0.179998,0.013868,-0.031583,0.035652,1.507844,0.000244,-0.000488,0.001465,0,0,0,0,3000,3000,3000,3000,0,237,-357,0-20,0,0,0
94.313049,1.117188,-2.750000,0.000000,-0.049999,-0.179998,0.014069,-0.031583,0.035652,1.507844,0.002930,-0.000977,0.000488,0,0,0,0,3000,3000,3000,3000,0,236,-356,0-20,0,0,0
94.315002,1.117188,-2.750000,0.000000,-0.049999,-0.179998,0.014114,-0.031583,0.035652,1.507844,-0.001709,-0.000488,-0.000732,0,0,0,0,3000,3000,3000,3000,0,239,-356,0-20,0,0,0
94.316963,1.117188,-2.738281,0.000000,-0.009998,0.000000,0.014229,-0.031583,0.035652,1.507844,0.007324,0.000000,-0.000488,0,0,0,0,3000,3000,3000,3000,0,232,-357,0-20,0,0,0
94.318916,1.117188,-2.738281,0.000000,-0.009998,0.000000,0.009378,-0.031583,0.035652,1.507844,-0.006592,-0.000732,0.000488,0,0,0,0,3000,3000,3000,3000,0,242,-356,0-20,0,0,0
94.320862,1.117188,-2.738281,0.000000,-0.009998,0.000000,0.009474,-0.031583,0.035652,1.507844,0.005615,-0.000488,0.000000,0,0,0,0,3000,3000,3000,3000,0,233,-356,0-20,0,0,0
94.322815,1.117188,-2.738281,0.000000,-0.009998,0.000000,0.009575,-0.031583,0.035652,1.507844,-0.003906,-0.000977,0.002686,0,0,0,0,3000,3000,3000,3000,0,240,-356,0-20,0,0,0
94.324768,1.117188,-2.738281,0.000000,-0.009998,0.000000,0.009588,-0.031583,0.035652,1.507844,-0.001709,-0.001221,0.000977,0,0,0,0,3000,3000,3000,3000,0,239,-355,0-20,0,0,0
94.326721,1.117188,-2.738281,0.000000,-0.009998,0.000000,0.010418,-0.031583,0.035652,1.507844,0.001953,0.003906,0.003662,0,0,0,0,3000,3000,3000,3000,0,236,-360,0-20,0,0,0
94.328682,1.117188,-2.738281,0.000000,-0.009998,0.000000,0.010319,-0.031583,0.035652,1.507844,-0.004395,-0.000732,-0.000732,0,0,0,0,3000,3000,3000,3000,0,241,-356,0-20,0,0,0
94.330627,1.117188,-2.738281,0.000000,-0.009998,0.000000,0.010338,-0.031583,0.035652,1.507844,0.004150,-0.001465,-0.001221,0,0,0,0,3000,3000,3000,3000,0,235,-356,0-20,0,0,0
94.332588,1.117188,-2.738281,0.000000,-0.009998,0.000000,0.010496,-0.031583,0.035652,1.507844,-0.001709,0.001709,0.002197,0,0,0,0,3000,3000,3000,3000,0,239,-359,0-20,0,0,0
94.334534,1.117188,-2.738281,0.000000,-0.009998,0.000000,0.010649,-0.031583,0.035652,1.507844,-0.003906,-0.001221,-0.002197,0,0,0,0,3000,3000,3000,3000,0,241,-356,0-20,0,0,0
94.336487,1.117188,-2.738281,0.000000,-0.009998,0.000000,0.010981,-0.031583,0.035652,1.507844,0.004150,-0.001465,0.003174,0,0,0,0,3000,3000,3000,3000,0,235,-356,0-20,0,0,0
94.338448,1.117188,-2.738281,0.000000,-0.009998,0.000000,0.011011,-0.031583,0.035652,1.507844,-0.004395,-0.000244,-0.003906,0,0,0,0,3000,3000,3000,3000,0,241,-357,0-20,0,0,0
94.340393,1.117188,-2.738281,0.000000,-0.009998,0.000000,0.011244,-0.031583,0.035652,1.507844,0.003418,0.003174,0.000000,0,0,0,0,3000,3000,3000,3000,0,235,-360,0-20,0,0,0
94.342354,1.117188,-2.738281,0.000000,-0.009998,0.000000,0.011341,-0.031583,0.035652,1.507844,-0.004395,0.000977,-0.001221,0,0,0,0,3000,3000,3000,3000,0,241,-358,0-20,0,0,0
94.344307,1.117188,-2.738281,0.000000,-0.009998,0.000000,0.011423,-0.031528,0.035629,1.507746,0.002930,-0.006104,0.000977,0,0,0,0,3000,3000,3000,3000,0,236,-351,0-20,0,0,0
94.346268,1.117188,-2.738281,0.000000,-0.009998,0.000000,0.011421,-0.031583,0.035652,1.507844,-0.000732,0.000000,0.002686,0,0,0,0,3000,3000,3000,3000,0,238,-357,0-20,0,0,0
94.348213,1.117188,-2.738281,0.000000,-0.009998,0.000000,0.011536,-0.031583,0.035652,1.507844,-0.003418,0.001709,-0.001709,0,0,0,0,3000,3000,3000,3000,0,240,-358,0-20,0,0,0
94.350159,1.117188,-2.738281,0.000000,-0.009998,0.000000,0.011370,-0.031583,0.035652,1.507844,0.009277,-0.000488,0.005371,0,0,0,0,3000,3000,3000,3000,0,231,-356,0-20,0,0,0
94.352112,1.117188,-2.738281,0.000000,-0.009998,0.000000,0.011337,-0.031583,0.035652,1.507844,-0.005615,-0.002686,0.000000,0,0,0,0,3000,3000,3000,3000,0,241,-354,0-20,0,0,0
94.354080,1.117188,-2.738281,0.000000,-0.009998,0.000000,0.011301,-0.031583,0.035652,1.507844,-0.000244,0.000000,-0.001221,0,0,0,0,3000,3000,3000,3000,0,238,-357,0-20,0,0,0
94.356018,1.117188,-2.738281,0.000000,-0.009998,0.000000,0.011484,-0.031583,0.035652,1.507844,0.002441,0.000488,0.000977,0,0,0,0,3000,3000,3000,3000,0,236,-357,0-20,0,0,0
94.357979,1.117188,-2.738281,0.000000,-0.009998,0.000000,0.011530,-0.031583,0.035652,1.507844,-0.004883,0.000977,-0.000732,0,0,0,0,3000,3000,3000,3000,0,241,-358,0-20,0,0,0
94.359932,1.117188,-2.738281,0.000000,-0.009998,0.000000,0.011730,-0.031583,0.035652,1.507844,0.004150,-0.002197,0.002197,0,0,0,0,3000,3000,3000,3000,0,235,-355,0-20,0,0,0
94.361877,1.117188,-2.738281,0.000000,-0.009998,0.000000,0.011717,-0.031583,0.035652,1.507844,-0.006104,0.000488,-0.001709,0,0,0,0,3000,3000,3000,3000,0,242,-357,0-20,0,0,0
94.363831,1.117188,-2.738281,0.000000,-0.009998,0.000000,0.011795,-0.031583,0.035652,1.507844,0.005615,-0.003662,0.000488,0,0,0,0,3000,3000,3000,3000,0,234,-353,0-20,0,0,0
94.365784,1.117188,-2.738281,0.000000,-0.009998,0.000000,0.011894,-0.031583,0.035652,1.507844,-0.003418,-0.001465,0.002197,0,0,0,0,3000,3000,3000,3000,0,240,-355,0-20,0,0,0
94.367737,1.117188,-2.738281,0.000000,-0.009998,0.000000,0.012146,-0.031583,0.035652,1.507844,-0.000244,0.000488,-0.004395,0,0,0,0,3000,3000,3000,3000,0,238,-357,0-20,0,0,0
94.369690,1.117188,-2.738281,0.000000,-0.009998,0.000000,0.012238,-0.031583,0.035652,1.507844,0.006592,-0.000488,-0.000732,0,0,0,0,3000,3000,3000,3000,0,233,-356,0-20,0,0,0
94.371643,1.117188,-2.738281,0.000000,-0.009998,0.000000,0.012320,-0.031583,0.035652,1.507844,-0.004883,0.000977,-0.002686,0,0,0,0,3000,3000,3000,3000,0,241,-357,0-20,0,0,0
94.373604,1.117188,-2.738281,0.000000,-0.009998,0.000000,0.012499,-0.031583,0.035652,1.507844,0.004639,0.002686,-0.001709,0,0,0,0,3000,3000,3000,3000,0,234,-359,0-20,0,0,0
94.375557,1.117188,-2.738281,0.000000,-0.009998,0.000000,0.012333,-0.031583,0.035652,1.507844,-0.003906,0.000977,0.000977,0,0,0,0,3000,3000,3000,3000,0,240,-358,0-20,0,0,0
94.377510,1.117188,-2.738281,0.000000,-0.009998,0.000000,0.012459,-0.031583,0.035652,1.507844,0.000977,-0.001465,-0.002197,0,0,0,0,3000,3000,3000,3000,0,237,-356,0-20,0,0,0
94.379456,1.117188,-2.738281,0.000000,-0.009998,0.000000,0.012476,-0.031583,0.035652,1.507844,0.003418,-0.000977,0.001465,0,0,0,0,3000,3000,3000,3000,0,235,-356,0-20,0,0,0
94.381409,1.117188,-2.738281,0.000000,-0.009998,0.000000,0.012478,-0.031583,0.035652,1.507844,-0.005615,-0.000977,0.000000,0,0,0,0,3000,3000,3000,3000,0,241,-356,0-20,0,0,0
94.383362,1.117188,-2.738281,0.000000,-0.009998,0.000000,0.012560,-0.031583,0.035652,1.507844,0.006104,-0.000488,-0.001221,0,0,0,0,3000,3000,3000,3000,0,233,-357,0-20,0,0,0
94.385315,1.117188,-2.738281,0.000000,-0.009998,0.000000,0.012558,-0.031583,0.035652,1.507844,-0.008789,-0.000488,0.000000,0,0,0,0,3000,3000,3000,3000,0,244,-356,0-20,0,0,0
94.387268,1.117188,-2.738281,0.000000,-0.009998,0.000000,0.012413,-0.031583,0.035652,1.507844,0.000244,-0.002197,-0.000488,0,0,0,0,3000,3000,3000,3000,0,238,-355,0-20,0,0,0
94.389229,1.117188,-2.738281,0.000000,-0.009998,0.000000,0.012634,-0.031583,0.035652,1.507844,0.001953,0.000488,0.002197,0,0,0,0,3000,3000,3000,3000,0,237,-357,0-20,0,0,0
94.391174,1.117188,-2.738281,0.000000,-0.009998,0.000000,0.012705,-0.031583,0.035652,1.507844,-0.005615,-0.000977,-0.001709,0,0,0,0,3000,3000,3000,3000,0,242,-356,0-20,0,0,0
94.393127,1.117188,-2.738281,0.000000,-0.009998,0.000000,0.012793,-0.031583,0.035652,1.507844,0.005615,-0.002686,0.000000,0,0,0,0,3000,3000,3000,3000,0,234,-354,0-20,0,0,0
94.395088,1.117188,-2.738281,0.000000,-0.009998,0.000000,0.012915,-0.031583,0.035652,1.507844,-0.006104,0.002197,-0.001221,0,0,0,0,3000,3000,3000,3000,0,242,-359,0-20,0,0,0
94.397034,1.117188,-2.738281,0.000000,-0.009998,0.000000,0.012928,-0.031583,0.035652,1.507844,0.002441,-0.003174,0.001465,0,0,0,0,3000,3000,3000,3000,0,236,-354,0-20,0,0,0
94.398994,1.117188,-2.738281,0.000000,-0.009998,0.000000,0.012981,-0.031583,0.035652,1.507844,-0.002441,0.002197,0.002197,0,0,0,0,3000,3000,3000,3000,0,240,-359,0-20,0,0,0
94.400940,1.117188,-2.738281,0.000000,-0.009998,0.000000,0.013062,-0.031583,0.035652,1.507844,0.000977,-0.001465,-0.002197,0,0,0,0,3000,3000,3000,3000,0,237,-355,0-20,0,0,0
94.402893,1.117188,-2.738281,0.000000,-0.009998,0.000000,0.013170,-0.031583,0.035652,1.507844,0.003418,-0.001465,-0.002197,0,0,0,0,3000,3000,3000,3000,0,236,-355,0-20,0,0,0
94.404846,1.117188,-2.738281,0.000000,-0.009998,0.000000,0.014481,-0.031583,0.035652,1.507844,-0.004883,-0.000488,-0.000488,0,0,0,0,3000,3000,3000,3000,0,241,-356,0-20,0,0,0
94.406799,1.117188,-2.738281,0.000000,-0.009998,0.000000,0.014530,-0.031583,0.035652,1.507844,0.006104,0.001709,0.002686,0,0,0,0,3000,3000,3000,3000,0,233,-358,0-20,0,0,0
94.408752,1.117188,-2.738281,0.000000,-0.009998,0.000000,0.014626,-0.031583,0.035652,1.507844,-0.001709,0.001709,-0.002197,0,0,0,0,3000,3000,3000,3000,0,239,-359,0-20,0,0,0
94.410706,1.117188,-2.738281,0.000000,-0.009998,0.000000,0.014774,-0.031583,0.035652,1.507844,-0.001709,0.000000,0.000488,0,0,0,0,3000,3000,3000,3000,0,239,-357,0-20,0,0,0
94.412659,1.117188,-2.738281,0.000000,-0.009998,0.000000,0.014874,-0.031583,0.035652,1.507844,0.001953,-0.000977,0.000000,0,0,0,0,3000,3000,3000,3000,0,236,-356,0-20,0,0,0
94.414612,1.117188,-2.738281,0.000000,-0.009998,0.000000,0.015081,-0.031583,0.035652,1.507844,-0.004883,0.000000,-0.000732,0,0,0,0,3000,3000,3000,3000,0,241,-357,0-20,0,0,0
94.416565,1.117188,-2.738281,0.000000,-0.009998,0.000000,0.015253,-0.031583,0.035652,1.507844,0.005615,-0.002686,-0.000488,0,0,0,0,3000,3000,3000,3000,0,234,-355,0-20,0,0,0
94.418526,1.117188,-2.738281,0.000000,-0.009998,0.000000,0.015192,-0.031583,0.035652,1.507844,-0.004883,0.000488,-0.003906,0,0,0,0,3000,3000,3000,3000,0,241,-357,0-20,0,0,0
94.420471,1.117188,-2.738281,0.000000,-0.009998,0.000000,0.015099,-0.031583,0.035652,1.507844,-0.000244,0.000000,-0.000488,0,0,0,0,3000,3000,3000,3000,0,238,-357,0-20,0,0,0
94.422432,1.117188,-2.738281,0.000000,-0.009998,0.000000,0.015162,-0.031583,0.035652,1.507844,0.003418,0.001709,-0.001221,0,0,0,0,3000,3000,3000,3000,0,235,-359,0-20,0,0,0
94.424377,1.117188,-2.738281,0.000000,-0.009998,0.000000,0.015184,-0.031583,0.035652,1.507844,-0.005615,0.000488,0.000488,0,0,0,0,3000,3000,3000,3000,0,242,-358,0-20,0,0,0
94.426331,1.117188,-2.738281,0.000000,-0.009998,0.000000,0.015308,-0.031583,0.035652,1.507844,0.005127,-0.001465,0.000000,0,0,0,0,3000,3000,3000,3000,0,234,-356,0-20,0,0,0
94.428284,1.117188,-2.738281,0.000000,-0.009998,0.000000,0.015438,-0.031583,0.035652,1.507844,-0.006592,0.000488,-0.001221,0,0,0,0,3000,3000,3000,3000,0,242,-358,0-20,0,0,0
94.430237,1.117188,-2.738281,0.000000,-0.009998,0.000000,0.015516,-0.031583,0.035652,1.507844,0.003418,-0.000977,0.000488,0,0,0,0,3000,3000,3000,3000,0,235,-356,0-20,0,0,0
94.432190,1.117188,-2.738281,0.000000,-0.009998,0.000000,0.015631,-0.031583,0.035652,1.507844,0.001953,0.000977,0.003174,0,0,0,0,3000,3000,3000,3000,0,236,-358,0-20,0,0,0
94.434143,1.117188,-2.738281,0.000000,-0.009998,0.000000,0.015764,-0.031583,0.035652,1.507844,-0.004395,-0.001465,-0.003174,0,0,0,0,3000,3000,3000,3000,0,241,-356,0-20,0,0,0
94.436096,1.117188,-2.738281,0.000000,-0.009998,0.000000,0.015795,-0.031583,0.035652,1.507844,0.006104,-0.002197,-0.001709,0,0,0,0,3000,3000,3000,3000,0,233,-355,0-20,0,0,0
94.438057,1.117188,-2.738281,0.000000,-0.009998,0.000000,0.015800,-0.031583,0.035652,1.507844,-0.005615,0.005371,0.000000,0,0,0,0,3000,3000,3000,3000,0,241,-362,0-20,0,0,0
94.440010,1.117188,-2.738281,0.000000,-0.009998,0.000000,0.015961,-0.031583,0.035652,1.507844,0.005127,-0.003662,0.000488,0,0,0,0,3000,3000,3000,3000,0,234,-354,0-20,0,0,0
94.441956,1.117188,-2.738281,0.000000,-0.009998,0.000000,0.016024,-0.031522,0.035591,1.507844,0.001465,-0.006836,-0.002686,0,0,0,0,3000,3000,3000,3000,0,236,-350,0-20,0,0,0
94.443916,1.117188,-2.738281,0.000000,-0.009998,0.000000,0.016073,-0.031522,0.035591,1.507844,-0.001709,0.002686,-0.001221,0,0,0,0,3000,3000,3000,3000,0,238,-358,0-20,0,0,0
94.445862,1.117188,-2.738281,0.003906,-0.009998,0.000000,0.016310,-0.031522,0.035591,1.507844,-0.005615,0.008057,0.000977,0,0,0,0,3000,3000,3000,3000,0,241,-364,0-20,0,0,0
94.447823,1.117188,-2.738281,0.003906,0.000000,0.000000,0.016033,-0.031522,0.035591,1.507844,-0.005615,-0.000977,-0.002686,0,0,0,0,3000,3000,3000,3000,0,242,-356,0-20,0,0,0
94.449776,1.117188,-2.738281,0.000000,0.000000,0.000000,0.009279,-0.031522,0.035591,1.507844,0.001465,0.005859,0.004150,0,0,0,0,3000,3000,3000,3000,0,237,-363,0-20,0,0,0
94.451721,1.117188,-2.738281,0.000000,0.000000,0.000000,0.009584,-0.031522,0.035591,1.507844,0.000977,0.004883,-0.000732,0,0,0,0,3000,3000,3000,3000,0,237,-363,0-20,0,0,0
94.453674,1.117188,-2.738281,0.000000,0.000000,0.000000,0.009386,-0.031522,0.035591,1.507844,0.003418,-0.002197,-0.000732,0,0,0,0,3000,3000,3000,3000,0,235,-356,0-20,0,0,0
94.455635,1.117188,-2.738281,0.000000,0.000000,0.000000,0.009624,-0.031522,0.035591,1.507844,-0.004883,0.008545,0.006836,0,0,0,0,3000,3000,3000,3000,0,241,-366,0-20,0,0,0
94.457581,1.117188,-2.738281,0.000000,0.000000,0.000000,0.010042,-0.031522,0.035591,1.507844,0.006592,-0.002686,-0.002686,0,0,0,0,3000,3000,3000,3000,0,233,-356,0-20,0,0,0
94.459534,1.117188,-2.738281,0.000000,0.000000,0.000000,0.010078,-0.031522,0.035591,1.507844,-0.000244,0.000977,0.005859,0,0,0,0,3000,3000,3000,3000,0,237,-359,0-20,0,0,0
94.461487,1.117188,-2.738281,0.000000,0.000000,0.000000,0.010250,-0.031522,0.035591,1.507844,-0.006592,-0.000488,0.002197,0,0,0,0,3000,3000,3000,3000,0,242,-358,0-20,0,0,0
94.463440,1.117188,-2.738281,0.000000,0.000000,0.000000,0.010405,-0.031522,0.035591,1.507844,0.012451,-0.007324,0.000000,0,0,0,0,3000,3000,3000,3000,0,228,-351,0-20,0,0,0
94.465393,1.117188,-2.738281,0.000000,0.000000,0.000000,0.010414,-0.031522,0.035591,1.507844,-0.005615,-0.000488,0.004639,0,0,0,0,3000,3000,3000,3000,0,241,-356,0-20,0,0,0
94.467354,1.117188,-2.738281,0.000000,0.000000,0.000000,0.010511,-0.031522,0.035591,1.507844,0.000244,-0.006836,-0.001709,0,0,0,0,3000,3000,3000,3000,0,237,-350,0-20,0,0,0
94.469299,1.117188,-2.738281,0.000000,0.000000,0.000000,0.010525,-0.031522,0.035591,1.507844,0.010498,-0.002197,-0.000732,0,0,0,0,3000,3000,3000,3000,0,229,-353,0-20,0,0,0
94.471252,1.117188,-2.738281,0.000000,0.000000,0.000000,0.010422,-0.031522,0.035591,1.507844,-0.012451,0.000000,-0.001221,0,0,0,0,3000,3000,3000,3000,0,245,-355,0-20,0,0,0
94.473206,1.117188,-2.738281,0.000000,0.000000,0.000000,0.010523,-0.031522,0.035591,1.507844,0.006104,-0.008057,-0.006348,0,0,0,0,3000,3000,3000,3000,0,233,-347,0-20,0,0,0
94.475159,1.117188,-2.738281,0.000000,0.000000,0.000000,0.010586,-0.031522,0.035591,1.507844,-0.000244,-0.003662,-0.003174,0,0,0,0,3000,3000,3000,3000,0,237,-351,0-20,0,0,0
94.477112,1.117188,-2.738281,0.000000,0.000000,0.000000,0.010300,-0.031522,0.035591,1.507844,-0.002441,0.004150,-0.002686,0,0,0,0,3000,3000,3000,3000,0,239,-358,0-20,0,0,0
94.479065,1.117188,-2.738281,0.000000,0.000000,0.000000,0.010700,-0.031522,0.035591,1.507844,-0.007080,0.000977,-0.000488,0,0,0,0,3000,3000,3000,3000,0,242,-356,0-20,0,0,0
94.481018,1.117188,-2.738281,0.000000,0.000000,0.000000,0.010500,-0.031522,0.035591,1.507844,-0.002930,0.007568,-0.004395,0,0,0,0,3000,3000,3000,3000,0,240,-362,0-20,0,0,0
94.482971,1.117188,-2.738281,0.000000,0.000000,0.000000,0.008652,-0.031522,0.035591,1.507844,0.010010,0.002197,-0.001221,0,0,0,0,3000,3000,3000,3000,0,231,-358,0-20,0,0,0
94.484924,1.117188,-2.738281,0.000000,0.000000,0.000000,0.008728,-0.031522,0.035591,1.507844,0.002930,0.002197,-0.000488,0,0,0,0,3000,3000,3000,3000,0,235,-359,0-20,0,0,0
94.486877,1.117188,-2.738281,0.000000,0.000000,0.000000,0.008606,-0.031522,0.035591,1.507844,0.001465,0.002197,-0.000732,0,0,0,0,3000,3000,3000,3000,0,236,-359,0-20,0,0,0
94.488838,1.117188,-2.738281,0.000000,0.000000,0.000000,0.009058,-0.031522,0.035591,1.507844,0.001465,0.003174,0.003662,0,0,0,0,3000,3000,3000,3000,0,236,-360,0-20,0,0,0
94.490784,1.117188,-2.738281,0.000000,0.000000,0.000000,0.009171,-0.031522,0.035591,1.507844,0.005127,0.001709,-0.000488,0,0,0,0,3000,3000,3000,3000,0,233,-359,0-20,0,0,0
94.492744,1.117188,-2.738281,0.000000,0.000000,0.000000,0.009342,-0.031522,0.035591,1.507844,0.000977,-0.003174,0.006836,0,0,0,0,3000,3000,3000,3000,0,236,-355,0-20,0,0,0
94.494698,1.117188,-2.738281,0.000000,0.000000,0.000000,0.009649,-0.031522,0.035591,1.507844,-0.009277,-0.002197,0.000977,0,0,0,0,3000,3000,3000,3000,0,243,-355,0-20,0,0,0
94.496643,1.117188,-2.738281,0.000000,0.000000,0.000000,0.009859,-0.031522,0.035591,1.507844,0.010010,0.000488,-0.000732,0,0,0,0,3000,3000,3000,3000,0,230,-357,0-20,0,0,0
94.498596,1.117188,-2.738281,0.000000,0.000000,0.000000,0.010080,-0.031522,0.035591,1.507844,-0.009766,-0.000977,0.002686,0,0,0,0,3000,3000,3000,3000,0,244,-356,0-20,0,0,0
94.500549,1.117188,-2.738281,0.000000,0.000000,0.000000,0.010067,-0.031522,0.035591,1.507844,0.001953,-0.006348,-0.000732,0,0,0,0,3000,3000,3000,3000,0,236,-350,0-20,0,0,0
94.502510,1.117188,-2.738281,0.000000,0.000000,0.000000,0.010288,-0.031522,0.035591,1.507844,-0.000244,-0.002197,0.002197,0,0,0,0,3000,3000,3000,3000,0,238,-354,0-20,0,0,0
94.504456,1.117188,-2.738281,0.000000,0.000000,0.000000,0.010490,-0.031522,0.035591,1.507844,-0.015625,-0.002197,-0.000488,0,0,0,0,3000,3000,3000,3000,0,249,-353,0-20,0,0,0
94.506409,1.117188,-2.738281,0.000000,0.000000,0.000000,0.010635,-0.031522,0.035591,1.507844,0.004639,-0.002686,-0.001221,0,0,0,0,3000,3000,3000,3000,0,235,-353,0-20,0,0,0
94.508362,1.117188,-2.738281,0.000000,0.000000,0.000000,0.010941,-0.031522,0.035591,1.507844,0.000244,0.000977,0.000977,0,0,0,0,3000,3000,3000,3000,0,239,-356,0-20,0,0,0
94.510315,1.117188,-2.738281,0.000000,0.000000,0.000000,0.010769,-0.031522,0.035591,1.507844,0.006592,0.009033,-0.002197,0,0,0,0,3000,3000,3000,3000,0,234,-364,0-20,0,0,0
94.512276,1.117188,-2.738281,0.000000,0.000000,0.000000,0.010988,-0.031522,0.035591,1.507844,0.003418,0.002686,0.000977,0,0,0,0,3000,3000,3000,3000,0,235,-359,0-20,0,0,0
94.514229,1.117188,-2.738281,0.000000,0.070000,0.169998,0.011007,-0.031522,0.035591,1.507844,-0.002930,-0.005371,-0.000488,0,0,0,0,3000,3000,3000,3000,0,239,-352,0-20,0,0,0
94.516174,1.117188,-2.738281,0.000000,0.070000,0.169998,0.008368,-0.031522,0.035591,1.507844,0.014160,0.001709,0.002197,0,0,0,0,3000,3000,3000,3000,0,227,-358,0-20,0,0,0
94.518127,1.117188,-2.738281,0.000000,0.070000,0.169998,0.008505,-0.031522,0.035591,1.507844,-0.015137,0.003662,0.000488,0,0,0,0,3000,3000,3000,3000,0,247,-360,0-20,0,0,0
94.520081,1.117188,-2.738281,0.000000,0.070000,0.169998,0.008352,-0.031522,0.035591,1.507844,0.002930,-0.002686,-0.003906,0,0,0,0,3000,3000,3000,3000,0,235,-354,0-20,0,0,0
94.522034,1.117188,-2.738281,0.000000,0.070000,0.169998,0.008518,-0.031522,0.035591,1.507844,-0.002930,-0.005859,0.000488,0,0,0,0,3000,3000,3000,3000,0,240,-351,0-20,0,0,0
94.523987,1.117188,-2.738281,0.000000,0.070000,0.169998,0.008577,-0.031522,0.035591,1.507844,-0.010742,0.000977,-0.003174,0,0,0,0,3000,3000,3000,3000,0,246,-357,0-20,0,0,0
94.525940,1.117188,-2.738281,0.000000,0.070000,0.169998,0.008556,-0.031583,0.035530,1.507844,-0.000732,-0.008057,0.001465,0,0,0,0,3000,3000,3000,3000,0,239,-348,0-20,0,0,0
94.527893,1.117188,-2.738281,0.000000,0.070000,0.169998,0.008665,-0.031583,0.035530,1.507844,-0.007080,-0.002686,-0.003174,0,0,0,0,3000,3000,3000,3000,0,244,-352,0-20,0,0,0
94.529846,1.117188,-2.738281,0.000000,0.070000,0.169998,0.008722,-0.031583,0.035530,1.507844,0.004150,0.001709,0.000977,0,0,0,0,3000,3000,3000,3000,0,236,-356,0-20,0,0,0
94.531799,1.117188,-2.738281,0.000000,0.070000,0.169998,0.008718,-0.031583,0.035530,1.507844,0.000244,-0.002197,0.000977,0,0,0,0,3000,3000,3000,3000,0,239,-353,0-20,0,0,0
94.533752,1.117188,-2.738281,0.000000,0.070000,0.169998,0.008823,-0.031583,0.035530,1.507844,0.001465,-0.005371,0.002686,0,0,0,0,3000,3000,3000,3000,0,238,-350,0-20,0,0,0
94.535706,1.117188,-2.738281,0.000000,0.070000,0.169998,0.008738,-0.031583,0.035530,1.507844,0.015869,0.000977,0.002197,0,0,0,0,3000,3000,3000,3000,0,227,-355,0-20,0,0,0
94.537659,1.117188,-2.738281,0.000000,0.070000,0.169998,0.009031,-0.031583,0.035530,1.507844,-0.007568,-0.003174,0.004150,0,0,0,0,3000,3000,3000,3000,0,242,-352,0-20,0,0,0
94.539612,1.117188,-2.738281,0.000000,0.070000,0.169998,0.009008,-0.031583,0.035530,1.507844,0.010986,0.003174,0.002197,0,0,0,0,3000,3000,3000,3000,0,229,-358,0-20,0,0,0
94.541573,1.117188,-2.738281,0.000000,0.070000,0.169998,0.009163,-0.031583,0.035530,1.507844,0.002441,0.006836,0.002197,0,0,0,0,3000,3000,3000,3000,0,235,-362,0-20,0,0,0
94.543518,1.117188,-2.738281,0.000000,0.070000,0.169998,0.009485,-0.031583,0.035530,1.507844,-0.004395,0.008057,0.000977,0,0,0,0,3000,3000,3000,3000,0,239,-364,0-20,0,0,0
94.545479,1.117188,-2.738281,0.000000,0.070000,0.169998,0.009594,-0.031583,0.035530,1.507844,0.008301,0.000000,0.000977,0,0,0,0,3000,3000,3000,3000,0,230,-357,0-20,0,0,0
94.547424,1.117188,-2.738281,0.000000,0.070000,0.169998,0.009714,-0.031583,0.035530,1.507844,-0.013428,-0.003174,0.002197,0,0,0,0,3000,3000,3000,3000,0,246,-355,0-20,0,0,0
94.549377,1.117188,-2.738281,0.000000,0.070000,0.169998,0.009708,-0.031583,0.035530,1.507844,0.010010,0.001709,-0.001221,0,0,0,0,3000,3000,3000,3000,0,230,-359,0-20,0,0,0
94.551331,1.117188,-2.738281,0.000000,0.070000,0.169998,0.009949,-0.031583,0.035530,1.507844,-0.007080,-0.001465,-0.001709,0,0,0,0,3000,3000,3000,3000,0,242,-356,0-20,0,0,0
94.553284,1.117188,-2.738281,0.000000,0.070000,0.169998,0.009981,-0.031583,0.035530,1.507844,0.000244,0.003174,-0.003906,0,0,0,0,3000,3000,3000,3000,0,237,-360,0-20,0,0,0
94.555237,1.117188,-2.738281,0.000000,0.070000,0.169998,0.010118,-0.031583,0.035530,1.507844,0.002441,0.002197,0.000488,0,0,0,0,3000,3000,3000,3000,0,236,-359,0-20,0,0,0
94.557198,1.117188,-2.738281,0.000000,0.070000,0.169998,0.010237,-0.031583,0.035530,1.507844,-0.009277,-0.000488,-0.002197,0,0,0,0,3000,3000,3000,3000,0,244,-357,0-20,0,0,0
94.559151,1.117188,-2.738281,0.000000,0.070000,0.169998,0.010231,-0.031583,0.035530,1.507844,0.008789,-0.006836,-0.003174,0,0,0,0,3000,3000,3000,3000,0,232,-351,0-20,0,0,0
94.561096,1.117188,-2.738281,0.000000,0.070000,0.169998,0.009712,-0.031525,0.035542,1.507746,-0.008789,-0.000488,-0.004883,0,0,0,0,3000,3000,3000,3000,0,244,-356,0-20,0,0,0
94.563049,1.117188,-2.738281,0.000000,0.070000,0.169998,0.009609,-0.031583,0.035530,1.507844,-0.001221,0.000977,0.003662,0,0,0,0,3000,3000,3000,3000,0,239,-357,0-20,0,0,0
94.565002,1.117188,-2.738281,0.000000,0.070000,0.169998,0.009541,-0.031583,0.035530,1.507844,0.006104,-0.005371,-0.000488,0,0,0,0,3000,3000,3000,3000,0,234,-351,0-20,0,0,0
94.566956,1.117188,-2.738281,0.000000,0.070000,0.169998,0.009756,-0.031583,0.035530,1.507844,-0.005615,0.003662,-0.001221,0,0,0,0,3000,3000,3000,3000,0,242,-359,0-20,0,0,0
94.568916,1.117188,-2.738281,0.000000,0.070000,0.169998,0.009884,-0.031583,0.035530,1.507844,0.001465,-0.001465,0.002686,0,0,0,0,3000,3000,3000,3000,0,237,-355,0-20,0,0,0
94.570862,1.117188,-2.738281,0.000000,0.070000,0.169998,0.010067,-0.031583,0.035530,1.507844,-0.003418,0.000488,-0.002686,0,0,0,0,3000,3000,3000,3000,0,241,-356,0-20,0,0,0
94.572815,1.117188,-2.738281,0.000000,0.070000,0.169998,0.010370,-0.031583,0.035530,1.507844,-0.000244,0.004883,0.003174,0,0,0,0,3000,3000,3000,3000,0,238,-361,0-20,0,0,0
94.574768,1.117188,-2.738281,0.000000,0.070000,0.169998,0.010384,-0.031583,0.035530,1.507844,-0.000244,0.003174,-0.000488,0,0,0,0,3000,3000,3000,3000,0,239,-360,0-20,0,0,0
94.576721,1.117188,-2.738281,0.000000,0.070000,0.169998,0.010365,-0.031583,0.035530,1.507844,-0.006104,0.000488,0.000000,0,0,0,0,3000,3000,3000,3000,0,243,-358,0-20,0,0,0
94.578682,1.117188,-2.738281,0.000000,0.070000,0.169998,0.010475,-0.031583,0.035530,1.507844,0.007324,0.000000,0.000000,0,0,0,0,3000,3000,3000,3000,0,233,-357,0-20,0,0,0
94.580627,1.117188,-2.738281,0.000000,0.070000,0.169998,0.010489,-0.031583,0.035530,1.507844,-0.006104,0.002197,-0.000732,0,0,0,0,3000,3000,3000,3000,0,243,-359,0-20,0,0,0
94.582581,1.117188,-2.738281,0.000000,0.070000,0.169998,0.010595,-0.031583,0.035530,1.507844,-0.000244,-0.002197,0.000488,0,0,0,0,3000,3000,3000,3000,0,238,-355,0-20,0,0,0
94.584534,1.117188,-2.738281,0.000000,0.070000,0.169998,0.010534,-0.031583,0.035530,1.507844,0.002441,-0.001465,0.000000,0,0,0,0,3000,3000,3000,3000,0,237,-355,0-20,0,0,0
94.586487,1.117188,-2.738281,0.000000,0.070000,0.169998,0.010559,-0.031583,0.035530,1.507844,-0.002441,-0.002197,-0.002686,0,0,0,0,3000,3000,3000,3000,0,240,-354,0-20,0,0,0
94.588448,1.117188,-2.738281,0.000000,0.070000,0.169998,0.010838,-0.031583,0.035530,1.507844,0.004639,0.000488,-0.000488,0,0,0,0,3000,3000,3000,3000,0,235,-357,0-20,0,0,0
94.590401,1.117188,-2.738281,0.000000,0.070000,0.169998,0.011103,-0.031583,0.035530,1.507844,-0.001221,-0.002197,-0.000732,0,0,0,0,3000,3000,3000,3000,0,239,-354,0-20,0,0,0
94.592346,1.117188,-2.738281,0.000000,0.070000,0.169998,0.011269,-0.031583,0.035530,1.507844,0.006104,-0.002686,0.000000,0,0,0,0,3000,3000,3000,3000,0,233,-353,0-20,0,0,0
94.594299,1.117188,-2.738281,0.000000,0.070000,0.169998,0.011368,-0.031583,0.035530,1.507844,-0.003418,0.000000,-0.002197,0,0,0,0,3000,3000,3000,3000,0,240,-355,0-20,0,0,0
94.596252,1.117188,-2.738281,0.000000,0.070000,0.169998,0.011459,-0.031583,0.035530,1.507844,0.000977,0.000488,-0.002197,0,0,0,0,3000,3000,3000,3000,0,236,-356,0-20,0,0,0
94.598206,1.117188,-2.738281,0.000000,0.070000,0.169998,0.011417,-0.031583,0.035530,1.507844,-0.006104,0.000977,-0.002197,0,0,0,0,3000,3000,3000,3000,0,242,-356,0-20,0,0,0
94.600174,1.117188,-2.738281,0.000000,0.070000,0.169998,0.011410,-0.031583,0.035530,1.507844,-0.006104,0.002686,-0.004395,0,0,0,0,3000,3000,3000,3000,0,242,-358,0-20,0,0,0
94.602119,1.117188,-2.738281,0.000000,0.070000,0.169998,0.011419,-0.031583,0.035530,1.507844,0.006104,0.002197,-0.002197,0,0,0,0,3000,3000,3000,3000,0,234,-358,0-20,0,0,0
94.604065,1.117188,-2.738281,0.000000,0.070000,0.169998,0.011362,-0.031583,0.035530,1.507844,-0.007568,0.001709,-0.003906,0,0,0,0,3000,3000,3000,3000,0,243,-358,0-20,0,0,0
94.606018,1.117188,-2.738281,0.000000,0.070000,0.169998,0.011335,-0.031579,0.035530,1.507726,0.003418,0.002686,-0.001221,0,0,0,0,3000,3000,3000,3000,0,236,-359,0-20,0,0,0
94.607971,1.117188,-2.738281,0.000000,0.070000,0.169998,0.011488,-0.031579,0.035530,1.507726,-0.000732,-0.000488,0.003662,0,0,0,0,3000,3000,3000,3000,0,239,-356,0-20,0,0,0
94.609924,1.117188,-2.738281,0.000000,0.070000,0.169998,0.011597,-0.031579,0.035530,1.507726,0.000244,-0.000488,-0.000488,0,0,0,0,3000,3000,3000,3000,0,238,-356,0-20,0,0,0
94.611877,1.117188,-2.738281,0.000000,0.070000,0.169998,0.011806,-0.031579,0.035530,1.507726,0.005615,-0.003662,0.006348,0,0,0,0,3000,3000,3000,3000,0,234,-353,0-20,0,0,0
94.613831,1.117188,-2.738281,0.000000,0.070000,0.169998,0.011843,-0.031579,0.035530,1.507726,-0.003418,-0.001465,-0.000732,0,0,0,0,3000,3000,3000,3000,0,240,-355,0-20,0,0,0
94.615784,1.117188,-2.738281,0.000000,0.070000,0.169998,0.011862,-0.031579,0.035530,1.507726,0.010498,-0.004150,0.000977,0,0,0,0,3000,3000,3000,3000,0,230,-352,0-20,0,0,0
94.617737,1.117188,-2.738281,0.000000,0.070000,0.169998,0.012022,-0.031579,0.035530,1.507726,-0.000732,0.000000,0.000977,0,0,0,0,3000,3000,3000,3000,0,237,-355,0-20,0,0,0
94.619690,1.117188,-2.738281,0.000000,0.070000,0.169998,0.012045,-0.031579,0.035530,1.507726,-0.002930,0.000000,0.002197,0,0,0,0,3000,3000,3000,3000,0,239,-355,0-20,0,0,0
94.621643,1.117188,-2.738281,0.000000,0.070000,0.169998,0.012156,-0.031579,0.035530,1.507726,0.006592,-0.001465,0.000488,0,0,0,0,3000,3000,3000,3000,0,232,-354,0-20,0,0,0
94.623604,1.117188,-2.738281,0.000000,0.070000,0.169998,0.012205,-0.031579,0.035530,1.507726,-0.006592,0.000977,-0.001221,0,0,0,0,3000,3000,3000,3000,0,241,-356,0-20,0,0,0
94.625549,1.117188,-2.738281,0.000000,0.070000,0.169998,0.012024,-0.031579,0.035530,1.507726,0.001953,-0.002686,-0.001709,0,0,0,0,3000,3000,3000,3000,0,236,-353,0-20,0,0,0
94.627502,1.117188,-2.738281,0.000000,0.070000,0.169998,0.012133,-0.031579,0.035530,1.507726,-0.005615,-0.000488,-0.002686,0,0,0,0,3000,3000,3000,3000,0,241,-355,0-20,0,0,0
94.629456,1.117188,-2.738281,0.000000,0.070000,0.169998,0.012337,-0.031579,0.035530,1.507726,-0.002930,0.001709,-0.001221,0,0,0,0,3000,3000,3000,3000,0,240,-357,0-20,0,0,0
94.631409,1.117188,-2.738281,0.000000,0.070000,0.169998,0.012426,-0.031579,0.035530,1.507726,0.002441,0.002197,0.000488,0,0,0,0,3000,3000,3000,3000,0,236,-358,0-20,0,0,0
94.633362,1.117188,-2.738281,0.000000,0.070000,0.169998,0.012505,-0.031579,0.035530,1.507726,-0.007080,0.002197,-0.003906,0,0,0,0,3000,3000,3000,3000,0,243,-358,0-20,0,0,0
94.635323,1.117188,-2.738281,0.000000,0.070000,0.169998,0.012554,-0.031579,0.035530,1.507726,0.005127,0.003174,0.000977,0,0,0,0,3000,3000,3000,3000,0,235,-359,0-20,0,0,0
94.637268,1.117188,-2.738281,0.000000,0.070000,0.169998,0.012499,-0.031579,0.035530,1.507726,-0.009766,0.002197,-0.003174,0,0,0,0,3000,3000,3000,3000,0,245,-359,0-20,0,0,0
94.639221,1.117188,-2.738281,0.000000,0.070000,0.169998,0.011557,-0.031579,0.035530,1.507726,0.001465,0.000488,-0.001709,0,0,0,0,3000,3000,3000,3000,0,238,-357,0-20,0,0,0
94.641174,1.117188,-2.738281,0.000000,0.070000,0.169998,0.011703,-0.031579,0.035530,1.507726,0.001465,0.000488,-0.000488,0,0,0,0,3000,3000,3000,3000,0,238,-357,0-20,0,0,0
94.643127,1.117188,-2.738281,0.000000,0.070000,0.169998,0.011665,-0.031579,0.035530,1.507726,-0.003906,0.000000,-0.000488,0,0,0,0,3000,3000,3000,3000,0,241,-357,0-20,0,0,0
94.645081,1.117188,-2.738281,0.000000,0.070000,0.169998,0.011747,-0.031579,0.035530,1.507726,0.008301,0.000000,0.000488,0,0,0,0,3000,3000,3000,3000,0,232,-357,0-20,0,0,0
94.647041,1.117188,-2.738281,0.000000,0.070000,0.169998,0.011793,-0.031579,0.035530,1.507726,-0.007568,-0.001465,-0.000732,0,0,0,0,3000,3000,3000,3000,0,243,-355,0-20,0,0,0
94.648994,1.117188,-2.738281,0.000000,0.070000,0.169998,0.011856,-0.031579,0.035530,1.507726,0.004639,0.000977,-0.001221,0,0,0,0,3000,3000,3000,3000,0,235,-357,0-20,0,0,0
94.650940,1.117188,-2.738281,0.000000,0.070000,0.169998,0.011999,-0.031579,0.035530,1.507726,-0.000732,-0.004883,0.002197,0,0,0,0,3000,3000,3000,3000,0,238,-352,0-20,0,0,0
94.652893,1.117188,-2.738281,0.000000,0.070000,0.169998,0.012146,-0.031579,0.035530,1.507726,0.000244,-0.002686,-0.001709,0,0,0,0,3000,3000,3000,3000,0,237,-353,0-20,0,0,0
94.654846,1.117188,-2.738281,0.000000,0.070000,0.169998,0.012314,-0.031579,0.035530,1.507726,0.002441,-0.002197,0.003662,0,0,0,0,3000,3000,3000,3000,0,236,-353,0-20,0,0,0
94.656807,1.117188,-2.738281,0.000000,0.000000,-0.039999,0.012423,-0.031579,0.035530,1.507726,-0.003906,0.000488,0.003174,0,0,0,0,3000,3000,3000,3000,0,240,-356,0-20,0,0,0
94.658760,1.117188,-2.738281,0.000000,0.000000,-0.039999,0.009087,-0.031579,0.035530,1.507726,0.008789,0.000000,0.004639,0,0,0,0,3000,3000,3000,3000,0,231,-355,0-20,0,0,0
94.660706,1.117188,-2.738281,0.000000,0.000000,-0.039999,0.009056,-0.031579,0.035530,1.507726,-0.001221,-0.001465,0.002197,0,0,0,0,3000,3000,3000,3000,0,238,-354,0-20,0,0,0
94.662659,1.117188,-2.738281,0.000000,0.000000,-0.039999,0.009005,-0.031579,0.035530,1.507726,0.000977,0.002197,0.001465,0,0,0,0,3000,3000,3000,3000,0,236,-357,0-20,0,0,0
94.664612,1.117188,-2.738281,0.000000,0.000000,-0.039999,0.009092,-0.031579,0.035530,1.507726,0.002441,0.000000,0.002197,0,0,0,0,3000,3000,3000,3000,0,235,-356,0-20,0,0,0
94.666565,1.117188,-2.738281,0.000000,0.000000,-0.039999,0.009134,-0.031579,0.035530,1.507726,-0.003906,0.003662,-0.000732,0,0,0,0,3000,3000,3000,3000,0,240,-359,0-20,0,0,0
94.668526,1.117188,-2.738281,0.000000,0.000000,-0.039999,0.009407,-0.031579,0.035530,1.507726,0.004150,0.000000,0.000000,0,0,0,0,3000,3000,3000,3000,0,234,-356,0-20,0,0,0
94.670471,1.117188,-2.738281,0.000000,0.000000,-0.039999,0.009548,-0.031579,0.035530,1.507726,-0.005615,-0.000977,-0.001709,0,0,0,0,3000,3000,3000,3000,0,241,-355,0-20,0,0,0
94.672424,1.117188,-2.738281,0.000000,0.000000,-0.039999,0.009550,-0.031579,0.035530,1.507726,-0.000732,-0.000977,-0.000488,0,0,0,0,3000,3000,3000,3000,0,238,-355,0-20,0,0,0
94.674377,1.117188,-2.738281,0.000000,0.000000,-0.039999,0.009453,-0.031579,0.035530,1.507726,-0.001221,0.000977,-0.001709,0,0,0,0,3000,3000,3000,3000,0,239,-357,0-20,0,0,0
94.676331,1.117188,-2.738281,0.000000,0.000000,-0.039999,0.009499,-0.031579,0.035530,1.507726,-0.005615,-0.001465,-0.005859,0,0,0,0,3000,3000,3000,3000,0,242,-355,0-20,0,0,0
94.678284,1.117188,-2.738281,0.000000,0.000000,-0.039999,0.009659,-0.031579,0.035530,1.507726,0.007324,-0.002197,-0.000732,0,0,0,0,3000,3000,3000,3000,0,233,-354,0-20,0,0,0
94.680244,1.117188,-2.738281,0.000000,0.000000,-0.039999,0.009563,-0.031579,0.035530,1.507726,-0.004883,0.002197,0.000000,0,0,0,0,3000,3000,3000,3000,0,241,-358,0-20,0,0,0
94.682190,1.117188,-2.738281,0.000000,0.000000,-0.039999,0.009546,-0.031579,0.035530,1.507726,0.001953,-0.001465,-0.001709,0,0,0,0,3000,3000,3000,3000,0,236,-355,0-20,0,0,0
94.684143,1.117188,-2.738281,0.000000,0.000000,-0.039999,0.009489,-0.031579,0.035530,1.507726,0.001953,-0.000977,0.003662,0,0,0,0,3000,3000,3000,3000,0,236,-355,0-20,0,0,0
94.686096,1.117188,-2.738281,0.000000,0.000000,-0.039999,0.009638,-0.031579,0.035530,1.507726,-0.000732,-0.003662,-0.001709,0,0,0,0,3000,3000,3000,3000,0,238,-352,0-20,0,0,0
94.688057,1.117188,-2.738281,0.000000,0.000000,-0.039999,0.009745,-0.031579,0.035530,1.507726,0.004639,0.000488,0.000000,0,0,0,0,3000,3000,3000,3000,0,234,-356,0-20,0,0,0
94.690002,1.117188,-2.738281,0.000000,0.000000,-0.039999,0.009771,-0.031579,0.035530,1.507726,-0.004395,0.000488,-0.000732,0,0,0,0,3000,3000,3000,3000,0,240,-356,0-20,0,0,0
94.691956,1.117188,-2.738281,0.000000,0.000000,-0.039999,0.009827,-0.031579,0.035530,1.507726,0.005127,0.000488,0.003662,0,0,0,0,3000,3000,3000,3000,0,234,-356,0-20,0,0,0
94.693909,1.117188,-2.738281,0.000000,0.000000,-0.039999,0.009907,-0.031579,0.035530,1.507726,-0.002930,-0.000488,0.000488,0,0,0,0,3000,3000,3000,3000,0,239,-355,0-20,0,0,0
94.695862,1.117188,-2.738281,0.000000,0.000000,-0.039999,0.009899,-0.031579,0.035530,1.507726,0.000977,-0.002686,-0.001709,0,0,0,0,3000,3000,3000,3000,0,237,-353,0-20,0,0,0
94.697815,1.117188,-2.738281,0.000000,0.000000,-0.039999,0.009911,-0.031579,0.035530,1.507726,0.002441,0.001709,0.001465,0,0,0,0,3000,3000,3000,3000,0,236,-357,0-20,0,0,0
94.699776,1.117188,-2.738281,0.000000,0.000000,-0.039999,0.010035,-0.031579,0.035530,1.507726,-0.005615,-0.000977,0.000977,0,0,0,0,3000,3000,3000,3000,0,241,-355,0-20,0,0,0
94.701721,1.117188,-2.738281,0.000000,0.000000,-0.039999,0.010180,-0.031527,0.035543,1.507748,0.005615,0.000977,0.000488,0,0,0,0,3000,3000,3000,3000,0,234,-357,0-20,0,0,0
94.703674,1.117188,-2.738281,0.000000,0.000000,-0.039999,0.010382,-0.031579,0.035530,1.507726,-0.006592,-0.000977,0.002686,0,0,0,0,3000,3000,3000,3000,0,242,-355,0-20,0,0,0
94.705627,1.117188,-2.738281,0.000000,0.000000,-0.039999,0.010563,-0.031579,0.035530,1.507726,0.005127,-0.000488,0.001465,0,0,0,0,3000,3000,3000,3000,0,234,-355,0-20,0,0,0
94.707581,1.117188,-2.738281,0.000000,0.000000,-0.039999,0.010731,-0.031579,0.035530,1.507726,-0.001709,0.000000,-0.000732,0,0,0,0,3000,3000,3000,3000,0,239,-356,0-20,0,0,0
94.709534,1.117188,-2.738281,0.000000,0.000000,-0.039999,0.010731,-0.031579,0.035530,1.507726,-0.003418,-0.000488,-0.001709,0,0,0,0,3000,3000,3000,3000,0,240,-356,0-20,0,0,0
94.711487,1.117188,-2.738281,0.000000,0.000000,-0.039999,0.010893,-0.031579,0.035530,1.507726,0.005127,-0.002686,-0.001221,0,0,0,0,3000,3000,3000,3000,0,234,-353,0-20,0,0,0
94.713448,1.117188,-2.738281,0.000000,0.000000,-0.039999,0.010967,-0.031579,0.035530,1.507726,-0.007080,-0.001465,-0.000732,0,0,0,0,3000,3000,3000,3000,0,243,-354,0-20,0,0,0
94.715393,1.117188,-2.738281,0.000000,0.000000,-0.039999,0.011127,-0.031579,0.035530,1.507726,0.004150,-0.002686,-0.000488,0,0,0,0,3000,3000,3000,3000,0,235,-353,0-20,0,0,0
94.717346,1.117188,-2.738281,0.000000,0.000000,-0.039999,0.014301,-0.031579,0.035530,1.507726,-0.002441,0.001709,-0.001709,0,0,0,0,3000,3000,3000,3000,0,240,-357,0-20,0,0,0
94.719299,1.117188,-2.738281,0.000000,0.000000,-0.039999,0.014381,-0.031579,0.035530,1.507726,-0.003906,0.004150,-0.005859,0,0,0,0,3000,3000,3000,3000,0,241,-360,0-20,0,0,0
94.721252,1.117188,-2.738281,0.000000,0.000000,-0.039999,0.014601,-0.031579,0.035530,1.507726,0.005127,0.000488,0.001465,0,0,0,0,3000,3000,3000,3000,0,235,-357,0-20,0,0,0
94.723206,1.117188,-2.738281,0.000000,0.000000,-0.039999,0.014645,-0.031579,0.035530,1.507726,-0.007080,0.001709,-0.004395,0,0,0,0,3000,3000,3000,3000,0,243,-358,0-20,0,0,0
94.725166,1.117188,-2.738281,0.000000,0.000000,-0.039999,0.014694,-0.031579,0.035530,1.507726,0.003418,-0.000488,-0.000732,0,0,0,0,3000,3000,3000,3000,0,236,-356,0-20,0,0,0
94.727112,1.117188,-2.738281,0.000000,0.000000,-0.039999,0.014942,-0.031579,0.035530,1.507726,-0.002441,-0.000488,0.000000,0,0,0,0,3000,3000,3000,3000,0,240,-356,0-20,0,0,0
94.729065,1.117188,-2.738281,0.000000,0.000000,-0.039999,0.015068,-0.031579,0.035530,1.507726,0.001953,-0.001465,0.001465,0,0,0,0,3000,3000,3000,3000,0,237,-355,0-20,0,0,0
94.731026,1.117188,-2.738281,0.000000,0.019999,0.049999,0.014807,-0.031579,0.035530,1.507726,0.003418,0.000000,0.003174,0,0,0,0,3000,3000,3000,3000,0,235,-356,0-20,0,0,0
94.732971,1.117188,-2.738281,0.000000,0.019999,0.049999,0.010691,-0.031579,0.035530,1.507726,-0.003418,0.000488,0.000488,0,0,0,0,3000,3000,3000,3000,0,240,-357,0-20,0,0,0
94.734924,1.117188,-2.738281,0.000000,0.019999,0.049999,0.010765,-0.031579,0.035530,1.507726,0.008301,0.000000,-0.000488,0,0,0,0,3000,3000,3000,3000,0,232,-356,0-20,0,0,0
94.736877,1.117188,-2.738281,0.000000,0.019999,0.049999,0.010662,-0.031579,0.035530,1.507726,-0.004883,-0.003174,0.000977,0,0,0,0,3000,3000,3000,3000,0,241,-353,0-20,0,0,0
94.738838,1.117188,-2.738281,0.000000,0.019999,0.049999,0.010857,-0.031579,0.035530,1.507726,0.002930,0.000488,0.000977,0,0,0,0,3000,3000,3000,3000,0,235,-357,0-20,0,0,0
94.740784,1.117188,-2.738281,0.000000,0.019999,0.049999,0.011093,-0.031579,0.035530,1.507726,0.005615,-0.001465,0.001465,0,0,0,0,3000,3000,3000,3000,0,233,-355,0-20,0,0,0
94.742737,1.117188,-2.738281,0.000000,0.019999,0.049999,0.011143,-0.031579,0.035530,1.507726,-0.006592,0.001709,-0.000488,0,0,0,0,3000,3000,3000,3000,0,242,-358,0-20,0,0,0
94.744690,1.117188,-2.738281,0.000000,0.019999,0.049999,0.011185,-0.031579,0.035530,1.507726,0.005127,0.002686,0.000000,0,0,0,0,3000,3000,3000,3000,0,234,-359,0-20,0,0,0
94.746643,1.117188,-2.738281,0.000000,0.019999,0.049999,0.011242,-0.031579,0.035530,1.507726,-0.002441,0.000488,-0.000488,0,0,0,0,3000,3000,3000,3000,0,239,-357,0-20,0,0,0
94.748604,1.117188,-2.738281,0.000000,0.019999,0.049999,0.011322,-0.031579,0.035530,1.507726,0.005127,0.000000,0.000977,0,0,0,0,3000,3000,3000,3000,0,233,-357,0-20,0,0,0
94.750557,1.117188,-2.738281,0.000000,0.019999,0.049999,0.011364,-0.031579,0.035530,1.507726,-0.003418,0.000000,-0.001709,0,0,0,0,3000,3000,3000,3000,0,239,-357,0-20,0,0,0
94.752510,1.117188,-2.738281,0.000000,0.019999,0.049999,0.011225,-0.031579,0.035530,1.507726,-0.004395,0.000000,0.000488,0,0,0,0,3000,3000,3000,3000,0,240,-357,0-20,0,0,0
94.754463,1.117188,-2.738281,0.000000,0.019999,0.049999,0.011219,-0.031579,0.035530,1.507726,0.003418,0.000977,-0.000488,0,0,0,0,3000,3000,3000,3000,0,235,-357,0-20,0,0,0
94.756416,1.117188,-2.738281,0.000000,0.019999,0.049999,0.011326,-0.031579,0.035530,1.507726,-0.002441,-0.000488,-0.003174,0,0,0,0,3000,3000,3000,3000,0,239,-356,0-20,0,0,0
94.758369,1.117188,-2.738281,0.000000,0.019999,0.049999,0.011223,-0.031579,0.035530,1.507726,0.002441,-0.002686,0.002686,0,0,0,0,3000,3000,3000,3000,0,236,-354,0-20,0,0,0
94.760315,1.117188,-2.738281,0.000000,0.019999,0.049999,0.011356,-0.031579,0.035530,1.507726,-0.004395,-0.000977,0.002686,0,0,0,0,3000,3000,3000,3000,0,241,-355,0-20,0,0,0
94.762268,1.117188,-2.738281,0.000000,0.019999,0.049999,0.011444,-0.031579,0.035530,1.507726,-0.000732,0.000977,-0.002686,0,0,0,0,3000,3000,3000,3000,0,238,-357,0-20,0,0,0
94.764221,1.117188,-2.738281,0.000000,0.019999,0.049999,0.011406,-0.031579,0.035530,1.507726,0.004639,0.001709,0.003174,0,0,0,0,3000,3000,3000,3000,0,235,-358,0-20,0,0,0
94.766174,1.117188,-2.738281,0.000000,0.019999,0.049999,0.011467,-0.031579,0.035530,1.507726,-0.006592,0.000977,0.000488,0,0,0,0,3000,3000,3000,3000,0,243,-357,0-20,0,0,0
94.768127,1.117188,-2.738281,0.000000,0.019999,0.049999,0.011509,-0.031579,0.035530,1.507726,0.006592,-0.003174,-0.002686,0,0,0,0,3000,3000,3000,3000,0,233,-353,0-20,0,0,0
94.770088,1.117188,-2.738281,0.000000,0.019999,0.049999,0.011492,-0.031579,0.035530,1.507726,-0.003418,0.002197,-0.001709,0,0,0,0,3000,3000,3000,3000,0,240,-358,0-20,0,0,0
94.772034,1.117188,-2.738281,0.000000,0.019999,0.049999,0.011452,-0.031579,0.035530,1.507726,0.004150,0.000000,-0.000488,0,0,0,0,3000,3000,3000,3000,0,235,-356,0-20,0,0,0
94.773987,1.117188,-2.738281,0.000000,0.019999,0.049999,0.011509,-0.031579,0.035530,1.507726,0.005127,0.001709,0.002686,0,0,0,0,3000,3000,3000,3000,0,234,-358,0-20,0,0,0
94.775940,1.117188,-2.738281,0.000000,0.019999,0.049999,0.011572,-0.031579,0.035530,1.507726,-0.007080,0.004150,0.000488,0,0,0,0,3000,3000,3000,3000,0,242,-360,0-20,0,0,0
94.777893,1.117188,-2.738281,0.000000,0.019999,0.049999,0.011713,-0.031579,0.035530,1.507726,0.004639,0.000488,0.004639,0,0,0,0,3000,3000,3000,3000,0,234,-357,0-20,0,0,0
94.779846,1.117188,-2.738281,0.000000,0.019999,0.049999,0.012012,-0.031579,0.035530,1.507726,-0.003906,-0.000488,0.000977,0,0,0,0,3000,3000,3000,3000,0,240,-356,0-20,0,0,0
94.781799,1.117188,-2.738281,0.000000,0.019999,0.049999,0.012222,-0.031579,0.035530,1.507726,0.002930,0.000000,-0.000732,0,0,0,0,3000,3000,3000,3000,0,236,-357,0-20,0,0,0
94.783752,1.117188,-2.738281,0.000000,0.019999,0.049999,0.012403,-0.031579,0.035530,1.507726,0.000244,0.000488,0.000977,0,0,0,0,3000,3000,3000,3000,0,237,-357,0-20,0,0,0
94.785706,1.117188,-2.738281,0.000000,0.019999,0.049999,0.012468,-0.031579,0.035530,1.507726,-0.002930,0.003662,-0.002197,0,0,0,0,3000,3000,3000,3000,0,240,-360,0-20,0,0,0
94.787666,1.117188,-2.738281,0.000000,0.019999,0.049999,0.012787,-0.031579,0.035530,1.507726,0.007812,-0.000977,0.000977,0,0,0,0,3000,3000,3000,3000,0,232,-356,0-20,0,0,0
94.789612,1.117188,-2.738281,0.000000,0.019999,0.049999,0.012680,-0.031579,0.035530,1.507726,-0.002930,-0.000977,-0.000732,0,0,0,0,3000,3000,3000,3000,0,239,-356,0-20,0,0,0
94.791565,1.117188,-2.738281,0.000000,0.019999,0.049999,0.012917,-0.031579,0.035530,1.507726,0.005127,-0.002197,0.000488,0,0,0,0,3000,3000,3000,3000,0,234,-354,0-20,0,0,0
94.793518,1.117188,-2.738281,0.000000,0.019999,0.049999,0.012842,-0.031579,0.035530,1.507726,-0.005615,-0.000977,0.001465,0,0,0,0,3000,3000,3000,3000,0,241,-355,0-20,0,0,0
94.795471,1.117188,-2.738281,0.000000,0.019999,0.049999,0.006027,-0.031579,0.035530,1.507726,0.001465,-0.000977,-0.002197,0,0,0,0,3000,3000,3000,3000,0,236,-355,0-20,0,0,0
94.797424,1.117188,-2.738281,0.000000,0.019999,0.049999,0.006231,-0.031579,0.035530,1.507726,0.007812,-0.001465,0.000977,0,0,0,0,3000,3000,3000,3000,0,232,-354,0-20,0,0,0
94.799393,1.117188,-2.738281,0.000000,0.019999,0.049999,0.006065,-0.031579,0.035530,1.507726,-0.008789,-0.000488,0.000488,0,0,0,0,3000,3000,3000,3000,0,243,-355,0-20,0,0,0
94.801331,1.117188,-2.738281,0.000000,0.019999,0.049999,0.006308,-0.031579,0.035530,1.507726,0.006592,0.000977,-0.002197,0,0,0,0,3000,3000,3000,3000,0,233,-356,0-20,0,0,0
94.803291,1.117188,-2.738281,0.000000,0.019999,0.049999,0.006359,-0.031527,0.035543,1.507748,-0.003906,0.000977,-0.001221,0,0,0,0,3000,3000,3000,3000,0,240,-356,0-20,0,0,0
94.805237,1.117188,-2.738281,0.000000,0.019999,0.049999,0.006454,-0.031579,0.035530,1.507726,0.001465,0.000977,0.000977,0,0,0,0,3000,3000,3000,3000,0,237,-357,0-20,0,0,0
94.807190,1.117188,-2.738281,0.000000,0.019999,0.049999,0.006634,-0.031579,0.035530,1.507726,0.004150,0.000000,-0.001221,0,0,0,0,3000,3000,3000,3000,0,235,-356,0-20,0,0,0
94.809143,1.117188,-2.738281,0.000000,0.019999,0.049999,0.006605,-0.031579,0.035530,1.507726,-0.002441,0.004883,0.000000,0,0,0,0,3000,3000,3000,3000,0,239,-361,0-20,0,0,0
94.811096,1.117188,-2.738281,0.000000,0.019999,0.049999,0.006615,-0.031579,0.035530,1.507726,0.005615,0.001709,0.005859,0,0,0,0,3000,3000,3000,3000,0,233,-358,0-20,0,0,0
94.813049,1.117188,-2.738281,0.000000,0.019999,0.049999,0.006739,-0.031579,0.035530,1.507726,-0.003906,0.001709,-0.000732,0,0,0,0,3000,3000,3000,3000,0,240,-358,0-20,0,0,0
94.815010,1.117188,-2.738281,0.000000,0.019999,0.049999,0.006842,-0.031579,0.035530,1.507726,0.001953,-0.001465,-0.001709,0,0,0,0,3000,3000,3000,3000,0,236,-355,0-20,0,0,0
94.816956,1.117188,-2.738281,0.000000,0.019999,0.049999,0.006947,-0.031579,0.035530,1.507726,0.003418,0.000000,-0.000732,0,0,0,0,3000,3000,3000,3000,0,235,-357,0-20,0,0,0
94.818909,1.117188,-2.738281,0.000000,0.019999,0.049999,0.006990,-0.031579,0.035530,1.507726,-0.006592,0.000000,-0.001221,0,0,0,0,3000,3000,3000,3000,0,242,-356,0-20,0,0,0
94.820862,1.117188,-2.738281,0.000000,0.019999,0.049999,0.007191,-0.031579,0.035530,1.507726,0.005127,-0.001465,0.000488,0,0,0,0,3000,3000,3000,3000,0,234,-355,0-20,0,0,0
94.822815,1.117188,-2.738281,0.000000,0.019999,0.049999,0.007101,-0.031579,0.035530,1.507726,-0.006104,0.000488,0.001465,0,0,0,0,3000,3000,3000,3000,0,242,-357,0-20,0,0,0
94.824768,1.117188,-2.738281,0.000000,0.019999,0.049999,0.007235,-0.031579,0.035530,1.507726,0.002930,0.000977,0.000488,0,0,0,0,3000,3000,3000,3000,0,236,-357,0-20,0,0,0
94.826721,1.117188,-2.738281,0.000000,0.019999,0.049999,0.007277,-0.031579,0.035530,1.507726,0.001465,0.000488,-0.000488,0,0,0,0,3000,3000,3000,3000,0,237,-357,0-20,0,0,0
94.828682,1.117188,-2.738281,0.000000,0.019999,0.049999,0.007294,-0.031579,0.035530,1.507726,0.001465,0.000977,0.000488,0,0,0,0,3000,3000,3000,3000,0,237,-357,0-20,0,0,0
94.830627,1.117188,-2.738281,0.000000,0.019999,0.049999,0.007442,-0.031579,0.035530,1.507726,0.002441,0.000488,0.000000,0,0,0,0,3000,3000,3000,3000,0,236,-357,0-20,0,0,0
94.832581,1.117188,-2.738281,0.000000,0.019999,0.049999,0.007483,-0.031579,0.035530,1.507726,-0.006104,0.002197,0.000488,0,0,0,0,3000,3000,3000,3000,0,242,-358,0-20,0,0,0
94.834534,1.117188,-2.738281,0.000000,0.019999,0.049999,0.007563,-0.031579,0.035530,1.507726,0.006104,-0.002686,-0.000488,0,0,0,0,3000,3000,3000,3000,0,234,-354,0-20,0,0,0
94.836510,1.117188,-2.738281,0.000000,0.000000,-0.009998,0.007456,-0.031579,0.035530,1.507726,-0.002441,0.000977,-0.001709,0,0,0,0,3000,3000,3000,3000,0,240,-357,0-20,0,0,0
94.838448,1.117188,-2.738281,0.000000,0.000000,-0.009998,0.006891,-0.031579,0.035530,1.507726,-0.000244,0.002197,-0.001709,0,0,0,0,3000,3000,3000,3000,0,238,-358,0-20,0,0,0
94.840393,1.117188,-2.738281,0.000000,0.000000,-0.009998,0.006973,-0.031579,0.035530,1.507726,0.002441,0.000000,0.000488,0,0,0,0,3000,3000,3000,3000,0,236,-356,0-20,0,0,0
94.842346,1.117188,-2.738281,0.000000,0.000000,-0.009998,0.006945,-0.031579,0.035530,1.507726,-0.008301,-0.004883,-0.001221,0,0,0,0,3000,3000,3000,3000,0,244,-351,0-20,0,0,0
94.844299,1.117188,-2.738281,0.000000,0.000000,-0.009998,0.007227,-0.031579,0.035530,1.507726,0.006592,0.001709,-0.000732,0,0,0,0,3000,3000,3000,3000,0,234,-357,0-20,0,0,0
94.846260,1.117188,-2.738281,0.000000,0.000000,-0.009998,0.007212,-0.031579,0.035530,1.507726,-0.004883,0.000488,0.000488,0,0,0,0,3000,3000,3000,3000,0,242,-356,0-20,0,0,0
94.848213,1.117188,-2.738281,0.000000,0.000000,-0.009998,0.007408,-0.031579,0.035530,1.507726,0.005127,-0.000977,0.000977,0,0,0,0,3000,3000,3000,3000,0,235,-355,0-20,0,0,0
94.850159,1.117188,-2.738281,0.000000,0.000000,-0.009998,0.007437,-0.031579,0.035530,1.507726,0.000977,-0.001465,-0.000488,0,0,0,0,3000,3000,3000,3000,0,237,-354,0-20,0,0,0
94.852112,1.117188,-2.738281,0.000000,0.000000,-0.009998,0.007473,-0.031579,0.035530,1.507726,-0.004883,-0.002686,-0.000488,0,0,0,0,3000,3000,3000,3000,0,241,-353,0-20,0,0,0
94.854065,1.117188,-2.738281,0.000000,0.000000,-0.009998,0.007528,-0.031579,0.035530,1.507726,0.004150,-0.000488,0.002686,0,0,0,0,3000,3000,3000,3000,0,235,-355,0-20,0,0,0
94.856018,1.117188,-2.738281,0.000000,0.000000,-0.009998,0.007456,-0.031579,0.035530,1.507726,-0.007080,0.001709,-0.000488,0,0,0,0,3000,3000,3000,3000,0,243,-357,0-20,0,0,0
94.857971,1.117188,-2.738281,0.000000,0.000000,-0.009998,0.007471,-0.031579,0.035530,1.507726,0.003418,0.000488,0.003662,0,0,0,0,3000,3000,3000,3000,0,236,-356,0-20,0,0,0
94.859932,1.117188,-2.738281,0.000000,0.000000,-0.009998,0.007383,-0.031579,0.035530,1.507726,0.001953,0.003662,-0.000488,0,0,0,0,3000,3000,3000,3000,0,237,-359,0-20,0,0,0
94.861877,1.117188,-2.738281,0.000000,0.000000,-0.009998,0.007511,-0.031579,0.035530,1.507726,-0.003418,-0.003662,-0.000732,0,0,0,0,3000,3000,3000,3000,0,240,-352,0-20,0,0,0
94.863838,1.117188,-2.738281,0.000000,0.000000,-0.009998,0.007481,-0.031579,0.035530,1.507726,0.004150,0.000000,0.000000,0,0,0,0,3000,3000,3000,3000,0,235,-356,0-20,0,0,0
94.865784,1.117188,-2.738281,0.000000,0.000000,-0.009998,0.007483,-0.031579,0.035530,1.507726,-0.006104,0.001709,-0.002197,0,0,0,0,3000,3000,3000,3000,0,242,-357,0-20,0,0,0
94.867737,1.117188,-2.738281,0.000000,0.000000,-0.009998,0.007719,-0.031579,0.035530,1.507726,0.007324,-0.000977,-0.000488,0,0,0,0,3000,3000,3000,3000,0,233,-355,0-20,0,0,0
94.869690,1.117188,-2.738281,0.000000,0.000000,-0.009998,0.007889,-0.031579,0.035530,1.507726,-0.005615,-0.001465,0.000977,0,0,0,0,3000,3000,3000,3000,0,242,-354,0-20,0,0,0
94.871643,1.117188,-2.738281,0.000000,0.000000,-0.009998,0.007992,-0.031579,0.035530,1.507726,0.001953,-0.000488,0.002686,0,0,0,0,3000,3000,3000,3000,0,237,-355,0-20,0,0,0
94.873596,1.117188,-2.738281,0.000000,0.000000,-0.009998,0.010643,-0.031579,0.035530,1.507726,0.001953,0.001709,0.000977,0,0,0,0,3000,3000,3000,3000,0,237,-357,0-20,0,0,0
94.875549,1.117188,-2.738281,0.000000,0.000000,-0.009998,0.010635,-0.031579,0.035530,1.507726,-0.006104,-0.002197,-0.002197,0,0,0,0,3000,3000,3000,3000,0,242,-354,0-20,0,0,0
94.877502,1.117188,-2.738281,0.000000,0.000000,-0.009998,0.010719,-0.031579,0.035530,1.507726,0.005127,0.000000,0.001465,0,0,0,0,3000,3000,3000,3000,0,234,-356,0-20,0,0,0
94.879456,1.117188,-2.738281,0.000000,0.000000,-0.009998,0.010696,-0.031579,0.035530,1.507726,-0.003418,0.001709,0.004150,0,0,0,0,3000,3000,3000,3000,0,240,-357,0-20,0,0,0
94.881416,1.117188,-2.738281,0.000000,0.000000,-0.009998,0.010920,-0.031579,0.035530,1.507726,0.004150,-0.000977,-0.002686,0,0,0,0,3000,3000,3000,3000,0,235,-355,0-20,0,0,0
94.883362,1.117188,-2.738281,0.000000,0.000000,-0.009998,0.010986,-0.031579,0.035530,1.507726,0.000244,0.000488,0.000000,0,0,0,0,3000,3000,3000,3000,0,237,-356,0-20,0,0,0
94.885323,1.117188,-2.738281,0.000000,0.000000,-0.009998,0.011036,-0.031579,0.035530,1.507726,-0.005615,-0.000488,-0.001221,0,0,0,0,3000,3000,3000,3000,0,242,-355,0-20,0,0,0
94.887268,1.117188,-2.738281,0.000000,0.000000,-0.009998,0.011145,-0.031579,0.035530,1.507726,0.004639,-0.001465,0.000977,0,0,0,0,3000,3000,3000,3000,0,235,-355,0-20,0,0,0
94.889221,1.117188,-2.738281,0.000000,0.000000,-0.009998,0.011169,-0.031579,0.035530,1.507726,-0.005615,0.000000,0.000488,0,0,0,0,3000,3000,3000,3000,0,242,-356,0-20,0,0,0
94.891174,1.117188,-2.738281,0.000000,0.000000,-0.009998,0.011101,-0.031579,0.035530,1.507726,0.000977,0.000488,0.001465,0,0,0,0,3000,3000,3000,3000,0,237,-356,0-20,0,0,0
94.893135,1.117188,-2.738281,0.000000,0.000000,-0.009998,0.011185,-0.031579,0.035530,1.507726,-0.002441,-0.001465,0.000488,0,0,0,0,3000,3000,3000,3000,0,240,-354,0-20,0,0,0
94.895081,1.117188,-2.738281,0.000000,0.000000,-0.009998,0.011286,-0.031579,0.035530,1.507726,-0.001709,-0.000488,0.003174,0,0,0,0,3000,3000,3000,3000,0,239,-355,0-20,0,0,0
94.897034,1.117188,-2.738281,0.000000,0.000000,-0.009998,0.011442,-0.031579,0.035530,1.507726,0.005615,0.003174,-0.001709,0,0,0,0,3000,3000,3000,3000,0,234,-359,0-20,0,0,0
94.898987,1.117188,-2.738281,0.000000,0.000000,-0.009998,0.011358,-0.031579,0.035530,1.507726,-0.003906,-0.001465,-0.003906,0,0,0,0,3000,3000,3000,3000,0,241,-355,0-20,0,0,0
94.900963,1.117188,-2.738281,0.000000,0.000000,-0.009998,0.011253,-0.031579,0.035530,1.507726,0.005615,0.000977,0.005371,0,0,0,0,3000,3000,3000,3000,0,234,-357,0-20,0,0,0
94.902893,1.117188,-2.738281,0.000000,0.000000,-0.009998,0.011375,-0.031579,0.035530,1.507726,-0.005615,0.002686,0.002686,0,0,0,0,3000,3000,3000,3000,0,242,-359,0-20,0,0,0
94.904846,1.117188,-2.738281,0.000000,0.000000,-0.009998,0.011379,-0.031579,0.035530,1.507726,-0.001709,-0.002197,-0.002686,0,0,0,0,3000,3000,3000,3000,0,239,-354,0-20,0,0,0
94.906799,1.117188,-2.738281,0.000000,0.000000,-0.009998,0.011677,-0.031579,0.035530,1.507726,0.000244,0.000000,-0.000732,0,0,0,0,3000,3000,3000,3000,0,238,-356,0-20,0,0,0
94.908752,1.117188,-2.738281,0.000000,0.000000,-0.009998,0.011761,-0.031579,0.035530,1.507726,-0.002930,0.001709,0.001465,0,0,0,0,3000,3000,3000,3000,0,240,-358,0-20,0,0,0
94.910706,1.117188,-2.738281,0.000000,0.000000,-0.009998,0.012009,-0.031579,0.035530,1.507726,0.006104,0.003662,0.002197,0,0,0,0,3000,3000,3000,3000,0,234,-360,0-20,0,0,0
94.912659,1.117188,-2.738281,0.000000,0.000000,-0.009998,0.012037,-0.031579,0.035530,1.507726,-0.007080,-0.000977,-0.000488,0,0,0,0,3000,3000,3000,3000,0,243,-356,0-20,0,0,0
94.914612,1.117188,-2.738281,0.000000,0.000000,-0.009998,0.012053,-0.031579,0.035530,1.507726,0.000244,-0.000488,0.000000,0,0,0,0,3000,3000,3000,3000,0,238,-356,0-20,0,0,0
94.916565,1.117188,-2.738281,0.000000,0.000000,-0.009998,0.011974,-0.031579,0.035530,1.507726,-0.000244,-0.000977,-0.000488,0,0,0,0,3000,3000,3000,3000,0,238,-356,0-20,0,0,0
94.918518,1.117188,-2.738281,0.000000,0.000000,-0.009998,0.011940,-0.031579,0.035530,1.507726,-0.005615,-0.000977,-0.002686,0,0,0,0,3000,3000,3000,3000,0,242,-355,0-20,0,0,0
94.920471,1.117188,-2.738281,0.000000,0.000000,-0.009998,0.012194,-0.031579,0.035530,1.507726,0.006592,-0.001465,-0.001221,0,0,0,0,3000,3000,3000,3000,0,234,-355,0-20,0,0,0
94.922424,1.117188,-2.738281,0.000000,0.000000,-0.009998,0.012228,-0.031579,0.035530,1.507726,-0.005615,-0.003174,-0.001221,0,0,0,0,3000,3000,3000,3000,0,242,-353,0-20,0,0,0
94.924377,1.117188,-2.738281,0.000000,0.000000,-0.009998,0.012386,-0.031579,0.035530,1.507726,0.002441,0.002197,-0.000732,0,0,0,0,3000,3000,3000,3000,0,236,-358,0-20,0,0,0
94.926338,1.117188,-2.738281,0.000000,0.000000,-0.009998,0.012503,-0.031579,0.035530,1.507726,-0.002930,-0.000977,0.000488,0,0,0,0,3000,3000,3000,3000,0,240,-355,0-20,0,0,0
94.928284,1.117188,-2.738281,0.000000,0.000000,-0.009998,0.012682,-0.031579,0.035530,1.507726,0.000244,0.000977,0.003174,0,0,0,0,3000,3000,3000,3000,0,238,-357,0-20,0,0,0
94.930237,1.117188,-2.738281,0.000000,0.000000,-0.009998,0.012833,-0.031579,0.035530,1.507726,0.010498,0.000977,0.001465,0,0,0,0,3000,3000,3000,3000,0,230,-357,0-20,0,0,0
94.932190,1.117188,-2.738281,0.000000,0.000000,-0.009998,0.012987,-0.031579,0.035530,1.507726,-0.004883,-0.000488,-0.001221,0,0,0,0,3000,3000,3000,3000,0,241,-356,0-20,0,0,0
94.934143,1.117188,-2.738281,0.000000,0.000000,-0.009998,0.013262,-0.031579,0.035530,1.507726,0.005127,-0.000488,0.000977,0,0,0,0,3000,3000,3000,3000,0,233,-356,0-20,0,0,0
94.936096,1.117188,-2.738281,0.000000,0.000000,-0.009998,0.013472,-0.031579,0.035530,1.507726,-0.001709,-0.002686,0.000977,0,0,0,0,3000,3000,3000,3000,0,238,-353,0-20,0,0,0
94.938057,1.117188,-2.738281,0.000000,0.000000,-0.009998,0.013489,-0.031579,0.035530,1.507726,-0.001709,-0.001465,-0.000732,0,0,0,0,3000,3000,3000,3000,0,238,-354,0-20,0,0,0
94.940002,1.117188,-2.738281,0.000000,0.000000,-0.009998,0.013645,-0.031579,0.035530,1.507726,0.000244,0.001709,0.001465,0,0,0,0,3000,3000,3000,3000,0,237,-357,0-20,0,0,0
94.941956,1.117188,-2.738281,0.000000,0.000000,-0.009998,0.013678,-0.031579,0.035530,1.507726,-0.004883,0.000488,-0.000488,0,0,0,0,3000,3000,3000,3000,0,241,-356,0-20,0,0,0
94.943909,1.117188,-2.738281,0.000000,0.000000,-0.009998,0.013758,-0.031579,0.035530,1.507726,0.001953,-0.000977,0.000000,0,0,0,0,3000,3000,3000,3000,0,236,-355,0-20,0,0,0
94.945862,1.117188,-2.738281,0.000000,0.000000,-0.009998,0.013844,-0.031579,0.035530,1.507726,-0.004883,-0.000488,0.000977,0,0,0,0,3000,3000,3000,3000,0,241,-355,0-20,0,0,0
94.947815,1.117188,-2.738281,0.000000,0.000000,-0.009998,0.014008,-0.031579,0.035530,1.507726,0.005615,0.000000,-0.000732,0,0,0,0,3000,3000,3000,3000,0,234,-356,0-20,0,0,0
94.949768,1.117188,-2.738281,0.000000,0.000000,-0.009998,0.014240,-0.031579,0.035530,1.507726,0.004639,-0.000488,0.000000,0,0,0,0,3000,3000,3000,3000,0,234,-355,0-20,0,0,0
94.951721,1.117188,-2.738281,0.000000,0.000000,-0.009998,0.018351,-0.031579,0.035530,1.507726,-0.006104,-0.000488,-0.002197,0,0,0,0,3000,3000,3000,3000,0,241,-355,0-20,0,0,0
94.953682,1.117188,-2.738281,0.000000,0.000000,-0.009998,0.018637,-0.031579,0.035530,1.507726,0.003418,-0.001465,0.002686,0,0,0,0,3000,3000,3000,3000,0,235,-354,0-20,0,0,0
94.955635,1.117188,-2.738281,0.000000,-0.049999,-0.119999,0.018650,-0.031579,0.035530,1.507726,-0.007568,-0.001465,-0.000732,0,0,0,0,3000,3000,3000,3000,0,243,-354,0-20,0,0,0
94.957581,1.117188,-2.738281,0.000000,-0.049999,-0.119999,0.012573,-0.031579,0.035530,1.507726,0.001953,-0.000488,0.001465,0,0,0,0,3000,3000,3000,3000,0,236,-355,0-20,0,0,0
94.959534,1.117188,-2.738281,0.000000,-0.049999,-0.119999,0.012520,-0.031579,0.035530,1.507726,0.000244,0.002197,-0.000732,0,0,0,0,3000,3000,3000,3000,0,238,-358,0-20,0,0,0
94.961487,1.117188,-2.738281,0.000000,-0.049999,-0.119999,0.012451,-0.031579,0.035530,1.507726,-0.004395,0.000000,-0.003174,0,0,0,0,3000,3000,3000,3000,0,241,-356,0-20,0,0,0
94.963440,1.117188,-2.738281,0.000000,-0.049999,-0.119999,0.012348,-0.031579,0.035530,1.507726,0.004639,0.000488,0.002197,0,0,0,0,3000,3000,3000,3000,0,235,-356,0-20,0,0,0
94.965393,1.117188,-2.738281,0.000000,-0.049999,-0.119999,0.012337,-0.031579,0.035530,1.507726,-0.005615,0.003174,-0.001221,0,0,0,0,3000,3000,3000,3000,0,242,-359,0-20,0,0,0
94.967346,1.117188,-2.738281,0.000000,-0.049999,-0.119999,0.012421,-0.031579,0.035530,1.507726,0.003418,-0.001465,0.000000,0,0,0,0,3000,3000,3000,3000,0,236,-355,0-20,0,0,0
94.969299,1.117188,-2.738281,0.000000,-0.049999,-0.119999,0.012613,-0.031579,0.035530,1.507726,-0.001221,0.002197,-0.001709,0,0,0,0,3000,3000,3000,3000,0,239,-359,0-20,0,0,0
94.971260,1.117188,-2.738281,0.000000,-0.049999,-0.119999,0.012690,-0.031579,0.035530,1.507726,-0.001709,-0.003174,0.000488,0,0,0,0,3000,3000,3000,3000,0,239,-354,0-20,0,0,0
94.973206,1.117188,-2.738281,0.000000,-0.049999,-0.119999,0.012871,-0.031579,0.035530,1.507726,0.006104,-0.003174,0.000488,0,0,0,0,3000,3000,3000,3000,0,233,-353,0-20,0,0,0
94.975159,1.117188,-2.738281,0.000000,-0.049999,-0.119999,0.012959,-0.031579,0.035530,1.507726,-0.007568,-0.001465,-0.000732,0,0,0,0,3000,3000,3000,3000,0,243,-354,0-20,0,0,0
94.977112,1.117188,-2.738281,0.000000,-0.049999,-0.119999,0.013105,-0.031579,0.035530,1.507726,0.005615,0.000977,0.003174,0,0,0,0,3000,3000,3000,3000,0,234,-357,0-20,0,0,0
94.979065,1.117188,-2.738281,0.000000,-0.049999,-0.119999,0.013374,-0.031579,0.035530,1.507726,-0.002930,-0.000488,0.003174,0,0,0,0,3000,3000,3000,3000,0,240,-355,0-20,0,0,0
94.981018,1.117188,-2.738281,0.000000,-0.049999,-0.119999,0.013374,-0.031579,0.035530,1.507726,-0.000732,-0.000977,-0.000488,0,0,0,0,3000,3000,3000,3000,0,238,-355,0-20,0,0,0
94.982979,1.117188,-2.738281,0.000000,-0.049999,-0.119999,0.013407,-0.031579,0.035530,1.507726,0.002930,0.000977,-0.000732,0,0,0,0,3000,3000,3000,3000,0,236,-357,0-20,0,0,0
94.984924,1.117188,-2.738281,0.000000,-0.049999,-0.119999,0.013451,-0.031579,0.035530,1.507726,-0.002930,-0.001465,-0.000732,0,0,0,0,3000,3000,3000,3000,0,240,-354,0-20,0,0,0
94.986877,1.117188,-2.738281,0.000000,-0.049999,-0.119999,0.013659,-0.031579,0.035530,1.507726,0.005615,0.000488,0.003174,0,0,0,0,3000,3000,3000,3000,0,233,-356,0-20,0,0,0
94.988831,1.117188,-2.738281,0.000000,-0.049999,-0.119999,0.013849,-0.031579,0.035530,1.507726,-0.003906,0.004150,0.003174,0,0,0,0,3000,3000,3000,3000,0,240,-360,0-20,0,0,0
94.990784,1.117188,-2.738281,0.000000,-0.049999,-0.119999,0.013866,-0.031579,0.035530,1.507726,0.001953,-0.002197,-0.002197,0,0,0,0,3000,3000,3000,3000,0,236,-354,0-20,0,0,0
94.992737,1.117188,-2.738281,0.000000,-0.049999,-0.119999,0.013998,-0.031579,0.035530,1.507726,0.001953,0.000488,0.000977,0,0,0,0,3000,3000,3000,3000,0,236,-357,0-20,0,0,0
94.994690,1.117188,-2.738281,0.000000,-0.049999,-0.119999,0.013863,-0.031579,0.035530,1.507726,-0.007080,-0.000488,-0.001221,0,0,0,0,3000,3000,3000,3000,0,242,-356,0-20,0,0,0
94.996643,1.117188,-2.738281,0.000000,-0.049999,-0.119999,0.013952,-0.031579,0.035530,1.507726,0.005615,0.000000,0.002197,0,0,0,0,3000,3000,3000,3000,0,234,-356,0-20,0,0,0
94.998596,1.117188,-2.738281,0.000000,-0.049999,-0.119999,0.013918,-0.031579,0.035530,1.507726,-0.002441,0.000488,0.000488,0,0,0,0,3000,3000,3000,3000,0,239,-357,0-20,0,0,0
95.000549,1.117188,-2.738281,0.000000,-0.049999,-0.119999,0.014051,-0.031579,0.035530,1.507726,0.001465,0.000000,0.002686,0,0,0,0,3000,3000,3000,3000,0,236,-356,0-20,0,0,0
95.002502,1.117188,-2.738281,0.000000,-0.049999,-0.119999,0.014057,-0.031579,0.035530,1.507726,-0.004883,-0.000488,-0.001709,0,0,0,0,3000,3000,3000,3000,0,241,-356,0-20,0,0,0
95.004456,1.117188,-2.738281,0.000000,-0.049999,-0.119999,0.014099,-0.031579,0.035530,1.507726,-0.001709,0.001709,-0.005859,0,0,0,0,3000,3000,3000,3000,0,239,-358,0-20,0,0,0
95.006409,1.117188,-2.738281,0.000000,-0.049999,-0.119999,0.014050,-0.031579,0.035530,1.507726,0.008789,-0.000488,0.000000,0,0,0,0,3000,3000,3000,3000,0,232,-356,0-20,0,0,0
95.008369,1.117188,-2.738281,0.000000,-0.049999,-0.119999,0.014059,-0.031579,0.035530,1.507726,-0.008301,0.000000,0.000488,0,0,0,0,3000,3000,3000,3000,0,243,-356,0-20,0,0,0
95.010315,1.117188,-2.738281,0.000000,-0.049999,-0.119999,0.014107,-0.031579,0.035530,1.507726,0.002441,-0.002197,0.000488,0,0,0,0,3000,3000,3000,3000,0,236,-354,0-20,0,0,0
95.012268,1.117188,-2.738281,0.000000,-0.049999,-0.119999,0.014362,-0.031579,0.035530,1.507726,-0.002930,-0.000977,-0.002686,0,0,0,0,3000,3000,3000,3000,0,240,-355,0-20,0,0,0
95.014221,1.117188,-2.738281,0.000000,-0.049999,-0.119999,0.014389,-0.031579,0.035530,1.507726,-0.000244,0.000977,0.001465,0,0,0,0,3000,3000,3000,3000,0,238,-357,0-20,0,0,0
95.016182,1.117188,-2.738281,0.000000,-0.049999,-0.119999,0.014408,-0.031579,0.035530,1.507726,0.005615,-0.000977,0.000977,0,0,0,0,3000,3000,3000,3000,0,234,-355,0-20,0,0,0
95.018127,1.117188,-2.738281,0.000000,-0.049999,-0.119999,0.014256,-0.031579,0.035530,1.507726,-0.006104,0.000000,-0.002686,0,0,0,0,3000,3000,3000,3000,0,242,-356,0-20,0,0,0
95.020088,1.117188,-2.738281,0.000000,-0.049999,-0.119999,0.014185,-0.031527,0.035543,1.507748,0.004639,-0.000977,0.002686,0,0,0,0,3000,3000,3000,3000,0,234,-355,0-20,0,0,0
95.022034,1.117188,-2.738281,0.000000,-0.049999,-0.119999,0.014269,-0.031579,0.035530,1.507726,-0.006104,0.001709,0.002197,0,0,0,0,3000,3000,3000,3000,0,242,-358,0-20,0,0,0
95.023987,1.117188,-2.738281,0.000000,-0.049999,-0.119999,0.014296,-0.031579,0.035530,1.507726,0.005127,0.000977,0.000488,0,0,0,0,3000,3000,3000,3000,0,234,-357,0-20,0,0,0
95.025940,1.117188,-2.738281,0.000000,-0.049999,-0.119999,0.014469,-0.031579,0.035530,1.507726,-0.000732,0.001709,0.000000,0,0,0,0,3000,3000,3000,3000,0,238,-358,0-20,0,0,0
95.027901,1.117188,-2.738281,0.000000,-0.049999,-0.119999,0.014568,-0.031579,0.035530,1.507726,-0.004883,0.003174,-0.000488,0,0,0,0,3000,3000,3000,3000,0,241,-360,0-20,0,0,0
95.029846,1.117188,-2.738281,0.000000,-0.049999,-0.119999,0.013958,-0.031579,0.035530,1.507726,0.006592,-0.000488,0.000977,0,0,0,0,3000,3000,3000,3000,0,233,-356,0-20,0,0,0
95.031799,1.117188,-2.738281,0.000000,-0.049999,-0.119999,0.013847,-0.031579,0.035530,1.507726,-0.004395,-0.002197,-0.001221,0,0,0,0,3000,3000,3000,3000,0,241,-355,0-20,0,0,0
95.033760,1.117188,-2.738281,0.000000,-0.049999,-0.119999,0.013794,-0.031579,0.035530,1.507726,0.005615,0.000000,-0.001709,0,0,0,0,3000,3000,3000,3000,0,234,-356,0-20,0,0,0
95.035706,1.117188,-2.738281,0.000000,-0.049999,-0.119999,0.013876,-0.031579,0.035530,1.507726,0.000977,-0.002686,-0.001221,0,0,0,0,3000,3000,3000,3000,0,237,-354,0-20,0,0,0
95.037659,1.117188,-2.738281,0.000000,-0.049999,-0.119999,0.014105,-0.031579,0.035530,1.507726,-0.002930,-0.002197,-0.002197,0,0,0,0,3000,3000,3000,3000,0,239,-354,0-20,0,0,0
95.039612,1.117188,-2.738281,0.000000,-0.049999,-0.119999,0.014265,-0.031579,0.035530,1.507726,0.003418,0.001709,-0.000488,0,0,0,0,3000,3000,3000,3000,0,235,-357,0-20,0,0,0
95.041580,1.117188,-2.738281,0.000000,-0.049999,-0.119999,0.014385,-0.031579,0.035530,1.507726,-0.004395,0.000000,-0.001709,0,0,0,0,3000,3000,3000,3000,0,240,-356,0-20,0,0,0
95.043518,1.117188,-2.738281,0.000000,-0.049999,-0.119999,0.014488,-0.031579,0.035530,1.507726,0.005127,0.000488,0.001465,0,0,0,0,3000,3000,3000,3000,0,234,-356,0-20,0,0,0
95.045471,1.117188,-2.738281,0.000000,-0.049999,-0.119999,0.014671,-0.031579,0.035530,1.507726,-0.002930,0.000977,0.000977,0,0,0,0,3000,3000,3000,3000,0,239,-357,0-20,0,0,0
95.047424,1.117188,-2.738281,0.000000,-0.049999,-0.119999,0.014711,-0.031579,0.035530,1.507726,0.001465,0.000000,0.000977,0,0,0,0,3000,3000,3000,3000,0,236,-356,0-20,0,0,0
95.049377,1.117188,-2.738281,0.000000,-0.049999,-0.119999,0.014893,-0.031579,0.035530,1.507726,0.004639,-0.000977,0.001465,0,0,0,0,3000,3000,3000,3000,0,234,-355,0-20,0,0,0
95.051331,1.117188,-2.738281,0.000000,-0.049999,-0.119999,0.014885,-0.031579,0.035530,1.507726,-0.007568,-0.002686,0.000488,0,0,0,0,3000,3000,3000,3000,0,243,-353,0-20,0,0,0
95.053284,1.117188,-2.738281,0.000000,-0.049999,-0.119999,0.014984,-0.031579,0.035530,1.507726,0.006104,-0.002197,0.000000,0,0,0,0,3000,3000,3000,3000,0,233,-354,0-20,0,0,0
95.055237,1.117188,-2.738281,0.000000,-0.049999,-0.119999,0.015032,-0.031579,0.035530,1.507726,-0.006592,0.000488,0.000488,0,0,0,0,3000,3000,3000,3000,0,242,-356,0-20,0,0,0
95.057190,1.117188,-2.738281,0.000000,-0.049999,-0.119999,0.014982,-0.031579,0.035530,1.507726,0.004639,0.002197,0.000977,0,0,0,0,3000,3000,3000,3000,0,234,-358,0-20,0,0,0
95.059143,1.117188,-2.738281,0.000000,-0.049999,-0.119999,0.015186,-0.031579,0.035530,1.507726,-0.000244,-0.003174,0.001465,0,0,0,0,3000,3000,3000,3000,0,238,-353,0-20,0,0,0
95.061104,1.117188,-2.738281,0.000000,-0.049999,-0.119999,0.015280,-0.031579,0.035530,1.507726,-0.006592,0.002686,-0.001709,0,0,0,0,3000,3000,3000,3000,0,242,-358,0-20,0,0,0
95.063049,1.117188,-2.738281,0.000000,-0.049999,-0.119999,0.015375,-0.031579,0.035530,1.507726,0.005127,-0.000488,0.003662,0,0,0,0,3000,3000,3000,3000,0,234,-355,0-20,0,0,0
95.065002,1.117188,-2.738281,0.000000,-0.049999,-0.119999,0.015471,-0.031579,0.035530,1.507726,-0.000732,-0.005859,-0.003174,0,0,0,0,3000,3000,3000,3000,0,238,-350,0-20,0,0,0
95.066956,1.117188,-2.738281,0.000000,-0.049999,-0.119999,0.015451,-0.031579,0.035530,1.507726,0.007324,-0.003174,-0.000732,0,0,0,0,3000,3000,3000,3000,0,232,-352,0-20,0,0,0
95.068909,1.117188,-2.738281,0.000000,-0.049999,-0.119999,0.015835,-0.031579,0.035530,1.507726,-0.004395,0.003174,0.003174,0,0,0,0,3000,3000,3000,3000,0,240,-358,0-20,0,0,0
95.070862,1.117188,-2.738281,0.000000,-0.049999,-0.119999,0.015783,-0.031579,0.035530,1.507726,-0.008301,0.002197,-0.003906,0,0,0,0,3000,3000,3000,3000,0,243,-357,0-20,0,0,0
95.072823,1.117188,-2.738281,0.000000,-0.049999,-0.119999,0.015770,-0.031579,0.035530,1.507726,0.006104,-0.000977,-0.000488,0,0,0,0,3000,3000,3000,3000,0,234,-355,0-20,0,0,0
95.074768,1.117188,-2.738281,0.000000,-0.049999,-0.119999,0.016119,-0.031579,0.035530,1.507726,-0.011475,0.012207,0.002686,0,0,0,0,3000,3000,3000,3000,0,246,-368,0-20,0,0,0
95.076721,1.117188,-2.738281,0.000000,-0.049999,-0.119999,0.016253,-0.031579,0.035530,1.507726,0.012451,-0.004883,0.004639,0,0,0,0,3000,3000,3000,3000,0,230,-352,0-20,0,0,0
95.078682,1.117188,-2.738281,0.000000,-0.049999,-0.119999,0.016068,-0.031579,0.035530,1.507726,-0.012451,0.003174,0.005371,0,0,0,0,3000,3000,3000,3000,0,247,-360,0-20,0,0,0
95.080627,1.117188,-2.738281,0.000000,-0.049999,-0.119999,0.016359,-0.031579,0.035530,1.507726,0.008301,0.003662,0.000488,0,0,0,0,3000,3000,3000,3000,0,232,-361,0-20,0,0,0
95.082581,1.117188,-2.738281,0.000000,-0.049999,-0.119999,0.016329,-0.031579,0.035530,1.507726,0.008789,-0.008545,0.000977,0,0,0,0,3000,3000,3000,3000,0,232,-349,0-20,0,0,0
95.084534,1.117188,-2.738281,0.000000,-0.049999,-0.119999,0.016085,-0.031579,0.035530,1.507726,-0.014648,0.006836,0.004150,0,0,0,0,3000,3000,3000,3000,0,248,-363,0-20,0,0,0
95.086487,1.117188,-2.738281,0.000000,-0.049999,-0.119999,0.016184,-0.031579,0.035530,1.507726,0.010010,-0.003662,-0.003174,0,0,0,0,3000,3000,3000,3000,0,231,-353,0-20,0,0,0
95.088440,1.117188,-2.738281,0.000000,-0.049999,-0.119999,0.016121,-0.031579,0.035530,1.507726,-0.002441,-0.002686,0.000488,0,0,0,0,3000,3000,3000,3000,0,239,-354,0-20,0,0,0
95.090393,1.117188,-2.738281,0.000000,-0.049999,-0.119999,0.016088,-0.031579,0.035530,1.507726,-0.006104,0.000488,0.000488,0,0,0,0,3000,3000,3000,3000,0,242,-357,0-20,0,0,0
95.092346,1.117188,-2.738281,0.000000,-0.049999,-0.119999,0.016275,-0.031579,0.035530,1.507726,0.015137,-0.006836,-0.000488,0,0,0,0,3000,3000,3000,3000,0,227,-349,0-20,0,0,0
95.094307,1.117188,-2.738281,0.000000,-0.049999,-0.119999,0.016346,-0.031579,0.035530,1.507726,-0.008301,0.000000,-0.002197,0,0,0,0,3000,3000,3000,3000,0,243,-355,0-20,0,0,0
95.096252,1.117188,-2.738281,0.000000,-0.049999,-0.119999,0.016376,-0.031579,0.035530,1.507726,0.004639,0.002197,-0.001709,0,0,0,0,3000,3000,3000,3000,0,234,-357,0-20,0,0,0
95.098206,1.117188,-2.738281,0.000000,-0.049999,-0.119999,0.016573,-0.031579,0.035530,1.507726,-0.009766,-0.009033,-0.000732,0,0,0,0,3000,3000,3000,3000,0,244,-347,0-20,0,0,0
95.100159,1.117188,-2.738281,0.000000,-0.049999,-0.119999,0.016338,-0.031579,0.035530,1.507726,0.004150,0.004150,-0.001221,0,0,0,0,3000,3000,3000,3000,0,235,-359,0-20,0,0,0
95.102112,1.117188,-2.738281,0.000000,-0.049999,-0.119999,0.016668,-0.031579,0.035530,1.507726,-0.008789,0.001709,0.000000,0,0,0,0,3000,3000,3000,3000,0,244,-357,0-20,0,0,0
95.104065,1.117188,-2.738281,0.000000,-0.049999,-0.119999,0.016762,-0.031640,0.035530,1.507726,-0.007568,0.000000,-0.004395,0,0,0,0,3000,3000,3000,3000,0,244,-355,0-20,0,0,0
95.106026,1.117188,-2.738281,0.000000,-0.049999,-0.119999,0.016647,-0.031640,0.035530,1.507726,0.011475,0.004883,-0.001221,0,0,0,0,3000,3000,3000,3000,0,231,-360,0-20,0,0,0
95.107971,1.117188,-2.738281,0.000000,-0.049999,-0.119999,0.008078,-0.031640,0.035530,1.507726,0.001465,0.003174,-0.002686,0,0,0,0,3000,3000,3000,3000,0,238,-359,0-20,0,0,0
95.109924,1.117188,-2.738281,0.000000,-0.049999,-0.119999,0.007790,-0.031640,0.035530,1.507726,0.010986,0.000977,0.000977,0,0,0,0,3000,3000,3000,3000,0,230,-357,0-20,0,0,0
95.111877,1.117188,-2.738281,0.000000,-0.049999,-0.119999,0.008018,-0.031640,0.035530,1.507726,-0.006104,0.002686,-0.000732,0,0,0,0,3000,3000,3000,3000,0,242,-359,0-20,0,0,0
95.113831,1.117188,-2.738281,0.000000,-0.049999,-0.119999,0.008127,-0.031640,0.035530,1.507726,0.004639,-0.000977,-0.002197,0,0,0,0,3000,3000,3000,3000,0,234,-356,0-20,0,0,0
95.115784,1.117188,-2.738281,0.000000,-0.049999,-0.119999,0.008163,-0.031640,0.035530,1.507726,0.003418,-0.004150,0.003174,0,0,0,0,3000,3000,3000,3000,0,235,-353,0-20,0,0,0
95.117737,1.117188,-2.738281,0.000000,-0.049999,-0.119999,0.008076,-0.031640,0.035530,1.507726,-0.014160,-0.003174,0.003174,0,0,0,0,3000,3000,3000,3000,0,247,-353,0-20,0,0,0
95.119690,1.117188,-2.738281,0.000000,-0.049999,-0.119999,0.008106,-0.031640,0.035530,1.507726,0.010498,-0.002197,0.001465,0,0,0,0,3000,3000,3000,3000,0,230,-353,0-20,0,0,0
95.121643,1.117188,-2.738281,0.000000,-0.049999,-0.119999,0.008072,-0.031640,0.035530,1.507726,-0.010742,0.000977,0.000488,0,0,0,0,3000,3000,3000,3000,0,246,-356,0-20,0,0,0
95.123596,1.117188,-2.738281,0.000000,-0.049999,-0.119999,0.008129,-0.031640,0.035530,1.507726,-0.009766,-0.002197,0.001465,0,0,0,0,3000,3000,3000,3000,0,245,-353,0-20,0,0,0
95.125549,1.117188,-2.738281,0.000000,-0.049999,-0.119999,0.008177,-0.031640,0.035530,1.507726,0.004639,-0.002197,0.002197,0,0,0,0,3000,3000,3000,3000,0,236,-353,0-20,0,0,0
95.127510,1.117188,-2.738281,0.000000,-0.049999,-0.119999,0.008535,-0.031640,0.035530,1.507726,-0.012451,0.002197,-0.002686,0,0,0,0,3000,3000,3000,3000,0,248,-357,0-20,0,0,0
95.129456,1.117188,-2.738281,0.000000,-0.049999,-0.119999,0.008415,-0.031640,0.035530,1.507726,0.005615,-0.002197,0.004639,0,0,0,0,3000,3000,3000,3000,0,236,-353,0-20,0,0,0
95.131416,1.117188,-2.738281,0.000000,-0.049999,-0.119999,0.008608,-0.031640,0.035530,1.507726,-0.004395,0.004150,0.000000,0,0,0,0,3000,3000,3000,3000,0,243,-359,0-20,0,0,0
95.133362,1.117188,-2.738281,0.000000,-0.049999,-0.119999,0.008656,-0.031640,0.035530,1.507726,0.008301,0.000977,-0.003174,0,0,0,0,3000,3000,3000,3000,0,233,-356,0-20,0,0,0
95.135315,1.117188,-2.738281,0.000000,-0.049999,-0.119999,0.008543,-0.031640,0.035530,1.507726,0.005615,-0.005371,0.000000,0,0,0,0,3000,3000,3000,3000,0,234,-351,0-20,0,0,0
95.137268,1.117188,-2.738281,0.000000,-0.049999,-0.119999,0.008640,-0.031640,0.035530,1.507726,-0.002930,-0.001465,-0.001709,0,0,0,0,3000,3000,3000,3000,0,240,-354,0-20,0,0,0
95.139229,1.117188,-2.738281,0.000000,-0.049999,-0.119999,0.008734,-0.031640,0.035530,1.507726,0.016357,0.001709,0.000488,0,0,0,0,3000,3000,3000,3000,0,226,-357,0-20,0,0,0
95.141174,1.117188,-2.738281,0.000000,-0.049999,-0.119999,0.008904,-0.031640,0.035530,1.507726,-0.011475,-0.003174,-0.000488,0,0,0,0,3000,3000,3000,3000,0,245,-352,0-20,0,0,0
95.143127,1.117188,-2.738281,0.000000,-0.049999,-0.119999,0.009089,-0.031640,0.035530,1.507726,0.000244,0.003662,-0.000488,0,0,0,0,3000,3000,3000,3000,0,237,-359,0-20,0,0,0
95.145081,1.117188,-2.738281,0.000000,-0.049999,-0.119999,0.009272,-0.031640,0.035530,1.507726,-0.001709,-0.000488,-0.000732,0,0,0,0,3000,3000,3000,3000,0,239,-355,0-20,0,0,0
95.147034,1.117188,-2.738281,0.000000,-0.049999,-0.119999,0.009428,-0.031640,0.035530,1.507726,-0.008301,-0.006836,-0.002197,0,0,0,0,3000,3000,3000,3000,0,244,-349,0-20,0,0,0
95.148987,1.117188,-2.738281,0.000000,-0.049999,-0.119999,0.009565,-0.031640,0.035530,1.507726,0.002930,-0.006348,-0.001221,0,0,0,0,3000,3000,3000,3000,0,236,-349,0-20,0,0,0
95.150948,1.117188,-2.738281,0.000000,-0.049999,-0.119999,0.009556,-0.031640,0.035530,1.507726,-0.009766,-0.001465,0.000488,0,0,0,0,3000,3000,3000,3000,0,245,-353,0-20,0,0,0
95.152893,1.117188,-2.738281,0.000000,-0.049999,-0.119999,0.009562,-0.031640,0.035530,1.507726,0.006104,-0.010010,-0.000732,0,0,0,0,3000,3000,3000,3000,0,234,-344,0-20,0,0,0
95.154846,1.117188,-2.738281,0.000000,-0.049999,-0.119999,0.009569,-0.031640,0.035530,1.507726,-0.002930,-0.003174,-0.000488,0,0,0,0,3000,3000,3000,3000,0,241,-350,0-20,0,0,0
95.156799,1.117188,-2.738281,0.000000,-0.049999,-0.119999,0.009630,-0.031640,0.035530,1.507726,0.000977,0.009521,0.002197,0,0,0,0,3000,3000,3000,3000,0,238,-362,0-20,0,0,0
95.158760,1.117188,-2.738281,0.000000,-0.049999,-0.119999,0.009598,-0.031640,0.035530,1.507726,0.010498,-0.001465,-0.001221,0,0,0,0,3000,3000,3000,3000,0,231,-353,0-20,0,0,0
95.160706,1.117188,-2.738281,0.000000,-0.049999,-0.119999,0.009766,-0.031640,0.035530,1.507726,0.000244,0.001709,0.001465,0,0,0,0,3000,3000,3000,3000,0,237,-356,0-20,0,0,0
95.162659,1.117188,-2.738281,0.000000,-0.049999,-0.119999,0.009953,-0.031640,0.035530,1.507726,0.006592,0.000000,0.000488,0,0,0,0,3000,3000,3000,3000,0,232,-355,0-20,0,0,0
95.164612,1.117188,-2.738281,0.000000,-0.049999,-0.119999,0.009859,-0.031640,0.035530,1.507726,0.005127,0.004150,0.000488,0,0,0,0,3000,3000,3000,3000,0,233,-359,0-20,0,0,0
95.166565,1.117188,-2.738281,0.000000,-0.049999,-0.119999,0.010178,-0.031640,0.035530,1.507726,-0.002930,0.005371,0.003174,0,0,0,0,3000,3000,3000,3000,0,238,-361,0-20,0,0,0
95.168526,1.117188,-2.738281,0.000000,-0.049999,-0.119999,0.010117,-0.031640,0.035530,1.507726,0.004150,0.006836,0.003662,0,0,0,0,3000,3000,3000,3000,0,233,-364,0-20,0,0,0
95.170471,1.117188,-2.738281,0.000000,-0.049999,-0.119999,0.010241,-0.031640,0.035530,1.507726,-0.008789,0.007568,-0.000732,0,0,0,0,3000,3000,3000,3000,0,243,-365,0-20,0,0,0
95.172424,1.117188,-2.738281,0.000000,-0.049999,-0.119999,0.010136,-0.031640,0.035530,1.507726,0.002930,-0.002197,0.000977,0,0,0,0,3000,3000,3000,3000,0,235,-357,0-20,0,0,0
95.174377,1.117188,-2.738281,0.000000,-0.049999,-0.119999,0.010286,-0.031640,0.035530,1.507726,-0.007568,-0.000488,-0.002197,0,0,0,0,3000,3000,3000,3000,0,243,-358,0-20,0,0,0
95.176331,1.117188,-2.738281,0.000000,-0.049999,-0.119999,0.010164,-0.031640,0.035530,1.507726,-0.004883,0.003174,0.000488,0,0,0,0,3000,3000,3000,3000,0,242,-361,0-20,0,0,0
95.178291,1.117188,-2.738281,0.000000,-0.049999,-0.119999,0.010313,-0.031640,0.035530,1.507726,0.002441,0.000488,-0.002686,0,0,0,0,3000,3000,3000,3000,0,237,-359,0-20,0,0,0
95.180244,1.117188,-2.738281,0.000000,-0.049999,-0.119999,0.010574,-0.031640,0.035530,1.507726,-0.003906,0.000977,-0.002686,0,0,0,0,3000,3000,3000,3000,0,241,-359,0-20,0,0,0
95.182190,1.117188,-2.738281,0.000000,-0.049999,-0.119999,0.010561,-0.031640,0.035530,1.507726,0.000977,-0.000488,0.000488,0,0,0,0,3000,3000,3000,3000,0,238,-357,0-20,0,0,0
95.184151,1.117188,-2.738281,0.000000,-0.049999,-0.119999,0.010708,-0.031640,0.035530,1.507726,-0.002441,-0.002686,-0.001709,0,0,0,0,3000,3000,3000,3000,0,240,-355,0-20,0,0,0
95.186096,1.117188,-2.750000,0.000000,-0.080000,-0.259998,0.009779,-0.031640,0.035530,1.507726,0.005127,-0.003662,0.000977,0,0,0,0,3000,3000,3000,3000,0,235,-353,0-20,0,0,0
95.188065,1.117188,-2.750000,0.000000,-0.080000,-0.259998,0.007872,-0.031640,0.035530,1.507726,0.001465,0.004150,0.002197,0,0,0,0,3000,3000,3000,3000,0,237,-360,0-20,0,0,0
95.190002,1.117188,-2.750000,0.000000,-0.080000,-0.259998,0.008129,-0.031640,0.035530,1.507726,0.002930,-0.000488,0.000000,0,0,0,0,3000,3000,3000,3000,0,236,-356,0-20,0,0,0
95.191956,1.117188,-2.750000,0.000000,-0.080000,-0.259998,0.008329,-0.031640,0.035530,1.507726,-0.002441,0.000000,0.001465,0,0,0,0,3000,3000,3000,3000,0,239,-356,0-20,0,0,0
95.193924,1.117188,-2.750000,0.000000,-0.080000,-0.259998,0.008314,-0.031640,0.035530,1.507726,-0.002441,-0.000977,-0.002686,0,0,0,0,3000,3000,3000,3000,0,240,-355,0-20,0,0,0
95.195869,1.117188,-2.750000,0.000000,-0.080000,-0.259998,0.008486,-0.031640,0.035530,1.507726,0.000977,0.000488,-0.001709,0,0,0,0,3000,3000,3000,3000,0,237,-356,0-20,0,0,0
95.197823,1.117188,-2.750000,0.000000,-0.080000,-0.259998,0.008621,-0.031640,0.035530,1.507726,-0.003418,-0.003174,-0.001709,0,0,0,0,3000,3000,3000,3000,0,241,-353,0-20,0,0,0
95.199776,1.117188,-2.738281,0.000000,0.009998,-0.019999,0.008390,-0.031640,0.035530,1.507726,0.000244,-0.001465,-0.002197,0,0,0,0,3000,3000,3000,3000,0,238,-354,0-20,0,0,0
95.201721,1.117188,-2.738281,0.000000,0.009998,-0.019999,0.008827,-0.031640,0.035530,1.507726,-0.005615,-0.002197,-0.001221,0,0,0,0,3000,3000,3000,3000,0,242,-353,0-20,0,0,0
95.203674,1.117188,-2.738281,0.000000,0.009998,-0.019999,0.008999,-0.031640,0.035530,1.507726,0.001465,0.000000,0.000000,0,0,0,0,3000,3000,3000,3000,0,238,-355,0-20,0,0,0
95.205627,1.117188,-2.738281,0.000000,0.009998,-0.019999,0.009264,-0.031640,0.035530,1.507726,0.001953,-0.003662,0.000977,0,0,0,0,3000,3000,3000,3000,0,237,-351,0-20,0,0,0
95.207588,1.117188,-2.738281,0.000000,0.009998,-0.019999,0.009241,-0.031640,0.035530,1.507726,-0.006592,-0.002197,0.000000,0,0,0,0,3000,3000,3000,3000,0,243,-352,0-20,0,0,0
95.209534,1.117188,-2.738281,0.000000,0.009998,-0.019999,0.009476,-0.031640,0.035530,1.507726,0.009277,-0.001465,0.001465,0,0,0,0,3000,3000,3000,3000,0,232,-353,0-20,0,0,0
95.211487,1.117188,-2.738281,0.000000,0.009998,-0.019999,0.009565,-0.031640,0.035530,1.507726,-0.000732,-0.003174,0.000000,0,0,0,0,3000,3000,3000,3000,0,239,-351,0-20,0,0,0
95.213440,1.117188,-2.738281,0.000000,0.009998,-0.019999,0.009546,-0.031640,0.035530,1.507726,0.003418,0.000000,-0.002197,0,0,0,0,3000,3000,3000,3000,0,235,-354,0-20,0,0,0
95.215393,1.117188,-2.738281,0.000000,0.009998,-0.019999,0.009783,-0.031640,0.035530,1.507726,0.004150,-0.003174,-0.000732,0,0,0,0,3000,3000,3000,3000,0,234,-351,0-20,0,0,0
95.217346,1.117188,-2.738281,0.000000,0.009998,-0.019999,0.009752,-0.031640,0.035530,1.507726,-0.004395,-0.000977,-0.002197,0,0,0,0,3000,3000,3000,3000,0,240,-353,0-20,0,0,0
95.219299,1.117188,-2.738281,0.000000,0.009998,-0.019999,0.009796,-0.031640,0.035530,1.507726,0.002930,-0.004150,-0.001709,0,0,0,0,3000,3000,3000,3000,0,235,-350,0-20,0,0,0
95.221252,1.117188,-2.738281,0.000000,0.009998,-0.019999,0.009928,-0.031640,0.035530,1.507726,-0.002441,0.000977,0.001465,0,0,0,0,3000,3000,3000,3000,0,239,-355,0-20,0,0,0
95.223206,1.117188,-2.738281,0.000000,0.009998,-0.019999,0.009834,-0.031640,0.035530,1.507726,-0.003906,0.000488,-0.001221,0,0,0,0,3000,3000,3000,3000,0,240,-354,0-20,0,0,0
95.225159,1.117188,-2.738281,0.000000,0.009998,-0.019999,0.009893,-0.031640,0.035530,1.507726,0.002930,0.002686,-0.000488,0,0,0,0,3000,3000,3000,3000,0,236,-357,0-20,0,0,0
95.227112,1.117188,-2.738281,0.000000,0.009998,-0.019999,0.009747,-0.031640,0.035530,1.507726,-0.009277,-0.000977,-0.002686,0,0,0,0,3000,3000,3000,3000,0,245,-354,0-20,0,0,0
95.229073,1.117188,-2.738281,0.000000,0.009998,-0.019999,0.009783,-0.031640,0.035530,1.507726,0.008789,0.002197,0.000000,0,0,0,0,3000,3000,3000,3000,0,232,-357,0-20,0,0,0
95.231018,1.117188,-2.738281,0.000000,0.009998,-0.019999,0.010015,-0.031640,0.035530,1.507726,-0.006592,0.003662,-0.002197,0,0,0,0,3000,3000,3000,3000,0,243,-359,0-20,0,0,0
95.232971,1.117188,-2.738281,0.000000,0.009998,-0.019999,0.010046,-0.031640,0.035530,1.507726,0.002930,-0.000488,-0.000732,0,0,0,0,3000,3000,3000,3000,0,236,-356,0-20,0,0,0
95.234924,1.117188,-2.738281,0.000000,0.009998,-0.019999,0.010183,-0.031640,0.035530,1.507726,0.003418,-0.002197,0.003662,0,0,0,0,3000,3000,3000,3000,0,236,-354,0-20,0,0,0
95.236877,1.117188,-2.738281,0.000000,0.009998,-0.019999,0.010195,-0.031640,0.035530,1.507726,-0.003418,-0.002197,0.002686,0,0,0,0,3000,3000,3000,3000,0,240,-354,0-20,0,0,0
95.238831,1.117188,-2.738281,0.000000,0.009998,-0.019999,0.010368,-0.031579,0.035469,1.507726,0.008789,-0.003662,0.006348,0,0,0,0,3000,3000,3000,3000,0,231,-352,0-20,0,0,0
95.240791,1.117188,-2.738281,0.000000,0.009998,-0.019999,0.010359,-0.031579,0.035469,1.507726,-0.004883,-0.001465,0.003662,0,0,0,0,3000,3000,3000,3000,0,241,-353,0-20,0,0,0
95.242737,1.117188,-2.738281,0.000000,0.009998,-0.019999,0.010412,-0.031579,0.035469,1.507726,0.005127,-0.002686,-0.001709,0,0,0,0,3000,3000,3000,3000,0,233,-352,0-20,0,0,0
95.244690,1.117188,-2.738281,0.000000,0.009998,-0.019999,0.010668,-0.031579,0.035469,1.507726,0.000244,-0.003662,0.001465,0,0,0,0,3000,3000,3000,3000,0,237,-351,0-20,0,0,0
95.246643,1.117188,-2.738281,0.000000,0.009998,-0.019999,0.010775,-0.031579,0.035469,1.507726,-0.003418,-0.000488,-0.000732,0,0,0,0,3000,3000,3000,3000,0,239,-354,0-20,0,0,0
95.248604,1.117188,-2.738281,0.000000,0.009998,-0.019999,0.010967,-0.031579,0.035469,1.507726,0.004639,0.000488,0.000000,0,0,0,0,3000,3000,3000,3000,0,234,-355,0-20,0,0,0
95.250549,1.117188,-2.738281,0.000000,0.009998,-0.019999,0.010893,-0.031579,0.035469,1.507726,-0.008301,0.001709,-0.003906,0,0,0,0,3000,3000,3000,3000,0,243,-356,0-20,0,0,0
95.252502,1.117188,-2.738281,0.000000,0.009998,-0.019999,0.011045,-0.031579,0.035469,1.507726,0.006104,-0.000488,-0.001709,0,0,0,0,3000,3000,3000,3000,0,233,-355,0-20,0,0,0
95.254456,1.117188,-2.738281,0.000000,0.009998,-0.019999,0.011175,-0.031579,0.035469,1.507726,-0.004395,0.002686,-0.001221,0,0,0,0,3000,3000,3000,3000,0,241,-358,0-20,0,0,0
95.256409,1.117188,-2.738281,0.000000,0.009998,-0.019999,0.011328,-0.031579,0.035469,1.507726,0.000977,0.001709,-0.001709,0,0,0,0,3000,3000,3000,3000,0,237,-357,0-20,0,0,0
95.258369,1.117188,-2.738281,0.000000,0.009998,-0.019999,0.011522,-0.031579,0.035469,1.507726,0.000977,0.000488,0.000000,0,0,0,0,3000,3000,3000,3000,0,237,-356,0-20,0,0,0
95.260315,1.117188,-2.738281,0.000000,0.009998,-0.019999,0.011591,-0.031579,0.035469,1.507726,-0.004883,0.002197,-0.001221,0,0,0,0,3000,3000,3000,3000,0,241,-358,0-20,0,0,0
95.262268,1.117188,-2.738281,0.000000,0.009998,-0.019999,0.011724,-0.031579,0.035469,1.507726,0.004639,-0.001465,0.001465,0,0,0,0,3000,3000,3000,3000,0,235,-355,0-20,0,0,0
95.264221,1.117188,-2.738281,0.000000,0.009998,-0.019999,0.010622,-0.031579,0.035469,1.507726,-0.000732,0.000488,-0.001709,0,0,0,0,3000,3000,3000,3000,0,238,-357,0-20,0,0,0
95.266174,1.117188,-2.738281,0.000000,0.009998,-0.019999,0.010530,-0.031579,0.035469,1.507726,-0.000244,-0.001465,-0.000732,0,0,0,0,3000,3000,3000,3000,0,238,-355,0-20,0,0,0
95.268135,1.117188,-2.738281,0.000000,0.009998,-0.019999,0.010761,-0.031579,0.035469,1.507726,0.002930,-0.002686,0.000488,0,0,0,0,3000,3000,3000,3000,0,236,-353,0-20,0,0,0
95.270081,1.117188,-2.738281,0.000000,0.009998,-0.019999,0.010811,-0.031579,0.035469,1.507726,-0.003906,-0.004883,-0.001221,0,0,0,0,3000,3000,3000,3000,0,240,-351,0-20,0,0,0
95.272034,1.117188,-2.738281,0.000000,0.009998,-0.019999,0.010988,-0.031579,0.035469,1.507726,0.005127,-0.003662,-0.001221,0,0,0,0,3000,3000,3000,3000,0,234,-351,0-20,0,0,0
95.273994,1.117188,-2.738281,0.000000,0.009998,-0.019999,0.011087,-0.031579,0.035469,1.507726,-0.009277,0.000488,0.000488,0,0,0,0,3000,3000,3000,3000,0,244,-355,0-20,0,0,0
95.275940,1.117188,-2.738281,0.000000,0.009998,-0.019999,0.011257,-0.031579,0.035469,1.507726,0.002441,-0.001465,0.000000,0,0,0,0,3000,3000,3000,3000,0,236,-353,0-20,0,0,0
95.277893,1.117188,-2.738281,0.000000,0.009998,-0.019999,0.011457,-0.031579,0.035469,1.507726,0.000977,0.000000,0.000977,0,0,0,0,3000,3000,3000,3000,0,237,-355,0-20,0,0,0
95.279846,1.117188,-2.738281,0.000000,0.009998,-0.019999,0.011480,-0.031579,0.035469,1.507726,-0.003906,0.000000,-0.003174,0,0,0,0,3000,3000,3000,3000,0,241,-355,0-20,0,0,0
95.281799,1.117188,-2.738281,0.000000,0.009998,-0.019999,0.011591,-0.031579,0.035469,1.507726,0.009277,-0.000488,0.003174,0,0,0,0,3000,3000,3000,3000,0,231,-354,0-20,0,0,0
95.283752,1.117188,-2.738281,0.000000,0.009998,-0.019999,0.011518,-0.031579,0.035408,1.507726,-0.007568,-0.000977,0.003662,0,0,0,0,3000,3000,3000,3000,0,243,-354,0-20,0,0,0
95.285713,1.117188,-2.738281,0.000000,0.009998,-0.019999,0.011696,-0.031579,0.035408,1.507726,0.006592,-0.003174,0.004150,0,0,0,0,3000,3000,3000,3000,0,233,-351,0-20,0,0,0
95.287674,1.117188,-2.738281,0.000000,0.009998,-0.019999,0.011868,-0.031579,0.035408,1.507726,0.000977,-0.000488,0.003174,0,0,0,0,3000,3000,3000,3000,0,237,-354,0-20,0,0,0
95.289612,1.117188,-2.738281,0.000000,0.009998,-0.019999,0.011887,-0.031579,0.035408,1.507726,0.000244,0.002197,0.001465,0,0,0,0,3000,3000,3000,3000,0,237,-356,0-20,0,0,0
95.291565,1.117188,-2.738281,0.000000,0.009998,-0.019999,0.012262,-0.031579,0.035408,1.507726,0.002441,-0.002686,-0.001221,0,0,0,0,3000,3000,3000,3000,0,236,-352,0-20,0,0,0
95.293518,1.117188,-2.738281,0.000000,0.009998,-0.019999,0.012363,-0.031579,0.035408,1.507726,-0.004395,-0.002197,-0.004395,0,0,0,0,3000,3000,3000,3000,0,241,-352,0-20,0,0,0
95.295471,1.117188,-2.738281,0.000000,0.009998,-0.019999,0.012350,-0.031579,0.035408,1.507726,0.006592,0.001709,-0.003174,0,0,0,0,3000,3000,3000,3000,0,233,-356,0-20,0,0,0
95.297424,1.117188,-2.738281,0.000000,0.009998,-0.019999,0.012526,-0.031579,0.035408,1.507726,-0.005615,0.000000,-0.001709,0,0,0,0,3000,3000,3000,3000,0,242,-355,0-20,0,0,0
95.299377,1.117188,-2.738281,0.000000,0.009998,-0.019999,0.012400,-0.031579,0.035408,1.507726,-0.002930,-0.000488,-0.003906,0,0,0,0,3000,3000,3000,3000,0,240,-354,0-20,0,0,0
95.301331,1.117188,-2.738281,0.000000,0.009998,-0.019999,0.012442,-0.031579,0.035408,1.507726,0.002930,0.003662,0.002197,0,0,0,0,3000,3000,3000,3000,0,236,-358,0-20,0,0,0
95.303284,1.117188,-2.738281,0.000000,0.009998,-0.019999,0.012535,-0.031579,0.035408,1.507726,-0.006104,0.000000,-0.004395,0,0,0,0,3000,3000,3000,3000,0,243,-355,0-20,0,0,0
95.305237,1.117188,-2.738281,0.000000,0.009998,-0.019999,0.012854,-0.031579,0.035408,1.507726,0.005127,-0.002197,0.001465,0,0,0,0,3000,3000,3000,3000,0,235,-353,0-20,0,0,0
95.307190,1.117188,-2.738281,0.000000,0.009998,-0.019999,0.013002,-0.031579,0.035408,1.507726,-0.003906,-0.000977,-0.001709,0,0,0,0,3000,3000,3000,3000,0,241,-354,0-20,0,0,0
95.309143,1.117188,-2.738281,0.000000,0.009998,-0.019999,0.013119,-0.031579,0.035408,1.507726,0.001465,-0.000977,-0.002197,0,0,0,0,3000,3000,3000,3000,0,237,-354,0-20,0,0,0
95.311096,1.117188,-2.738281,0.000000,0.009998,-0.019999,0.013218,-0.031579,0.035408,1.507726,0.001465,0.003174,0.000977,0,0,0,0,3000,3000,3000,3000,0,237,-358,0-20,0,0,0
95.313049,1.117188,-2.738281,0.000000,0.009998,-0.019999,0.013494,-0.031579,0.035408,1.507726,-0.001221,-0.001465,0.000000,0,0,0,0,3000,3000,3000,3000,0,239,-354,0-20,0,0,0
95.315002,1.117188,-2.738281,0.000000,0.009998,-0.019999,0.013552,-0.031579,0.035408,1.507726,0.006104,-0.000488,0.002197,0,0,0,0,3000,3000,3000,3000,0,234,-355,0-20,0,0,0
95.316956,1.117188,-2.738281,0.000000,0.009998,-0.019999,0.013416,-0.031579,0.035408,1.507726,-0.002930,0.000000,0.000488,0,0,0,0,3000,3000,3000,3000,0,240,-355,0-20,0,0,0
95.318916,1.117188,-2.738281,0.000000,0.009998,-0.019999,0.013525,-0.031579,0.035408,1.507726,0.004150,0.000488,0.000977,0,0,0,0,3000,3000,3000,3000,0,235,-356,0-20,0,0,0
95.320862,1.117188,-2.738281,0.000000,0.009998,-0.019999,0.013649,-0.031579,0.035408,1.507726,0.001953,-0.000977,0.003662,0,0,0,0,3000,3000,3000,3000,0,236,-354,0-20,0,0,0
95.322815,1.117188,-2.738281,0.000000,0.009998,-0.019999,0.013632,-0.031579,0.035408,1.507726,-0.002930,-0.000488,0.000977,0,0,0,0,3000,3000,3000,3000,0,239,-355,0-20,0,0,0
95.324768,1.117188,-2.738281,0.000000,0.009998,-0.019999,0.013687,-0.031579,0.035408,1.507726,0.006104,0.000488,0.003174,0,0,0,0,3000,3000,3000,3000,0,233,-356,0-20,0,0,0
95.326721,1.117188,-2.738281,0.000000,0.009998,-0.019999,0.013687,-0.031579,0.035408,1.507726,-0.007568,-0.001465,-0.001709,0,0,0,0,3000,3000,3000,3000,0,243,-354,0-20,0,0,0
95.328682,1.117188,-2.738281,0.000000,0.009998,-0.019999,0.013750,-0.031579,0.035408,1.507726,0.007324,-0.000977,0.001465,0,0,0,0,3000,3000,3000,3000,0,232,-354,0-20,0,0,0
95.330635,1.117188,-2.738281,0.000000,0.009998,-0.019999,0.013960,-0.031579,0.035408,1.507726,-0.005615,-0.000488,0.000977,0,0,0,0,3000,3000,3000,3000,0,242,-354,0-20,0,0,0
95.332581,1.117188,-2.738281,0.000000,0.009998,-0.019999,0.014044,-0.031579,0.035408,1.507726,0.004639,-0.000488,-0.002686,0,0,0,0,3000,3000,3000,3000,0,234,-354,0-20,0,0,0
95.334534,1.117188,-2.738281,0.000000,0.009998,-0.019999,0.014124,-0.031579,0.035408,1.507726,0.002930,-0.000488,-0.000488,0,0,0,0,3000,3000,3000,3000,0,236,-354,0-20,0,0,0
95.336487,1.117188,-2.738281,0.000000,0.009998,-0.019999,0.013996,-0.031579,0.035408,1.507726,-0.005615,-0.002197,-0.001709,0,0,0,0,3000,3000,3000,3000,0,241,-353,0-20,0,0,0
95.338448,1.117188,-2.738281,0.000000,0.009998,-0.019999,0.014172,-0.031579,0.035408,1.507726,0.005615,-0.000977,0.001465,0,0,0,0,3000,3000,3000,3000,0,234,-354,0-20,0,0,0
95.340393,1.117188,-2.738281,0.000000,0.009998,-0.019999,0.014177,-0.031579,0.035408,1.507726,-0.008301,0.003174,-0.003174,0,0,0,0,3000,3000,3000,3000,0,244,-358,0-20,0,0,0
95.342346,1.117188,-2.738281,0.000000,0.009998,-0.019999,0.018585,-0.031579,0.035408,1.507726,-0.001221,0.002197,-0.003174,0,0,0,0,3000,3000,3000,3000,0,239,-357,0-20,0,0,0
95.344299,1.117188,-2.738281,0.000000,0.009998,-0.019999,0.018780,-0.031579,0.035408,1.507726,-0.002441,-0.001465,-0.000488,0,0,0,0,3000,3000,3000,3000,0,240,-354,0-20,0,0,0
95.346252,1.117188,-2.738281,0.000000,0.009998,-0.019999,0.018736,-0.031579,0.035408,1.507726,-0.003906,0.001709,-0.001709,0,0,0,0,3000,3000,3000,3000,0,242,-357,0-20,0,0,0
95.348206,1.117188,-2.738281,0.000000,0.009998,-0.019999,0.018820,-0.031579,0.035408,1.507726,0.007812,0.000488,-0.002686,0,0,0,0,3000,3000,3000,3000,0,233,-356,0-20,0,0,0
95.350159,1.117188,-2.738281,0.000000,0.009998,-0.019999,0.018925,-0.031579,0.035408,1.507726,-0.007080,0.000000,-0.002197,0,0,0,0,3000,3000,3000,3000,0,244,-355,0-20,0,0,0
95.352119,1.117188,-2.738281,0.000000,0.009998,-0.019999,0.018980,-0.031579,0.035408,1.507726,0.005127,-0.000488,0.000488,0,0,0,0,3000,3000,3000,3000,0,235,-355,0-20,0,0,0
95.354065,1.117188,-2.738281,0.000000,0.009998,-0.019999,0.019220,-0.031579,0.035408,1.507726,0.001465,0.000000,0.002197,0,0,0,0,3000,3000,3000,3000,0,237,-355,0-20,0,0,0
95.356026,1.117188,-2.750000,0.000000,-0.080000,-0.139999,0.019457,-0.031579,0.035408,1.507726,-0.001709,0.000488,-0.001709,0,0,0,0,3000,3000,3000,3000,0,239,-356,0-20,0,0,0
95.357979,1.117188,-2.738281,0.000000,0.109999,0.230000,0.014069,-0.031579,0.035408,1.507726,0.007812,-0.000977,0.002686,0,0,0,0,3000,3000,3000,3000,0,232,-354,0-20,0,0,0
95.359932,1.117188,-2.738281,0.000000,0.109999,0.230000,0.012386,-0.031579,0.035408,1.507726,-0.008789,0.000977,-0.000488,0,0,0,0,3000,3000,3000,3000,0,244,-356,0-20,0,0,0
95.361885,1.117188,-2.738281,0.000000,0.109999,0.230000,0.012560,-0.031579,0.035408,1.507726,0.005615,-0.000488,0.000977,0,0,0,0,3000,3000,3000,3000,0,234,-355,0-20,0,0,0
95.363838,1.117188,-2.738281,0.000000,0.109999,0.230000,0.012627,-0.031579,0.035408,1.507726,0.000977,-0.000977,0.003174,0,0,0,0,3000,3000,3000,3000,0,237,-354,0-20,0,0,0
95.365784,1.117188,-2.738281,0.000000,0.109999,0.230000,0.012684,-0.031579,0.035408,1.507726,0.001953,0.002197,0.000977,0,0,0,0,3000,3000,3000,3000,0,236,-357,0-20,0,0,0
95.367737,1.117188,-2.738281,0.000000,0.109999,0.230000,0.012733,-0.031579,0.035408,1.507726,0.002930,-0.000977,0.002686,0,0,0,0,3000,3000,3000,3000,0,235,-354,0-20,0,0,0
95.369690,1.117188,-2.738281,0.000000,0.109999,0.230000,0.012884,-0.031579,0.035408,1.507726,-0.003906,-0.001465,-0.000488,0,0,0,0,3000,3000,3000,3000,0,240,-354,0-20,0,0,0
95.371651,1.117188,-2.738281,0.000000,0.109999,0.230000,0.012875,-0.031579,0.035408,1.507726,0.004639,0.000977,0.002197,0,0,0,0,3000,3000,3000,3000,0,234,-356,0-20,0,0,0
95.373596,1.117188,-2.738281,0.000000,0.109999,0.230000,0.012995,-0.031579,0.035408,1.507726,-0.008301,-0.002197,0.000000,0,0,0,0,3000,3000,3000,3000,0,244,-353,0-20,0,0,0
95.375557,1.117188,-2.738281,0.000000,0.109999,0.230000,0.013174,-0.031579,0.035408,1.507726,0.004150,0.000000,0.000977,0,0,0,0,3000,3000,3000,3000,0,235,-355,0-20,0,0,0
95.377502,1.117188,-2.738281,0.000000,0.109999,0.230000,0.013275,-0.031579,0.035408,1.507726,0.001953,-0.001465,0.000000,0,0,0,0,3000,3000,3000,3000,0,237,-353,0-20,0,0,0
95.379463,1.117188,-2.738281,0.000000,0.109999,0.230000,0.013330,-0.031579,0.035408,1.507726,-0.001221,-0.000488,-0.000488,0,0,0,0,3000,3000,3000,3000,0,239,-354,0-20,0,0,0
95.381416,1.117188,-2.738281,0.000000,0.109999,0.230000,0.013489,-0.031579,0.035408,1.507726,0.002930,-0.002686,0.000488,0,0,0,0,3000,3000,3000,3000,0,236,-352,0-20,0,0,0
95.383362,1.117188,-2.738281,0.000000,0.109999,0.230000,0.013628,-0.031579,0.035408,1.507726,-0.008789,0.002686,-0.002686,0,0,0,0,3000,3000,3000,3000,0,244,-357,0-20,0,0,0
95.385315,1.117188,-2.738281,0.000000,0.109999,0.230000,0.013681,-0.031579,0.035408,1.507726,0.005127,-0.002197,0.000000,0,0,0,0,3000,3000,3000,3000,0,235,-352,0-20,0,0,0
95.387268,1.117188,-2.738281,0.000000,0.109999,0.230000,0.013927,-0.031579,0.035408,1.507726,-0.002930,0.000000,-0.000732,0,0,0,0,3000,3000,3000,3000,0,240,-354,0-20,0,0,0
95.389229,1.117188,-2.738281,0.000000,0.109999,0.230000,0.014019,-0.031579,0.035408,1.507726,0.002441,0.002197,-0.001709,0,0,0,0,3000,3000,3000,3000,0,236,-356,0-20,0,0,0
95.391174,1.117188,-2.738281,0.000000,0.109999,0.230000,0.014109,-0.031579,0.035408,1.507726,0.004639,-0.000977,0.000977,0,0,0,0,3000,3000,3000,3000,0,235,-354,0-20,0,0,0
95.393127,1.117188,-2.738281,0.000000,0.109999,0.230000,0.014135,-0.031579,0.035408,1.507726,-0.006592,-0.000488,-0.003174,0,0,0,0,3000,3000,3000,3000,0,243,-354,0-20,0,0,0
95.395081,1.117188,-2.738281,0.000000,0.109999,0.230000,0.014206,-0.031579,0.035408,1.507726,0.003418,0.000488,0.000000,0,0,0,0,3000,3000,3000,3000,0,236,-355,0-20,0,0,0
95.397041,1.117188,-2.738281,0.000000,0.109999,0.230000,0.014235,-0.031579,0.035408,1.507726,-0.000732,-0.000977,0.003174,0,0,0,0,3000,3000,3000,3000,0,239,-354,0-20,0,0,0
95.398994,1.117188,-2.738281,0.000000,0.109999,0.230000,0.014317,-0.031579,0.035408,1.507726,-0.002930,-0.000488,0.000000,0,0,0,0,3000,3000,3000,3000,0,240,-354,0-20,0,0,0
95.400940,1.117188,-2.738281,0.000000,0.109999,0.230000,0.014326,-0.031579,0.035408,1.507726,0.002441,-0.000977,0.002197,0,0,0,0,3000,3000,3000,3000,0,237,-354,0-20,0,0,0
95.402893,1.117188,-2.738281,0.000000,0.109999,0.230000,0.014494,-0.031579,0.035408,1.507726,-0.004395,-0.002197,0.000000,0,0,0,0,3000,3000,3000,3000,0,241,-352,0-20,0,0,0
95.404846,1.117188,-2.738281,0.000000,0.109999,0.230000,0.014620,-0.031566,0.035412,1.507748,0.004150,-0.002197,0.000488,0,0,0,0,3000,3000,3000,3000,0,235,-352,0-20,0,0,0
95.406799,1.117188,-2.738281,0.000000,0.109999,0.230000,0.014662,-0.031579,0.035408,1.507726,-0.006104,-0.001465,-0.000488,0,0,0,0,3000,3000,3000,3000,0,243,-353,0-20,0,0,0
95.408760,1.117188,-2.738281,0.000000,0.109999,0.230000,0.014597,-0.031579,0.035408,1.507726,0.002441,0.002197,0.004150,0,0,0,0,3000,3000,3000,3000,0,237,-356,0-20,0,0,0
95.410706,1.117188,-2.738281,0.000000,0.109999,0.230000,0.014618,-0.031579,0.035408,1.507726,0.001953,-0.002197,-0.000732,0,0,0,0,3000,3000,3000,3000,0,237,-352,0-20,0,0,0
95.412659,1.117188,-2.738281,0.000000,0.109999,0.230000,0.014734,-0.031579,0.035408,1.507726,-0.003418,0.000488,-0.001221,0,0,0,0,3000,3000,3000,3000,0,240,-354,0-20,0,0,0
95.414612,1.117188,-2.738281,0.000000,0.109999,0.230000,0.014963,-0.031579,0.035408,1.507726,0.005127,0.000977,0.000977,0,0,0,0,3000,3000,3000,3000,0,234,-355,0-20,0,0,0
95.416565,1.117188,-2.738281,0.000000,0.109999,0.230000,0.014994,-0.031579,0.035408,1.507726,-0.006104,-0.003662,-0.001221,0,0,0,0,3000,3000,3000,3000,0,242,-351,0-20,0,0,0
95.418526,1.117188,-2.738281,0.000000,0.109999,0.230000,0.015095,-0.031579,0.035408,1.507726,0.003418,0.000000,0.002686,0,0,0,0,3000,3000,3000,3000,0,235,-354,0-20,0,0,0
95.420471,1.117188,-2.738281,0.000000,0.109999,0.230000,0.012762,-0.031579,0.035408,1.507726,-0.001221,0.003174,0.000488,0,0,0,0,3000,3000,3000,3000,0,239,-357,0-20,0,0,0
95.422424,1.117188,-2.738281,0.000000,0.109999,0.230000,0.012838,-0.031579,0.035408,1.507726,-0.001221,-0.000488,-0.001709,0,0,0,0,3000,3000,3000,3000,0,239,-354,0-20,0,0,0
95.424377,1.117188,-2.738281,0.000000,0.109999,0.230000,0.012827,-0.031579,0.035408,1.507726,0.007812,-0.000488,0.000977,0,0,0,0,3000,3000,3000,3000,0,232,-354,0-20,0,0,0
95.426331,1.117188,-2.738281,0.000000,0.109999,0.230000,0.012917,-0.031579,0.035408,1.507726,-0.004883,0.002197,0.000000,0,0,0,0,3000,3000,3000,3000,0,241,-357,0-20,0,0,0
95.428284,1.117188,-2.738281,0.000000,0.109999,0.230000,0.012991,-0.031579,0.035408,1.507726,0.005127,-0.002197,0.003662,0,0,0,0,3000,3000,3000,3000,0,234,-353,0-20,0,0,0
95.430237,1.117188,-2.738281,0.000000,0.109999,0.230000,0.013025,-0.031579,0.035408,1.507726,-0.006104,-0.000488,-0.000732,0,0,0,0,3000,3000,3000,3000,0,242,-354,0-20,0,0,0
95.432190,1.117188,-2.738281,0.000000,0.109999,0.230000,0.013056,-0.031579,0.035408,1.507726,0.001465,0.000488,-0.003174,0,0,0,0,3000,3000,3000,3000,0,237,-355,0-20,0,0,0
95.434143,1.117188,-2.738281,0.000000,0.109999,0.230000,0.013128,-0.031579,0.035408,1.507726,0.006104,0.000488,0.000000,0,0,0,0,3000,3000,3000,3000,0,233,-355,0-20,0,0,0
95.436096,1.117188,-2.738281,0.000000,0.109999,0.230000,0.013243,-0.031579,0.035408,1.507726,-0.006104,-0.002686,-0.002686,0,0,0,0,3000,3000,3000,3000,0,242,-352,0-20,0,0,0
95.438057,1.117188,-2.738281,0.000000,0.109999,0.230000,0.013391,-0.031579,0.035408,1.507726,0.003418,0.000488,0.002197,0,0,0,0,3000,3000,3000,3000,0,235,-355,0-20,0,0,0
95.440002,1.117188,-2.738281,0.000000,0.109999,0.230000,0.013386,-0.031579,0.035408,1.507726,-0.004395,0.002197,0.002686,0,0,0,0,3000,3000,3000,3000,0,241,-357,0-20,0,0,0
95.441963,1.117188,-2.738281,0.000000,0.109999,0.230000,0.013437,-0.031579,0.035408,1.507726,0.001953,-0.002197,0.000977,0,0,0,0,3000,3000,3000,3000,0,236,-353,0-20,0,0,0
95.443909,1.117188,-2.738281,0.000000,0.109999,0.230000,0.013496,-0.031579,0.035408,1.507726,0.004150,-0.000488,0.000977,0,0,0,0,3000,3000,3000,3000,0,235,-354,0-20,0,0,0
95.445862,1.117188,-2.738281,0.000000,0.109999,0.230000,0.013618,-0.031579,0.035408,1.507726,-0.002441,-0.001465,-0.001221,0,0,0,0,3000,3000,3000,3000,0,239,-353,0-20,0,0,0
95.447815,1.117188,-2.738281,0.000000,0.109999,0.230000,0.013823,-0.031579,0.035408,1.507726,0.006104,0.000488,0.001465,0,0,0,0,3000,3000,3000,3000,0,233,-355,0-20,0,0,0
95.449768,1.117188,-2.738281,0.000000,0.109999,0.230000,0.013962,-0.031579,0.035408,1.507726,-0.003906,-0.002686,0.000488,0,0,0,0,3000,3000,3000,3000,0,240,-352,0-20,0,0,0
95.451721,1.117188,-2.738281,0.000000,0.109999,0.230000,0.013969,-0.031579,0.035408,1.507726,0.002441,0.001709,0.000000,0,0,0,0,3000,3000,3000,3000,0,235,-356,0-20,0,0,0
95.453690,1.117188,-2.750000,0.000000,-0.089998,-0.189999,0.014093,-0.031579,0.035408,1.507726,0.000244,0.000000,-0.000488,0,0,0,0,3000,3000,3000,3000,0,237,-354,0-20,0,0,0
95.455627,1.117188,-2.750000,0.000000,-0.089998,-0.189999,0.011827,-0.031581,0.035408,1.507848,-0.001221,-0.000488,0.000000,0,0,0,0,3000,3000,3000,3000,0,238,-354,0-20,0,0,0
95.457581,1.117188,-2.750000,0.000000,-0.089998,-0.189999,0.011948,-0.031581,0.035408,1.507848,0.004639,0.001709,0.001465,0,0,0,0,3000,3000,3000,3000,0,234,-356,0-20,0,0,0
95.459534,1.117188,-2.750000,0.000000,-0.089998,-0.189999,0.012049,-0.031581,0.035408,1.507848,-0.004395,0.001709,-0.001709,0,0,0,0,3000,3000,3000,3000,0,240,-356,0-20,0,0,0
95.461487,1.117188,-2.750000,0.000000,-0.089998,-0.189999,0.012152,-0.031581,0.035408,1.507848,0.005615,-0.000488,-0.000488,0,0,0,0,3000,3000,3000,3000,0,233,-354,0-20,0,0,0
95.463440,1.117188,-2.750000,0.000000,-0.089998,-0.189999,0.012383,-0.031581,0.035408,1.507848,-0.002930,-0.001465,0.002197,0,0,0,0,3000,3000,3000,3000,0,239,-353,0-20,0,0,0
95.465393,1.117188,-2.750000,0.000000,-0.089998,-0.189999,0.012415,-0.031581,0.035408,1.507848,-0.000732,-0.001465,-0.002686,0,0,0,0,3000,3000,3000,3000,0,238,-353,0-20,0,0,0
95.467346,1.117188,-2.750000,0.000000,-0.089998,-0.189999,0.012617,-0.031581,0.035408,1.507848,0.001465,-0.000488,0.000488,0,0,0,0,3000,3000,3000,3000,0,236,-354,0-20,0,0,0
95.469299,1.117188,-2.750000,0.000000,-0.089998,-0.189999,0.012564,-0.031581,0.035408,1.507848,-0.004395,-0.000977,0.000977,0,0,0,0,3000,3000,3000,3000,0,241,-353,0-20,0,0,0
95.471252,1.117188,-2.750000,0.000000,-0.089998,-0.189999,0.012617,-0.031581,0.035408,1.507848,0.007812,0.000977,0.000977,0,0,0,0,3000,3000,3000,3000,0,232,-355,0-20,0,0,0
95.473206,1.117188,-2.750000,0.000000,-0.089998,-0.189999,0.012718,-0.031581,0.035408,1.507848,-0.002930,0.000488,0.002197,0,0,0,0,3000,3000,3000,3000,0,240,-355,0-20,0,0,0
95.475166,1.117188,-2.750000,0.000000,-0.089998,-0.189999,0.012810,-0.031581,0.035408,1.507848,0.001465,-0.001465,-0.002197,0,0,0,0,3000,3000,3000,3000,0,236,-353,0-20,0,0,0
95.477112,1.117188,-2.750000,0.000000,-0.089998,-0.189999,0.012772,-0.031581,0.035408,1.507848,0.004150,0.002686,0.001465,0,0,0,0,3000,3000,3000,3000,0,234,-357,0-20,0,0,0
95.479065,1.117188,-2.750000,0.000000,-0.089998,-0.189999,0.012928,-0.031581,0.035408,1.507848,-0.006592,-0.002197,0.001465,0,0,0,0,3000,3000,3000,3000,0,242,-352,0-20,0,0,0
95.481018,1.117188,-2.750000,0.000000,-0.089998,-0.189999,0.013031,-0.031581,0.035408,1.507848,0.007812,0.000000,0.002686,0,0,0,0,3000,3000,3000,3000,0,232,-354,0-20,0,0,0
95.482971,1.117188,-2.750000,0.000000,-0.089998,-0.189999,0.013241,-0.031581,0.035408,1.507848,-0.004883,0.000977,-0.000732,0,0,0,0,3000,3000,3000,3000,0,241,-355,0-20,0,0,0
95.484924,1.117188,-2.750000,0.000000,-0.089998,-0.189999,0.013187,-0.031581,0.035408,1.507848,0.002930,0.000000,-0.000488,0,0,0,0,3000,3000,3000,3000,0,235,-355,0-20,0,0,0
95.486885,1.117188,-2.750000,0.000000,-0.089998,-0.189999,0.013241,-0.031581,0.035408,1.507848,-0.000244,-0.001465,0.004150,0,0,0,0,3000,3000,3000,3000,0,238,-353,0-20,0,0,0
95.488838,1.117188,-2.750000,0.000000,-0.089998,-0.189999,0.013334,-0.031581,0.035408,1.507848,-0.002441,-0.002197,-0.001709,0,0,0,0,3000,3000,3000,3000,0,239,-352,0-20,0,0,0
95.490784,1.117188,-2.750000,0.000000,-0.089998,-0.189999,0.013355,-0.031581,0.035408,1.507848,0.000977,-0.000488,0.002197,0,0,0,0,3000,3000,3000,3000,0,237,-354,0-20,0,0,0
95.492737,1.117188,-2.750000,0.000000,-0.089998,-0.189999,0.013405,-0.031581,0.035408,1.507848,-0.007568,0.002686,-0.000488,0,0,0,0,3000,3000,3000,3000,0,243,-357,0-20,0,0,0
95.494690,1.117188,-2.750000,0.000000,-0.089998,-0.189999,0.013515,-0.031581,0.035408,1.507848,0.004150,-0.000977,-0.000488,0,0,0,0,3000,3000,3000,3000,0,235,-353,0-20,0,0,0
95.496643,1.117188,-2.750000,0.000000,-0.089998,-0.189999,0.013651,-0.031581,0.035408,1.507848,-0.000732,-0.000488,-0.000488,0,0,0,0,3000,3000,3000,3000,0,239,-354,0-20,0,0,0
95.498604,1.117188,-2.750000,0.000000,-0.089998,-0.189999,0.014772,-0.031581,0.035408,1.507848,-0.003418,0.003662,-0.000732,0,0,0,0,3000,3000,3000,3000,0,241,-358,0-20,0,0,0
95.500549,1.117188,-2.750000,0.000000,-0.089998,-0.189999,0.014828,-0.031581,0.035408,1.507848,0.001953,-0.002197,0.000488,0,0,0,0,3000,3000,3000,3000,0,237,-353,0-20,0,0,0
95.502502,1.117188,-2.750000,0.000000,-0.089998,-0.189999,0.014828,-0.031581,0.035408,1.507848,-0.003906,0.000000,-0.002686,0,0,0,0,3000,3000,3000,3000,0,241,-355,0-20,0,0,0
95.504456,1.117188,-2.750000,0.000000,-0.089998,-0.189999,0.014826,-0.031581,0.035408,1.507848,0.003418,-0.001465,0.000977,0,0,0,0,3000,3000,3000,3000,0,236,-353,0-20,0,0,0
95.506409,1.117188,-2.750000,0.000000,-0.089998,-0.189999,0.014744,-0.031581,0.035408,1.507848,-0.003906,0.000977,0.003174,0,0,0,0,3000,3000,3000,3000,0,241,-355,0-20,0,0,0
95.508369,1.117188,-2.750000,0.000000,-0.089998,-0.189999,0.014835,-0.031581,0.035408,1.507848,0.003418,-0.000977,-0.001221,0,0,0,0,3000,3000,3000,3000,0,236,-353,0-20,0,0,0
95.510315,1.117188,-2.750000,0.000000,-0.089998,-0.189999,0.014870,-0.031581,0.035408,1.507848,0.004639,-0.003174,-0.001221,0,0,0,0,3000,3000,3000,3000,0,235,-351,0-20,0,0,0
95.512268,1.117188,-2.750000,0.000000,-0.089998,-0.189999,0.014683,-0.031581,0.035408,1.507848,-0.004883,0.001709,-0.001221,0,0,0,0,3000,3000,3000,3000,0,241,-356,0-20,0,0,0
95.514221,1.117188,-2.750000,0.000000,-0.089998,-0.189999,0.014729,-0.031581,0.035408,1.507848,0.005615,-0.001465,0.003174,0,0,0,0,3000,3000,3000,3000,0,234,-353,0-20,0,0,0
95.516174,1.117188,-2.750000,0.000000,-0.089998,-0.189999,0.014837,-0.031581,0.035408,1.507848,-0.006104,-0.000977,-0.000732,0,0,0,0,3000,3000,3000,3000,0,242,-353,0-20,0,0,0
95.518135,1.117188,-2.750000,0.000000,-0.089998,-0.189999,0.014893,-0.031581,0.035408,1.507848,0.003418,0.000977,-0.002686,0,0,0,0,3000,3000,3000,3000,0,235,-355,0-20,0,0,0
95.520081,1.117188,-2.750000,0.000000,-0.089998,-0.189999,0.015097,-0.031581,0.035408,1.507848,0.001953,-0.000977,0.001465,0,0,0,0,3000,3000,3000,3000,0,236,-353,0-20,0,0,0
95.522034,1.117188,-2.750000,0.000000,-0.089998,-0.189999,0.015137,-0.031581,0.035408,1.507848,-0.004395,-0.001465,0.001465,0,0,0,0,3000,3000,3000,3000,0,241,-353,0-20,0,0,0
95.524002,1.117188,-2.750000,0.000000,-0.089998,-0.189999,0.015244,-0.031581,0.035408,1.507848,0.006592,-0.000488,-0.001709,0,0,0,0,3000,3000,3000,3000,0,233,-354,0-20,0,0,0
95.525940,1.117188,-2.750000,0.000000,-0.089998,-0.189999,0.015259,-0.031581,0.035408,1.507848,-0.005615,0.000000,-0.000488,0,0,0,0,3000,3000,3000,3000,0,241,-354,0-20,0,0,0
95.527893,1.117188,-2.750000,0.000000,-0.089998,-0.189999,0.015345,-0.031581,0.035408,1.507848,0.004150,0.004883,-0.000488,0,0,0,0,3000,3000,3000,3000,0,235,-359,0-20,0,0,0
95.529846,1.117188,-2.750000,0.000000,-0.089998,-0.189999,0.015347,-0.031581,0.035408,1.507848,-0.003906,0.000488,-0.002197,0,0,0,0,3000,3000,3000,3000,0,240,-355,0-20,0,0,0
95.531807,1.117188,-2.750000,0.000000,-0.089998,-0.189999,0.015369,-0.031581,0.035408,1.507848,-0.003418,0.000977,-0.003174,0,0,0,0,3000,3000,3000,3000,0,240,-356,0-20,0,0,0
95.533752,1.117188,-2.750000,0.000000,-0.089998,-0.189999,0.015474,-0.031581,0.035408,1.507848,0.007812,-0.000488,0.002197,0,0,0,0,3000,3000,3000,3000,0,232,-355,0-20,0,0,0
95.535706,1.117188,-2.750000,0.000000,-0.089998,-0.189999,0.015556,-0.031581,0.035408,1.507848,-0.005615,0.000488,-0.001221,0,0,0,0,3000,3000,3000,3000,0,242,-355,0-20,0,0,0
95.537659,1.117188,-2.750000,0.000000,-0.089998,-0.189999,0.015757,-0.031581,0.035408,1.507848,0.002441,0.000000,-0.000488,0,0,0,0,3000,3000,3000,3000,0,236,-355,0-20,0,0,0
95.539612,1.117188,-2.750000,0.000000,-0.089998,-0.189999,0.016014,-0.031581,0.035408,1.507848,-0.002441,-0.002686,0.001465,0,0,0,0,3000,3000,3000,3000,0,239,-352,0-20,0,0,0
95.541565,1.117188,-2.750000,0.000000,-0.089998,-0.189999,0.016233,-0.031581,0.035408,1.507848,-0.000244,0.000488,0.000977,0,0,0,0,3000,3000,3000,3000,0,238,-355,0-20,0,0,0
95.543526,1.117188,-2.750000,0.000000,-0.089998,-0.189999,0.016260,-0.031581,0.035408,1.507848,0.005615,-0.003662,0.000977,0,0,0,0,3000,3000,3000,3000,0,234,-351,0-20,0,0,0
95.545471,1.117188,-2.750000,0.000000,-0.089998,-0.189999,0.016184,-0.031581,0.035408,1.507848,-0.003906,-0.000488,-0.000732,0,0,0,0,3000,3000,3000,3000,0,240,-354,0-20,0,0,0
95.547424,1.117188,-2.750000,0.000000,-0.089998,-0.189999,0.016483,-0.031581,0.035408,1.507848,0.005615,0.002197,0.001465,0,0,0,0,3000,3000,3000,3000,0,233,-356,0-20,0,0,0
95.549377,1.117188,-2.750000,0.000000,-0.089998,-0.189999,0.016514,-0.031581,0.035408,1.507848,-0.004883,0.001709,-0.001709,0,0,0,0,3000,3000,3000,3000,0,241,-356,0-20,0,0,0
95.551331,1.117188,-2.750000,0.000000,-0.089998,-0.189999,0.016579,-0.031581,0.035408,1.507848,-0.002930,0.000977,-0.001709,0,0,0,0,3000,3000,3000,3000,0,240,-355,0-20,0,0,0
95.553284,1.117188,-2.750000,0.000000,-0.089998,-0.189999,0.016537,-0.031581,0.035408,1.507848,0.003418,-0.001465,0.000000,0,0,0,0,3000,3000,3000,3000,0,235,-353,0-20,0,0,0
95.555237,1.117188,-2.750000,0.000000,-0.089998,-0.189999,0.016552,-0.031581,0.035408,1.507848,-0.007568,-0.000488,-0.002686,0,0,0,0,3000,3000,3000,3000,0,243,-354,0-20,0,0,0
95.557190,1.117188,-2.750000,0.000000,-0.089998,-0.189999,0.016623,-0.031581,0.035408,1.507848,0.007812,0.000977,0.000977,0,0,0,0,3000,3000,3000,3000,0,232,-355,0-20,0,0,0
95.559143,1.117188,-2.750000,0.000000,-0.089998,-0.189999,0.016808,-0.031581,0.035408,1.507848,-0.004395,0.000000,-0.001221,0,0,0,0,3000,3000,3000,3000,0,241,-355,0-20,0,0,0
95.561104,1.117188,-2.738281,0.000000,0.089998,0.219999,0.016903,-0.031581,0.035408,1.507848,0.004150,0.000488,-0.002197,0,0,0,0,3000,3000,3000,3000,0,235,-355,0-20,0,0,0
95.563057,1.117188,-2.738281,0.000000,0.089998,0.219999,0.012579,-0.031581,0.035408,1.507848,-0.004395,0.000977,0.001465,0,0,0,0,3000,3000,3000,3000,0,241,-356,0-20,0,0,0
95.565002,1.117188,-2.738281,0.000000,0.089998,0.219999,0.012722,-0.031581,0.035408,1.507848,-0.003906,-0.002197,-0.001221,0,0,0,0,3000,3000,3000,3000,0,241,-353,0-20,0,0,0
95.566956,1.117188,-2.738281,0.000000,0.089998,0.219999,0.012905,-0.031581,0.035408,1.507848,0.003418,-0.002197,0.002197,0,0,0,0,3000,3000,3000,3000,0,236,-352,0-20,0,0,0
95.568909,1.117188,-2.738281,0.000000,0.089998,0.219999,0.012877,-0.031581,0.035408,1.507848,-0.004883,-0.000977,-0.001709,0,0,0,0,3000,3000,3000,3000,0,242,-353,0-20,0,0,0
95.570862,1.117188,-2.738281,0.000000,0.089998,0.219999,0.013025,-0.031581,0.035408,1.507848,0.005615,0.000977,0.002197,0,0,0,0,3000,3000,3000,3000,0,234,-355,0-20,0,0,0
95.572823,1.117188,-2.738281,0.000000,0.089998,0.219999,0.013033,-0.031581,0.035408,1.507848,-0.000244,-0.002686,0.000488,0,0,0,0,3000,3000,3000,3000,0,238,-351,0-20,0,0,0
95.574768,1.117188,-2.738281,0.000000,0.089998,0.219999,0.013172,-0.031581,0.035408,1.507848,0.000244,-0.000488,0.001465,0,0,0,0,3000,3000,3000,3000,0,237,-353,0-20,0,0,0
95.576729,1.117188,-2.738281,0.000000,0.089998,0.219999,0.008986,-0.031581,0.035408,1.507848,0.002441,-0.000977,0.000000,0,0,0,0,3000,3000,3000,3000,0,236,-353,0-20,0,0,0
95.578674,1.117188,-2.738281,0.000000,0.089998,0.219999,0.009062,-0.031581,0.035408,1.507848,-0.005615,0.000000,-0.000732,0,0,0,0,3000,3000,3000,3000,0,241,-354,0-20,0,0,0
95.580635,1.117188,-2.738281,0.000000,0.089998,0.219999,0.009291,-0.031581,0.035408,1.507848,0.006104,0.000488,0.002197,0,0,0,0,3000,3000,3000,3000,0,233,-354,0-20,0,0,0
95.582581,1.117188,-2.738281,0.000000,0.089998,0.219999,0.009188,-0.031581,0.035408,1.507848,-0.003906,0.000977,0.000977,0,0,0,0,3000,3000,3000,3000,0,240,-355,0-20,0,0,0
95.584534,1.117188,-2.738281,0.000000,0.089998,0.219999,0.009344,-0.031581,0.035408,1.507848,0.004639,-0.000977,-0.001221,0,0,0,0,3000,3000,3000,3000,0,234,-353,0-20,0,0,0
95.586487,1.117188,-2.738281,0.000000,0.089998,0.219999,0.009289,-0.031581,0.035408,1.507848,0.000977,0.000977,-0.001221,0,0,0,0,3000,3000,3000,3000,0,237,-355,0-20,0,0,0
95.588448,1.117188,-2.738281,0.000000,0.089998,0.219999,0.009151,-0.031581,0.035408,1.507848,-0.003906,0.000488,-0.000488,0,0,0,0,3000,3000,3000,3000,0,240,-355,0-20,0,0,0
95.590393,1.117188,-2.738281,0.000000,0.089998,0.219999,0.009287,-0.031581,0.035408,1.507848,0.004150,0.000488,-0.000732,0,0,0,0,3000,3000,3000,3000,0,234,-355,0-20,0,0,0
95.592346,1.117188,-2.738281,0.000000,0.089998,0.219999,0.009392,-0.031581,0.035408,1.507848,-0.002930,0.000000,-0.001709,0,0,0,0,3000,3000,3000,3000,0,239,-355,0-20,0,0,0
95.594299,1.117188,-2.738281,0.000000,0.089998,0.219999,0.009377,-0.031581,0.035408,1.507848,0.002930,0.000488,0.000488,0,0,0,0,3000,3000,3000,3000,0,235,-355,0-20,0,0,0
95.596252,1.117188,-2.738281,0.000000,0.089998,0.219999,0.009649,-0.031581,0.035408,1.507848,-0.002441,-0.000488,-0.000488,0,0,0,0,3000,3000,3000,3000,0,239,-354,0-20,0,0,0
95.598213,1.117188,-2.738281,0.000000,0.089998,0.219999,0.009764,-0.031581,0.035408,1.507848,-0.004883,-0.000488,-0.000732,0,0,0,0,3000,3000,3000,3000,0,241,-354,0-20,0,0,0
95.600159,1.117188,-2.738281,0.000000,0.089998,0.219999,0.009975,-0.031581,0.035408,1.507848,0.004150,-0.003174,-0.000488,0,0,0,0,3000,3000,3000,3000,0,235,-351,0-20,0,0,0
95.602112,1.117188,-2.738281,0.000000,0.089998,0.219999,0.009945,-0.031581,0.035408,1.507848,-0.005615,0.000488,0.000000,0,0,0,0,3000,3000,3000,3000,0,242,-355,0-20,0,0,0
95.604065,1.117188,-2.738281,0.000000,0.089998,0.219999,0.010145,-0.031581,0.035408,1.507848,0.005615,0.000488,0.000977,0,0,0,0,3000,3000,3000,3000,0,234,-355,0-20,0,0,0
95.606018,1.117188,-2.738281,0.000000,0.089998,0.219999,0.010300,-0.031581,0.035408,1.507848,-0.002441,0.000488,0.000000,0,0,0,0,3000,3000,3000,3000,0,239,-355,0-20,0,0,0
95.607971,1.117188,-2.738281,0.000000,0.089998,0.219999,0.010361,-0.031581,0.035408,1.507848,0.000244,0.002197,0.000000,0,0,0,0,3000,3000,3000,3000,0,238,-357,0-20,0,0,0
95.609932,1.117188,-2.738281,0.000000,0.089998,0.219999,0.010427,-0.031581,0.035408,1.507848,0.004150,0.002197,-0.001709,0,0,0,0,3000,3000,3000,3000,0,235,-357,0-20,0,0,0
95.611877,1.117188,-2.738281,0.000000,0.089998,0.219999,0.010557,-0.031581,0.035408,1.507848,-0.008301,0.000000,-0.003906,0,0,0,0,3000,3000,3000,3000,0,243,-355,0-20,0,0,0
95.613831,1.117188,-2.738281,0.000000,0.089998,0.219999,0.010677,-0.031581,0.035408,1.507848,0.004150,0.000000,0.000977,0,0,0,0,3000,3000,3000,3000,0,235,-355,0-20,0,0,0
95.615784,1.117188,-2.738281,0.000000,0.089998,0.219999,0.010786,-0.031581,0.035408,1.507848,-0.003906,0.000488,0.000977,0,0,0,0,3000,3000,3000,3000,0,241,-355,0-20,0,0,0
95.617737,1.117188,-2.738281,0.000000,0.089998,0.219999,0.010712,-0.031581,0.035408,1.507848,0.001465,-0.002197,-0.000732,0,0,0,0,3000,3000,3000,3000,0,237,-353,0-20,0,0,0
95.619690,1.117188,-2.738281,0.000000,0.089998,0.219999,0.010874,-0.031581,0.035408,1.507848,0.000244,-0.001465,0.001465,0,0,0,0,3000,3000,3000,3000,0,238,-353,0-20,0,0,0
95.621651,1.117188,-2.738281,0.000000,0.089998,0.219999,0.010750,-0.031581,0.035408,1.507848,-0.003418,-0.001465,-0.001709,0,0,0,0,3000,3000,3000,3000,0,240,-353,0-20,0,0,0
95.623596,1.117188,-2.738281,0.000000,0.089998,0.219999,0.010782,-0.031581,0.035408,1.507848,0.007324,-0.003662,-0.000732,0,0,0,0,3000,3000,3000,3000,0,233,-351,0-20,0,0,0
95.625549,1.117188,-2.738281,0.000000,0.089998,0.219999,0.010777,-0.031581,0.035408,1.507848,-0.004883,0.002197,0.000977,0,0,0,0,3000,3000,3000,3000,0,241,-356,0-20,0,0,0
95.627502,1.117188,-2.738281,0.000000,0.089998,0.219999,0.010677,-0.031581,0.035408,1.507848,0.002930,0.000977,-0.000732,0,0,0,0,3000,3000,3000,3000,0,235,-355,0-20,0,0,0
95.629456,1.117188,-2.738281,0.000000,0.089998,0.219999,0.010830,-0.031581,0.035408,1.507848,0.002930,0.002686,-0.001221,0,0,0,0,3000,3000,3000,3000,0,235,-357,0-20,0,0,0
95.631409,1.117188,-2.738281,0.000000,0.089998,0.219999,0.010891,-0.031581,0.035408,1.507848,-0.004395,0.000488,0.000000,0,0,0,0,3000,3000,3000,3000,0,240,-355,0-20,0,0,0
95.633362,1.117188,-2.738281,0.000000,0.089998,0.219999,0.011045,-0.031581,0.035408,1.507848,0.006104,0.000000,-0.000732,0,0,0,0,3000,3000,3000,3000,0,233,-355,0-20,0,0,0
95.635315,1.117188,-2.738281,0.000000,0.089998,0.219999,0.011160,-0.031581,0.035408,1.507848,-0.006104,-0.001465,-0.001709,0,0,0,0,3000,3000,3000,3000,0,242,-353,0-20,0,0,0
95.637268,1.117188,-2.738281,0.000000,0.089998,0.219999,0.011335,-0.031581,0.035408,1.507848,0.002441,-0.000488,0.000000,0,0,0,0,3000,3000,3000,3000,0,236,-354,0-20,0,0,0
95.639221,1.117188,-2.738281,0.000000,0.089998,0.219999,0.011541,-0.031581,0.035408,1.507848,-0.006104,0.000000,-0.001709,0,0,0,0,3000,3000,3000,3000,0,242,-354,0-20,0,0,0
95.641174,1.117188,-2.738281,0.000000,0.089998,0.219999,0.011658,-0.031581,0.035408,1.507848,0.000244,-0.000488,0.000488,0,0,0,0,3000,3000,3000,3000,0,238,-354,0-20,0,0,0
95.643127,1.117188,-2.738281,0.000000,0.089998,0.219999,0.011776,-0.031581,0.035408,1.507848,0.002441,0.000977,-0.002197,0,0,0,0,3000,3000,3000,3000,0,236,-355,0-20,0,0,0
95.645081,1.117188,-2.738281,0.000000,0.089998,0.219999,0.011818,-0.031581,0.035408,1.507848,-0.005615,0.002197,0.000000,0,0,0,0,3000,3000,3000,3000,0,242,-357,0-20,0,0,0
95.647034,1.117188,-2.738281,0.000000,0.089998,0.219999,0.011892,-0.031581,0.035408,1.507848,0.006592,0.000000,0.003662,0,0,0,0,3000,3000,3000,3000,0,233,-355,0-20,0,0,0
95.648987,1.117188,-2.738281,0.000000,0.089998,0.219999,0.012051,-0.031581,0.035408,1.507848,-0.003906,-0.002686,0.001465,0,0,0,0,3000,3000,3000,3000,0,241,-352,0-20,0,0,0
95.650940,1.117188,-2.738281,0.000000,0.089998,0.219999,0.012144,-0.031581,0.035408,1.507848,0.004639,0.000488,0.000000,0,0,0,0,3000,3000,3000,3000,0,234,-355,0-20,0,0,0
95.652893,1.117188,-2.738281,0.000000,0.089998,0.219999,0.012306,-0.031581,0.035408,1.507848,0.003418,0.002197,-0.000732,0,0,0,0,3000,3000,3000,3000,0,235,-356,0-20,0,0,0
95.654854,1.117188,-2.738281,0.000000,0.089998,0.219999,0.015570,-0.031581,0.035408,1.507848,-0.006592,-0.001465,0.000977,0,0,0,0,3000,3000,3000,3000,0,242,-353,0-20,0,0,0
95.656799,1.117188,-2.738281,0.000000,0.089998,0.219999,0.015738,-0.031581,0.035408,1.507848,0.002930,0.000977,0.000977,0,0,0,0,3000,3000,3000,3000,0,235,-355,0-20,0,0,0
95.658752,1.117188,-2.738281,0.000000,0.089998,0.219999,0.015743,-0.031581,0.035408,1.507848,-0.007080,-0.000488,0.000488,0,0,0,0,3000,3000,3000,3000,0,243,-354,0-20,0,0,0
95.660713,1.117188,-2.738281,0.000000,-0.019999,-0.080000,0.015900,-0.031581,0.035408,1.507848,0.006592,0.000488,-0.001709,0,0,0,0,3000,3000,3000,3000,0,233,-355,0-20,0,0,0
95.662659,1.117188,-2.738281,0.000000,-0.019999,-0.080000,0.012276,-0.031581,0.035408,1.507848,0.001465,-0.000977,-0.000732,0,0,0,0,3000,3000,3000,3000,0,237,-354,0-20,0,0,0
95.664612,1.117188,-2.738281,0.000000,-0.019999,-0.080000,0.012386,-0.031581,0.035408,1.507848,-0.002441,0.000488,-0.001709,0,0,0,0,3000,3000,3000,3000,0,239,-355,0-20,0,0,0
95.666573,1.117188,-2.738281,0.000000,-0.019999,-0.080000,0.012611,-0.031581,0.035408,1.507848,0.005615,-0.000977,0.001465,0,0,0,0,3000,3000,3000,3000,0,233,-353,0-20,0,0,0
95.668526,1.117188,-2.738281,0.000000,-0.019999,-0.080000,0.012707,-0.031581,0.035408,1.507848,-0.003906,-0.000488,0.000000,0,0,0,0,3000,3000,3000,3000,0,240,-354,0-20,0,0,0
95.670479,1.117188,-2.738281,0.000000,-0.019999,-0.080000,0.012856,-0.031581,0.035408,1.507848,0.004639,0.002686,0.000488,0,0,0,0,3000,3000,3000,3000,0,234,-357,0-20,0,0,0
95.672432,1.117188,-2.738281,0.000000,-0.019999,-0.080000,0.013083,-0.031581,0.035408,1.507848,-0.000732,0.000488,0.001465,0,0,0,0,3000,3000,3000,3000,0,238,-355,0-20,0,0,0
95.674377,1.117188,-2.738281,0.000000,-0.019999,-0.080000,0.013132,-0.031581,0.035408,1.507848,-0.001221,0.000488,-0.002197,0,0,0,0,3000,3000,3000,3000,0,238,-355,0-20,0,0,0
95.676331,1.117188,-2.738281,0.000000,-0.019999,-0.080000,0.013247,-0.031581,0.035408,1.507848,0.004150,0.000488,0.002686,0,0,0,0,3000,3000,3000,3000,0,234,-355,0-20,0,0,0
95.678291,1.117188,-2.738281,0.000000,-0.019999,-0.080000,0.013357,-0.031581,0.035408,1.507848,-0.004883,0.000000,0.001465,0,0,0,0,3000,3000,3000,3000,0,241,-355,0-20,0,0,0
95.680237,1.117188,-2.738281,0.000000,-0.019999,-0.080000,0.013510,-0.031581,0.035408,1.507848,0.005615,-0.002686,0.000000,0,0,0,0,3000,3000,3000,3000,0,233,-352,0-20,0,0,0
95.682190,1.117188,-2.738281,0.000000,-0.019999,-0.080000,0.013470,-0.031581,0.035408,1.507848,-0.004883,0.001709,-0.000732,0,0,0,0,3000,3000,3000,3000,0,241,-356,0-20,0,0,0
95.684143,1.117188,-2.738281,0.000000,-0.019999,-0.080000,0.013384,-0.031581,0.035408,1.507848,0.002930,-0.001465,0.002686,0,0,0,0,3000,3000,3000,3000,0,235,-353,0-20,0,0,0
95.686096,1.117188,-2.738281,0.000000,-0.019999,-0.080000,0.013641,-0.031581,0.035408,1.507848,0.006104,-0.000977,0.003662,0,0,0,0,3000,3000,3000,3000,0,233,-353,0-20,0,0,0
95.688065,1.117188,-2.738281,0.000000,-0.019999,-0.080000,0.013605,-0.031581,0.035408,1.507848,-0.005615,0.000488,-0.000732,0,0,0,0,3000,3000,3000,3000,0,241,-355,0-20,0,0,0
95.690002,1.117188,-2.738281,0.000000,-0.019999,-0.080000,0.013706,-0.031520,0.035347,1.507848,0.006592,-0.009521,-0.001709,0,0,0,0,3000,3000,3000,3000,0,232,-344,0-20,0,0,0
95.691956,1.117188,-2.738281,0.000000,-0.019999,-0.080000,0.013561,-0.031520,0.035347,1.507848,-0.003418,0.002686,-0.001221,0,0,0,0,3000,3000,3000,3000,0,239,-355,0-20,0,0,0
95.693909,1.117188,-2.738281,0.000000,-0.019999,-0.080000,0.013744,-0.031520,0.035347,1.507848,-0.006592,0.002686,-0.004395,0,0,0,0,3000,3000,3000,3000,0,242,-355,0-20,0,0,0
95.695862,1.117188,-2.738281,0.000000,-0.019999,-0.080000,0.013771,-0.031520,0.035347,1.507848,0.001953,-0.004883,0.000977,0,0,0,0,3000,3000,3000,3000,0,236,-349,0-20,0,0,0
95.697815,1.117188,-2.738281,0.000000,-0.019999,-0.080000,0.013872,-0.031520,0.035347,1.507848,-0.009766,0.005371,-0.001221,0,0,0,0,3000,3000,3000,3000,0,245,-358,0-20,0,0,0
95.699776,1.117188,-2.738281,0.000000,-0.019999,-0.080000,0.014124,-0.031520,0.035347,1.507848,0.010986,0.004883,0.000000,0,0,0,0,3000,3000,3000,3000,0,230,-358,0-20,0,0,0
95.701721,1.117188,-2.738281,0.000000,-0.019999,-0.080000,0.013977,-0.031520,0.035347,1.507848,-0.004395,-0.005859,-0.001221,0,0,0,0,3000,3000,3000,3000,0,241,-349,0-20,0,0,0
95.703674,1.117188,-2.738281,0.000000,-0.019999,-0.080000,0.013910,-0.031520,0.035347,1.507848,-0.007080,0.009521,0.005371,0,0,0,0,3000,3000,3000,3000,0,243,-363,0-20,0,0,0
95.705635,1.117188,-2.738281,0.000000,-0.019999,-0.080000,0.014215,-0.031520,0.035347,1.507848,0.012451,-0.000977,-0.001221,0,0,0,0,3000,3000,3000,3000,0,229,-354,0-20,0,0,0
95.707581,1.117188,-2.738281,0.000000,-0.019999,-0.080000,0.014059,-0.031520,0.035347,1.507848,-0.004395,-0.004150,-0.001709,0,0,0,0,3000,3000,3000,3000,0,241,-351,0-20,0,0,0
95.709534,1.117188,-2.738281,0.000000,-0.019999,-0.080000,0.014019,-0.031520,0.035347,1.507848,-0.000732,0.007568,0.002686,0,0,0,0,3000,3000,3000,3000,0,238,-362,0-20,0,0,0
95.711494,1.117188,-2.738281,0.000000,-0.019999,-0.080000,0.014221,-0.031520,0.035347,1.507848,0.004150,-0.004883,-0.000732,0,0,0,0,3000,3000,3000,3000,0,235,-350,0-20,0,0,0
95.713440,1.117188,-2.738281,0.000000,-0.019999,-0.080000,0.013958,-0.031520,0.035347,1.507848,0.001953,0.002197,0.006836,0,0,0,0,3000,3000,3000,3000,0,236,-357,0-20,0,0,0
95.715393,1.117188,-2.738281,0.000000,-0.019999,-0.080000,0.014071,-0.031520,0.035347,1.507848,-0.000732,0.000000,0.002686,0,0,0,0,3000,3000,3000,3000,0,238,-354,0-20,0,0,0
95.717346,1.117188,-2.738281,0.000000,-0.019999,-0.080000,0.014252,-0.031520,0.035347,1.507848,0.008301,-0.004883,-0.001709,0,0,0,0,3000,3000,3000,3000,0,231,-350,0-20,0,0,0
95.719299,1.117188,-2.738281,0.000000,-0.019999,-0.080000,0.014296,-0.031520,0.035347,1.507848,-0.002441,0.005371,0.002686,0,0,0,0,3000,3000,3000,3000,0,238,-359,0-20,0,0,0
95.721252,1.117188,-2.738281,0.000000,-0.019999,-0.080000,0.014570,-0.031520,0.035347,1.507848,-0.002930,-0.008057,-0.007080,0,0,0,0,3000,3000,3000,3000,0,239,-346,0-20,0,0,0
95.723206,1.117188,-2.738281,0.000000,-0.019999,-0.080000,0.014673,-0.031520,0.035347,1.507848,0.009277,-0.001465,-0.000488,0,0,0,0,3000,3000,3000,3000,0,230,-352,0-20,0,0,0
95.725159,1.117188,-2.738281,0.000000,-0.019999,-0.080000,0.014502,-0.031520,0.035347,1.507848,-0.001709,0.004883,0.000000,0,0,0,0,3000,3000,3000,3000,0,238,-358,0-20,0,0,0
95.727112,1.117188,-2.738281,0.000000,-0.019999,-0.080000,0.014925,-0.031520,0.035347,1.507848,-0.008789,0.000977,-0.002686,0,0,0,0,3000,3000,3000,3000,0,243,-355,0-20,0,0,0
95.729065,1.117188,-2.738281,0.000000,-0.019999,-0.080000,0.014587,-0.031520,0.035347,1.507848,0.001465,0.004883,-0.001709,0,0,0,0,3000,3000,3000,3000,0,236,-359,0-20,0,0,0
95.731018,1.117188,-2.738281,0.000000,-0.019999,-0.080000,0.014536,-0.031520,0.035347,1.507848,0.001465,0.004883,-0.000732,0,0,0,0,3000,3000,3000,3000,0,236,-359,0-20,0,0,0
95.732971,1.117188,-2.738281,0.000000,-0.019999,-0.080000,0.010553,-0.031520,0.035347,1.507848,0.011963,0.000488,-0.000732,0,0,0,0,3000,3000,3000,3000,0,229,-356,0-20,0,0,0
95.734924,1.117188,-2.738281,0.000000,-0.019999,-0.080000,0.010429,-0.031520,0.035347,1.507848,-0.007080,0.003174,0.000488,0,0,0,0,3000,3000,3000,3000,0,242,-358,0-20,0,0,0
95.736877,1.117188,-2.738281,0.000000,-0.019999,-0.080000,0.010723,-0.031520,0.035347,1.507848,0.002441,0.005371,0.002197,0,0,0,0,3000,3000,3000,3000,0,235,-361,0-20,0,0,0
95.738831,1.117188,-2.738281,0.000000,-0.019999,-0.080000,0.010870,-0.031520,0.035347,1.507848,0.008301,-0.001465,0.000977,0,0,0,0,3000,3000,3000,3000,0,231,-354,0-20,0,0,0
95.740784,1.117188,-2.738281,0.000000,-0.019999,-0.080000,0.010891,-0.031520,0.035347,1.507848,-0.010254,-0.003662,0.005371,0,0,0,0,3000,3000,3000,3000,0,244,-352,0-20,0,0,0
95.742737,1.117188,-2.738281,0.000000,-0.019999,-0.080000,0.011087,-0.031520,0.035347,1.507848,0.000977,-0.001465,0.006836,0,0,0,0,3000,3000,3000,3000,0,236,-353,0-20,0,0,0
95.744698,1.117188,-2.738281,0.000000,-0.019999,-0.080000,0.011055,-0.031520,0.035347,1.507848,-0.000244,0.000977,-0.002686,0,0,0,0,3000,3000,3000,3000,0,238,-355,0-20,0,0,0
95.746643,1.117188,-2.738281,0.000000,-0.019999,-0.080000,0.011356,-0.031520,0.035347,1.507848,-0.000244,-0.002686,0.003174,0,0,0,0,3000,3000,3000,3000,0,238,-352,0-20,0,0,0
95.748596,1.117188,-2.738281,0.000000,-0.019999,-0.080000,0.011309,-0.031520,0.035347,1.507848,-0.004883,-0.005859,0.000488,0,0,0,0,3000,3000,3000,3000,0,241,-348,0-20,0,0,0
95.750549,1.117188,-2.738281,0.000000,-0.019999,-0.080000,0.011368,-0.031520,0.035347,1.507848,0.000977,-0.001465,-0.001709,0,0,0,0,3000,3000,3000,3000,0,237,-352,0-20,0,0,0
95.752502,1.117188,-2.738281,0.000000,-0.019999,-0.080000,0.011372,-0.031520,0.035347,1.507848,-0.000244,-0.000977,0.002197,0,0,0,0,3000,3000,3000,3000,0,238,-352,0-20,0,0,0
95.754456,1.117188,-2.738281,0.000000,-0.019999,-0.080000,0.011431,-0.031520,0.035347,1.507848,-0.002441,0.002197,-0.001709,0,0,0,0,3000,3000,3000,3000,0,240,-355,0-20,0,0,0
95.756416,1.117188,-2.738281,0.000000,-0.019999,-0.080000,0.011581,-0.031520,0.035347,1.507848,0.006592,-0.002197,-0.001221,0,0,0,0,3000,3000,3000,3000,0,233,-351,0-20,0,0,0
95.758369,1.117188,-2.738281,0.000000,-0.019999,-0.080000,0.011356,-0.031475,0.035329,1.507832,-0.000244,0.002686,0.001465,0,0,0,0,3000,3000,3000,3000,0,238,-355,0-20,0,0,0
95.760323,1.117188,-2.738281,0.000000,-0.059999,-0.109999,0.011604,-0.031520,0.035347,1.507848,0.005615,-0.001465,0.000488,0,0,0,0,3000,3000,3000,3000,0,233,-352,0-20,0,0,0
95.762268,1.117188,-2.738281,0.000000,-0.059999,-0.109999,0.009676,-0.031520,0.035347,1.507848,0.004150,0.000977,-0.002686,0,0,0,0,3000,3000,3000,3000,0,234,-354,0-20,0,0,0
95.764221,1.117188,-2.738281,0.000000,-0.059999,-0.109999,0.009569,-0.031520,0.035347,1.507848,0.005615,0.005859,-0.000732,0,0,0,0,3000,3000,3000,3000,0,232,-359,0-20,0,0,0
95.766174,1.117188,-2.738281,0.000000,-0.059999,-0.109999,0.009773,-0.031520,0.035347,1.507848,-0.002930,0.000000,0.000000,0,0,0,0,3000,3000,3000,3000,0,238,-354,0-20,0,0,0
95.768127,1.117188,-2.738281,0.000000,-0.059999,-0.109999,0.009960,-0.031520,0.035347,1.507848,-0.003418,-0.006348,-0.001221,0,0,0,0,3000,3000,3000,3000,0,239,-348,0-20,0,0,0
95.770088,1.117188,-2.738281,0.000000,-0.059999,-0.109999,0.010166,-0.031520,0.035347,1.507848,0.001953,-0.003174,-0.002197,0,0,0,0,3000,3000,3000,3000,0,236,-350,0-20,0,0,0
95.772041,1.117188,-2.738281,0.000000,-0.059999,-0.109999,0.010426,-0.031520,0.035347,1.507848,-0.006104,-0.005859,-0.001709,0,0,0,0,3000,3000,3000,3000,0,242,-347,0-20,0,0,0
95.773994,1.117188,-2.738281,0.000000,-0.059999,-0.109999,0.010342,-0.031520,0.035347,1.507848,-0.003906,-0.009033,-0.003906,0,0,0,0,3000,3000,3000,3000,0,240,-343,0-20,0,0,0
95.775948,1.117188,-2.738281,0.000000,-0.059999,-0.109999,0.010542,-0.031520,0.035347,1.507848,-0.000244,0.000977,0.001465,0,0,0,0,3000,3000,3000,3000,0,238,-352,0-20,0,0,0
95.777901,1.117188,-2.738281,0.000000,-0.059999,-0.109999,0.010477,-0.031520,0.035347,1.507848,-0.005615,0.000977,-0.002686,0,0,0,0,3000,3000,3000,3000,0,242,-352,0-20,0,0,0
95.779846,1.117188,-2.738281,0.000000,-0.059999,-0.109999,0.010475,-0.031520,0.035347,1.507848,0.006104,-0.008545,0.002686,0,0,0,0,3000,3000,3000,3000,0,234,-344,0-20,0,0,0
95.781799,1.117188,-2.738281,0.000000,-0.059999,-0.109999,0.010670,-0.031520,0.035347,1.507848,-0.000732,-0.005371,0.005859,0,0,0,0,3000,3000,3000,3000,0,239,-346,0-20,0,0,0
95.783752,1.117188,-2.738281,0.000000,-0.059999,-0.109999,0.010647,-0.031520,0.035347,1.507848,0.011963,0.004150,0.000977,0,0,0,0,3000,3000,3000,3000,0,229,-355,0-20,0,0,0
95.785706,1.117188,-2.738281,0.000000,-0.059999,-0.109999,0.010929,-0.031520,0.035347,1.507848,0.004150,0.002197,0.000977,0,0,0,0,3000,3000,3000,3000,0,234,-354,0-20,0,0,0
95.787659,1.117188,-2.738281,0.000000,-0.059999,-0.109999,0.011024,-0.031520,0.035347,1.507848,0.000244,0.000977,0.000977,0,0,0,0,3000,3000,3000,3000,0,236,-353,0-20,0,0,0
95.789612,1.117188,-2.738281,0.000000,-0.059999,-0.109999,0.011299,-0.031459,0.035286,1.507848,0.010986,0.005371,0.001465,0,0,0,0,3000,3000,3000,3000,0,228,-358,0-20,0,0,0
95.791565,1.117188,-2.738281,0.000000,-0.059999,-0.109999,0.011425,-0.031459,0.035286,1.507848,-0.009277,0.000488,0.002686,0,0,0,0,3000,3000,3000,3000,0,242,-354,0-20,0,0,0
95.793518,1.117188,-2.738281,0.000000,-0.059999,-0.109999,0.011337,-0.031459,0.035286,1.507848,0.007812,-0.000488,0.000488,0,0,0,0,3000,3000,3000,3000,0,230,-353,0-20,0,0,0
95.795471,1.117188,-2.738281,0.000000,-0.059999,-0.109999,0.011723,-0.031459,0.035286,1.507848,-0.007568,0.003662,0.000000,0,0,0,0,3000,3000,3000,3000,0,241,-358,0-20,0,0,0
95.797424,1.117188,-2.738281,0.000000,-0.059999,-0.109999,0.011642,-0.031459,0.035286,1.507848,0.000244,0.003174,-0.002686,0,0,0,0,3000,3000,3000,3000,0,236,-358,0-20,0,0,0
95.799377,1.117188,-2.738281,0.000000,-0.059999,-0.109999,0.011740,-0.031459,0.035286,1.507848,-0.005615,-0.004150,-0.000732,0,0,0,0,3000,3000,3000,3000,0,241,-351,0-20,0,0,0
95.801331,1.117188,-2.738281,0.000000,-0.059999,-0.109999,0.011675,-0.031459,0.035286,1.507848,-0.007080,0.003662,-0.000488,0,0,0,0,3000,3000,3000,3000,0,243,-358,0-20,0,0,0
95.803284,1.117188,-2.738281,0.000000,-0.059999,-0.109999,0.011696,-0.031459,0.035286,1.507848,0.006104,-0.003174,-0.003174,0,0,0,0,3000,3000,3000,3000,0,234,-352,0-20,0,0,0
95.805237,1.117188,-2.738281,0.000000,-0.059999,-0.109999,0.011816,-0.031459,0.035286,1.507848,-0.004883,-0.013184,-0.000732,0,0,0,0,3000,3000,3000,3000,0,241,-342,0-20,0,0,0
95.807190,1.117188,-2.738281,0.000000,-0.059999,-0.109999,0.011705,-0.031430,0.035288,1.507832,-0.000732,-0.001465,-0.004395,0,0,0,0,3000,3000,3000,3000,0,239,-352,0-20,0,0,0
95.809143,1.117188,-2.738281,0.000000,-0.059999,-0.109999,0.011862,-0.031459,0.035286,1.507848,0.010010,0.005859,0.001465,0,0,0,0,3000,3000,3000,3000,0,231,-358,0-20,0,0,0
95.811096,1.117188,-2.738281,0.000000,-0.059999,-0.109999,0.011894,-0.031459,0.035286,1.507848,-0.006104,-0.000488,0.000488,0,0,0,0,3000,3000,3000,3000,0,242,-353,0-20,0,0,0
95.813049,1.117188,-2.738281,0.000000,-0.059999,-0.109999,0.012247,-0.031459,0.035286,1.507848,0.011475,0.003174,0.000488,0,0,0,0,3000,3000,3000,3000,0,229,-357,0-20,0,0,0
95.815002,1.117188,-2.738281,0.000000,-0.059999,-0.109999,0.012251,-0.031459,0.035286,1.507848,-0.004395,-0.000977,-0.002197,0,0,0,0,3000,3000,3000,3000,0,240,-353,0-20,0,0,0
95.816956,1.117188,-2.738281,0.000000,-0.059999,-0.109999,0.012278,-0.031459,0.035286,1.507848,0.001465,-0.002197,0.000488,0,0,0,0,3000,3000,3000,3000,0,236,-352,0-20,0,0,0
95.818909,1.117188,-2.738281,0.000000,-0.059999,-0.109999,0.012438,-0.031459,0.035286,1.507848,0.004150,0.003174,0.002197,0,0,0,0,3000,3000,3000,3000,0,234,-357,0-20,0,0,0
95.820862,1.117188,-2.738281,0.000000,-0.059999,-0.109999,0.012627,-0.031459,0.035286,1.507848,-0.011475,0.001709,0.000488,0,0,0,0,3000,3000,3000,3000,0,245,-356,0-20,0,0,0
95.822815,1.117188,-2.738281,0.000000,-0.059999,-0.109999,0.012667,-0.031459,0.035286,1.507848,0.005615,0.004150,0.000977,0,0,0,0,3000,3000,3000,3000,0,233,-359,0-20,0,0,0
95.824768,1.117188,-2.738281,0.000000,-0.059999,-0.109999,0.012756,-0.031459,0.035286,1.507848,-0.009277,0.000488,-0.000732,0,0,0,0,3000,3000,3000,3000,0,244,-355,0-20,0,0,0
95.826721,1.117188,-2.738281,0.000000,-0.059999,-0.109999,0.012817,-0.031459,0.035286,1.507848,0.002930,-0.001465,-0.000488,0,0,0,0,3000,3000,3000,3000,0,236,-354,0-20,0,0,0
95.828674,1.117188,-2.738281,0.000000,-0.059999,-0.109999,0.012993,-0.031459,0.035286,1.507848,0.003418,0.001709,-0.000488,0,0,0,0,3000,3000,3000,3000,0,235,-356,0-20,0,0,0
95.830627,1.117188,-2.738281,0.000000,-0.059999,-0.109999,0.013025,-0.031459,0.035286,1.507848,-0.007568,0.000488,0.000977,0,0,0,0,3000,3000,3000,3000,0,243,-355,0-20,0,0,0
95.832581,1.117188,-2.738281,0.000000,-0.059999,-0.109999,0.013288,-0.031459,0.035286,1.507848,0.012451,-0.002197,0.003174,0,0,0,0,3000,3000,3000,3000,0,229,-353,0-20,0,0,0
95.834534,1.117188,-2.738281,0.000000,-0.059999,-0.109999,0.013437,-0.031459,0.035286,1.507848,-0.007568,-0.003174,-0.002197,0,0,0,0,3000,3000,3000,3000,0,243,-351,0-20,0,0,0
95.836487,1.117188,-2.738281,0.000000,-0.059999,-0.109999,0.013317,-0.031459,0.035286,1.507848,0.008789,-0.001465,-0.002197,0,0,0,0,3000,3000,3000,3000,0,231,-352,0-20,0,0,0
95.838440,1.117188,-2.738281,0.000000,-0.059999,-0.109999,0.013380,-0.031459,0.035286,1.507848,-0.003906,-0.003174,0.000000,0,0,0,0,3000,3000,3000,3000,0,240,-350,0-20,0,0,0
95.840393,1.117188,-2.738281,0.000000,-0.059999,-0.109999,0.013388,-0.031459,0.035286,1.507848,-0.000244,-0.001465,-0.001709,0,0,0,0,3000,3000,3000,3000,0,237,-352,0-20,0,0,0
95.842346,1.117188,-2.738281,0.000000,-0.059999,-0.109999,0.013361,-0.031459,0.035286,1.507848,0.007324,0.000488,-0.000488,0,0,0,0,3000,3000,3000,3000,0,232,-353,0-20,0,0,0
95.844299,1.117188,-2.738281,0.000000,-0.059999,-0.109999,0.013397,-0.031459,0.035286,1.507848,-0.006592,0.000488,-0.001709,0,0,0,0,3000,3000,3000,3000,0,241,-354,0-20,0,0,0
95.846252,1.117188,-2.738281,0.000000,-0.059999,-0.109999,0.013327,-0.031459,0.035286,1.507848,-0.000244,-0.000488,-0.004883,0,0,0,0,3000,3000,3000,3000,0,237,-353,0-20,0,0,0
95.848206,1.117188,-2.738281,0.000000,-0.059999,-0.109999,0.013279,-0.031459,0.035286,1.507848,-0.004883,0.002197,-0.003174,0,0,0,0,3000,3000,3000,3000,0,241,-355,0-20,0,0,0
95.850159,1.117188,-2.738281,0.000000,-0.059999,-0.109999,0.013264,-0.031459,0.035286,1.507848,-0.003906,0.004150,-0.001221,0,0,0,0,3000,3000,3000,3000,0,240,-358,0-20,0,0,0
95.852112,1.117188,-2.738281,0.000000,-0.059999,-0.109999,0.013203,-0.031459,0.035286,1.507848,0.002441,0.000000,0.000488,0,0,0,0,3000,3000,3000,3000,0,236,-354,0-20,0,0,0
95.854065,1.117188,-2.738281,0.000000,-0.059999,-0.109999,0.013226,-0.031459,0.035286,1.507848,-0.002930,0.003662,-0.002197,0,0,0,0,3000,3000,3000,3000,0,240,-358,0-20,0,0,0
95.856018,1.117188,-2.738281,0.000000,-0.059999,-0.109999,0.013325,-0.031459,0.035286,1.507848,0.006104,-0.000488,0.004150,0,0,0,0,3000,3000,3000,3000,0,233,-354,0-20,0,0,0
95.857971,1.117188,-2.738281,0.000000,-0.059999,-0.109999,0.013430,-0.031459,0.035286,1.507848,-0.001709,0.001709,0.000000,0,0,0,0,3000,3000,3000,3000,0,238,-356,0-20,0,0,0
95.859924,1.117188,-2.738281,0.000000,-0.059999,-0.109999,0.013540,-0.031459,0.035286,1.507848,0.004150,-0.002197,0.001465,0,0,0,0,3000,3000,3000,3000,0,234,-352,0-20,0,0,0
95.861877,1.117188,-2.738281,0.000000,-0.059999,-0.109999,0.013556,-0.031459,0.035286,1.507848,0.005615,-0.002686,0.002686,0,0,0,0,3000,3000,3000,3000,0,233,-352,0-20,0,0,0
95.863831,1.117188,-2.738281,0.000000,-0.059999,-0.109999,0.013721,-0.031459,0.035286,1.507848,-0.003418,-0.001465,0.002686,0,0,0,0,3000,3000,3000,3000,0,239,-352,0-20,0,0,0
95.865784,1.117188,-2.738281,0.000000,-0.059999,-0.109999,0.013779,-0.031459,0.035286,1.507848,0.005615,-0.000977,0.000977,0,0,0,0,3000,3000,3000,3000,0,232,-352,0-20,0,0,0
95.867737,1.117188,-2.738281,0.000000,-0.059999,-0.109999,0.014053,-0.031459,0.035286,1.507848,-0.004395,0.000000,0.002686,0,0,0,0,3000,3000,3000,3000,0,239,-353,0-20,0,0,0
95.869690,1.117188,-2.738281,0.000000,-0.059999,-0.109999,0.014095,-0.031459,0.035286,1.507848,0.001465,-0.000488,0.004150,0,0,0,0,3000,3000,3000,3000,0,235,-353,0-20,0,0,0
95.871643,1.117188,-2.738281,0.000000,-0.059999,-0.109999,0.014219,-0.031459,0.035286,1.507848,-0.002930,0.000977,0.000488,0,0,0,0,3000,3000,3000,3000,0,239,-354,0-20,0,0,0
95.873596,1.117188,-2.738281,0.000000,-0.059999,-0.109999,0.014332,-0.031459,0.035286,1.507848,-0.002930,-0.000977,-0.002197,0,0,0,0,3000,3000,3000,3000,0,239,-352,0-20,0,0,0
95.875549,1.117188,-2.738281,0.000000,-0.059999,-0.109999,0.014486,-0.031459,0.035286,1.507848,0.003418,0.000000,-0.000488,0,0,0,0,3000,3000,3000,3000,0,235,-353,0-20,0,0,0
95.877502,1.117188,-2.738281,0.000000,-0.059999,-0.109999,0.014784,-0.031459,0.035286,1.507848,-0.008789,0.001709,-0.002686,0,0,0,0,3000,3000,3000,3000,0,243,-355,0-20,0,0,0
95.879456,1.117188,-2.738281,0.000000,-0.059999,-0.109999,0.014872,-0.031459,0.035286,1.507848,0.007812,0.001709,0.000488,0,0,0,0,3000,3000,3000,3000,0,232,-355,0-20,0,0,0
95.881409,1.117188,-2.738281,0.000000,-0.059999,-0.109999,0.015011,-0.031459,0.035286,1.507848,-0.004395,0.002197,-0.001221,0,0,0,0,3000,3000,3000,3000,0,240,-356,0-20,0,0,0
95.883362,1.117188,-2.738281,0.000000,-0.059999,-0.109999,0.014854,-0.031459,0.035286,1.507848,-0.001709,0.003174,-0.006348,0,0,0,0,3000,3000,3000,3000,0,239,-357,0-20,0,0,0
95.885315,1.117188,-2.738281,0.000000,-0.059999,-0.109999,0.015087,-0.031459,0.035286,1.507848,0.004150,-0.001465,0.001465,0,0,0,0,3000,3000,3000,3000,0,234,-353,0-20,0,0,0
95.887268,1.117188,-2.738281,0.000000,-0.059999,-0.109999,0.015211,-0.031459,0.035286,1.507848,-0.005615,0.000488,-0.002686,0,0,0,0,3000,3000,3000,3000,0,241,-355,0-20,0,0,0
95.889221,1.117188,-2.738281,0.000000,-0.059999,-0.109999,0.013878,-0.031459,0.035286,1.507848,0.008301,-0.000488,-0.002197,0,0,0,0,3000,3000,3000,3000,0,231,-354,0-20,0,0,0
95.891174,1.117188,-2.738281,0.000000,-0.059999,-0.109999,0.013939,-0.031459,0.035286,1.507848,-0.004395,-0.000977,-0.004395,0,0,0,0,3000,3000,3000,3000,0,240,-353,0-20,0,0,0
95.893127,1.117188,-2.738281,0.000000,-0.059999,-0.109999,0.014149,-0.031459,0.035286,1.507848,0.001953,0.001709,-0.000488,0,0,0,0,3000,3000,3000,3000,0,236,-355,0-20,0,0,0
95.895081,1.117188,-2.738281,0.000000,-0.059999,-0.109999,0.014359,-0.031459,0.035286,1.507848,0.000977,-0.004150,0.000488,0,0,0,0,3000,3000,3000,3000,0,236,-350,0-20,0,0,0
95.897034,1.117188,-2.738281,0.000000,-0.059999,-0.109999,0.014429,-0.031459,0.035286,1.507848,0.000244,-0.001465,-0.004395,0,0,0,0,3000,3000,3000,3000,0,237,-352,0-20,0,0,0
95.898987,1.117188,-2.738281,0.000000,-0.059999,-0.109999,0.014683,-0.031459,0.035286,1.507848,0.007324,-0.003662,0.000488,0,0,0,0,3000,3000,3000,3000,0,231,-349,0-20,0,0,0
95.900940,1.117188,-2.738281,0.000000,-0.059999,-0.109999,0.014812,-0.031459,0.035286,1.507848,-0.005615,-0.002686,0.000488,0,0,0,0,3000,3000,3000,3000,0,240,-350,0-20,0,0,0
95.902893,1.117188,-2.738281,0.000000,-0.059999,-0.109999,0.014870,-0.031459,0.035286,1.507848,0.000977,-0.000488,-0.000732,0,0,0,0,3000,3000,3000,3000,0,236,-352,0-20,0,0,0
95.904846,1.117188,-2.738281,0.000000,-0.059999,-0.109999,0.014711,-0.031459,0.035286,1.507848,-0.000244,0.000000,0.000000,0,0,0,0,3000,3000,3000,3000,0,237,-352,0-20,0,0,0
95.906799,1.117188,-2.738281,0.000000,-0.059999,-0.109999,0.014730,-0.031459,0.035286,1.507848,-0.007080,0.000977,0.000977,0,0,0,0,3000,3000,3000,3000,0,242,-353,0-20,0,0,0
95.908752,1.117188,-2.738281,0.000000,-0.059999,-0.109999,0.014677,-0.031459,0.035286,1.507848,0.006592,-0.000977,0.004150,0,0,0,0,3000,3000,3000,3000,0,233,-352,0-20,0,0,0
95.910706,1.117188,-2.738281,0.000000,-0.059999,-0.109999,0.014593,-0.031459,0.035286,1.507848,-0.001709,0.001709,-0.001709,0,0,0,0,3000,3000,3000,3000,0,238,-354,0-20,0,0,0
95.912659,1.117188,-2.738281,0.000000,-0.059999,-0.109999,0.014620,-0.031459,0.035286,1.507848,0.006104,0.002197,0.000488,0,0,0,0,3000,3000,3000,3000,0,232,-355,0-20,0,0,0
95.914612,1.117188,-2.738281,0.000000,-0.059999,-0.109999,0.014774,-0.031459,0.035286,1.507848,-0.000732,0.000488,-0.000488,0,0,0,0,3000,3000,3000,3000,0,237,-354,0-20,0,0,0
95.916565,1.117188,-2.738281,0.000000,-0.059999,-0.109999,0.015041,-0.031459,0.035286,1.507848,-0.001709,0.004150,-0.001709,0,0,0,0,3000,3000,3000,3000,0,238,-358,0-20,0,0,0
95.918518,1.117188,-2.738281,0.000000,-0.059999,-0.109999,0.015137,-0.031459,0.035286,1.507848,0.003418,0.000977,-0.001221,0,0,0,0,3000,3000,3000,3000,0,234,-355,0-20,0,0,0
95.920471,1.117188,-2.738281,0.000000,-0.059999,-0.109999,0.015266,-0.031459,0.035286,1.507848,-0.008789,0.000000,-0.003174,0,0,0,0,3000,3000,3000,3000,0,243,-354,0-20,0,0,0
95.922424,1.117188,-2.738281,0.000000,-0.059999,-0.109999,0.015360,-0.031459,0.035286,1.507848,0.002930,-0.002197,-0.002197,0,0,0,0,3000,3000,3000,3000,0,235,-352,0-20,0,0,0
95.924377,1.117188,-2.738281,0.000000,-0.059999,-0.109999,0.015434,-0.031459,0.035286,1.507848,-0.004395,-0.000977,-0.001221,0,0,0,0,3000,3000,3000,3000,0,240,-353,0-20,0,0,0
95.926331,1.117188,-2.738281,0.000000,-0.059999,-0.109999,0.015362,-0.031459,0.035286,1.507848,-0.001221,-0.002197,-0.001709,0,0,0,0,3000,3000,3000,3000,0,238,-352,0-20,0,0,0
95.928284,1.117188,-2.738281,0.000000,-0.059999,-0.109999,0.015518,-0.031459,0.035286,1.507848,0.002930,-0.000488,0.000000,0,0,0,0,3000,3000,3000,3000,0,236,-353,0-20,0,0,0
95.930267,1.117188,-2.738281,0.000000,0.070000,0.150000,0.015610,-0.031459,0.035286,1.507848,-0.008301,-0.000488,-0.001709,0,0,0,0,3000,3000,3000,3000,0,243,-353,0-20,0,0,0
95.932190,1.117188,-2.738281,0.000000,0.070000,0.150000,0.011625,-0.031459,0.035286,1.507848,0.010986,0.000000,0.003662,0,0,0,0,3000,3000,3000,3000,0,230,-353,0-20,0,0,0
95.934143,1.117188,-2.738281,0.000000,0.070000,0.150000,0.011763,-0.031459,0.035286,1.507848,-0.007568,0.002686,0.000488,0,0,0,0,3000,3000,3000,3000,0,243,-356,0-20,0,0,0
95.936096,1.117188,-2.738281,0.000000,0.070000,0.150000,0.011757,-0.031459,0.035286,1.507848,0.006104,0.000000,0.001465,0,0,0,0,3000,3000,3000,3000,0,233,-354,0-20,0,0,0
95.938057,1.117188,-2.738281,0.000000,0.070000,0.150000,0.011812,-0.031459,0.035286,1.507848,0.003418,-0.002686,0.004150,0,0,0,0,3000,3000,3000,3000,0,235,-351,0-20,0,0,0
95.940002,1.117188,-2.738281,0.000000,0.070000,0.150000,0.011631,-0.031459,0.035286,1.507848,-0.003906,-0.000488,0.000488,0,0,0,0,3000,3000,3000,3000,0,239,-353,0-20,0,0,0
95.941956,1.117188,-2.738281,0.000000,0.070000,0.150000,0.011721,-0.031459,0.035286,1.507848,0.008301,-0.002686,-0.000488,0,0,0,0,3000,3000,3000,3000,0,231,-351,0-20,0,0,0
95.943909,1.117188,-2.738281,0.000000,0.070000,0.150000,0.011618,-0.031459,0.035286,1.507848,-0.006592,0.000488,-0.000488,0,0,0,0,3000,3000,3000,3000,0,241,-353,0-20,0,0,0
95.945862,1.117188,-2.738281,0.000000,0.070000,0.150000,0.011679,-0.031459,0.035286,1.507848,0.003418,0.000488,0.000488,0,0,0,0,3000,3000,3000,3000,0,234,-353,0-20,0,0,0
95.947815,1.117188,-2.738281,0.000000,0.070000,0.150000,0.011824,-0.031459,0.035286,1.507848,-0.001709,0.000488,0.002686,0,0,0,0,3000,3000,3000,3000,0,238,-354,0-20,0,0,0
95.949768,1.117188,-2.738281,0.000000,0.070000,0.150000,0.011929,-0.031459,0.035286,1.507848,-0.000732,0.000000,0.000977,0,0,0,0,3000,3000,3000,3000,0,237,-353,0-20,0,0,0
95.951721,1.117188,-2.738281,0.000000,0.070000,0.150000,0.011940,-0.031459,0.035286,1.507848,0.004639,0.000977,0.002197,0,0,0,0,3000,3000,3000,3000,0,233,-354,0-20,0,0,0
95.953674,1.117188,-2.738281,0.000000,0.070000,0.150000,0.012079,-0.031459,0.035286,1.507848,-0.004395,-0.000977,-0.001709,0,0,0,0,3000,3000,3000,3000,0,240,-353,0-20,0,0,0
95.955627,1.117188,-2.738281,0.000000,0.070000,0.150000,0.012188,-0.031459,0.035286,1.507848,0.004639,0.000488,0.001465,0,0,0,0,3000,3000,3000,3000,0,233,-354,0-20,0,0,0
95.957581,1.117188,-2.738281,0.000000,0.070000,0.150000,0.012377,-0.031459,0.035286,1.507848,-0.004883,0.000488,0.000000,0,0,0,0,3000,3000,3000,3000,0,240,-354,0-20,0,0,0
95.959534,1.117188,-2.738281,0.000000,0.070000,0.150000,0.012541,-0.031459,0.035286,1.507848,-0.002441,0.002686,-0.000488,0,0,0,0,3000,3000,3000,3000,0,239,-356,0-20,0,0,0
95.961487,1.117188,-2.738281,0.000000,0.070000,0.150000,0.012537,-0.031459,0.035286,1.507848,0.005615,0.002686,0.001465,0,0,0,0,3000,3000,3000,3000,0,233,-357,0-20,0,0,0
95.963440,1.117188,-2.738281,0.000000,0.070000,0.150000,0.012602,-0.031459,0.035286,1.507848,-0.003906,0.001709,-0.001221,0,0,0,0,3000,3000,3000,3000,0,240,-356,0-20,0,0,0
95.965393,1.117188,-2.738281,0.000000,0.000000,0.000000,0.010927,-0.031459,0.035286,1.507848,0.007812,-0.002686,-0.000488,0,0,0,0,3000,3000,3000,3000,0,231,-352,0-20,0,0,0
95.967346,1.117188,-2.738281,0.000000,0.000000,0.000000,0.010851,-0.031459,0.035286,1.507848,-0.002930,0.002197,-0.002686,0,0,0,0,3000,3000,3000,3000,0,239,-356,0-20,0,0,0
95.969299,1.117188,-2.738281,0.000000,0.000000,0.000000,0.010941,-0.031459,0.035286,1.507848,0.004150,0.000000,-0.002197,0,0,0,0,3000,3000,3000,3000,0,234,-354,0-20,0,0,0
95.971252,1.117188,-2.738281,0.000000,0.000000,0.000000,0.010866,-0.031459,0.035286,1.507848,0.000977,-0.000488,-0.002686,0,0,0,0,3000,3000,3000,3000,0,236,-354,0-20,0,0,0
95.973206,1.117188,-2.738281,0.000000,0.000000,0.000000,0.011047,-0.031459,0.035286,1.507848,-0.003906,0.001709,-0.001709,0,0,0,0,3000,3000,3000,3000,0,239,-356,0-20,0,0,0
95.975159,1.117188,-2.738281,0.000000,0.000000,0.000000,0.011238,-0.031459,0.035286,1.507848,0.006592,0.000488,0.000977,0,0,0,0,3000,3000,3000,3000,0,232,-355,0-20,0,0,0
95.977112,1.117188,-2.738281,0.000000,0.000000,0.000000,0.011341,-0.031459,0.035286,1.507848,-0.006592,0.000488,0.000977,0,0,0,0,3000,3000,3000,3000,0,241,-355,0-20,0,0,0
95.979073,1.117188,-2.738281,0.000000,0.000000,0.000000,0.011356,-0.031459,0.035286,1.507848,0.002441,-0.000977,0.000000,0,0,0,0,3000,3000,3000,3000,0,235,-353,0-20,0,0,0
95.981018,1.117188,-2.738281,0.000000,0.000000,0.000000,0.011379,-0.031459,0.035286,1.507848,0.000977,-0.000488,0.000488,0,0,0,0,3000,3000,3000,3000,0,236,-353,0-20,0,0,0
95.982971,1.117188,-2.738281,0.000000,0.000000,0.000000,0.011364,-0.031459,0.035286,1.507848,-0.000732,0.000000,0.000000,0,0,0,0,3000,3000,3000,3000,0,237,-354,0-20,0,0,0
95.984924,1.117188,-2.738281,0.000000,0.000000,0.000000,0.011583,-0.031459,0.035286,1.507848,0.007324,0.000488,0.005371,0,0,0,0,3000,3000,3000,3000,0,232,-354,0-20,0,0,0
95.986877,1.117188,-2.738281,0.000000,0.000000,0.000000,0.011627,-0.031459,0.035286,1.507848,-0.005615,0.000000,-0.000732,0,0,0,0,3000,3000,3000,3000,0,240,-354,0-20,0,0,0
95.988831,1.117188,-2.738281,0.000000,0.000000,0.000000,0.011766,-0.031459,0.035286,1.507848,0.005615,0.000000,0.002686,0,0,0,0,3000,3000,3000,3000,0,233,-354,0-20,0,0,0
95.990784,1.117188,-2.738281,0.000000,0.000000,0.000000,0.012035,-0.031459,0.035286,1.507848,-0.001221,-0.002686,0.003174,0,0,0,0,3000,3000,3000,3000,0,237,-351,0-20,0,0,0
95.992737,1.117188,-2.738281,0.000000,0.000000,0.000000,0.012178,-0.031459,0.035286,1.507848,0.004150,0.002197,0.000000,0,0,0,0,3000,3000,3000,3000,0,234,-355,0-20,0,0,0
95.994690,1.117188,-2.738281,0.000000,0.000000,0.000000,0.012278,-0.031459,0.035286,1.507848,0.000244,-0.000488,-0.001709,0,0,0,0,3000,3000,3000,3000,0,236,-353,0-20,0,0,0
95.996643,1.117188,-2.738281,0.000000,0.000000,0.000000,0.012230,-0.031459,0.035286,1.507848,-0.004395,0.000000,-0.004395,0,0,0,0,3000,3000,3000,3000,0,240,-353,0-20,0,0,0
95.998596,1.117188,-2.738281,0.000000,0.000000,0.000000,0.012247,-0.031459,0.035286,1.507848,0.002930,-0.002197,0.003174,0,0,0,0,3000,3000,3000,3000,0,235,-351,0-20,0,0,0
96.000549,1.117188,-2.738281,0.000000,0.000000,0.000000,0.012392,-0.031459,0.035286,1.507848,-0.006104,0.000977,0.000488,0,0,0,0,3000,3000,3000,3000,0,241,-354,0-20,0,0,0
96.002502,1.117188,-2.738281,0.000000,0.000000,0.000000,0.012356,-0.031459,0.035286,1.507848,0.000244,-0.000488,-0.005371,0,0,0,0,3000,3000,3000,3000,0,237,-353,0-20,0,0,0
96.004456,1.117188,-2.738281,0.000000,0.000000,0.000000,0.012367,-0.031459,0.035286,1.507848,0.005127,-0.001465,0.002686,0,0,0,0,3000,3000,3000,3000,0,234,-352,0-20,0,0,0
96.006409,1.117188,-2.738281,0.000000,0.000000,0.000000,0.012369,-0.031459,0.035286,1.507848,-0.003906,0.000488,-0.004395,0,0,0,0,3000,3000,3000,3000,0,240,-353,0-20,0,0,0
96.008362,1.117188,-2.738281,0.000000,0.000000,0.000000,0.012493,-0.031459,0.035286,1.507848,0.004150,-0.001465,-0.000732,0,0,0,0,3000,3000,3000,3000,0,234,-352,0-20,0,0,0
96.010315,1.117188,-2.738281,0.000000,0.000000,0.000000,0.012405,-0.031459,0.035286,1.507848,-0.006104,0.002686,-0.000488,0,0,0,0,3000,3000,3000,3000,0,242,-356,0-20,0,0,0
96.012268,1.117188,-2.738281,0.000000,0.000000,0.000000,0.012417,-0.031459,0.035286,1.507848,0.005127,-0.000977,0.002197,0,0,0,0,3000,3000,3000,3000,0,234,-352,0-20,0,0,0
96.014221,1.117188,-2.738281,0.000000,0.000000,0.000000,0.012545,-0.031459,0.035286,1.507848,0.001953,0.000977,-0.001709,0,0,0,0,3000,3000,3000,3000,0,236,-354,0-20,0,0,0
96.016174,1.117188,-2.738281,0.000000,0.000000,0.000000,0.012527,-0.031459,0.035286,1.507848,-0.002930,0.000977,-0.003906,0,0,0,0,3000,3000,3000,3000,0,239,-354,0-20,0,0,0
96.018135,1.117188,-2.738281,0.000000,0.000000,0.000000,0.012657,-0.031459,0.035286,1.507848,0.006104,-0.000977,0.002197,0,0,0,0,3000,3000,3000,3000,0,233,-353,0-20,0,0,0
96.023987,1.117188,-2.738281,0.000000,0.000000,0.000000,0.012630,-0.031459,0.035286,1.507848,-0.007568,-0.000488,0.000488,0,0,0,0,3000,3000,3000,3000,0,242,-353,0-20,0,0,0
96.025948,1.117188,-2.738281,0.000000,0.000000,0.000000,0.013136,-0.031461,0.035286,1.507722,0.002441,-0.001465,-0.001221,0,0,0,0,3000,3000,3000,3000,0,236,-352,0-20,0,0,0
96.027893,1.117188,-2.738281,0.000000,0.000000,0.000000,0.013256,-0.031461,0.035286,1.507722,0.004150,-0.002197,0.001465,0,0,0,0,3000,3000,3000,3000,0,235,-351,0-20,0,0,0
96.029854,1.117188,-2.738281,0.000000,0.000000,0.000000,0.013252,-0.031461,0.035286,1.507722,-0.003906,-0.000488,-0.000488,0,0,0,0,3000,3000,3000,3000,0,240,-352,0-20,0,0,0
96.031799,1.117188,-2.738281,0.000000,0.000000,0.000000,0.013365,-0.031461,0.035286,1.507722,0.007812,0.000488,0.000000,0,0,0,0,3000,3000,3000,3000,0,232,-353,0-20,0,0,0
96.033752,1.117188,-2.738281,0.000000,0.000000,0.000000,0.013371,-0.031461,0.035286,1.507722,-0.004883,-0.002197,-0.000732,0,0,0,0,3000,3000,3000,3000,0,241,-351,0-20,0,0,0
96.035713,1.117188,-2.738281,0.000000,0.000000,0.000000,0.013327,-0.031461,0.035286,1.507722,-0.001221,-0.000977,0.000977,0,0,0,0,3000,3000,3000,3000,0,238,-352,0-20,0,0,0
96.037659,1.117188,-2.738281,0.000000,0.000000,0.000000,0.013361,-0.031461,0.035286,1.507722,0.002930,0.000000,0.003174,0,0,0,0,3000,3000,3000,3000,0,235,-353,0-20,0,0,0
96.039619,1.117188,-2.738281,0.000000,0.000000,0.000000,0.013491,-0.031461,0.035286,1.507722,-0.002930,0.000977,-0.004883,0,0,0,0,3000,3000,3000,3000,0,239,-354,0-20,0,0,0
96.041573,1.117188,-2.738281,0.000000,0.000000,0.000000,0.013573,-0.031461,0.035286,1.507722,0.008301,-0.002197,-0.000732,0,0,0,0,3000,3000,3000,3000,0,231,-351,0-20,0,0,0
96.043526,1.117188,-2.738281,0.000000,0.000000,0.000000,0.013733,-0.031461,0.035286,1.507722,-0.006592,-0.000488,-0.003174,0,0,0,0,3000,3000,3000,3000,0,242,-352,0-20,0,0,0
96.045471,1.117188,-2.738281,0.000000,0.000000,0.000000,0.013905,-0.031461,0.035286,1.507722,0.004150,0.000488,0.000488,0,0,0,0,3000,3000,3000,3000,0,234,-353,0-20,0,0,0
96.047424,1.117188,-2.738281,0.000000,0.000000,0.000000,0.013899,-0.031461,0.035286,1.507722,-0.003906,0.001709,0.000488,0,0,0,0,3000,3000,3000,3000,0,240,-355,0-20,0,0,0
96.049377,1.117188,-2.738281,0.000000,0.000000,0.000000,0.014736,-0.031461,0.035286,1.507722,-0.001709,0.000000,-0.000732,0,0,0,0,3000,3000,3000,3000,0,238,-353,0-20,0,0,0
96.051331,1.117188,-2.738281,0.000000,0.000000,0.000000,0.014864,-0.031461,0.035286,1.507722,0.005127,-0.000488,-0.000488,0,0,0,0,3000,3000,3000,3000,0,234,-353,0-20,0,0,0
96.053284,1.117188,-2.738281,0.000000,0.000000,0.000000,0.015062,-0.031461,0.035286,1.507722,-0.004883,0.000488,-0.000488,0,0,0,0,3000,3000,3000,3000,0,241,-354,0-20,0,0,0
96.055237,1.117188,-2.738281,0.000000,0.000000,0.000000,0.015030,-0.031461,0.035286,1.507722,0.004150,0.000488,0.000000,0,0,0,0,3000,3000,3000,3000,0,234,-354,0-20,0,0,0
96.057190,1.117188,-2.738281,0.000000,0.000000,0.000000,0.015131,-0.031461,0.035286,1.507722,-0.001221,0.001709,0.000000,0,0,0,0,3000,3000,3000,3000,0,238,-355,0-20,0,0,0
96.059151,1.117188,-2.738281,0.000000,0.000000,0.000000,0.015028,-0.031461,0.035286,1.507722,-0.003418,-0.000977,-0.000732,0,0,0,0,3000,3000,3000,3000,0,239,-353,0-20,0,0,0
96.061096,1.117188,-2.738281,0.000000,0.000000,0.000000,0.014999,-0.031461,0.035286,1.507722,0.001465,-0.000977,-0.000488,0,0,0,0,3000,3000,3000,3000,0,236,-353,0-20,0,0,0
96.063049,1.117188,-2.738281,0.000000,0.000000,0.000000,0.015152,-0.031461,0.035286,1.507722,-0.009277,0.000977,-0.000732,0,0,0,0,3000,3000,3000,3000,0,244,-355,0-20,0,0,0
96.065002,1.117188,-2.738281,0.000000,0.000000,0.000000,0.015228,-0.031461,0.035286,1.507722,0.006104,-0.001465,0.000977,0,0,0,0,3000,3000,3000,3000,0,233,-352,0-20,0,0,0
96.066963,1.117188,-2.738281,0.000000,0.000000,0.000000,0.015379,-0.031461,0.035286,1.507722,-0.004883,-0.000488,-0.001221,0,0,0,0,3000,3000,3000,3000,0,241,-353,0-20,0,0,0
96.068909,1.117188,-2.738281,0.000000,0.000000,0.000000,0.015306,-0.031461,0.035286,1.507722,0.002930,0.000488,-0.000488,0,0,0,0,3000,3000,3000,3000,0,235,-354,0-20,0,0,0
96.070862,1.117188,-2.738281,0.000000,0.000000,0.000000,0.015429,-0.031461,0.035286,1.507722,0.001465,0.002197,0.000488,0,0,0,0,3000,3000,3000,3000,0,236,-356,0-20,0,0,0
96.072815,1.117188,-2.738281,0.000000,0.000000,0.000000,0.015440,-0.031461,0.035286,1.507722,-0.003418,-0.003174,-0.002197,0,0,0,0,3000,3000,3000,3000,0,240,-351,0-20,0,0,0
96.074776,1.117188,-2.738281,0.000000,0.000000,0.000000,0.015501,-0.031461,0.035286,1.507722,0.007812,-0.003662,-0.001221,0,0,0,0,3000,3000,3000,3000,0,232,-350,0-20,0,0,0
96.076721,1.117188,-2.738281,0.000000,0.000000,0.000000,0.015596,-0.031461,0.035286,1.507722,-0.006592,0.001709,-0.002197,0,0,0,0,3000,3000,3000,3000,0,242,-355,0-20,0,0,0
96.078682,1.117188,-2.738281,0.000000,0.000000,0.000000,0.015722,-0.031461,0.035286,1.507722,0.001953,-0.000977,0.003174,0,0,0,0,3000,3000,3000,3000,0,236,-352,0-20,0,0,0
96.080627,1.117188,-2.738281,0.000000,0.000000,0.000000,0.015902,-0.031461,0.035286,1.507722,-0.003906,0.000977,-0.001221,0,0,0,0,3000,3000,3000,3000,0,240,-354,0-20,0,0,0
96.082588,1.117188,-2.738281,0.000000,0.000000,0.000000,0.015984,-0.031461,0.035286,1.507722,-0.004395,0.000000,-0.003174,0,0,0,0,3000,3000,3000,3000,0,240,-353,0-20,0,0,0
96.084534,1.117188,-2.738281,0.000000,0.000000,0.000000,0.015985,-0.031461,0.035286,1.507722,0.004639,0.001709,0.000000,0,0,0,0,3000,3000,3000,3000,0,234,-355,0-20,0,0,0
96.086487,1.117188,-2.738281,0.000000,0.000000,0.000000,0.016029,-0.031461,0.035286,1.507722,-0.008789,-0.001465,-0.001221,0,0,0,0,3000,3000,3000,3000,0,244,-352,0-20,0,0,0
96.088448,1.117188,-2.738281,0.000000,0.000000,0.000000,0.016193,-0.031461,0.035286,1.507722,0.001953,0.000977,0.002197,0,0,0,0,3000,3000,3000,3000,0,236,-355,0-20,0,0,0
96.090401,1.117188,-2.738281,0.000000,0.000000,0.000000,0.016176,-0.031461,0.035286,1.507722,-0.003418,-0.002197,0.001465,0,0,0,0,3000,3000,3000,3000,0,240,-352,0-20,0,0,0
96.092346,1.117188,-2.738281,0.000000,0.000000,0.000000,0.016132,-0.031461,0.035286,1.507722,-0.002930,-0.000488,-0.000488,0,0,0,0,3000,3000,3000,3000,0,240,-353,0-20,0,0,0
96.094299,1.117188,-2.738281,0.000000,0.000000,0.000000,0.016121,-0.031461,0.035286,1.507722,0.005615,-0.000977,0.000488,0,0,0,0,3000,3000,3000,3000,0,234,-352,0-20,0,0,0
96.096252,1.117188,-2.738281,0.000000,0.000000,0.000000,0.016129,-0.031461,0.035286,1.507722,-0.007568,-0.000488,-0.001221,0,0,0,0,3000,3000,3000,3000,0,243,-353,0-20,0,0,0
96.098206,1.117188,-2.738281,0.000000,0.000000,0.000000,0.016165,-0.031461,0.035286,1.507722,0.007324,0.000000,0.003662,0,0,0,0,3000,3000,3000,3000,0,232,-353,0-20,0,0,0
96.100159,1.117188,-2.738281,0.000000,0.000000,0.000000,0.016102,-0.031461,0.035286,1.507722,-0.004395,-0.000977,0.000488,0,0,0,0,3000,3000,3000,3000,0,240,-352,0-20,0,0,0
96.102112,1.117188,-2.738281,0.000000,0.000000,0.000000,0.016340,-0.031461,0.035286,1.507722,0.000244,-0.000977,0.000000,0,0,0,0,3000,3000,3000,3000,0,237,-352,0-20,0,0,0
96.104065,1.117188,-2.738281,0.000000,0.000000,0.000000,0.016390,-0.031461,0.035286,1.507722,0.005615,0.000977,0.002686,0,0,0,0,3000,3000,3000,3000,0,233,-354,0-20,0,0,0
96.106026,1.117188,-2.738281,0.000000,0.000000,0.000000,0.016489,-0.031461,0.035286,1.507722,-0.004883,0.000488,-0.003174,0,0,0,0,3000,3000,3000,3000,0,240,-354,0-20,0,0,0
96.107971,1.117188,-2.738281,0.000000,0.000000,0.000000,0.016676,-0.031461,0.035286,1.507722,0.005615,0.002197,-0.001221,0,0,0,0,3000,3000,3000,3000,0,233,-356,0-20,0,0,0
96.109924,1.117188,-2.738281,0.000000,0.000000,0.000000,0.017012,-0.031461,0.035286,1.507722,-0.004395,-0.001465,0.000977,0,0,0,0,3000,3000,3000,3000,0,240,-352,0-20,0,0,0
96.111877,1.117188,-2.738281,0.000000,0.000000,0.000000,0.017122,-0.031461,0.035286,1.507722,0.006104,-0.001465,0.000000,0,0,0,0,3000,3000,3000,3000,0,232,-352,0-20,0,0,0
96.113831,1.117188,-2.738281,0.000000,0.000000,0.000000,0.017271,-0.031461,0.035286,1.507722,0.004639,0.000488,-0.002197,0,0,0,0,3000,3000,3000,3000,0,233,-354,0-20,0,0,0
96.115791,1.117188,-2.738281,0.000000,0.000000,0.000000,0.017054,-0.031461,0.035286,1.507722,-0.003418,0.000488,-0.002197,0,0,0,0,3000,3000,3000,3000,0,238,-354,0-20,0,0,0
96.117737,1.117188,-2.738281,0.000000,0.000000,0.000000,0.017271,-0.031461,0.035286,1.507722,0.008301,-0.000488,0.000000,0,0,0,0,3000,3000,3000,3000,0,230,-353,0-20,0,0,0
96.119690,1.117188,-2.738281,0.000000,0.000000,0.000000,0.017467,-0.031461,0.035286,1.507722,-0.004883,0.000000,-0.000488,0,0,0,0,3000,3000,3000,3000,0,239,-354,0-20,0,0,0
96.121643,1.117188,-2.738281,0.000000,0.000000,0.000000,0.017530,-0.031461,0.035286,1.507722,0.006104,-0.000977,0.001465,0,0,0,0,3000,3000,3000,3000,0,231,-353,0-20,0,0,0
96.123596,1.117188,-2.738281,0.000000,0.000000,0.000000,0.017382,-0.031461,0.035286,1.507722,-0.003418,0.002197,0.002197,0,0,0,0,3000,3000,3000,3000,0,238,-356,0-20,0,0,0
96.125549,1.117188,-2.738281,0.000000,0.000000,0.000000,0.017498,-0.031461,0.035286,1.507722,-0.002441,-0.000488,0.002197,0,0,0,0,3000,3000,3000,3000,0,238,-353,0-20,0,0,0
96.127502,1.117188,-2.738281,0.000000,0.000000,0.000000,0.018806,-0.031461,0.035286,1.507722,0.004639,0.000488,0.002686,0,0,0,0,3000,3000,3000,3000,0,233,-354,0-20,0,0,0
96.129456,1.117188,-2.738281,0.000000,0.000000,0.000000,0.018984,-0.031461,0.035286,1.507722,-0.003418,0.001709,-0.003174,0,0,0,0,3000,3000,3000,3000,0,239,-355,0-20,0,0,0
96.131409,1.117188,-2.738281,0.000000,0.000000,0.000000,0.019213,-0.031461,0.035286,1.507722,0.004150,0.000488,-0.002197,0,0,0,0,3000,3000,3000,3000,0,233,-354,0-20,0,0,0
96.133362,1.117188,-2.738281,0.000000,0.000000,0.000000,0.019377,-0.031461,0.035286,1.507722,-0.001709,0.000000,0.000977,0,0,0,0,3000,3000,3000,3000,0,237,-354,0-20,0,0,0
96.135323,1.117188,-2.738281,0.000000,0.000000,0.000000,0.019375,-0.031461,0.035286,1.507722,-0.001709,0.000977,-0.003906,0,0,0,0,3000,3000,3000,3000,0,238,-355,0-20,0,0,0
96.137268,1.117188,-2.738281,0.000000,0.000000,0.000000,0.019459,-0.031461,0.035286,1.507722,0.005615,0.000977,0.003174,0,0,0,0,3000,3000,3000,3000,0,233,-355,0-20,0,0,0
96.139221,1.117188,-2.738281,0.003906,0.000000,0.000000,0.019421,-0.031461,0.035286,1.507722,-0.004395,0.002197,0.000977,0,0,0,0,3000,3000,3000,3000,0,240,-356,0-20,0,0,0
96.141174,1.117188,-2.738281,0.003906,0.000000,0.000000,0.019678,-0.031461,0.035286,1.507722,0.005615,0.000488,-0.000732,0,0,0,0,3000,3000,3000,3000,0,233,-355,0-20,0,0,0
96.143127,1.117188,-2.738281,0.003906,0.000000,0.000000,0.019701,-0.031461,0.035286,1.507722,-0.007568,-0.002197,0.000000,0,0,0,0,3000,3000,3000,3000,0,242,-352,0-20,0,0,0
96.145081,1.117188,-2.738281,0.003906,0.000000,0.000000,0.019720,-0.031461,0.035286,1.507722,0.003418,-0.000977,-0.001709,0,0,0,0,3000,3000,3000,3000,0,234,-353,0-20,0,0,0
96.147034,1.117188,-2.738281,0.003906,0.000000,0.000000,0.019751,-0.031461,0.035286,1.507722,0.002441,0.003174,0.000977,0,0,0,0,3000,3000,3000,3000,0,235,-357,0-20,0,0,0
96.148987,1.117188,-2.738281,0.003906,0.000000,0.000000,0.019703,-0.031461,0.035286,1.507722,-0.003906,-0.001465,-0.001709,0,0,0,0,3000,3000,3000,3000,0,240,-353,0-20,0,0,0
96.150940,1.117188,-2.738281,0.003906,0.000000,0.000000,0.020010,-0.031461,0.035286,1.507722,0.001953,0.000000,0.004150,0,0,0,0,3000,3000,3000,3000,0,236,-354,0-20,0,0,0
96.152893,1.117188,-2.738281,0.003906,0.000000,0.000000,0.020117,-0.031461,0.035286,1.507722,-0.003906,-0.000977,-0.000488,0,0,0,0,3000,3000,3000,3000,0,240,-353,0-20,0,0,0
96.154846,1.117188,-2.738281,0.003906,0.000000,0.000000,0.020174,-0.031461,0.035286,1.507722,0.001953,-0.002197,-0.001709,0,0,0,0,3000,3000,3000,3000,0,236,-351,0-20,0,0,0
96.156799,1.117188,-2.738281,0.003906,0.000000,0.000000,0.020363,-0.031461,0.035286,1.507722,0.000244,0.002197,0.000488,0,0,0,0,3000,3000,3000,3000,0,237,-355,0-20,0,0,0
96.158760,1.117188,-2.738281,0.003906,0.000000,0.000000,0.020458,-0.031461,0.035286,1.507722,-0.003906,0.000000,-0.000732,0,0,0,0,3000,3000,3000,3000,0,240,-353,0-20,0,0,0
96.160706,1.117188,-2.738281,0.003906,0.000000,0.000000,0.020746,-0.031461,0.035286,1.507722,0.004150,-0.000488,0.002686,0,0,0,0,3000,3000,3000,3000,0,235,-353,0-20,0,0,0
96.162659,1.117188,-2.738281,0.003906,0.000000,0.000000,0.020748,-0.031461,0.035286,1.507722,-0.004395,0.000488,-0.004395,0,0,0,0,3000,3000,3000,3000,0,241,-354,0-20,0,0,0
96.164619,1.117188,-2.738281,0.003906,0.000000,0.000000,0.020916,-0.031461,0.035286,1.507722,0.003418,-0.002686,-0.000488,0,0,0,0,3000,3000,3000,3000,0,235,-351,0-20,0,0,0
96.166565,1.117188,-2.738281,0.003906,0.000000,0.000000,0.020992,-0.031461,0.035286,1.507722,-0.003906,0.000977,0.000977,0,0,0,0,3000,3000,3000,3000,0,240,-354,0-20,0,0,0
96.168518,1.117188,-2.738281,0.003906,0.000000,0.000000,0.020941,-0.031461,0.035286,1.507722,0.004639,-0.000488,-0.001709,0,0,0,0,3000,3000,3000,3000,0,234,-353,0-20,0,0,0
96.170471,1.117188,-2.738281,0.003906,0.000000,0.000000,0.020958,-0.031461,0.035286,1.507722,0.005127,0.000977,0.000000,0,0,0,0,3000,3000,3000,3000,0,233,-354,0-20,0,0,0
96.172424,1.117188,-2.738281,0.003906,0.000000,0.000000,0.021009,-0.031461,0.035286,1.507722,-0.002930,0.000488,0.000000,0,0,0,0,3000,3000,3000,3000,0,239,-354,0-20,0,0,0
96.174377,1.117188,-2.738281,0.003906,0.000000,0.000000,0.021017,-0.031461,0.035286,1.507722,0.004639,0.001709,-0.000488,0,0,0,0,3000,3000,3000,3000,0,233,-355,0-20,0,0,0
96.176331,1.117188,-2.738281,0.003906,0.000000,0.000000,0.021063,-0.031461,0.035286,1.507722,-0.002930,0.001709,-0.001221,0,0,0,0,3000,3000,3000,3000,0,239,-355,0-20,0,0,0
96.178291,1.117188,-2.738281,0.003906,0.000000,0.000000,0.021294,-0.031461,0.035286,1.507722,0.004639,-0.000977,-0.001709,0,0,0,0,3000,3000,3000,3000,0,233,-353,0-20,0,0,0
96.180244,1.117188,-2.738281,0.003906,0.000000,0.000000,0.021578,-0.031461,0.035286,1.507722,0.003418,-0.000977,0.000977,0,0,0,0,3000,3000,3000,3000,0,234,-353,0-20,0,0,0
96.182190,1.117188,-2.738281,0.003906,0.000000,0.000000,0.021786,-0.031461,0.035286,1.507722,-0.003418,-0.000488,0.002686,0,0,0,0,3000,3000,3000,3000,0,239,-353,0-20,0,0,0
96.184143,1.117188,-2.738281,0.003906,0.000000,0.000000,0.021873,-0.031461,0.035286,1.507722,0.007812,-0.002686,0.000977,0,0,0,0,3000,3000,3000,3000,0,231,-351,0-20,0,0,0
96.186096,1.117188,-2.738281,0.003906,0.000000,0.000000,0.021975,-0.031461,0.035286,1.507722,-0.007568,-0.000977,-0.002197,0,0,0,0,3000,3000,3000,3000,0,242,-352,0-20,0,0,0
96.188057,1.117188,-2.738281,0.003906,0.000000,0.000000,0.022015,-0.031461,0.035286,1.507722,0.006592,-0.002686,0.002197,0,0,0,0,3000,3000,3000,3000,0,232,-350,0-20,0,0,0
96.190002,1.117188,-2.738281,0.003906,0.000000,0.000000,0.022219,-0.031461,0.035286,1.507722,-0.000732,0.000000,0.000488,0,0,0,0,3000,3000,3000,3000,0,237,-353,0-20,0,0,0
96.191956,1.117188,-2.738281,0.003906,0.000000,0.000000,0.022163,-0.031461,0.035286,1.507722,-0.002930,0.002197,-0.002197,0,0,0,0,3000,3000,3000,3000,0,239,-355,0-20,0,0,0
96.193909,1.117188,-2.738281,0.003906,0.000000,0.000000,0.022167,-0.031461,0.035286,1.507722,0.005615,0.000000,0.002686,0,0,0,0,3000,3000,3000,3000,0,233,-353,0-20,0,0,0
96.195862,1.117188,-2.738281,0.003906,0.000000,0.000000,0.022203,-0.031461,0.035286,1.507722,-0.007080,-0.002686,0.001465,0,0,0,0,3000,3000,3000,3000,0,242,-351,0-20,0,0,0
96.197815,1.117188,-2.738281,0.003906,0.000000,0.000000,0.022488,-0.031461,0.035286,1.507722,0.002930,0.000000,0.000488,0,0,0,0,3000,3000,3000,3000,0,235,-353,0-20,0,0,0
96.199776,1.117188,-2.738281,0.003906,0.000000,0.000000,0.022606,-0.031461,0.035286,1.507722,-0.004395,0.000000,-0.000488,0,0,0,0,3000,3000,3000,3000,0,240,-353,0-20,0,0,0
96.201721,1.117188,-2.738281,0.003906,0.000000,0.000000,0.022676,-0.031461,0.035286,1.507722,0.002930,-0.000977,-0.001709,0,0,0,0,3000,3000,3000,3000,0,235,-352,0-20,0,0,0
96.203674,1.117188,-2.738281,0.003906,0.000000,0.000000,0.022713,-0.031461,0.035286,1.507722,0.004639,0.001709,0.001465,0,0,0,0,3000,3000,3000,3000,0,234,-355,0-20,0,0,0
96.205627,1.117188,-2.738281,0.000000,0.000000,0.000000,0.016495,-0.031461,0.035286,1.507722,-0.005615,-0.002197,0.000977,0,0,0,0,3000,3000,3000,3000,0,241,-351,0-20,0,0,0
96.207581,1.117188,-2.738281,0.000000,0.000000,0.000000,0.016672,-0.031461,0.035286,1.507722,0.005127,-0.002686,-0.001221,0,0,0,0,3000,3000,3000,3000,0,234,-351,0-20,0,0,0
96.209534,1.117188,-2.738281,0.000000,0.000000,0.000000,0.016905,-0.031461,0.035286,1.507722,-0.002930,-0.000488,-0.000732,0,0,0,0,3000,3000,3000,3000,0,239,-352,0-20,0,0,0
96.211487,1.117188,-2.738281,0.000000,0.000000,0.000000,0.017027,-0.031461,0.035286,1.507722,0.000244,0.000488,-0.001709,0,0,0,0,3000,3000,3000,3000,0,237,-353,0-20,0,0,0
96.213440,1.117188,-2.738281,0.000000,0.000000,0.000000,0.017094,-0.031461,0.035286,1.507722,0.001465,-0.003174,0.001465,0,0,0,0,3000,3000,3000,3000,0,236,-350,0-20,0,0,0
96.215401,1.117188,-2.738281,0.000000,0.000000,0.000000,0.017153,-0.031461,0.035286,1.507722,-0.005615,0.000488,-0.001221,0,0,0,0,3000,3000,3000,3000,0,241,-353,0-20,0,0,0
96.217346,1.117188,-2.738281,0.000000,0.000000,0.000000,0.017248,-0.031461,0.035286,1.507722,0.003418,-0.000488,0.003174,0,0,0,0,3000,3000,3000,3000,0,235,-352,0-20,0,0,0
96.219299,1.117188,-2.738281,0.000000,0.000000,0.000000,0.017405,-0.031461,0.035286,1.507722,-0.005615,0.000977,0.002197,0,0,0,0,3000,3000,3000,3000,0,242,-354,0-20,0,0,0
96.221252,1.117188,-2.738281,0.000000,0.000000,0.000000,0.017273,-0.031461,0.035286,1.507722,0.005615,0.000488,0.001465,0,0,0,0,3000,3000,3000,3000,0,234,-354,0-20,0,0,0
96.223206,1.117188,-2.738281,0.000000,0.000000,0.000000,0.017252,-0.031461,0.035286,1.507722,-0.001709,0.000000,0.003174,0,0,0,0,3000,3000,3000,3000,0,239,-353,0-20,0,0,0
96.225159,1.117188,-2.738281,0.000000,0.000000,0.000000,0.017195,-0.031461,0.035286,1.507722,-0.000244,-0.002197,-0.000732,0,0,0,0,3000,3000,3000,3000,0,238,-351,0-20,0,0,0
96.227112,1.117188,-2.738281,0.000000,0.000000,0.000000,0.017384,-0.031461,0.035286,1.507722,0.003418,-0.002686,0.000977,0,0,0,0,3000,3000,3000,3000,0,235,-351,0-20,0,0,0
96.229065,1.117188,-2.738281,0.000000,0.000000,0.000000,0.017443,-0.031461,0.035286,1.507722,-0.003906,-0.002197,-0.000488,0,0,0,0,3000,3000,3000,3000,0,240,-351,0-20,0,0,0
96.231018,1.117188,-2.738281,0.000000,0.000000,0.000000,0.017673,-0.031461,0.035286,1.507722,0.005615,-0.003174,-0.001709,0,0,0,0,3000,3000,3000,3000,0,233,-349,0-20,0,0,0
96.232971,1.117188,-2.738281,0.000000,0.000000,0.000000,0.017754,-0.031461,0.035286,1.507722,0.000244,0.000488,-0.002686,0,0,0,0,3000,3000,3000,3000,0,236,-353,0-20,0,0,0
96.234924,1.117188,-2.738281,0.000000,0.000000,0.000000,0.017782,-0.031461,0.035286,1.507722,0.000977,-0.001465,-0.000488,0,0,0,0,3000,3000,3000,3000,0,236,-351,0-20,0,0,0
96.236877,1.117188,-2.738281,0.000000,0.000000,0.000000,0.017878,-0.031461,0.035286,1.507722,0.003418,-0.000977,0.000000,0,0,0,0,3000,3000,3000,3000,0,234,-351,0-20,0,0,0
96.238831,1.117188,-2.738281,0.000000,0.000000,0.000000,0.018045,-0.031461,0.035286,1.507722,-0.006104,0.001709,-0.001709,0,0,0,0,3000,3000,3000,3000,0,241,-354,0-20,0,0,0
96.240784,1.117188,-2.738281,0.000000,0.000000,0.000000,0.018044,-0.031461,0.035286,1.507722,0.006104,-0.001465,0.000488,0,0,0,0,3000,3000,3000,3000,0,232,-351,0-20,0,0,0
96.242737,1.117188,-2.738281,0.000000,0.000000,0.000000,0.018150,-0.031461,0.035286,1.507722,-0.004883,0.000977,-0.003174,0,0,0,0,3000,3000,3000,3000,0,240,-354,0-20,0,0,0
96.244690,1.117188,-2.738281,0.000000,0.000000,0.000000,0.018152,-0.031461,0.035286,1.507722,0.002930,-0.001465,0.002197,0,0,0,0,3000,3000,3000,3000,0,235,-352,0-20,0,0,0
96.246643,1.117188,-2.738281,0.000000,0.000000,0.000000,0.018251,-0.031461,0.035286,1.507722,0.001953,-0.001465,0.002197,0,0,0,0,3000,3000,3000,3000,0,235,-352,0-20,0,0,0
96.248604,1.117188,-2.738281,0.000000,0.000000,0.000000,0.018366,-0.031461,0.035286,1.507722,-0.006104,0.000488,-0.001221,0,0,0,0,3000,3000,3000,3000,0,241,-353,0-20,0,0,0
96.250549,1.117188,-2.738281,0.000000,0.000000,0.000000,0.018530,-0.031461,0.035286,1.507722,0.006592,0.001709,-0.001221,0,0,0,0,3000,3000,3000,3000,0,232,-355,0-20,0,0,0
96.252502,1.117188,-2.738281,0.000000,0.000000,0.000000,0.018745,-0.031461,0.035286,1.507722,-0.003418,-0.002686,-0.000488,0,0,0,0,3000,3000,3000,3000,0,239,-351,0-20,0,0,0
96.254456,1.117188,-2.738281,0.000000,0.000000,0.000000,0.018560,-0.031461,0.035286,1.507722,0.002441,-0.004150,-0.000488,0,0,0,0,3000,3000,3000,3000,0,235,-349,0-20,0,0,0
96.256409,1.117188,-2.738281,0.000000,0.000000,0.000000,0.018595,-0.031461,0.035286,1.507722,-0.000244,-0.000977,0.001465,0,0,0,0,3000,3000,3000,3000,0,237,-352,0-20,0,0,0
96.258362,1.117188,-2.738281,0.000000,0.000000,0.000000,0.018646,-0.031461,0.035286,1.507722,-0.003906,0.000977,-0.000732,0,0,0,0,3000,3000,3000,3000,0,239,-354,0-20,0,0,0
96.260315,1.117188,-2.738281,0.003906,0.000000,0.000000,0.018919,-0.031461,0.035286,1.507722,0.000977,0.000488,-0.000488,0,0,0,0,3000,3000,3000,3000,0,236,-353,0-20,0,0,0
96.262268,1.117188,-2.738281,0.003906,0.000000,0.000000,0.019011,-0.031461,0.035286,1.507722,-0.003906,0.003174,-0.001221,0,0,0,0,3000,3000,3000,3000,0,240,-356,0-20,0,0,0
96.265198,1.117188,-2.738281,0.003906,0.000000,0.000000,0.019011,-0.031461,0.035286,1.507722,-0.003906,0.003174,-0.001221,0,0,0,0,3000,3000,3000,3000,0,240,-357,0-20,0,0,0
96.266182,1.117188,-2.738281,0.003906,0.000000,0.000000,0.018806,-0.031389,0.035242,1.507578,0.005615,-0.000488,-0.000488,0,0,0,0,3000,3000,3000,3000,0,240,-357,0-20,0,0,0
96.268127,1.117188,-2.738281,0.003906,0.000000,0.000000,0.018816,-0.031461,0.035286,1.507661,-0.002930,-0.000488,-0.001709,0,0,0,0,3000,3000,3000,3000,0,240,-354,0-20,0,0,0
96.270081,1.117188,-2.738281,0.003906,0.000000,0.000000,0.018919,-0.031461,0.035286,1.507661,0.004150,-0.000488,0.006348,0,0,0,0,3000,3000,3000,3000,0,235,-354,0-20,0,0,0
96.272034,1.117188,-2.738281,0.003906,0.000000,0.000000,0.018848,-0.031461,0.035286,1.507661,-0.007080,-0.002197,0.000488,0,0,0,0,3000,3000,3000,3000,0,243,-352,0-20,0,0,0
96.273987,1.117188,-2.738281,0.003906,0.000000,0.000000,0.018969,-0.031461,0.035286,1.507661,0.009277,-0.002197,-0.000488,0,0,0,0,3000,3000,3000,3000,0,231,-352,0-20,0,0,0
96.275940,1.117188,-2.738281,0.003906,0.000000,0.000000,0.018978,-0.031461,0.035286,1.507661,-0.002930,-0.000488,0.000000,0,0,0,0,3000,3000,3000,3000,0,239,-353,0-20,0,0,0
96.277893,1.117188,-2.738281,0.003906,0.000000,0.000000,0.019167,-0.031461,0.035286,1.507661,-0.001709,0.000488,-0.002197,0,0,0,0,3000,3000,3000,3000,0,238,-354,0-20,0,0,0
96.279854,1.117188,-2.738281,0.003906,0.000000,0.000000,0.019337,-0.031461,0.035286,1.507661,0.003418,0.000000,0.002686,0,0,0,0,3000,3000,3000,3000,0,235,-353,0-20,0,0,0
96.281799,1.117188,-2.738281,0.003906,0.000000,0.000000,0.019556,-0.031461,0.035286,1.507661,-0.002930,0.000000,-0.000488,0,0,0,0,3000,3000,3000,3000,0,239,-353,0-20,0,0,0
96.283760,1.117188,-2.738281,0.003906,0.000000,0.000000,0.022242,-0.031461,0.035286,1.507661,0.005127,0.000488,-0.000488,0,0,0,0,3000,3000,3000,3000,0,233,-354,0-20,0,0,0
96.285713,1.117188,-2.738281,0.003906,0.000000,0.000000,0.022249,-0.031461,0.035286,1.507661,-0.002930,-0.001465,-0.000488,0,0,0,0,3000,3000,3000,3000,0,239,-352,0-20,0,0,0
96.287666,1.117188,-2.738281,0.003906,0.000000,0.000000,0.022310,-0.031461,0.035286,1.507661,0.002441,0.002686,0.000000,0,0,0,0,3000,3000,3000,3000,0,235,-356,0-20,0,0,0
96.289612,1.117188,-2.738281,0.003906,0.000000,0.000000,0.022465,-0.031461,0.035286,1.507661,0.002930,-0.000488,0.001465,0,0,0,0,3000,3000,3000,3000,0,234,-353,0-20,0,0,0
96.291565,1.117188,-2.738281,0.003906,0.000000,0.000000,0.022583,-0.031461,0.035286,1.507661,-0.004395,0.000000,-0.001709,0,0,0,0,3000,3000,3000,3000,0,239,-354,0-20,0,0,0
96.293518,1.117188,-2.738281,0.003906,0.000000,0.000000,0.022823,-0.031461,0.035286,1.507661,0.006104,0.000000,-0.000488,0,0,0,0,3000,3000,3000,3000,0,232,-354,0-20,0,0,0
96.295471,1.117188,-2.738281,0.003906,0.000000,0.000000,0.022703,-0.031461,0.035286,1.507661,-0.007080,-0.001465,-0.001709,0,0,0,0,3000,3000,3000,3000,0,241,-352,0-20,0,0,0
96.297424,1.117188,-2.738281,0.003906,0.000000,0.000000,0.022787,-0.031461,0.035286,1.507661,0.005615,0.000488,0.000488,0,0,0,0,3000,3000,3000,3000,0,232,-354,0-20,0,0,0
96.299377,1.117188,-2.738281,0.003906,0.000000,0.000000,0.022926,-0.031461,0.035286,1.507661,-0.004883,0.000977,-0.001709,0,0,0,0,3000,3000,3000,3000,0,240,-354,0-20,0,0,0
96.301331,1.117188,-2.738281,0.003906,0.000000,0.000000,0.023024,-0.031461,0.035286,1.507661,-0.002441,0.000000,-0.002197,0,0,0,0,3000,3000,3000,3000,0,238,-354,0-20,0,0,0
96.303284,1.117188,-2.738281,0.003906,0.000000,0.000000,0.023275,-0.031461,0.035286,1.507661,0.002441,-0.001465,0.003662,0,0,0,0,3000,3000,3000,3000,0,235,-352,0-20,0,0,0
96.305237,1.117188,-2.738281,0.003906,0.000000,0.000000,0.023220,-0.031461,0.035286,1.507661,-0.000244,-0.003174,-0.001709,0,0,0,0,3000,3000,3000,3000,0,237,-350,0-20,0,0,0
96.307190,1.117188,-2.738281,0.003906,0.000000,0.000000,0.023409,-0.031461,0.035286,1.507661,0.006104,-0.003662,0.000488,0,0,0,0,3000,3000,3000,3000,0,232,-349,0-20,0,0,0
96.309143,1.117188,-2.738281,0.003906,0.000000,0.000000,0.023438,-0.031461,0.035286,1.507661,-0.003418,0.002197,0.000488,0,0,0,0,3000,3000,3000,3000,0,239,-355,0-20,0,0,0
96.311096,1.117188,-2.738281,0.003906,0.000000,0.000000,0.023605,-0.031461,0.035286,1.507661,0.003418,0.003662,-0.003174,0,0,0,0,3000,3000,3000,3000,0,234,-356,0-20,0,0,0
96.313057,1.117188,-2.738281,0.003906,0.000000,0.000000,0.023779,-0.031461,0.035286,1.507661,0.006104,0.000488,0.000488,0,0,0,0,3000,3000,3000,3000,0,232,-354,0-20,0,0,0
96.315002,1.117188,-2.738281,0.003906,0.000000,0.000000,0.023569,-0.031461,0.035286,1.507661,-0.001221,-0.002686,0.001465,0,0,0,0,3000,3000,3000,3000,0,237,-351,0-20,0,0,0
96.316963,1.117188,-2.738281,0.003906,0.000000,0.000000,0.023689,-0.031461,0.035286,1.507661,0.006104,0.002197,0.002686,0,0,0,0,3000,3000,3000,3000,0,231,-355,0-20,0,0,0
96.318909,1.117188,-2.738281,0.003906,0.000000,0.000000,0.023849,-0.031461,0.035286,1.507661,-0.010254,0.000977,-0.001709,0,0,0,0,3000,3000,3000,3000,0,243,-354,0-20,0,0,0
96.320869,1.117188,-2.738281,0.003906,0.000000,0.000000,0.023727,-0.031461,0.035286,1.507661,0.004150,-0.003174,0.000000,0,0,0,0,3000,3000,3000,3000,0,233,-350,0-20,0,0,0
96.322815,1.117188,-2.738281,0.003906,0.000000,0.000000,0.023909,-0.031461,0.035286,1.507661,-0.011475,0.005859,0.005371,0,0,0,0,3000,3000,3000,3000,0,245,-359,0-20,0,0,0
96.324776,1.117188,-2.738281,0.003906,0.000000,0.000000,0.023954,-0.031461,0.035286,1.507661,-0.001709,-0.000977,-0.003174,0,0,0,0,3000,3000,3000,3000,0,238,-353,0-20,0,0,0
96.326721,1.117188,-2.738281,0.003906,0.000000,0.000000,0.023809,-0.031461,0.035286,1.507661,0.007812,-0.005859,-0.000488,0,0,0,0,3000,3000,3000,3000,0,232,-348,0-20,0,0,0
96.328682,1.117188,-2.738281,0.003906,0.000000,0.000000,0.023729,-0.031461,0.035286,1.507661,-0.012939,0.006836,-0.000488,0,0,0,0,3000,3000,3000,3000,0,246,-360,0-20,0,0,0
96.330635,1.117188,-2.738281,0.003906,0.000000,0.000000,0.023886,-0.031461,0.035286,1.507661,0.017334,-0.006348,-0.001709,0,0,0,0,3000,3000,3000,3000,0,225,-347,0-20,0,0,0
96.332588,1.117188,-2.738281,0.003906,0.000000,0.000000,0.023811,-0.031461,0.035286,1.507661,-0.008301,0.000977,0.000488,0,0,0,0,3000,3000,3000,3000,0,243,-354,0-20,0,0,0
96.334541,1.117188,-2.738281,0.003906,0.000000,0.000000,0.023870,-0.031461,0.035286,1.507661,-0.002930,0.001709,0.000000,0,0,0,0,3000,3000,3000,3000,0,239,-355,0-20,0,0,0
96.336487,1.117188,-2.738281,0.003906,0.000000,0.000000,0.024000,-0.031461,0.035286,1.507661,0.010010,-0.003662,0.002197,0,0,0,0,3000,3000,3000,3000,0,230,-350,0-20,0,0,0
96.338448,1.117188,-2.738281,0.003906,0.000000,0.000000,0.024055,-0.031461,0.035286,1.507661,-0.014160,0.005371,0.000000,0,0,0,0,3000,3000,3000,3000,0,247,-358,0-20,0,0,0
96.340401,1.117188,-2.738281,0.003906,0.000000,0.000000,0.024237,-0.031461,0.035286,1.507661,0.016357,-0.005371,-0.004883,0,0,0,0,3000,3000,3000,3000,0,225,-348,0-20,0,0,0
96.342346,1.117188,-2.738281,0.003906,0.000000,0.000000,0.024261,-0.031461,0.035286,1.507661,-0.001221,0.000000,-0.001221,0,0,0,0,3000,3000,3000,3000,0,237,-353,0-20,0,0,0
96.344299,1.117188,-2.738281,0.003906,0.000000,0.000000,0.024042,-0.031461,0.035286,1.507661,0.001465,0.004883,0.000488,0,0,0,0,3000,3000,3000,3000,0,235,-357,0-20,0,0,0
96.346252,1.117188,-2.738281,0.003906,0.000000,0.000000,0.024334,-0.031461,0.035286,1.507661,0.006104,-0.008545,0.001465,0,0,0,0,3000,3000,3000,3000,0,232,-345,0-20,0,0,0
96.348206,1.117188,-2.738281,0.003906,0.000000,0.000000,0.024172,-0.031461,0.035286,1.507661,-0.007080,-0.003662,-0.002686,0,0,0,0,3000,3000,3000,3000,0,241,-349,0-20,0,0,0
96.350159,1.117188,-2.738281,0.003906,0.000000,0.000000,0.024345,-0.031461,0.035286,1.507661,0.002441,0.002197,-0.000488,0,0,0,0,3000,3000,3000,3000,0,234,-354,0-20,0,0,0
96.352112,1.117188,-2.738281,0.003906,0.000000,0.000000,0.024584,-0.031461,0.035286,1.507661,-0.016113,-0.000977,-0.000488,0,0,0,0,3000,3000,3000,3000,0,248,-351,0-20,0,0,0
96.354073,1.117188,-2.750000,0.000000,0.019999,0.080000,0.011234,-0.031389,0.035242,1.507578,0.001465,0.003662,-0.001221,0,0,0,0,3000,3000,3000,3000,0,237,-356,0-20,0,0,0
96.356026,1.117188,-2.750000,0.000000,0.019999,0.080000,0.010174,-0.031461,0.035286,1.507661,0.000977,0.000488,0.000977,0,0,0,0,3000,3000,3000,3000,0,237,-353,0-20,0,0,0
96.357971,1.117188,-2.738281,0.000000,-0.009998,0.009998,0.009563,-0.031389,0.035242,1.507578,0.005127,0.000000,-0.002197,0,0,0,0,3000,3000,3000,3000,0,234,-353,0-20,0,0,0
96.359932,1.117188,-2.738281,0.000000,-0.009998,0.009998,0.009689,-0.031461,0.035286,1.507661,0.001465,0.000977,0.003662,0,0,0,0,3000,3000,3000,3000,0,236,-354,0-20,0,0,0
96.361877,1.117188,-2.738281,0.000000,-0.009998,0.009998,0.010521,-0.031461,0.035286,1.507661,0.001465,0.004883,0.000977,0,0,0,0,3000,3000,3000,3000,0,236,-358,0-20,0,0,0
96.363831,1.117188,-2.738281,0.000000,-0.009998,0.009998,0.010738,-0.031461,0.035286,1.507661,0.015137,0.000977,0.000488,0,0,0,0,3000,3000,3000,3000,0,225,-355,0-20,0,0,0
96.365784,1.117188,-2.738281,0.000000,-0.009998,0.009998,0.010748,-0.031461,0.035286,1.507661,-0.004395,-0.001465,0.001465,0,0,0,0,3000,3000,3000,3000,0,238,-353,0-20,0,0,0
96.367737,1.117188,-2.738281,0.000000,-0.009998,0.009998,0.010757,-0.031461,0.035286,1.507661,-0.001221,-0.004883,0.000488,0,0,0,0,3000,3000,3000,3000,0,236,-349,0-20,0,0,0
96.369698,1.117188,-2.738281,0.000000,-0.009998,0.009998,0.010643,-0.031400,0.035225,1.507661,0.006592,-0.002686,0.000977,0,0,0,0,3000,3000,3000,3000,0,231,-350,0-20,0,0,0
96.371651,1.117188,-2.738281,0.000000,-0.009998,0.009998,0.010775,-0.031400,0.035225,1.507661,-0.015625,-0.004883,-0.000488,0,0,0,0,3000,3000,3000,3000,0,247,-348,0-20,0,0,0
96.373596,1.117188,-2.738281,0.000000,-0.009998,0.009998,0.010715,-0.031400,0.035225,1.507661,0.011963,-0.006836,0.000000,0,0,0,0,3000,3000,3000,3000,0,228,-345,0-20,0,0,0
96.375557,1.117188,-2.738281,0.000000,0.009998,0.019999,0.011036,-0.031400,0.035225,1.507661,-0.009277,-0.001465,0.000977,0,0,0,0,3000,3000,3000,3000,0,243,-349,0-20,0,0,0
96.377502,1.117188,-2.738281,0.000000,0.009998,0.019999,0.010294,-0.031400,0.035225,1.507661,-0.002441,-0.002197,-0.000732,0,0,0,0,3000,3000,3000,3000,0,238,-349,0-20,0,0,0
96.379456,1.117188,-2.738281,0.000000,0.009998,0.019999,0.010382,-0.031400,0.035225,1.507661,-0.000244,0.002686,0.000488,0,0,0,0,3000,3000,3000,3000,0,237,-353,0-20,0,0,0
96.381409,1.117188,-2.738281,0.000000,0.009998,0.019999,0.010426,-0.031400,0.035225,1.507661,-0.009766,0.009521,-0.003906,0,0,0,0,3000,3000,3000,3000,0,244,-361,0-20,0,0,0
96.383362,1.117188,-2.738281,0.000000,0.009998,0.019999,0.010298,-0.031400,0.035225,1.507661,0.010010,0.004883,-0.003174,0,0,0,0,3000,3000,3000,3000,0,230,-357,0-20,0,0,0
96.385323,1.117188,-2.738281,0.000000,0.009998,0.019999,0.010403,-0.031400,0.035225,1.507661,-0.009766,-0.002686,0.001465,0,0,0,0,3000,3000,3000,3000,0,244,-351,0-20,0,0,0
96.387276,1.117188,-2.738281,0.000000,0.009998,0.019999,0.010298,-0.031400,0.035225,1.507661,0.007812,0.005859,0.000488,0,0,0,0,3000,3000,3000,3000,0,232,-359,0-20,0,0,0
96.389221,1.117188,-2.738281,0.000000,0.009998,0.019999,0.010275,-0.031400,0.035225,1.507661,0.009277,0.005371,0.002197,0,0,0,0,3000,3000,3000,3000,0,230,-359,0-20,0,0,0
96.391174,1.117188,-2.738281,0.000000,0.009998,0.019999,0.010204,-0.031400,0.035225,1.507661,-0.007568,0.003662,0.001465,0,0,0,0,3000,3000,3000,3000,0,241,-358,0-20,0,0,0
96.393127,1.117188,-2.738281,0.000000,0.009998,0.019999,0.010206,-0.031400,0.035225,1.507661,0.011475,0.001709,0.000977,0,0,0,0,3000,3000,3000,3000,0,228,-357,0-20,0,0,0
96.395081,1.117188,-2.738281,0.000000,0.009998,0.019999,0.010204,-0.031400,0.035225,1.507661,-0.007080,-0.003174,0.002197,0,0,0,0,3000,3000,3000,3000,0,241,-352,0-20,0,0,0
96.397034,1.117188,-2.738281,0.000000,0.009998,0.019999,0.010286,-0.031400,0.035225,1.507661,0.003418,-0.008545,-0.002197,0,0,0,0,3000,3000,3000,3000,0,233,-346,0-20,0,0,0
96.398994,1.117188,-2.738281,0.000000,0.009998,0.019999,0.010365,-0.031400,0.035225,1.507661,-0.006104,-0.008057,0.003174,0,0,0,0,3000,3000,3000,3000,0,240,-345,0-20,0,0,0
96.400940,1.117188,-2.738281,0.000000,0.009998,0.019999,0.010555,-0.031400,0.035225,1.507661,-0.005615,0.000488,-0.001221,0,0,0,0,3000,3000,3000,3000,0,241,-352,0-20,0,0,0
96.402893,1.117188,-2.738281,0.000000,0.009998,0.019999,0.010639,-0.031400,0.035225,1.507661,0.007812,0.000000,0.000000,0,0,0,0,3000,3000,3000,3000,0,231,-352,0-20,0,0,0
96.404846,1.117188,-2.738281,0.000000,0.009998,0.019999,0.010811,-0.031400,0.035225,1.507661,-0.009766,-0.005859,-0.003174,0,0,0,0,3000,3000,3000,3000,0,244,-346,0-20,0,0,0
96.406799,1.117188,-2.738281,0.000000,0.009998,0.019999,0.011053,-0.031400,0.035225,1.507661,0.002930,-0.003174,0.000977,0,0,0,0,3000,3000,3000,3000,0,235,-348,0-20,0,0,0
96.408752,1.117188,-2.738281,0.000000,0.009998,0.019999,0.010887,-0.031400,0.035225,1.507661,0.005127,-0.002197,-0.003906,0,0,0,0,3000,3000,3000,3000,0,233,-349,0-20,0,0,0
96.410706,1.117188,-2.738281,0.000000,0.009998,0.019999,0.010992,-0.031400,0.035225,1.507661,-0.007568,-0.002197,0.000977,0,0,0,0,3000,3000,3000,3000,0,242,-349,0-20,0,0,0
96.412659,1.117188,-2.738281,0.000000,0.009998,0.019999,0.011009,-0.031400,0.035225,1.507661,0.010498,0.003662,0.000977,0,0,0,0,3000,3000,3000,3000,0,229,-354,0-20,0,0,0
96.414612,1.117188,-2.738281,0.000000,0.009998,0.019999,0.011204,-0.031400,0.035225,1.507661,-0.006104,0.007568,-0.000732,0,0,0,0,3000,3000,3000,3000,0,241,-359,0-20,0,0,0
96.416565,1.117188,-2.738281,0.000000,0.009998,0.019999,0.011169,-0.031400,0.035225,1.507661,0.010498,0.000000,0.001465,0,0,0,0,3000,3000,3000,3000,0,229,-353,0-20,0,0,0
96.418526,1.117188,-2.738281,0.000000,0.009998,0.019999,0.011223,-0.031400,0.035225,1.507661,-0.002441,-0.003174,0.000000,0,0,0,0,3000,3000,3000,3000,0,237,-350,0-20,0,0,0
96.420471,1.117188,-2.738281,0.000000,0.009998,0.019999,0.011190,-0.031400,0.035225,1.507661,-0.002441,0.005859,-0.000488,0,0,0,0,3000,3000,3000,3000,0,237,-358,0-20,0,0,0
96.422424,1.117188,-2.738281,0.000000,0.009998,0.019999,0.011374,-0.031400,0.035225,1.507661,0.004150,0.006348,0.000488,0,0,0,0,3000,3000,3000,3000,0,233,-359,0-20,0,0,0
96.424377,1.117188,-2.738281,0.000000,0.009998,0.019999,0.011606,-0.031400,0.035225,1.507661,-0.006104,0.002686,-0.004395,0,0,0,0,3000,3000,3000,3000,0,240,-357,0-20,0,0,0
96.426331,1.117188,-2.738281,0.000000,0.009998,0.019999,0.011753,-0.031400,0.035225,1.507661,0.002930,-0.005371,0.000000,0,0,0,0,3000,3000,3000,3000,0,234,-349,0-20,0,0,0
96.428284,1.117188,-2.738281,0.000000,0.009998,0.019999,0.011784,-0.031400,0.035225,1.507661,-0.009277,0.000000,-0.003174,0,0,0,0,3000,3000,3000,3000,0,243,-354,0-20,0,0,0
96.430237,1.117188,-2.738281,0.000000,0.009998,0.019999,0.011879,-0.031400,0.035225,1.507661,-0.002441,-0.005371,-0.000732,0,0,0,0,3000,3000,3000,3000,0,239,-348,0-20,0,0,0
96.432190,1.117188,-2.738281,0.000000,0.009998,0.019999,0.011997,-0.031400,0.035225,1.507661,0.001953,-0.003174,-0.001221,0,0,0,0,3000,3000,3000,3000,0,236,-350,0-20,0,0,0
96.434143,1.117188,-2.738281,0.000000,0.009998,0.019999,0.012142,-0.031400,0.035225,1.507661,-0.004395,0.004883,-0.000488,0,0,0,0,3000,3000,3000,3000,0,240,-357,0-20,0,0,0
96.436096,1.117188,-2.738281,0.000000,0.009998,0.019999,0.012171,-0.031400,0.035225,1.507661,0.005127,0.002686,0.002686,0,0,0,0,3000,3000,3000,3000,0,234,-355,0-20,0,0,0
96.438057,1.117188,-2.738281,0.000000,0.009998,0.019999,0.012194,-0.031400,0.035225,1.507661,-0.002441,0.004883,0.000000,0,0,0,0,3000,3000,3000,3000,0,239,-358,0-20,0,0,0
96.440002,1.117188,-2.738281,0.000000,0.009998,0.019999,0.013748,-0.031400,0.035225,1.507661,0.004639,-0.000488,0.003174,0,0,0,0,3000,3000,3000,3000,0,233,-353,0-20,0,0,0
96.441956,1.117188,-2.738281,0.000000,0.009998,0.019999,0.013784,-0.031400,0.035225,1.507661,0.002930,-0.002197,-0.000488,0,0,0,0,3000,3000,3000,3000,0,234,-352,0-20,0,0,0
96.443909,1.117188,-2.738281,0.000000,0.009998,0.019999,0.013844,-0.031400,0.035225,1.507661,0.002930,0.003174,-0.000488,0,0,0,0,3000,3000,3000,3000,0,234,-356,0-20,0,0,0
96.445862,1.117188,-2.738281,0.000000,0.009998,0.019999,0.013912,-0.031400,0.035225,1.507661,-0.002441,0.002686,-0.001221,0,0,0,0,3000,3000,3000,3000,0,237,-356,0-20,0,0,0
96.447815,1.117188,-2.738281,0.000000,0.009998,0.019999,0.013731,-0.031400,0.035225,1.507661,-0.001709,0.003174,-0.000488,0,0,0,0,3000,3000,3000,3000,0,237,-357,0-20,0,0,0
96.449768,1.117188,-2.738281,0.000000,0.009998,0.019999,0.014082,-0.031400,0.035225,1.507661,-0.000244,-0.001465,-0.000732,0,0,0,0,3000,3000,3000,3000,0,236,-353,0-20,0,0,0
96.451721,1.117188,-2.738281,0.000000,0.009998,0.019999,0.013977,-0.031400,0.035225,1.507661,-0.002441,0.002197,-0.000488,0,0,0,0,3000,3000,3000,3000,0,238,-356,0-20,0,0,0
96.453674,1.117188,-2.738281,0.000000,0.009998,0.019999,0.014082,-0.031400,0.035225,1.507661,-0.000244,0.000000,-0.001221,0,0,0,0,3000,3000,3000,3000,0,237,-354,0-20,0,0,0
96.455627,1.117188,-2.738281,0.000000,0.009998,0.019999,0.014212,-0.031400,0.035225,1.507661,0.000977,-0.002197,-0.000488,0,0,0,0,3000,3000,3000,3000,0,236,-351,0-20,0,0,0
96.457581,1.117188,-2.738281,0.000000,0.009998,0.019999,0.014391,-0.031400,0.035225,1.507661,0.002441,0.001709,-0.002686,0,0,0,0,3000,3000,3000,3000,0,235,-355,0-20,0,0,0
96.459534,1.117188,-2.738281,0.000000,0.009998,0.019999,0.014519,-0.031400,0.035225,1.507661,0.004639,-0.003662,0.003662,0,0,0,0,3000,3000,3000,3000,0,233,-350,0-20,0,0,0
96.461487,1.117188,-2.738281,0.000000,0.009998,0.019999,0.014544,-0.031400,0.035225,1.507661,-0.001709,-0.002686,-0.000488,0,0,0,0,3000,3000,3000,3000,0,237,-350,0-20,0,0,0
96.463440,1.117188,-2.738281,0.000000,0.009998,0.019999,0.014692,-0.031400,0.035225,1.507661,0.005127,-0.001465,0.000977,0,0,0,0,3000,3000,3000,3000,0,232,-351,0-20,0,0,0
96.465393,1.117188,-2.738281,0.000000,0.009998,0.019999,0.014578,-0.031400,0.035225,1.507661,0.000977,-0.000977,0.002197,0,0,0,0,3000,3000,3000,3000,0,235,-351,0-20,0,0,0
96.467346,1.117188,-2.738281,0.000000,0.009998,0.019999,0.014574,-0.031400,0.035225,1.507661,-0.004883,0.000977,-0.001221,0,0,0,0,3000,3000,3000,3000,0,239,-353,0-20,0,0,0
96.469299,1.117188,-2.738281,0.000000,0.009998,0.019999,0.014666,-0.031400,0.035225,1.507661,0.006592,-0.002686,-0.001221,0,0,0,0,3000,3000,3000,3000,0,231,-349,0-20,0,0,0
96.471252,1.117188,-2.738281,0.000000,0.009998,0.019999,0.014637,-0.031400,0.035225,1.507661,-0.011475,0.000977,-0.001221,0,0,0,0,3000,3000,3000,3000,0,244,-353,0-20,0,0,0
96.473206,1.117188,-2.738281,0.000000,0.009998,0.019999,0.014629,-0.031400,0.035225,1.507661,0.007324,0.000977,-0.004395,0,0,0,0,3000,3000,3000,3000,0,231,-353,0-20,0,0,0
96.475159,1.117188,-2.738281,0.000000,0.009998,0.019999,0.014723,-0.031400,0.035225,1.507661,-0.006592,0.000488,0.000000,0,0,0,0,3000,3000,3000,3000,0,241,-352,0-20,0,0,0
96.477112,1.117188,-2.738281,0.000000,0.009998,0.019999,0.014706,-0.031400,0.035225,1.507661,0.000977,0.002686,-0.001709,0,0,0,0,3000,3000,3000,3000,0,236,-355,0-20,0,0,0
96.479065,1.117188,-2.738281,0.000000,0.009998,0.019999,0.014843,-0.031400,0.035225,1.507661,0.000244,0.000488,-0.001221,0,0,0,0,3000,3000,3000,3000,0,236,-353,0-20,0,0,0
96.481018,1.117188,-2.738281,0.000000,0.009998,0.019999,0.015009,-0.031400,0.035225,1.507661,-0.007568,-0.000977,-0.002197,0,0,0,0,3000,3000,3000,3000,0,242,-352,0-20,0,0,0
96.482971,1.117188,-2.738281,0.000000,0.009998,0.019999,0.015196,-0.031400,0.035225,1.507661,0.007324,0.000488,0.000977,0,0,0,0,3000,3000,3000,3000,0,232,-353,0-20,0,0,0
96.484924,1.117188,-2.738281,0.000000,0.009998,0.019999,0.015507,-0.031400,0.035225,1.507661,-0.004883,-0.001465,0.002197,0,0,0,0,3000,3000,3000,3000,0,240,-351,0-20,0,0,0
96.486877,1.117188,-2.738281,0.000000,0.009998,0.019999,0.015377,-0.031400,0.035225,1.507661,0.002441,0.000000,-0.000488,0,0,0,0,3000,3000,3000,3000,0,235,-352,0-20,0,0,0
96.488838,1.117188,-2.738281,0.000000,0.009998,0.019999,0.015511,-0.031400,0.035225,1.507661,0.001953,-0.003662,0.005371,0,0,0,0,3000,3000,3000,3000,0,235,-349,0-20,0,0,0
96.490784,1.117188,-2.738281,0.000000,0.009998,0.019999,0.015602,-0.031400,0.035225,1.507661,0.000244,0.000000,-0.000488,0,0,0,0,3000,3000,3000,3000,0,236,-352,0-20,0,0,0
96.492737,1.117188,-2.738281,0.000000,0.009998,0.019999,0.015621,-0.031400,0.035225,1.507661,0.006104,-0.000488,0.002686,0,0,0,0,3000,3000,3000,3000,0,232,-351,0-20,0,0,0
96.494690,1.117188,-2.738281,0.000000,0.009998,0.019999,0.015512,-0.031400,0.035225,1.507661,-0.006592,-0.001465,-0.000488,0,0,0,0,3000,3000,3000,3000,0,241,-350,0-20,0,0,0
96.496643,1.117188,-2.738281,0.000000,0.009998,0.019999,0.015779,-0.031400,0.035225,1.507661,0.010010,-0.000488,-0.000488,0,0,0,0,3000,3000,3000,3000,0,229,-351,0-20,0,0,0
96.498596,1.117188,-2.738281,0.000000,0.009998,0.019999,0.015772,-0.031400,0.035225,1.507661,-0.002441,0.000000,-0.000488,0,0,0,0,3000,3000,3000,3000,0,237,-352,0-20,0,0,0
96.500549,1.117188,-2.738281,0.000000,0.009998,0.019999,0.015739,-0.031400,0.035225,1.507661,-0.007568,-0.000488,-0.002197,0,0,0,0,3000,3000,3000,3000,0,241,-351,0-20,0,0,0
96.502502,1.117188,-2.738281,0.000000,0.009998,0.019999,0.015846,-0.031400,0.035225,1.507661,0.003418,0.002197,0.002197,0,0,0,0,3000,3000,3000,3000,0,234,-354,0-20,0,0,0
96.504456,1.117188,-2.738281,0.000000,0.009998,0.019999,0.015583,-0.031400,0.035225,1.507661,-0.005615,0.000977,-0.000488,0,0,0,0,3000,3000,3000,3000,0,240,-353,0-20,0,0,0
96.506416,1.117188,-2.738281,0.000000,0.009998,0.019999,0.015726,-0.031400,0.035225,1.507661,0.001465,0.001709,-0.002197,0,0,0,0,3000,3000,3000,3000,0,236,-354,0-20,0,0,0
96.508369,1.117188,-2.738281,0.000000,0.009998,0.019999,0.015724,-0.031400,0.035225,1.507661,-0.002441,-0.000977,-0.000732,0,0,0,0,3000,3000,3000,3000,0,239,-352,0-20,0,0,0
96.512268,1.117188,-2.738281,0.000000,0.009998,0.019999,0.015776,-0.031400,0.035225,1.507661,-0.003906,-0.004883,0.000488,0,0,0,0,3000,3000,3000,3000,0,240,-348,0-20,0,0,0
96.514229,1.117188,-2.738281,0.000000,0.009998,0.019999,0.015797,-0.031461,0.035163,1.507661,-0.004883,0.000977,-0.001221,0,0,0,0,3000,3000,3000,3000,0,241,-353,0-20,0,0,0
96.516174,1.117188,-2.738281,0.000000,0.009998,0.019999,0.015827,-0.031461,0.035163,1.507661,0.006104,0.000000,0.001465,0,0,0,0,3000,3000,3000,3000,0,233,-352,0-20,0,0,0
96.518127,1.117188,-2.738281,0.000000,0.009998,0.019999,0.015924,-0.031461,0.035163,1.507661,-0.002441,0.000977,0.002686,0,0,0,0,3000,3000,3000,3000,0,239,-353,0-20,0,0,0
96.520088,1.117188,-2.738281,0.000000,0.009998,0.019999,0.007843,-0.031461,0.035163,1.507661,0.003418,-0.002197,0.002686,0,0,0,0,3000,3000,3000,3000,0,235,-350,0-20,0,0,0
96.522041,1.117188,-2.738281,0.000000,0.009998,0.019999,0.007866,-0.031461,0.035163,1.507661,0.004639,-0.000488,0.004639,0,0,0,0,3000,3000,3000,3000,0,234,-351,0-20,0,0,0
96.523987,1.117188,-2.738281,0.000000,0.009998,0.019999,0.007973,-0.031461,0.035163,1.507661,-0.008301,0.000000,0.000488,0,0,0,0,3000,3000,3000,3000,0,242,-352,0-20,0,0,0
96.525948,1.117188,-2.738281,0.000000,0.009998,0.019999,0.008204,-0.031461,0.035163,1.507661,0.006592,-0.001465,0.000488,0,0,0,0,3000,3000,3000,3000,0,232,-351,0-20,0,0,0
96.527893,1.117188,-2.738281,0.000000,0.009998,0.019999,0.008278,-0.031461,0.035163,1.507661,-0.004883,-0.001465,-0.001709,0,0,0,0,3000,3000,3000,3000,0,240,-350,0-20,0,0,0
96.529846,1.117188,-2.738281,0.000000,0.009998,0.019999,0.008266,-0.031461,0.035163,1.507661,0.004150,-0.002197,0.000977,0,0,0,0,3000,3000,3000,3000,0,234,-350,0-20,0,0,0
96.531807,1.117188,-2.738281,0.000000,0.009998,0.019999,0.008507,-0.031461,0.035163,1.507661,-0.001709,-0.001465,0.000000,0,0,0,0,3000,3000,3000,3000,0,238,-350,0-20,0,0,0
96.533760,1.117188,-2.738281,0.000000,0.009998,0.019999,0.008392,-0.031461,0.035163,1.507661,0.001465,0.000977,0.000488,0,0,0,0,3000,3000,3000,3000,0,235,-352,0-20,0,0,0
96.535706,1.117188,-2.738281,0.000000,0.009998,0.019999,0.008562,-0.031461,0.035163,1.507661,0.008301,0.000488,0.003174,0,0,0,0,3000,3000,3000,3000,0,230,-352,0-20,0,0,0
96.537659,1.117188,-2.738281,0.000000,0.009998,0.019999,0.008532,-0.031461,0.035163,1.507661,-0.003906,0.002686,-0.001709,0,0,0,0,3000,3000,3000,3000,0,239,-355,0-20,0,0,0
96.539612,1.117188,-2.738281,0.000000,0.009998,0.019999,0.008642,-0.031461,0.035163,1.507661,0.007324,0.001709,0.003662,0,0,0,0,3000,3000,3000,3000,0,230,-354,0-20,0,0,0
96.541565,1.117188,-2.738281,0.000000,0.009998,0.019999,0.008680,-0.031461,0.035163,1.507661,-0.000244,0.003662,0.001465,0,0,0,0,3000,3000,3000,3000,0,236,-356,0-20,0,0,0
96.543526,1.117188,-2.738281,0.000000,0.009998,0.019999,0.008732,-0.031461,0.035163,1.507661,-0.002930,0.002686,-0.002686,0,0,0,0,3000,3000,3000,3000,0,238,-356,0-20,0,0,0
96.545471,1.117188,-2.738281,0.000000,0.009998,0.019999,0.008772,-0.031461,0.035163,1.507661,0.005127,-0.002197,-0.000488,0,0,0,0,3000,3000,3000,3000,0,232,-351,0-20,0,0,0
96.547424,1.117188,-2.738281,0.000000,0.009998,0.019999,0.008877,-0.031461,0.035163,1.507661,-0.007568,-0.000488,-0.002197,0,0,0,0,3000,3000,3000,3000,0,241,-353,0-20,0,0,0
96.549377,1.117188,-2.738281,0.000000,0.009998,0.019999,0.008991,-0.031461,0.035163,1.507661,0.005615,-0.002686,-0.003906,0,0,0,0,3000,3000,3000,3000,0,232,-350,0-20,0,0,0
96.551331,1.117188,-2.738281,0.000000,0.009998,0.019999,0.009096,-0.031461,0.035163,1.507661,-0.004883,-0.002197,-0.001221,0,0,0,0,3000,3000,3000,3000,0,240,-350,0-20,0,0,0
96.553284,1.117188,-2.738281,0.000000,0.009998,0.019999,0.009092,-0.031461,0.035163,1.507661,0.000977,0.002686,-0.003174,0,0,0,0,3000,3000,3000,3000,0,236,-355,0-20,0,0,0
96.555237,1.117188,-2.738281,0.000000,0.009998,0.019999,0.009047,-0.031461,0.035163,1.507661,0.004639,0.001709,0.001465,0,0,0,0,3000,3000,3000,3000,0,233,-354,0-20,0,0,0
96.557190,1.117188,-2.738281,0.000000,0.009998,0.019999,0.009073,-0.031461,0.035163,1.507661,-0.003906,-0.002197,-0.000488,0,0,0,0,3000,3000,3000,3000,0,239,-351,0-20,0,0,0
96.559151,1.117188,-2.738281,0.000000,0.009998,0.019999,0.009325,-0.031461,0.035163,1.507661,0.001953,0.000977,0.000000,0,0,0,0,3000,3000,3000,3000,0,235,-353,0-20,0,0,0
96.561096,1.117188,-2.738281,0.000000,0.009998,0.019999,0.009426,-0.031461,0.035163,1.507661,-0.004883,0.002197,0.000488,0,0,0,0,3000,3000,3000,3000,0,240,-355,0-20,0,0,0
96.563049,1.117188,-2.738281,0.000000,0.009998,0.019999,0.009501,-0.031461,0.035163,1.507661,0.001953,0.001709,0.000000,0,0,0,0,3000,3000,3000,3000,0,235,-354,0-20,0,0,0
96.565002,1.117188,-2.738281,0.000000,0.009998,0.019999,0.009617,-0.031461,0.035163,1.507661,0.001465,0.000977,0.002197,0,0,0,0,3000,3000,3000,3000,0,236,-354,0-20,0,0,0
96.566956,1.117188,-2.738281,0.000000,0.009998,0.019999,0.009672,-0.031461,0.035163,1.507661,-0.004395,-0.000488,-0.001709,0,0,0,0,3000,3000,3000,3000,0,240,-353,0-20,0,0,0
96.568916,1.117188,-2.738281,0.000000,0.009998,0.019999,0.009811,-0.031461,0.035163,1.507661,0.006592,0.003174,0.003174,0,0,0,0,3000,3000,3000,3000,0,232,-356,0-20,0,0,0
96.570862,1.117188,-2.738281,0.000000,0.009998,0.019999,0.009869,-0.031461,0.035163,1.507661,-0.007080,-0.000977,0.000977,0,0,0,0,3000,3000,3000,3000,0,242,-352,0-20,0,0,0
96.572815,1.117188,-2.738281,0.000000,0.009998,0.019999,0.009991,-0.031461,0.035163,1.507661,0.006104,-0.002197,-0.000488,0,0,0,0,3000,3000,3000,3000,0,233,-351,0-20,0,0,0
96.574768,1.117188,-2.738281,0.000000,0.009998,0.019999,0.010241,-0.031461,0.035163,1.507661,-0.002441,-0.002686,-0.001221,0,0,0,0,3000,3000,3000,3000,0,239,-350,0-20,0,0,0
96.576721,1.117188,-2.738281,0.000000,0.009998,0.019999,0.010481,-0.031461,0.035163,1.507661,-0.000244,0.000977,-0.003174,0,0,0,0,3000,3000,3000,3000,0,237,-353,0-20,0,0,0
96.578674,1.117188,-2.738281,0.000000,0.009998,0.019999,0.010693,-0.031461,0.035163,1.507661,0.004639,-0.000488,-0.001221,0,0,0,0,3000,3000,3000,3000,0,233,-352,0-20,0,0,0
96.580627,1.117188,-2.738281,0.000000,0.009998,0.019999,0.010593,-0.031461,0.035163,1.507661,-0.007568,0.000488,0.000000,0,0,0,0,3000,3000,3000,3000,0,242,-353,0-20,0,0,0
96.582581,1.117188,-2.738281,0.000000,0.009998,0.019999,0.010668,-0.031461,0.035163,1.507661,0.006592,0.000488,-0.000732,0,0,0,0,3000,3000,3000,3000,0,232,-353,0-20,0,0,0
96.584534,1.117188,-2.738281,0.000000,0.009998,0.019999,0.010548,-0.031461,0.035163,1.507661,-0.003906,-0.002686,-0.001709,0,0,0,0,3000,3000,3000,3000,0,240,-350,0-20,0,0,0
96.586487,1.117188,-2.738281,0.000000,0.009998,0.019999,0.010714,-0.031461,0.035163,1.507661,-0.000244,0.000488,-0.000488,0,0,0,0,3000,3000,3000,3000,0,237,-352,0-20,0,0,0
96.588440,1.117188,-2.738281,0.000000,0.009998,0.019999,0.010912,-0.031461,0.035163,1.507661,-0.000244,-0.000488,-0.000488,0,0,0,0,3000,3000,3000,3000,0,237,-351,0-20,0,0,0
96.590401,1.117188,-2.738281,0.000000,0.009998,0.019999,0.011009,-0.031461,0.035163,1.507661,-0.003906,-0.000488,-0.003906,0,0,0,0,3000,3000,3000,3000,0,240,-351,0-20,0,0,0
96.592346,1.117188,-2.738281,0.000000,0.009998,0.019999,0.011183,-0.031461,0.035163,1.507661,0.004639,0.000977,-0.000732,0,0,0,0,3000,3000,3000,3000,0,234,-353,0-20,0,0,0
96.594307,1.117188,-2.738281,0.000000,0.009998,0.019999,0.011164,-0.031461,0.035163,1.507661,-0.006104,0.001709,-0.002686,0,0,0,0,3000,3000,3000,3000,0,241,-354,0-20,0,0,0
96.596252,1.117188,-2.738281,0.000000,0.009998,0.019999,0.011156,-0.031461,0.035163,1.507661,-0.000244,0.002197,-0.001221,0,0,0,0,3000,3000,3000,3000,0,237,-354,0-20,0,0,0
96.598213,1.117188,-2.738281,0.000000,0.009998,0.019999,0.011593,-0.031461,0.035163,1.507661,0.003418,-0.000977,0.000488,0,0,0,0,3000,3000,3000,3000,0,235,-351,0-20,0,0,0
96.600159,1.117188,-2.738281,0.000000,0.009998,0.019999,0.011580,-0.031461,0.035163,1.507661,-0.004395,-0.002686,-0.000732,0,0,0,0,3000,3000,3000,3000,0,240,-350,0-20,0,0,0
96.602119,1.117188,-2.738281,0.000000,0.009998,0.019999,0.011671,-0.031461,0.035163,1.507661,0.004639,0.000488,0.002197,0,0,0,0,3000,3000,3000,3000,0,234,-352,0-20,0,0,0
96.604065,1.117188,-2.738281,0.000000,0.009998,0.019999,0.011761,-0.031461,0.035163,1.507661,-0.004883,0.000977,-0.001709,0,0,0,0,3000,3000,3000,3000,0,240,-353,0-20,0,0,0
96.606018,1.117188,-2.738281,0.000000,0.009998,0.019999,0.011845,-0.031461,0.035163,1.507661,0.005127,0.000000,0.001465,0,0,0,0,3000,3000,3000,3000,0,233,-352,0-20,0,0,0
96.607971,1.117188,-2.738281,0.000000,0.009998,0.019999,0.011953,-0.031461,0.035163,1.507661,-0.000732,-0.002686,0.001465,0,0,0,0,3000,3000,3000,3000,0,237,-350,0-20,0,0,0
96.609924,1.117188,-2.738281,0.000000,0.009998,0.019999,0.011875,-0.031461,0.035163,1.507661,-0.000244,-0.003662,-0.003174,0,0,0,0,3000,3000,3000,3000,0,237,-348,0-20,0,0,0
96.611877,1.117188,-2.738281,0.000000,0.009998,0.019999,0.012079,-0.031461,0.035163,1.507661,0.001953,0.002686,0.001465,0,0,0,0,3000,3000,3000,3000,0,235,-354,0-20,0,0,0
96.613831,1.117188,-2.738281,0.000000,0.009998,0.019999,0.012236,-0.031461,0.035163,1.507661,-0.005615,-0.001465,-0.002686,0,0,0,0,3000,3000,3000,3000,0,241,-350,0-20,0,0,0
96.615784,1.117188,-2.738281,0.000000,0.009998,0.019999,0.012352,-0.031461,0.035163,1.507661,0.006104,0.000000,0.004150,0,0,0,0,3000,3000,3000,3000,0,232,-352,0-20,0,0,0
96.617737,1.117188,-2.738281,0.000000,0.009998,0.019999,0.012577,-0.031461,0.035163,1.507661,-0.003418,0.002197,-0.005859,0,0,0,0,3000,3000,3000,3000,0,239,-354,0-20,0,0,0
96.619690,1.117188,-2.738281,0.000000,0.009998,0.019999,0.012642,-0.031461,0.035163,1.507661,-0.001709,0.000000,-0.003174,0,0,0,0,3000,3000,3000,3000,0,238,-352,0-20,0,0,0
96.621643,1.117188,-2.738281,0.000000,0.009998,0.019999,0.012760,-0.031461,0.035163,1.507661,0.007324,0.000977,-0.000732,0,0,0,0,3000,3000,3000,3000,0,231,-353,0-20,0,0,0
96.623596,1.117188,-2.738281,0.000000,0.009998,0.019999,0.012754,-0.031461,0.035163,1.507661,-0.005615,-0.000977,0.000000,0,0,0,0,3000,3000,3000,3000,0,240,-351,0-20,0,0,0
96.625549,1.117188,-2.738281,0.000000,0.009998,0.019999,0.012844,-0.031461,0.035163,1.507661,0.004639,-0.000488,0.002197,0,0,0,0,3000,3000,3000,3000,0,233,-352,0-20,0,0,0
96.627502,1.117188,-2.738281,0.000000,0.009998,0.019999,0.012857,-0.031461,0.035163,1.507661,-0.005615,0.000000,0.002686,0,0,0,0,3000,3000,3000,3000,0,240,-352,0-20,0,0,0
96.629456,1.117188,-2.738281,0.000000,0.009998,0.019999,0.012863,-0.031461,0.035163,1.507661,0.000244,-0.000977,-0.001221,0,0,0,0,3000,3000,3000,3000,0,236,-351,0-20,0,0,0
96.631409,1.117188,-2.738281,0.000000,0.009998,0.019999,0.012907,-0.031461,0.035163,1.507661,-0.000732,0.002197,0.002197,0,0,0,0,3000,3000,3000,3000,0,237,-354,0-20,0,0,0
96.633362,1.117188,-2.738281,0.000000,0.009998,0.019999,0.013020,-0.031461,0.035163,1.507661,-0.002441,-0.000488,-0.000488,0,0,0,0,3000,3000,3000,3000,0,239,-352,0-20,0,0,0
96.635315,1.117188,-2.738281,0.000000,0.009998,0.019999,0.013166,-0.031461,0.035163,1.507661,0.007324,-0.000977,0.000000,0,0,0,0,3000,3000,3000,3000,0,232,-351,0-20,0,0,0
96.637268,1.117188,-2.738281,0.000000,0.009998,0.019999,0.013172,-0.031461,0.035163,1.507661,-0.006592,0.000977,0.002686,0,0,0,0,3000,3000,3000,3000,0,241,-353,0-20,0,0,0
96.639221,1.117188,-2.738281,0.000000,0.009998,0.019999,0.013128,-0.031461,0.035163,1.507661,0.002930,-0.002686,-0.001221,0,0,0,0,3000,3000,3000,3000,0,235,-350,0-20,0,0,0
96.641174,1.117188,-2.738281,0.000000,0.009998,0.019999,0.013157,-0.031461,0.035163,1.507661,-0.001709,-0.002197,0.002197,0,0,0,0,3000,3000,3000,3000,0,238,-350,0-20,0,0,0
96.643127,1.117188,-2.738281,0.000000,0.009998,0.019999,0.013306,-0.031461,0.035163,1.507661,-0.000732,-0.000488,0.000488,0,0,0,0,3000,3000,3000,3000,0,237,-351,0-20,0,0,0
96.645081,1.117188,-2.738281,0.000000,0.009998,0.019999,0.013262,-0.031461,0.035163,1.507661,0.003418,-0.001465,0.000488,0,0,0,0,3000,3000,3000,3000,0,234,-350,0-20,0,0,0
96.647034,1.117188,-2.738281,0.000000,0.009998,0.019999,0.013260,-0.031461,0.035163,1.507661,-0.004395,0.002686,-0.000488,0,0,0,0,3000,3000,3000,3000,0,240,-354,0-20,0,0,0
96.648987,1.117188,-2.738281,0.000000,0.009998,0.019999,0.013420,-0.031461,0.035163,1.507661,0.005615,0.000000,0.003174,0,0,0,0,3000,3000,3000,3000,0,233,-352,0-20,0,0,0
96.650948,1.117188,-2.738281,0.000000,0.009998,0.019999,0.013304,-0.031461,0.035163,1.507661,-0.001709,0.000488,-0.001221,0,0,0,0,3000,3000,3000,3000,0,238,-353,0-20,0,0,0
96.652901,1.117188,-2.738281,0.000000,0.009998,0.019999,0.013445,-0.031461,0.035163,1.507661,-0.000732,0.000977,0.000000,0,0,0,0,3000,3000,3000,3000,0,237,-353,0-20,0,0,0
96.654846,1.117188,-2.738281,0.000000,0.009998,0.019999,0.013439,-0.031461,0.035163,1.507661,0.002930,0.001709,0.002686,0,0,0,0,3000,3000,3000,3000,0,234,-354,0-20,0,0,0
96.656799,1.117188,-2.738281,0.000000,0.009998,0.019999,0.013411,-0.031461,0.035163,1.507661,-0.007080,0.002686,-0.000732,0,0,0,0,3000,3000,3000,3000,0,241,-355,0-20,0,0,0
96.658752,1.117188,-2.738281,0.000000,0.009998,0.019999,0.013571,-0.031461,0.035163,1.507661,0.002441,0.000488,0.000000,0,0,0,0,3000,3000,3000,3000,0,235,-353,0-20,0,0,0
96.660706,1.117188,-2.738281,0.000000,0.009998,0.019999,0.013643,-0.031461,0.035163,1.507661,-0.003418,-0.000488,0.000977,0,0,0,0,3000,3000,3000,3000,0,239,-353,0-20,0,0,0
96.662659,1.117188,-2.738281,0.000000,0.009998,0.019999,0.013670,-0.031461,0.035163,1.507661,-0.000244,-0.000977,0.001465,0,0,0,0,3000,3000,3000,3000,0,237,-352,0-20,0,0,0
96.664612,1.117188,-2.738281,0.000000,0.009998,0.019999,0.013796,-0.031461,0.035163,1.507661,0.001465,-0.000977,-0.001709,0,0,0,0,3000,3000,3000,3000,0,236,-352,0-20,0,0,0
96.666565,1.117188,-2.738281,0.000000,0.009998,0.019999,0.013992,-0.031461,0.035163,1.507661,-0.004883,0.000488,-0.002686,0,0,0,0,3000,3000,3000,3000,0,240,-353,0-20,0,0,0
96.668526,1.117188,-2.738281,0.000000,0.009998,0.019999,0.014019,-0.031461,0.035163,1.507661,0.006592,-0.002197,0.002197,0,0,0,0,3000,3000,3000,3000,0,232,-350,0-20,0,0,0
96.670471,1.117188,-2.738281,0.000000,0.009998,0.019999,0.013933,-0.031461,0.035163,1.507661,-0.005615,0.000488,0.000488,0,0,0,0,3000,3000,3000,3000,0,241,-353,0-20,0,0,0
96.672424,1.117188,-2.738281,0.000000,0.009998,0.019999,0.014023,-0.031461,0.035163,1.507661,0.003418,0.002197,-0.000488,0,0,0,0,3000,3000,3000,3000,0,234,-354,0-20,0,0,0
96.674377,1.117188,-2.738281,0.000000,0.009998,0.019999,0.014215,-0.031461,0.035163,1.507661,0.001465,-0.003662,-0.000488,0,0,0,0,3000,3000,3000,3000,0,236,-349,0-20,0,0,0
96.676331,1.117188,-2.738281,0.003906,0.009998,0.019999,0.018913,-0.031461,0.035163,1.507661,-0.004395,0.000977,-0.003174,0,0,0,0,3000,3000,3000,3000,0,240,-353,0-20,0,0,0
96.678284,1.117188,-2.738281,0.003906,0.009998,0.019999,0.019011,-0.031461,0.035163,1.507661,0.006104,0.003662,0.002197,0,0,0,0,3000,3000,3000,3000,0,232,-356,0-20,0,0,0
96.680237,1.117188,-2.738281,0.003906,0.009998,0.019999,0.018990,-0.031461,0.035163,1.507661,-0.005615,-0.002197,0.000000,0,0,0,0,3000,3000,3000,3000,0,240,-350,0-20,0,0,0
96.682190,1.117188,-2.738281,0.003906,0.009998,0.019999,0.019022,-0.031461,0.035163,1.507661,0.005127,-0.003174,0.002197,0,0,0,0,3000,3000,3000,3000,0,233,-349,0-20,0,0,0
96.684143,1.117188,-2.738281,0.003906,0.009998,0.019999,0.019083,-0.031461,0.035163,1.507661,-0.007080,0.000977,-0.000488,0,0,0,0,3000,3000,3000,3000,0,242,-353,0-20,0,0,0
96.686096,1.117188,-2.738281,0.003906,0.009998,0.019999,0.019245,-0.031461,0.035163,1.507661,0.001953,0.001709,-0.002686,0,0,0,0,3000,3000,3000,3000,0,235,-354,0-20,0,0,0
96.688057,1.117188,-2.738281,0.003906,0.009998,0.019999,0.019438,-0.031461,0.035163,1.507661,0.001953,-0.002686,-0.000488,0,0,0,0,3000,3000,3000,3000,0,235,-350,0-20,0,0,0
96.690002,1.117188,-2.738281,0.003906,0.009998,0.019999,0.019655,-0.031461,0.035163,1.507661,-0.004883,-0.002686,0.000488,0,0,0,0,3000,3000,3000,3000,0,240,-349,0-20,0,0,0
96.691956,1.117188,-2.738281,0.003906,0.009998,0.019999,0.019720,-0.031461,0.035163,1.507661,0.007324,-0.001465,-0.002197,0,0,0,0,3000,3000,3000,3000,0,231,-350,0-20,0,0,0
96.693909,1.117188,-2.738281,0.003906,0.009998,0.019999,0.019712,-0.031461,0.035163,1.507661,-0.003418,0.002197,0.000000,0,0,0,0,3000,3000,3000,3000,0,239,-354,0-20,0,0,0
96.695862,1.117188,-2.738281,0.003906,0.009998,0.019999,0.019718,-0.031461,0.035163,1.507661,0.004150,0.000977,-0.001221,0,0,0,0,3000,3000,3000,3000,0,233,-353,0-20,0,0,0
96.697815,1.117188,-2.738281,0.003906,0.009998,0.019999,0.019888,-0.031461,0.035163,1.507661,0.005615,0.000488,0.003174,0,0,0,0,3000,3000,3000,3000,0,232,-352,0-20,0,0,0
96.699768,1.117188,-2.738281,0.003906,0.009998,0.019999,0.020056,-0.031461,0.035163,1.507661,-0.004395,-0.000488,-0.003906,0,0,0,0,3000,3000,3000,3000,0,239,-352,0-20,0,0,0
96.701721,1.117188,-2.738281,0.003906,0.009998,0.019999,0.020102,-0.031461,0.035163,1.507661,0.004639,-0.001465,-0.001709,0,0,0,0,3000,3000,3000,3000,0,233,-351,0-20,0,0,0
96.703674,1.117188,-2.738281,0.003906,0.009998,0.019999,0.020111,-0.031461,0.035163,1.507661,-0.004883,-0.000977,0.000000,0,0,0,0,3000,3000,3000,3000,0,239,-351,0-20,0,0,0
96.705627,1.117188,-2.738281,0.003906,0.009998,0.019999,0.020302,-0.031461,0.035163,1.507661,0.002930,0.002686,-0.004883,0,0,0,0,3000,3000,3000,3000,0,234,-354,0-20,0,0,0
96.707588,1.117188,-2.738281,0.003906,0.009998,0.019999,0.020334,-0.031461,0.035163,1.507661,-0.000732,-0.002197,0.000000,0,0,0,0,3000,3000,3000,3000,0,237,-350,0-20,0,0,0
96.709534,1.117188,-2.738281,0.003906,0.009998,0.019999,0.020479,-0.031461,0.035163,1.507661,-0.006104,-0.002197,-0.002686,0,0,0,0,3000,3000,3000,3000,0,241,-350,0-20,0,0,0
96.711487,1.117188,-2.738281,0.003906,0.009998,0.019999,0.020624,-0.031461,0.035163,1.507661,0.007812,0.002686,0.000488,0,0,0,0,3000,3000,3000,3000,0,231,-354,0-20,0,0,0
96.713440,1.117188,-2.738281,0.003906,0.009998,0.019999,0.020596,-0.031461,0.035163,1.507661,-0.006592,0.001709,-0.001709,0,0,0,0,3000,3000,3000,3000,0,241,-354,0-20,0,0,0
96.715393,1.117188,-2.738281,0.003906,0.009998,0.019999,0.020691,-0.031461,0.035163,1.507661,0.002930,-0.002197,-0.001709,0,0,0,0,3000,3000,3000,3000,0,235,-350,0-20,0,0,0
96.717346,1.117188,-2.738281,0.003906,0.009998,0.019999,0.020721,-0.031461,0.035163,1.507661,-0.002441,0.000000,-0.000488,0,0,0,0,3000,3000,3000,3000,0,238,-352,0-20,0,0,0
96.719307,1.117188,-2.738281,0.003906,0.009998,0.019999,0.020878,-0.031461,0.035163,1.507661,-0.002441,0.000977,0.000488,0,0,0,0,3000,3000,3000,3000,0,239,-353,0-20,0,0,0
96.721252,1.117188,-2.738281,0.003906,0.009998,0.019999,0.020992,-0.031461,0.035163,1.507661,0.002441,0.000000,0.003662,0,0,0,0,3000,3000,3000,3000,0,235,-352,0-20,0,0,0
96.723206,1.117188,-2.738281,0.003906,0.009998,0.019999,0.020971,-0.031461,0.035163,1.507661,-0.003906,0.000000,-0.002197,0,0,0,0,3000,3000,3000,3000,0,240,-352,0-20,0,0,0
96.725159,1.117188,-2.738281,0.003906,0.009998,0.019999,0.020945,-0.031461,0.035163,1.507661,0.008301,-0.000488,-0.000488,0,0,0,0,3000,3000,3000,3000,0,231,-352,0-20,0,0,0
96.727112,1.117188,-2.738281,0.003906,0.009998,0.019999,0.020939,-0.031461,0.035163,1.507661,-0.007080,0.000000,-0.000488,0,0,0,0,3000,3000,3000,3000,0,242,-352,0-20,0,0,0
96.729065,1.117188,-2.738281,0.003906,0.009998,0.019999,0.020960,-0.031461,0.035163,1.507661,0.002930,-0.000488,-0.002197,0,0,0,0,3000,3000,3000,3000,0,235,-352,0-20,0,0,0
96.731018,1.117188,-2.738281,0.003906,0.009998,0.019999,0.021103,-0.031461,0.035163,1.507661,0.000244,-0.000488,0.000977,0,0,0,0,3000,3000,3000,3000,0,237,-352,0-20,0,0,0
96.732971,1.117188,-2.738281,0.003906,0.009998,0.019999,0.021166,-0.031461,0.035163,1.507661,-0.008789,0.000000,-0.001709,0,0,0,0,3000,3000,3000,3000,0,243,-352,0-20,0,0,0
96.734924,1.117188,-2.738281,0.003906,0.009998,0.019999,0.021343,-0.031461,0.035163,1.507661,0.002930,0.002197,0.004639,0,0,0,0,3000,3000,3000,3000,0,235,-354,0-20,0,0,0
96.736877,1.117188,-2.738281,0.003906,0.009998,0.019999,0.021416,-0.031461,0.035163,1.507661,-0.002930,0.000000,-0.002686,0,0,0,0,3000,3000,3000,3000,0,239,-352,0-20,0,0,0
96.738831,1.117188,-2.738281,0.003906,0.009998,0.019999,0.021658,-0.031461,0.035163,1.507661,-0.001221,-0.001465,-0.002686,0,0,0,0,3000,3000,3000,3000,0,238,-351,0-20,0,0,0
96.740784,1.117188,-2.738281,0.003906,0.009998,0.019999,0.021809,-0.031461,0.035163,1.507661,-0.001709,0.000488,0.003662,0,0,0,0,3000,3000,3000,3000,0,239,-353,0-20,0,0,0
96.742737,1.117188,-2.738281,0.003906,0.009998,0.019999,0.021969,-0.031461,0.035163,1.507661,-0.002441,0.002197,0.002197,0,0,0,0,3000,3000,3000,3000,0,239,-354,0-20,0,0,0
96.744690,1.117188,-2.738281,0.003906,0.009998,0.019999,0.021931,-0.031461,0.035163,1.507661,0.004150,-0.001465,-0.001709,0,0,0,0,3000,3000,3000,3000,0,235,-351,0-20,0,0,0
96.746643,1.117188,-2.738281,0.003906,0.009998,0.019999,0.021849,-0.031461,0.035163,1.507661,-0.008789,0.001709,-0.004395,0,0,0,0,3000,3000,3000,3000,0,244,-354,0-20,0,0,0
96.748596,1.117188,-2.738281,0.003906,0.009998,0.019999,0.021851,-0.031461,0.035163,1.507661,0.008789,0.002197,-0.000488,0,0,0,0,3000,3000,3000,3000,0,231,-355,0-20,0,0,0
96.750549,1.117188,-2.738281,0.003906,0.009998,0.019999,0.021860,-0.031461,0.035163,1.507661,-0.000732,-0.002686,0.000977,0,0,0,0,3000,3000,3000,3000,0,238,-350,0-20,0,0,0
96.752502,1.117188,-2.738281,0.003906,0.009998,0.019999,0.021988,-0.031461,0.035163,1.507661,-0.003418,-0.001465,0.003662,0,0,0,0,3000,3000,3000,3000,0,239,-351,0-20,0,0,0
96.754456,1.117188,-2.738281,0.000000,0.009998,0.019999,0.012814,-0.031461,0.035163,1.507661,0.007812,0.002686,0.002686,0,0,0,0,3000,3000,3000,3000,0,231,-355,0-20,0,0,0
96.758362,1.117188,-2.738281,0.000000,0.009998,0.019999,0.012840,-0.031461,0.035163,1.507661,-0.008789,0.000000,-0.001709,0,0,0,0,3000,3000,3000,3000,0,243,-352,0-20,0,0,0
96.760323,1.117188,-2.738281,0.000000,0.009998,0.019999,0.013123,-0.031518,0.035102,1.507543,-0.004395,-0.001465,0.001465,0,0,0,0,3000,3000,3000,3000,0,241,-351,0-20,0,0,0
96.762276,1.117188,-2.738281,0.000000,0.009998,0.019999,0.013317,-0.031518,0.035102,1.507543,-0.000732,0.000000,-0.000732,0,0,0,0,3000,3000,3000,3000,0,239,-352,0-20,0,0,0
96.764229,1.117188,-2.738281,0.000000,0.009998,0.019999,0.013472,-0.031518,0.035102,1.507543,0.002930,-0.002686,0.001465,0,0,0,0,3000,3000,3000,3000,0,236,-349,0-20,0,0,0
96.766174,1.117188,-2.738281,0.000000,0.009998,0.019999,0.013374,-0.031518,0.035102,1.507543,-0.007568,0.000000,0.000488,0,0,0,0,3000,3000,3000,3000,0,243,-351,0-20,0,0,0
96.768127,1.117188,-2.738281,0.000000,0.009998,0.019999,0.013535,-0.031518,0.035102,1.507543,0.006104,0.000977,0.001465,0,0,0,0,3000,3000,3000,3000,0,234,-352,0-20,0,0,0
96.770088,1.117188,-2.738281,0.000000,0.009998,0.019999,0.013561,-0.031518,0.035102,1.507543,-0.003906,0.000488,-0.001221,0,0,0,0,3000,3000,3000,3000,0,240,-352,0-20,0,0,0
96.772034,1.117188,-2.738281,0.000000,0.009998,0.019999,0.013508,-0.031518,0.035102,1.507543,0.000244,-0.003662,-0.001709,0,0,0,0,3000,3000,3000,3000,0,237,-348,0-20,0,0,0
96.773994,1.117188,-2.738281,0.000000,0.009998,0.019999,0.013695,-0.031518,0.035102,1.507543,0.003418,0.000000,0.000488,0,0,0,0,3000,3000,3000,3000,0,235,-351,0-20,0,0,0
96.775940,1.117188,-2.738281,0.000000,0.009998,0.019999,0.013859,-0.031518,0.035102,1.507543,-0.004883,0.000977,-0.002686,0,0,0,0,3000,3000,3000,3000,0,241,-352,0-20,0,0,0
96.777893,1.117188,-2.738281,0.000000,0.009998,0.019999,0.013990,-0.031518,0.035102,1.507543,0.007324,-0.001465,0.003174,0,0,0,0,3000,3000,3000,3000,0,232,-350,0-20,0,0,0
96.779854,1.117188,-2.738281,0.000000,0.009998,0.019999,0.014036,-0.031518,0.035102,1.507543,-0.007568,0.000977,0.001465,0,0,0,0,3000,3000,3000,3000,0,242,-352,0-20,0,0,0
96.781799,1.117188,-2.738281,0.000000,0.009998,0.019999,0.014299,-0.031518,0.035102,1.507543,0.005615,-0.000977,0.000977,0,0,0,0,3000,3000,3000,3000,0,233,-350,0-20,0,0,0
96.783752,1.117188,-2.738281,0.000000,0.009998,0.019999,0.014309,-0.031518,0.035102,1.507543,0.000244,0.000977,0.001465,0,0,0,0,3000,3000,3000,3000,0,236,-352,0-20,0,0,0
96.785706,1.117188,-2.738281,0.000000,0.009998,0.019999,0.014389,-0.031518,0.035102,1.507543,-0.002930,-0.001465,-0.001709,0,0,0,0,3000,3000,3000,3000,0,238,-350,0-20,0,0,0
96.787659,1.117188,-2.738281,0.000000,0.009998,0.019999,0.014523,-0.031518,0.035102,1.507543,0.005615,-0.002686,0.000977,0,0,0,0,3000,3000,3000,3000,0,232,-349,0-20,0,0,0
96.789612,1.117188,-2.738281,0.000000,0.009998,0.019999,0.014641,-0.031518,0.035102,1.507543,-0.007080,-0.000488,0.002197,0,0,0,0,3000,3000,3000,3000,0,241,-351,0-20,0,0,0
96.791565,1.117188,-2.738281,0.000000,0.009998,0.019999,0.014614,-0.031518,0.035102,1.507543,0.002930,0.002686,-0.004395,0,0,0,0,3000,3000,3000,3000,0,234,-354,0-20,0,0,0
96.793518,1.117188,-2.738281,0.000000,0.009998,0.019999,0.014774,-0.031518,0.035102,1.507543,-0.004395,0.000488,-0.000488,0,0,0,0,3000,3000,3000,3000,0,240,-352,0-20,0,0,0
96.795471,1.117188,-2.738281,0.000000,0.009998,0.019999,0.014761,-0.031518,0.035102,1.507543,-0.002441,-0.001465,0.000000,0,0,0,0,3000,3000,3000,3000,0,238,-350,0-20,0,0,0
96.797424,1.117188,-2.738281,0.000000,0.009998,0.019999,0.014791,-0.031518,0.035102,1.507543,0.006592,-0.000488,0.000977,0,0,0,0,3000,3000,3000,3000,0,232,-351,0-20,0,0,0
96.799385,1.117188,-2.738281,0.000000,0.009998,0.019999,0.014696,-0.031518,0.035102,1.507543,-0.007080,-0.001465,0.000977,0,0,0,0,3000,3000,3000,3000,0,242,-350,0-20,0,0,0
96.801331,1.117188,-2.738281,0.000000,0.009998,0.019999,0.014879,-0.031518,0.035102,1.507543,0.006592,0.002197,-0.000488,0,0,0,0,3000,3000,3000,3000,0,232,-354,0-20,0,0,0
96.803284,1.117188,-2.738281,0.000000,0.009998,0.019999,0.014940,-0.031518,0.035102,1.507543,-0.004883,0.000488,0.000977,0,0,0,0,3000,3000,3000,3000,0,240,-352,0-20,0,0,0
96.805244,1.117188,-2.738281,0.000000,0.009998,0.019999,0.015175,-0.031518,0.035102,1.507543,0.001465,0.000000,0.002197,0,0,0,0,3000,3000,3000,3000,0,235,-352,0-20,0,0,0
96.807190,1.117188,-2.738281,0.000000,0.009998,0.019999,0.015415,-0.031518,0.035102,1.507543,0.000977,-0.000488,0.000488,0,0,0,0,3000,3000,3000,3000,0,236,-351,0-20,0,0,0
96.809143,1.117188,-2.738281,0.000000,0.009998,0.019999,0.015491,-0.031518,0.035102,1.507543,-0.004395,-0.001465,-0.002197,0,0,0,0,3000,3000,3000,3000,0,240,-350,0-20,0,0,0
96.811096,1.117188,-2.738281,0.000000,0.009998,0.019999,0.015652,-0.031518,0.035102,1.507543,0.005615,0.002686,0.002197,0,0,0,0,3000,3000,3000,3000,0,233,-354,0-20,0,0,0
96.813057,1.117188,-2.738281,0.000000,0.009998,0.019999,0.015764,-0.031518,0.035102,1.507543,-0.005615,0.004150,0.001465,0,0,0,0,3000,3000,3000,3000,0,240,-356,0-20,0,0,0
96.815002,1.117188,-2.738281,0.000000,0.009998,0.019999,0.015856,-0.031518,0.035102,1.507543,0.001953,0.001709,0.000000,0,0,0,0,3000,3000,3000,3000,0,235,-354,0-20,0,0,0
96.816956,1.117188,-2.738281,0.000000,0.009998,0.019999,0.015860,-0.031518,0.035102,1.507543,-0.002930,-0.003662,-0.000732,0,0,0,0,3000,3000,3000,3000,0,239,-349,0-20,0,0,0
96.818909,1.117188,-2.738281,0.000000,0.009998,0.019999,0.015913,-0.031518,0.035102,1.507543,-0.001221,-0.000488,-0.002686,0,0,0,0,3000,3000,3000,3000,0,238,-352,0-20,0,0,0
96.820869,1.117188,-2.738281,0.000000,0.009998,0.019999,0.015984,-0.031518,0.035102,1.507543,0.010010,-0.000488,0.000000,0,0,0,0,3000,3000,3000,3000,0,230,-352,0-20,0,0,0
96.822815,1.117188,-2.738281,0.000000,0.009998,0.019999,0.016047,-0.031518,0.035102,1.507543,-0.010254,0.000488,-0.000732,0,0,0,0,3000,3000,3000,3000,0,244,-352,0-20,0,0,0
96.824768,1.117188,-2.738281,0.000000,0.009998,0.019999,0.016222,-0.031518,0.035102,1.507543,0.005127,-0.004883,-0.001709,0,0,0,0,3000,3000,3000,3000,0,233,-347,0-20,0,0,0
96.826721,1.117188,-2.738281,0.000000,0.009998,0.019999,0.016340,-0.031518,0.035102,1.507543,-0.003418,-0.000488,0.000488,0,0,0,0,3000,3000,3000,3000,0,239,-351,0-20,0,0,0
96.828682,1.117188,-2.738281,0.000000,0.009998,0.019999,0.016371,-0.031518,0.035102,1.507543,-0.002441,0.000977,-0.001221,0,0,0,0,3000,3000,3000,3000,0,239,-352,0-20,0,0,0
96.830627,1.117188,-2.738281,0.000000,0.009998,0.019999,0.016691,-0.031518,0.035102,1.507543,0.002930,-0.002197,0.000000,0,0,0,0,3000,3000,3000,3000,0,235,-349,0-20,0,0,0
96.832581,1.117188,-2.738281,0.000000,0.009998,0.019999,0.016808,-0.031518,0.035102,1.507543,-0.006104,0.000488,0.000977,0,0,0,0,3000,3000,3000,3000,0,241,-352,0-20,0,0,0
96.834534,1.117188,-2.738281,0.000000,0.009998,0.019999,0.013504,-0.031518,0.035102,1.507543,0.005615,-0.000488,0.001465,0,0,0,0,3000,3000,3000,3000,0,233,-351,0-20,0,0,0
96.836487,1.117188,-2.738281,0.000000,0.009998,0.019999,0.013601,-0.031518,0.035102,1.507543,-0.004883,0.000977,0.000977,0,0,0,0,3000,3000,3000,3000,0,240,-352,0-20,0,0,0
96.838448,1.117188,-2.738281,0.000000,0.009998,0.019999,0.013441,-0.031518,0.035102,1.507543,-0.001221,-0.000488,0.000000,0,0,0,0,3000,3000,3000,3000,0,238,-351,0-20,0,0,0
96.840393,1.117188,-2.738281,0.000000,0.009998,0.019999,0.013481,-0.031518,0.035102,1.507543,0.004150,0.002197,-0.000488,0,0,0,0,3000,3000,3000,3000,0,234,-354,0-20,0,0,0
96.842346,1.117188,-2.738281,0.000000,0.009998,0.019999,0.013645,-0.031518,0.035102,1.507543,-0.006104,-0.000977,-0.001709,0,0,0,0,3000,3000,3000,3000,0,241,-351,0-20,0,0,0
96.844299,1.117188,-2.738281,0.000000,0.009998,0.019999,0.013596,-0.031518,0.035102,1.507543,0.008789,-0.000977,0.000488,0,0,0,0,3000,3000,3000,3000,0,231,-351,0-20,0,0,0
96.846252,1.117188,-2.738281,0.000000,0.009998,0.019999,0.013601,-0.031518,0.035102,1.507543,-0.008301,-0.000977,-0.001221,0,0,0,0,3000,3000,3000,3000,0,243,-351,0-20,0,0,0
96.848206,1.117188,-2.738281,0.000000,0.009998,0.019999,0.013779,-0.031518,0.035102,1.507543,0.005127,0.001709,-0.002197,0,0,0,0,3000,3000,3000,3000,0,233,-353,0-20,0,0,0
96.850166,1.117188,-2.738281,0.000000,0.009998,0.019999,0.013653,-0.031518,0.035102,1.507543,0.003418,0.000000,0.000488,0,0,0,0,3000,3000,3000,3000,0,234,-352,0-20,0,0,0
96.852119,1.117188,-2.738281,0.000000,0.009998,0.019999,0.013763,-0.031518,0.035102,1.507543,-0.000244,0.002197,-0.000732,0,0,0,0,3000,3000,3000,3000,0,236,-354,0-20,0,0,0
96.854065,1.117188,-2.738281,0.000000,0.009998,0.019999,0.013689,-0.031518,0.035102,1.507543,0.002930,-0.000488,0.003174,0,0,0,0,3000,3000,3000,3000,0,234,-352,0-20,0,0,0
96.856018,1.117188,-2.738281,0.000000,0.009998,0.019999,0.013742,-0.031518,0.035102,1.507543,-0.004883,-0.000977,0.000488,0,0,0,0,3000,3000,3000,3000,0,240,-351,0-20,0,0,0
96.857971,1.117188,-2.738281,0.000000,0.009998,0.019999,0.013742,-0.031518,0.035102,1.507543,0.004639,0.000488,-0.001709,0,0,0,0,3000,3000,3000,3000,0,233,-352,0-20,0,0,0
96.859924,1.117188,-2.738281,0.000000,0.009998,0.019999,0.013760,-0.031518,0.035102,1.507543,-0.004883,0.000000,0.000977,0,0,0,0,3000,3000,3000,3000,0,240,-352,0-20,0,0,0
96.861877,1.117188,-2.738281,0.000000,0.009998,0.019999,0.013863,-0.031518,0.035102,1.507543,0.000977,-0.000488,-0.001221,0,0,0,0,3000,3000,3000,3000,0,236,-351,0-20,0,0,0
96.863831,1.117188,-2.738281,0.000000,0.009998,0.019999,0.013891,-0.031518,0.035102,1.507543,0.002930,-0.000977,-0.000488,0,0,0,0,3000,3000,3000,3000,0,235,-351,0-20,0,0,0
96.865784,1.117188,-2.738281,0.000000,0.009998,0.019999,0.013964,-0.031518,0.035102,1.507543,-0.006104,-0.000977,-0.001709,0,0,0,0,3000,3000,3000,3000,0,241,-351,0-20,0,0,0
96.867737,1.117188,-2.738281,0.000000,0.009998,0.019999,0.014202,-0.031518,0.035102,1.507543,0.006592,-0.002197,0.000000,0,0,0,0,3000,3000,3000,3000,0,232,-349,0-20,0,0,0
96.869690,1.117188,-2.738281,0.000000,0.009998,0.019999,0.014164,-0.031518,0.035102,1.507543,-0.003906,-0.000488,0.002197,0,0,0,0,3000,3000,3000,3000,0,239,-351,0-20,0,0,0
96.871643,1.117188,-2.738281,0.000000,0.009998,0.019999,0.014193,-0.031518,0.035102,1.507543,0.002441,0.001709,0.003174,0,0,0,0,3000,3000,3000,3000,0,235,-353,0-20,0,0,0
96.873596,1.117188,-2.738281,0.000000,0.009998,0.019999,0.014299,-0.031518,0.035102,1.507543,0.001465,-0.002197,0.001465,0,0,0,0,3000,3000,3000,3000,0,236,-349,0-20,0,0,0
96.875549,1.117188,-2.738281,0.000000,0.009998,0.019999,0.014362,-0.031518,0.035102,1.507543,-0.004883,0.000000,-0.003174,0,0,0,0,3000,3000,3000,3000,0,240,-351,0-20,0,0,0
96.877502,1.117188,-2.738281,0.000000,0.009998,0.019999,0.014397,-0.031518,0.035102,1.507543,0.006104,0.003174,0.000977,0,0,0,0,3000,3000,3000,3000,0,232,-354,0-20,0,0,0
96.879456,1.117188,-2.738281,0.000000,0.009998,0.019999,0.014585,-0.031518,0.035102,1.507543,-0.006104,0.000000,-0.000488,0,0,0,0,3000,3000,3000,3000,0,241,-352,0-20,0,0,0
96.881409,1.117188,-2.738281,0.000000,0.009998,0.019999,0.014551,-0.031518,0.035102,1.507543,0.002441,0.000000,-0.000732,0,0,0,0,3000,3000,3000,3000,0,235,-352,0-20,0,0,0
96.883362,1.117188,-2.738281,0.000000,0.009998,0.019999,0.014709,-0.031518,0.035102,1.507543,-0.002441,-0.000977,0.000977,0,0,0,0,3000,3000,3000,3000,0,239,-351,0-20,0,0,0
96.885315,1.117188,-2.738281,0.000000,0.009998,0.019999,0.014578,-0.031518,0.035102,1.507543,0.001953,-0.002197,0.000488,0,0,0,0,3000,3000,3000,3000,0,236,-350,0-20,0,0,0
96.887268,1.117188,-2.738281,0.000000,0.009998,0.019999,0.014587,-0.031518,0.035102,1.507543,0.005615,0.000488,0.000488,0,0,0,0,3000,3000,3000,3000,0,233,-352,0-20,0,0,0
96.889221,1.117188,-2.738281,0.000000,0.009998,0.019999,0.014608,-0.031518,0.035102,1.507543,-0.009766,0.000488,0.002197,0,0,0,0,3000,3000,3000,3000,0,244,-352,0-20,0,0,0
96.891174,1.117188,-2.738281,0.000000,0.009998,0.019999,0.014734,-0.031518,0.035102,1.507543,0.001953,0.000488,0.000977,0,0,0,0,3000,3000,3000,3000,0,236,-352,0-20,0,0,0
96.893127,1.117188,-2.750000,0.000000,0.009998,-0.019999,0.014841,-0.031518,0.035102,1.507543,-0.001709,-0.001465,-0.000488,0,0,0,0,3000,3000,3000,3000,0,239,-350,0-20,0,0,0
96.895088,1.117188,-2.738281,0.000000,-0.029999,-0.070000,0.010323,-0.031429,0.035111,1.507581,-0.002441,-0.000488,-0.003906,0,0,0,0,3000,3000,3000,3000,0,239,-351,0-20,0,0,0
96.897041,1.117188,-2.738281,0.000000,-0.009998,-0.009998,0.010113,-0.031429,0.035111,1.507581,0.002930,0.000000,0.004639,0,0,0,0,3000,3000,3000,3000,0,235,-352,0-20,0,0,0
96.898994,1.117188,-2.738281,0.000000,-0.009998,-0.009998,0.010002,-0.031518,0.035102,1.507543,-0.005615,0.002197,-0.004395,0,0,0,0,3000,3000,3000,3000,0,241,-354,0-20,0,0,0
96.900940,1.117188,-2.738281,0.000000,-0.009998,-0.009998,0.010241,-0.031518,0.035102,1.507543,0.008301,-0.000977,0.000977,0,0,0,0,3000,3000,3000,3000,0,232,-351,0-20,0,0,0
96.902901,1.117188,-2.738281,0.000000,-0.009998,-0.009998,0.010389,-0.031518,0.035102,1.507543,-0.002441,-0.001465,-0.000488,0,0,0,0,3000,3000,3000,3000,0,239,-350,0-20,0,0,0
96.904854,1.117188,-2.738281,0.000000,-0.009998,-0.009998,0.010450,-0.031518,0.035102,1.507543,0.004150,0.000977,0.000488,0,0,0,0,3000,3000,3000,3000,0,234,-353,0-20,0,0,0
96.906807,1.117188,-2.738281,0.000000,-0.009998,-0.009998,0.010311,-0.031518,0.035102,1.507543,0.005127,-0.001465,0.004150,0,0,0,0,3000,3000,3000,3000,0,233,-350,0-20,0,0,0
96.908760,1.117188,-2.738281,0.000000,-0.009998,-0.009998,0.010557,-0.031518,0.035102,1.507543,-0.001221,-0.002197,-0.000488,0,0,0,0,3000,3000,3000,3000,0,237,-350,0-20,0,0,0
96.910706,1.117188,-2.738281,0.000000,-0.009998,-0.009998,0.010664,-0.031518,0.035102,1.507543,0.006592,0.000000,0.003174,0,0,0,0,3000,3000,3000,3000,0,231,-351,0-20,0,0,0
96.912659,1.117188,-2.738281,0.000000,-0.009998,-0.009998,0.010490,-0.031518,0.035102,1.507543,-0.006592,0.002686,-0.001709,0,0,0,0,3000,3000,3000,3000,0,241,-354,0-20,0,0,0
96.914612,1.117188,-2.738281,0.000000,-0.009998,-0.009998,0.010479,-0.031518,0.035102,1.507543,0.004150,-0.000977,0.000488,0,0,0,0,3000,3000,3000,3000,0,233,-351,0-20,0,0,0
96.916565,1.117188,-2.738281,0.000000,-0.009998,-0.009998,0.010590,-0.031518,0.035102,1.507543,-0.002441,0.000977,-0.000488,0,0,0,0,3000,3000,3000,3000,0,238,-353,0-20,0,0,0
96.918518,1.117188,-2.738281,0.000000,-0.009998,-0.009998,0.010530,-0.031518,0.035102,1.507543,-0.001709,0.000977,-0.001709,0,0,0,0,3000,3000,3000,3000,0,238,-353,0-20,0,0,0
96.920471,1.117188,-2.738281,0.000000,-0.009998,-0.009998,0.010780,-0.031518,0.035102,1.507543,0.010010,-0.002686,-0.000488,0,0,0,0,3000,3000,3000,3000,0,229,-349,0-20,0,0,0
96.922424,1.117188,-2.738281,0.000000,-0.009998,-0.009998,0.010725,-0.031518,0.035102,1.507543,-0.007080,0.002686,-0.000488,0,0,0,0,3000,3000,3000,3000,0,241,-354,0-20,0,0,0
96.924377,1.117188,-2.738281,0.000000,-0.009998,-0.009998,0.011000,-0.031518,0.035102,1.507543,0.005127,-0.002686,-0.000488,0,0,0,0,3000,3000,3000,3000,0,233,-349,0-20,0,0,0
96.926331,1.117188,-2.738281,0.000000,-0.009998,-0.009998,0.011103,-0.031518,0.035102,1.507543,-0.006104,0.000488,-0.002197,0,0,0,0,3000,3000,3000,3000,0,241,-352,0-20,0,0,0
96.928284,1.117188,-2.738281,0.000000,-0.009998,-0.009998,0.011126,-0.031518,0.035102,1.507543,-0.004883,0.002197,-0.002686,0,0,0,0,3000,3000,3000,3000,0,240,-354,0-20,0,0,0
96.930237,1.117188,-2.738281,0.000000,-0.009998,-0.009998,0.011271,-0.031518,0.035102,1.507543,0.002930,-0.000977,0.004639,0,0,0,0,3000,3000,3000,3000,0,235,-351,0-20,0,0,0
96.932198,1.117188,-2.738281,0.000000,-0.009998,-0.009998,0.011412,-0.031518,0.035102,1.507543,-0.008789,0.001709,0.000000,0,0,0,0,3000,3000,3000,3000,0,244,-354,0-20,0,0,0
96.934151,1.117188,-2.738281,0.000000,-0.009998,-0.009998,0.011532,-0.031518,0.035102,1.507543,0.005127,0.000977,0.001465,0,0,0,0,3000,3000,3000,3000,0,234,-353,0-20,0,0,0
96.936104,1.117188,-2.738281,0.000000,-0.009998,-0.009998,0.011456,-0.031518,0.035102,1.507543,-0.000244,0.002197,-0.001709,0,0,0,0,3000,3000,3000,3000,0,238,-354,0-20,0,0,0
96.938080,1.117188,-2.738281,0.000000,-0.009998,-0.009998,0.011805,-0.031518,0.035102,1.507543,-0.004395,0.002686,0.002197,0,0,0,0,3000,3000,3000,3000,0,241,-355,0-20,0,0,0
96.940010,1.117188,-2.738281,0.000000,-0.009998,-0.009998,0.011803,-0.031518,0.035102,1.507543,0.011475,-0.004150,0.000488,0,0,0,0,3000,3000,3000,3000,0,229,-349,0-20,0,0,0
96.941978,1.117188,-2.738281,0.000000,-0.009998,-0.009998,0.012032,-0.031518,0.035102,1.507543,-0.002441,-0.002197,-0.001709,0,0,0,0,3000,3000,3000,3000,0,239,-350,0-20,0,0,0
96.944901,1.117188,-2.738281,0.000000,-0.009998,-0.009998,0.012213,-0.031518,0.035102,1.507543,0.005615,0.003174,0.002686,0,0,0,0,3000,3000,3000,3000,0,233,-355,0-20,0,0,0
96.945877,1.117188,-2.738281,0.000000,-0.009998,-0.009998,0.012056,-0.031518,0.035102,1.507543,-0.010254,-0.008545,0.000488,0,0,0,0,3000,3000,3000,3000,0,244,-344,0-20,0,0,0
96.947830,1.117188,-2.738281,0.000000,-0.009998,-0.009998,0.012310,-0.031518,0.035102,1.507543,-0.002441,0.003174,0.000488,0,0,0,0,3000,3000,3000,3000,0,239,-354,0-20,0,0,0
96.949814,1.117188,-2.738281,0.000000,-0.029999,-0.039999,0.012657,-0.031518,0.035102,1.507543,0.011475,-0.000977,-0.005371,0,0,0,0,3000,3000,3000,3000,0,229,-350,0-20,0,0,0
96.951736,1.117188,-2.738281,0.000000,-0.029999,-0.039999,0.012001,-0.031518,0.035102,1.507543,-0.012939,-0.005371,-0.004395,0,0,0,0,3000,3000,3000,3000,0,246,-346,0-20,0,0,0
96.953697,1.117188,-2.738281,0.000000,0.059999,0.150000,0.012175,-0.031518,0.035102,1.507543,-0.003418,-0.000488,-0.000488,0,0,0,0,3000,3000,3000,3000,0,240,-350,0-20,0,0,0
96.955627,1.117188,-2.738281,0.000000,0.059999,0.150000,0.012228,-0.031518,0.035102,1.507543,0.005615,-0.002686,-0.009033,0,0,0,0,3000,3000,3000,3000,0,234,-348,0-20,0,0,0
96.957603,1.117188,-2.738281,0.000000,0.059999,0.150000,0.012104,-0.031520,0.035102,1.507539,-0.001221,0.002197,-0.000732,0,0,0,0,3000,3000,3000,3000,0,238,-353,0-20,0,0,0
96.959557,1.117188,-2.738281,0.000000,0.059999,0.150000,0.012066,-0.031520,0.035102,1.507539,0.001465,-0.000488,-0.003174,0,0,0,0,3000,3000,3000,3000,0,236,-350,0-20,0,0,0
96.961502,1.117188,-2.738281,0.000000,0.059999,0.150000,0.012169,-0.031520,0.035102,1.507539,0.001465,0.004883,-0.000488,0,0,0,0,3000,3000,3000,3000,0,236,-356,0-20,0,0,0
96.963463,1.117188,-2.738281,0.000000,0.059999,0.150000,0.012281,-0.031520,0.035102,1.507539,-0.002930,0.008057,0.009033,0,0,0,0,3000,3000,3000,3000,0,239,-360,0-20,0,0,0
96.965401,1.117188,-2.738281,0.000000,0.059999,0.150000,0.012594,-0.031520,0.035102,1.507539,0.002930,-0.004883,-0.000732,0,0,0,0,3000,3000,3000,3000,0,235,-348,0-20,0,0,0
96.967354,1.117188,-2.738281,0.000000,0.059999,0.150000,0.012608,-0.031520,0.035102,1.507539,0.012451,-0.002197,0.001465,0,0,0,0,3000,3000,3000,3000,0,228,-350,0-20,0,0,0
96.969299,1.117188,-2.738281,0.000000,0.059999,0.150000,0.012545,-0.031520,0.035102,1.507539,-0.005615,0.011230,0.002686,0,0,0,0,3000,3000,3000,3000,0,240,-363,0-20,0,0,0
96.971252,1.117188,-2.738281,0.000000,0.059999,0.150000,0.012877,-0.031520,0.035102,1.507539,0.000244,-0.004150,0.000977,0,0,0,0,3000,3000,3000,3000,0,236,-349,0-20,0,0,0
96.973206,1.117188,-2.738281,0.000000,0.059999,0.150000,0.012520,-0.031520,0.035102,1.507539,0.002441,-0.005371,0.002686,0,0,0,0,3000,3000,3000,3000,0,235,-348,0-20,0,0,0
96.975159,1.117188,-2.738281,0.000000,0.059999,0.150000,0.013021,-0.031520,0.035102,1.507539,-0.006104,0.002197,-0.002197,0,0,0,0,3000,3000,3000,3000,0,241,-354,0-20,0,0,0
96.977119,1.117188,-2.738281,0.000000,0.059999,0.150000,0.013208,-0.031520,0.035102,1.507539,-0.001221,-0.000977,0.004150,0,0,0,0,3000,3000,3000,3000,0,238,-351,0-20,0,0,0
96.979073,1.117188,-2.738281,0.000000,0.059999,0.150000,0.012978,-0.031520,0.035102,1.507539,-0.011963,-0.002197,0.002197,0,0,0,0,3000,3000,3000,3000,0,246,-350,0-20,0,0,0
96.981018,1.117188,-2.738281,0.000000,0.059999,0.150000,0.013245,-0.031520,0.035102,1.507539,0.000977,0.002197,-0.003906,0,0,0,0,3000,3000,3000,3000,0,237,-354,0-20,0,0,0
96.982971,1.117188,-2.738281,0.000000,0.059999,0.150000,0.013067,-0.031520,0.035102,1.507539,0.005127,-0.002686,0.000977,0,0,0,0,3000,3000,3000,3000,0,234,-349,0-20,0,0,0
96.984932,1.117188,-2.738281,0.000000,0.059999,0.150000,0.013014,-0.031520,0.035102,1.507539,-0.006592,-0.002686,-0.000488,0,0,0,0,3000,3000,3000,3000,0,242,-349,0-20,0,0,0
96.986877,1.117188,-2.738281,0.000000,0.059999,0.150000,0.013514,-0.031520,0.035102,1.507539,0.010498,0.000488,-0.002197,0,0,0,0,3000,3000,3000,3000,0,230,-352,0-20,0,0,0
96.988838,1.117188,-2.738281,0.000000,0.059999,0.150000,0.013458,-0.031520,0.035102,1.507539,0.004639,0.001709,-0.005371,0,0,0,0,3000,3000,3000,3000,0,234,-353,0-20,0,0,0
96.990784,1.117188,-2.738281,0.000000,0.059999,0.150000,0.014412,-0.031520,0.035102,1.507539,-0.003418,0.001709,-0.002686,0,0,0,0,3000,3000,3000,3000,0,239,-353,0-20,0,0,0
96.992737,1.117188,-2.738281,0.000000,0.059999,0.150000,0.014284,-0.031520,0.035102,1.507539,-0.001221,0.001709,-0.001709,0,0,0,0,3000,3000,3000,3000,0,237,-353,0-20,0,0,0
96.994690,1.117188,-2.738281,0.000000,0.059999,0.150000,0.014328,-0.031520,0.035102,1.507539,0.000977,0.000488,-0.001221,0,0,0,0,3000,3000,3000,3000,0,236,-353,0-20,0,0,0
96.996651,1.117188,-2.738281,0.000000,0.059999,0.150000,0.014406,-0.031520,0.035102,1.507539,0.000244,-0.002686,-0.000732,0,0,0,0,3000,3000,3000,3000,0,237,-350,0-20,0,0,0
96.998604,1.117188,-2.738281,0.000000,0.059999,0.150000,0.014252,-0.031520,0.035102,1.507539,0.000244,-0.002686,-0.002686,0,0,0,0,3000,3000,3000,3000,0,237,-349,0-20,0,0,0
97.000549,1.117188,-2.738281,0.000000,0.059999,0.150000,0.014547,-0.031520,0.035102,1.507539,0.001465,-0.004150,-0.003906,0,0,0,0,3000,3000,3000,3000,0,236,-347,0-20,0,0,0
97.004456,1.117188,-2.738281,0.000000,0.059999,0.150000,0.014433,-0.031520,0.035102,1.507539,-0.003418,-0.011230,0.002197,0,0,0,0,3000,3000,3000,3000,0,239,-339,0-20,0,0,0
97.006409,1.117188,-2.738281,0.000000,0.059999,0.150000,0.014900,-0.031518,0.035102,1.507482,0.001465,0.000000,0.000000,0,0,0,0,3000,3000,3000,3000,0,236,-349,0-20,0,0,0
97.008369,1.117188,-2.738281,0.000000,0.059999,0.150000,0.014875,-0.031518,0.035102,1.507482,-0.005615,0.002197,-0.001709,0,0,0,0,3000,3000,3000,3000,0,241,-351,0-20,0,0,0
97.010323,1.117188,-2.738281,0.000000,0.059999,0.150000,0.015205,-0.031518,0.035102,1.507482,-0.003906,-0.001465,0.002686,0,0,0,0,3000,3000,3000,3000,0,240,-348,0-20,0,0,0
97.012276,1.117188,-2.738281,0.000000,0.059999,0.150000,0.015318,-0.031518,0.035102,1.507482,0.003418,0.003662,-0.000488,0,0,0,0,3000,3000,3000,3000,0,236,-353,0-20,0,0,0
97.014221,1.117188,-2.738281,0.000000,0.059999,0.150000,0.015533,-0.031518,0.035102,1.507482,0.008301,-0.005859,0.003174,0,0,0,0,3000,3000,3000,3000,0,232,-345,0-20,0,0,0
97.016182,1.117188,-2.738281,0.000000,0.059999,0.150000,0.015762,-0.031518,0.035102,1.507482,0.004639,0.000000,0.002197,0,0,0,0,3000,3000,3000,3000,0,233,-350,0-20,0,0,0
97.018127,1.117188,-2.738281,0.000000,0.059999,0.150000,0.015949,-0.031518,0.035102,1.507482,0.006104,0.004150,0.002686,0,0,0,0,3000,3000,3000,3000,0,232,-354,0-20,0,0,0
97.020081,1.117188,-2.738281,0.000000,0.059999,0.150000,0.016241,-0.031518,0.035102,1.507482,0.006592,0.002197,0.003174,0,0,0,0,3000,3000,3000,3000,0,231,-353,0-20,0,0,0
97.022041,1.117188,-2.738281,0.000000,0.059999,0.150000,0.016218,-0.031518,0.035102,1.507482,-0.003418,-0.005859,-0.000732,0,0,0,0,3000,3000,3000,3000,0,238,-346,0-20,0,0,0
97.023994,1.117188,-2.738281,0.000000,0.059999,0.150000,0.016491,-0.031457,0.035041,1.507482,0.004639,-0.005371,0.000488,0,0,0,0,3000,3000,3000,3000,0,232,-345,0-20,0,0,0
97.025940,1.117188,-2.738281,0.000000,0.059999,0.150000,0.016447,-0.031457,0.035041,1.507482,-0.008301,-0.004883,0.004150,0,0,0,0,3000,3000,3000,3000,0,241,-345,0-20,0,0,0
97.027893,1.117188,-2.738281,0.000000,0.059999,0.150000,0.016264,-0.031457,0.035041,1.507482,-0.002441,-0.005371,-0.001709,0,0,0,0,3000,3000,3000,3000,0,238,-344,0-20,0,0,0
97.029854,1.117188,-2.738281,0.000000,0.059999,0.150000,0.016472,-0.031457,0.035041,1.507482,-0.004883,-0.002686,-0.000488,0,0,0,0,3000,3000,3000,3000,0,240,-346,0-20,0,0,0
97.031799,1.117188,-2.738281,0.000000,0.059999,0.150000,0.016508,-0.031457,0.035041,1.507482,-0.009277,0.005859,-0.005859,0,0,0,0,3000,3000,3000,3000,0,244,-355,0-20,0,0,0
97.033752,1.117188,-2.738281,0.000000,0.059999,0.150000,0.016445,-0.031457,0.035041,1.507482,0.007324,-0.005859,-0.001709,0,0,0,0,3000,3000,3000,3000,0,233,-344,0-20,0,0,0
97.035706,1.117188,-2.738281,0.000000,0.059999,0.150000,0.016542,-0.031457,0.035041,1.507482,-0.010254,-0.005371,-0.001221,0,0,0,0,3000,3000,3000,3000,0,245,-344,0-20,0,0,0
97.037659,1.117188,-2.738281,0.000000,0.059999,0.150000,0.016472,-0.031457,0.035041,1.507482,0.007324,0.004150,-0.003174,0,0,0,0,3000,3000,3000,3000,0,233,-353,0-20,0,0,0
97.039612,1.117188,-2.738281,0.000000,0.059999,0.150000,0.016642,-0.031457,0.035041,1.507482,-0.002930,-0.000977,0.003174,0,0,0,0,3000,3000,3000,3000,0,240,-349,0-20,0,0,0
97.041565,1.117188,-2.738281,0.000000,0.059999,0.150000,0.016537,-0.031457,0.035041,1.507482,0.002930,0.002686,-0.003174,0,0,0,0,3000,3000,3000,3000,0,236,-353,0-20,0,0,0
97.043518,1.117188,-2.738281,0.000000,0.059999,0.150000,0.016829,-0.031457,0.035041,1.507482,0.013184,0.005859,-0.001709,0,0,0,0,3000,3000,3000,3000,0,228,-357,0-20,0,0,0
97.045471,1.117188,-2.738281,0.000000,0.059999,0.150000,0.017120,-0.031457,0.035041,1.507482,-0.007080,0.002197,-0.000488,0,0,0,0,3000,3000,3000,3000,0,241,-354,0-20,0,0,0
97.047424,1.117188,-2.738281,0.000000,0.059999,0.150000,0.017183,-0.031457,0.035041,1.507482,0.010986,-0.003662,0.003662,0,0,0,0,3000,3000,3000,3000,0,229,-349,0-20,0,0,0
97.049377,1.117188,-2.738281,0.000000,0.059999,0.150000,0.017265,-0.031457,0.035041,1.507482,-0.000244,-0.000488,-0.000488,0,0,0,0,3000,3000,3000,3000,0,236,-352,0-20,0,0,0
97.051338,1.117188,-2.738281,0.000000,0.059999,0.150000,0.017258,-0.031457,0.035041,1.507482,-0.006104,0.003174,0.002197,0,0,0,0,3000,3000,3000,3000,0,240,-355,0-20,0,0,0
97.053284,1.117188,-2.738281,0.000000,0.059999,0.150000,0.017689,-0.031457,0.035041,1.507482,0.004150,-0.003174,0.003662,0,0,0,0,3000,3000,3000,3000,0,233,-349,0-20,0,0,0
97.055244,1.117188,-2.738281,0.000000,0.059999,0.150000,0.017738,-0.031457,0.035041,1.507482,-0.009766,0.005859,-0.000488,0,0,0,0,3000,3000,3000,3000,0,244,-358,0-20,0,0,0
97.057190,1.117188,-2.738281,0.000000,0.059999,0.150000,0.017715,-0.031457,0.035041,1.507482,0.004150,0.004150,0.000000,0,0,0,0,3000,3000,3000,3000,0,234,-357,0-20,0,0,0
97.059143,1.117188,-2.738281,0.000000,0.059999,0.150000,0.017799,-0.031457,0.035041,1.507482,-0.004395,-0.004883,0.003174,0,0,0,0,3000,3000,3000,3000,0,240,-348,0-20,0,0,0
97.061096,1.117188,-2.738281,0.000000,0.059999,0.150000,0.017881,-0.031457,0.035041,1.507482,-0.006104,-0.000977,-0.002686,0,0,0,0,3000,3000,3000,3000,0,242,-352,0-20,0,0,0
97.063049,1.117188,-2.738281,0.000000,0.059999,0.150000,0.017960,-0.031457,0.035041,1.507482,0.011963,0.004150,0.001465,0,0,0,0,3000,3000,3000,3000,0,229,-356,0-20,0,0,0
97.065002,1.117188,-2.738281,0.000000,0.059999,0.150000,0.018179,-0.031457,0.035041,1.507482,-0.008789,-0.002197,0.001465,0,0,0,0,3000,3000,3000,3000,0,244,-350,0-20,0,0,0
97.066956,1.117188,-2.738281,0.000000,0.059999,0.150000,0.018085,-0.031457,0.035041,1.507482,0.011475,0.000000,0.000977,0,0,0,0,3000,3000,3000,3000,0,229,-352,0-20,0,0,0
97.068909,1.117188,-2.738281,0.000000,0.059999,0.150000,0.018297,-0.031457,0.035041,1.507482,0.000244,-0.001465,0.003662,0,0,0,0,3000,3000,3000,3000,0,237,-351,0-20,0,0,0
97.070869,1.117188,-2.738281,0.000000,0.059999,0.150000,0.013783,-0.031457,0.035041,1.507482,-0.001709,0.000000,-0.000488,0,0,0,0,3000,3000,3000,3000,0,238,-352,0-20,0,0,0
97.072815,1.117188,-2.738281,0.000000,0.059999,0.150000,0.013941,-0.031457,0.035041,1.507482,0.006104,0.003174,-0.001221,0,0,0,0,3000,3000,3000,3000,0,232,-355,0-20,0,0,0
97.074776,1.117188,-2.738281,0.000000,0.059999,0.150000,0.013832,-0.031457,0.035041,1.507482,-0.011963,-0.002197,-0.000732,0,0,0,0,3000,3000,3000,3000,0,245,-350,0-20,0,0,0
97.076721,1.117188,-2.738281,0.000000,0.059999,0.150000,0.013830,-0.031457,0.035041,1.507482,0.009277,-0.000488,-0.003174,0,0,0,0,3000,3000,3000,3000,0,230,-351,0-20,0,0,0
97.078674,1.117188,-2.738281,0.000000,0.059999,0.150000,0.013802,-0.031457,0.035041,1.507482,-0.011475,-0.000488,-0.003906,0,0,0,0,3000,3000,3000,3000,0,245,-351,0-20,0,0,0
97.080627,1.117188,-2.738281,0.000000,0.059999,0.150000,0.013672,-0.031457,0.035041,1.507482,-0.000732,-0.000488,-0.002197,0,0,0,0,3000,3000,3000,3000,0,238,-351,0-20,0,0,0
97.082581,1.117188,-2.738281,0.000000,0.059999,0.150000,0.013977,-0.031457,0.035041,1.507482,0.002441,0.001709,-0.002686,0,0,0,0,3000,3000,3000,3000,0,236,-353,0-20,0,0,0
97.084534,1.117188,-2.738281,0.000000,0.059999,0.150000,0.014009,-0.031457,0.035041,1.507482,-0.011475,0.001709,-0.000488,0,0,0,0,3000,3000,3000,3000,0,246,-353,0-20,0,0,0
97.086502,1.117188,-2.738281,0.000000,0.059999,0.150000,0.014275,-0.031457,0.035041,1.507482,0.007812,0.000000,0.005859,0,0,0,0,3000,3000,3000,3000,0,233,-352,0-20,0,0,0
97.088448,1.117188,-2.738281,0.000000,0.059999,0.150000,0.014410,-0.031457,0.035041,1.507482,-0.006592,0.000977,0.002197,0,0,0,0,3000,3000,3000,3000,0,243,-352,0-20,0,0,0
97.090401,1.117188,-2.738281,0.000000,0.059999,0.150000,0.014372,-0.031457,0.035041,1.507482,0.007324,0.000977,0.000977,0,0,0,0,3000,3000,3000,3000,0,233,-352,0-20,0,0,0
97.092346,1.117188,-2.738281,0.000000,0.059999,0.150000,0.014524,-0.031457,0.035041,1.507482,0.002930,-0.000488,0.002686,0,0,0,0,3000,3000,3000,3000,0,235,-351,0-20,0,0,0
97.094299,1.117188,-2.738281,0.000000,0.059999,0.150000,0.014540,-0.031457,0.035041,1.507482,-0.000244,0.000977,-0.000732,0,0,0,0,3000,3000,3000,3000,0,237,-352,0-20,0,0,0
97.096252,1.117188,-2.738281,0.000000,0.059999,0.150000,0.014734,-0.031457,0.035041,1.507482,0.006592,0.000000,0.005859,0,0,0,0,3000,3000,3000,3000,0,232,-351,0-20,0,0,0
97.098213,1.117188,-2.738281,0.000000,0.059999,0.150000,0.014780,-0.031457,0.035041,1.507482,-0.004883,0.006348,0.002197,0,0,0,0,3000,3000,3000,3000,0,240,-358,0-20,0,0,0
97.100166,1.117188,-2.738281,0.000000,0.059999,0.150000,0.014898,-0.031457,0.035041,1.507482,0.000244,-0.001465,0.002686,0,0,0,0,3000,3000,3000,3000,0,236,-350,0-20,0,0,0
97.102112,1.117188,-2.738281,0.000000,0.059999,0.150000,0.015116,-0.031457,0.035041,1.507482,-0.000244,-0.002686,0.001465,0,0,0,0,3000,3000,3000,3000,0,237,-349,0-20,0,0,0
97.104065,1.117188,-2.738281,0.000000,0.059999,0.150000,0.015194,-0.031457,0.035041,1.507482,-0.001221,-0.000977,-0.000732,0,0,0,0,3000,3000,3000,3000,0,238,-350,0-20,0,0,0
97.106018,1.117188,-2.738281,0.000000,0.059999,0.150000,0.015097,-0.031457,0.035041,1.507482,0.000977,0.000000,0.003662,0,0,0,0,3000,3000,3000,3000,0,236,-351,0-20,0,0,0
97.107971,1.117188,-2.738281,0.000000,0.059999,0.150000,0.015238,-0.031457,0.035041,1.507482,-0.007568,0.000488,-0.001221,0,0,0,0,3000,3000,3000,3000,0,242,-351,0-20,0,0,0
97.109924,1.117188,-2.738281,0.000000,0.059999,0.150000,0.015276,-0.031457,0.035041,1.507482,0.002930,0.000977,-0.001221,0,0,0,0,3000,3000,3000,3000,0,235,-352,0-20,0,0,0
97.111877,1.117188,-2.738281,0.000000,0.059999,0.150000,0.015213,-0.031457,0.035041,1.507482,-0.005615,0.000000,-0.002197,0,0,0,0,3000,3000,3000,3000,0,241,-351,0-20,0,0,0
97.113838,1.117188,-2.738281,0.000000,0.059999,0.150000,0.015192,-0.031457,0.035041,1.507482,0.000244,-0.000977,-0.002197,0,0,0,0,3000,3000,3000,3000,0,237,-350,0-20,0,0,0
97.115784,1.117188,-2.738281,0.000000,0.059999,0.150000,0.015400,-0.031457,0.035041,1.507482,0.000244,0.000000,-0.000488,0,0,0,0,3000,3000,3000,3000,0,237,-351,0-20,0,0,0
97.117737,1.117188,-2.738281,0.000000,0.059999,0.150000,0.015541,-0.031457,0.035041,1.507482,-0.001709,-0.001465,-0.000732,0,0,0,0,3000,3000,3000,3000,0,239,-349,0-20,0,0,0
97.119690,1.117188,-2.738281,0.000000,0.059999,0.150000,0.015574,-0.031457,0.035041,1.507482,0.008301,0.000488,0.002686,0,0,0,0,3000,3000,3000,3000,0,231,-351,0-20,0,0,0
97.121643,1.117188,-2.738281,0.000000,0.059999,0.150000,0.015581,-0.031457,0.035041,1.507482,-0.003906,-0.001465,0.002686,0,0,0,0,3000,3000,3000,3000,0,240,-349,0-20,0,0,0
97.123596,1.117188,-2.738281,0.000000,0.059999,0.150000,0.015551,-0.031457,0.035041,1.507482,0.005615,-0.003174,0.000000,0,0,0,0,3000,3000,3000,3000,0,233,-347,0-20,0,0,0
97.125549,1.117188,-2.738281,0.000000,0.059999,0.150000,0.015728,-0.031457,0.035041,1.507482,0.001953,-0.001465,0.000977,0,0,0,0,3000,3000,3000,3000,0,235,-348,0-20,0,0,0
97.127502,1.117188,-2.738281,0.000000,0.059999,0.150000,0.015848,-0.031457,0.035041,1.507482,-0.005615,0.004883,-0.002197,0,0,0,0,3000,3000,3000,3000,0,240,-354,0-20,0,0,0
97.129456,1.117188,-2.738281,0.000000,0.059999,0.150000,0.015900,-0.031457,0.035041,1.507482,0.005127,-0.001465,0.003174,0,0,0,0,3000,3000,3000,3000,0,233,-349,0-20,0,0,0
97.131409,1.117188,-2.738281,0.000000,0.059999,0.150000,0.016003,-0.031457,0.035041,1.507482,-0.009277,0.000488,-0.002686,0,0,0,0,3000,3000,3000,3000,0,243,-351,0-20,0,0,0
97.133362,1.117188,-2.738281,0.000000,0.059999,0.150000,0.016222,-0.031457,0.035041,1.507482,0.004639,-0.000977,-0.001221,0,0,0,0,3000,3000,3000,3000,0,234,-349,0-20,0,0,0
97.135315,1.117188,-2.738281,0.000000,0.059999,0.150000,0.016308,-0.031457,0.035041,1.507482,-0.002441,-0.000977,-0.000732,0,0,0,0,3000,3000,3000,3000,0,239,-349,0-20,0,0,0
97.137268,1.117188,-2.738281,0.000000,0.059999,0.150000,0.016413,-0.031457,0.035041,1.507482,0.002441,0.000000,-0.002197,0,0,0,0,3000,3000,3000,3000,0,235,-350,0-20,0,0,0
97.139221,1.117188,-2.738281,0.000000,0.059999,0.150000,0.016525,-0.031457,0.035041,1.507482,0.007324,-0.002197,0.003174,0,0,0,0,3000,3000,3000,3000,0,231,-348,0-20,0,0,0
97.141174,1.117188,-2.738281,0.000000,0.059999,0.150000,0.016577,-0.031457,0.035041,1.507482,-0.003906,-0.000488,0.000000,0,0,0,0,3000,3000,3000,3000,0,239,-350,0-20,0,0,0
97.143127,1.117188,-2.738281,0.000000,0.059999,0.150000,0.016651,-0.031457,0.035041,1.507482,0.006592,0.000488,0.001465,0,0,0,0,3000,3000,3000,3000,0,231,-351,0-20,0,0,0
97.145081,1.117188,-2.738281,0.000000,0.059999,0.150000,0.016581,-0.031457,0.035041,1.507482,-0.001709,0.002686,0.001465,0,0,0,0,3000,3000,3000,3000,0,237,-353,0-20,0,0,0
97.147034,1.117188,-2.738281,0.000000,0.059999,0.150000,0.016682,-0.031457,0.035041,1.507482,0.002441,-0.000488,-0.001221,0,0,0,0,3000,3000,3000,3000,0,234,-350,0-20,0,0,0
97.148987,1.117188,-2.738281,0.000000,0.059999,0.150000,0.010557,-0.031457,0.035041,1.507482,0.004150,-0.002686,0.001465,0,0,0,0,3000,3000,3000,3000,0,233,-348,0-20,0,0,0
97.150940,1.117188,-2.738281,0.000000,0.059999,0.150000,0.010614,-0.031457,0.035041,1.507482,-0.007080,-0.000488,-0.000488,0,0,0,0,3000,3000,3000,3000,0,241,-350,0-20,0,0,0
97.152893,1.117188,-2.738281,0.000000,0.059999,0.150000,0.010695,-0.031457,0.035041,1.507482,0.005615,0.000488,-0.001221,0,0,0,0,3000,3000,3000,3000,0,232,-351,0-20,0,0,0
97.154846,1.117188,-2.738281,0.000000,0.059999,0.150000,0.010572,-0.031457,0.035041,1.507482,-0.007568,-0.000488,-0.000488,0,0,0,0,3000,3000,3000,3000,0,242,-350,0-20,0,0,0
97.156799,1.117188,-2.738281,0.000000,0.059999,0.150000,0.010635,-0.031457,0.035041,1.507482,0.000977,0.000977,-0.000732,0,0,0,0,3000,3000,3000,3000,0,236,-351,0-20,0,0,0
97.158752,1.117188,-2.738281,0.000000,0.059999,0.150000,0.010693,-0.031457,0.035041,1.507482,-0.006104,0.000977,0.000000,0,0,0,0,3000,3000,3000,3000,0,242,-352,0-20,0,0,0
97.160706,1.117188,-2.738281,0.000000,0.059999,0.150000,0.010635,-0.031457,0.035041,1.507482,-0.006104,0.001709,-0.001221,0,0,0,0,3000,3000,3000,3000,0,242,-353,0-20,0,0,0
97.162659,1.117188,-2.738281,0.000000,0.059999,0.150000,0.010590,-0.031457,0.035041,1.507482,0.004150,0.000000,0.000488,0,0,0,0,3000,3000,3000,3000,0,235,-351,0-20,0,0,0
97.164612,1.117188,-2.738281,0.000000,0.059999,0.150000,0.010597,-0.031457,0.035041,1.507482,-0.004883,0.001709,-0.000732,0,0,0,0,3000,3000,3000,3000,0,241,-353,0-20,0,0,0
97.166565,1.117188,-2.738281,0.000000,0.059999,0.150000,0.010714,-0.031457,0.035041,1.507482,0.004150,-0.000488,-0.003174,0,0,0,0,3000,3000,3000,3000,0,235,-351,0-20,0,0,0
97.168526,1.117188,-2.738281,0.000000,0.059999,0.150000,0.010792,-0.031457,0.035041,1.507482,-0.000244,-0.001465,0.003662,0,0,0,0,3000,3000,3000,3000,0,238,-350,0-20,0,0,0
97.170471,1.117188,-2.738281,0.000000,0.059999,0.150000,0.010708,-0.031457,0.035041,1.507482,-0.001709,-0.000488,-0.000732,0,0,0,0,3000,3000,3000,3000,0,239,-351,0-20,0,0,0
97.172424,1.117188,-2.738281,0.000000,0.059999,0.150000,0.010960,-0.031457,0.035041,1.507482,0.008301,0.002686,0.000488,0,0,0,0,3000,3000,3000,3000,0,231,-354,0-20,0,0,0
97.174377,1.117188,-2.738281,0.000000,0.059999,0.150000,0.010853,-0.031457,0.035041,1.507482,-0.002441,0.000977,0.000000,0,0,0,0,3000,3000,3000,3000,0,239,-352,0-20,0,0,0
97.176331,1.117188,-2.738281,0.000000,0.059999,0.150000,0.011030,-0.031457,0.035041,1.507482,0.006592,-0.000488,0.001465,0,0,0,0,3000,3000,3000,3000,0,232,-351,0-20,0,0,0
97.178284,1.117188,-2.738281,0.000000,0.059999,0.150000,0.011265,-0.031457,0.035041,1.507482,-0.000732,-0.002197,0.001465,0,0,0,0,3000,3000,3000,3000,0,237,-349,0-20,0,0,0
97.180237,1.117188,-2.738281,0.000000,0.059999,0.150000,0.011311,-0.031457,0.035041,1.507482,-0.000244,-0.002686,0.000488,0,0,0,0,3000,3000,3000,3000,0,236,-348,0-20,0,0,0
97.182190,1.117188,-2.738281,0.000000,0.059999,0.150000,0.011505,-0.031457,0.035041,1.507482,0.002441,-0.000977,0.003174,0,0,0,0,3000,3000,3000,3000,0,235,-350,0-20,0,0,0
97.184151,1.117188,-2.738281,0.000000,0.059999,0.150000,0.011478,-0.031457,0.035041,1.507482,-0.004883,0.000977,-0.001709,0,0,0,0,3000,3000,3000,3000,0,240,-351,0-20,0,0,0
97.186096,1.117188,-2.738281,0.000000,0.059999,0.150000,0.011448,-0.031457,0.035041,1.507482,0.005127,0.000977,0.003662,0,0,0,0,3000,3000,3000,3000,0,233,-352,0-20,0,0,0
97.188057,1.117188,-2.738281,0.000000,0.059999,0.150000,0.011484,-0.031457,0.035041,1.507482,-0.006592,0.000000,0.000488,0,0,0,0,3000,3000,3000,3000,0,241,-351,0-20,0,0,0
97.190010,1.117188,-2.738281,0.000000,0.059999,0.150000,0.011580,-0.031457,0.035041,1.507482,0.002930,-0.000977,-0.001221,0,0,0,0,3000,3000,3000,3000,0,235,-350,0-20,0,0,0
97.191956,1.117188,-2.738281,0.000000,0.059999,0.150000,0.011803,-0.031457,0.035041,1.507482,-0.003418,-0.002197,-0.000488,0,0,0,0,3000,3000,3000,3000,0,239,-349,0-20,0,0,0
97.193909,1.117188,-2.738281,0.000000,0.059999,0.150000,0.011717,-0.031457,0.035041,1.507482,-0.004883,-0.000977,-0.001221,0,0,0,0,3000,3000,3000,3000,0,241,-350,0-20,0,0,0
97.195862,1.117188,-2.738281,0.000000,0.059999,0.150000,0.011810,-0.031457,0.035041,1.507482,0.006592,0.000977,0.004639,0,0,0,0,3000,3000,3000,3000,0,233,-351,0-20,0,0,0
97.197815,1.117188,-2.738281,0.000000,0.059999,0.150000,0.011873,-0.031457,0.035041,1.507482,-0.004883,0.001709,-0.003174,0,0,0,0,3000,3000,3000,3000,0,241,-352,0-20,0,0,0
97.199768,1.117188,-2.738281,0.000000,0.059999,0.150000,0.012131,-0.031457,0.035041,1.507482,0.001953,0.000977,-0.001221,0,0,0,0,3000,3000,3000,3000,0,236,-352,0-20,0,0,0
97.201721,1.117188,-2.738281,0.000000,0.059999,0.150000,0.012260,-0.031457,0.035041,1.507482,0.000244,0.000488,0.002197,0,0,0,0,3000,3000,3000,3000,0,237,-351,0-20,0,0,0
97.203674,1.117188,-2.738281,0.000000,0.059999,0.150000,0.012358,-0.031457,0.035041,1.507482,-0.005615,-0.000488,-0.002197,0,0,0,0,3000,3000,3000,3000,0,241,-351,0-20,0,0,0
97.205627,1.117188,-2.738281,0.000000,0.059999,0.150000,0.012476,-0.031457,0.035041,1.507482,0.002930,-0.000488,0.000977,0,0,0,0,3000,3000,3000,3000,0,235,-351,0-20,0,0,0
97.207581,1.117188,-2.738281,0.000000,0.059999,0.150000,0.012539,-0.031457,0.035041,1.507482,-0.008301,0.000977,0.001465,0,0,0,0,3000,3000,3000,3000,0,244,-352,0-20,0,0,0
97.209541,1.117188,-2.738281,0.000000,0.059999,0.150000,0.012753,-0.031457,0.035041,1.507482,0.005615,0.002197,0.001465,0,0,0,0,3000,3000,3000,3000,0,234,-353,0-20,0,0,0
97.211494,1.117188,-2.738281,0.000000,0.059999,0.150000,0.012661,-0.031457,0.035041,1.507482,-0.002930,0.000977,-0.001221,0,0,0,0,3000,3000,3000,3000,0,240,-352,0-20,0,0,0
97.213440,1.117188,-2.738281,0.000000,0.059999,0.150000,0.012751,-0.031457,0.035041,1.507482,-0.000244,0.001709,-0.003174,0,0,0,0,3000,3000,3000,3000,0,238,-353,0-20,0,0,0
97.215401,1.117188,-2.738281,0.000000,0.059999,0.150000,0.012775,-0.031457,0.035041,1.507482,0.003418,-0.001465,0.002197,0,0,0,0,3000,3000,3000,3000,0,235,-350,0-20,0,0,0
97.217346,1.117188,-2.738281,0.000000,0.059999,0.150000,0.012964,-0.031457,0.035041,1.507482,-0.003906,-0.001465,-0.000732,0,0,0,0,3000,3000,3000,3000,0,240,-350,0-20,0,0,0
97.219299,1.117188,-2.738281,0.000000,0.059999,0.150000,0.013264,-0.031457,0.035041,1.507482,0.007324,-0.001465,0.003662,0,0,0,0,3000,3000,3000,3000,0,232,-350,0-20,0,0,0
97.221252,1.117188,-2.738281,0.000000,0.059999,0.150000,0.013384,-0.031457,0.035041,1.507482,-0.001709,-0.000488,0.002197,0,0,0,0,3000,3000,3000,3000,0,238,-350,0-20,0,0,0
97.223206,1.117188,-2.738281,0.000000,0.059999,0.150000,0.013401,-0.031457,0.035041,1.507482,0.005615,0.000000,0.002686,0,0,0,0,3000,3000,3000,3000,0,233,-351,0-20,0,0,0
97.225166,1.117188,-2.738281,0.000000,0.059999,0.150000,0.013592,-0.031457,0.035041,1.507482,0.002930,-0.000977,0.002197,0,0,0,0,3000,3000,3000,3000,0,234,-350,0-20,0,0,0
97.227112,1.117188,-2.738281,0.000000,0.059999,0.150000,0.018774,-0.031457,0.035041,1.507482,-0.005615,0.001709,0.000977,0,0,0,0,3000,3000,3000,3000,0,240,-352,0-20,0,0,0
97.229065,1.117188,-2.738281,0.000000,0.059999,0.150000,0.018759,-0.031457,0.035041,1.507482,0.002930,0.003174,-0.000732,0,0,0,0,3000,3000,3000,3000,0,234,-354,0-20,0,0,0
97.231018,1.117188,-2.738281,0.000000,0.059999,0.150000,0.018953,-0.031457,0.035041,1.507482,-0.007080,-0.003174,-0.001221,0,0,0,0,3000,3000,3000,3000,0,242,-348,0-20,0,0,0
97.232971,1.117188,-2.738281,0.000000,0.059999,0.150000,0.018970,-0.031457,0.035041,1.507482,0.004639,-0.002197,-0.000732,0,0,0,0,3000,3000,3000,3000,0,234,-349,0-20,0,0,0
97.234924,1.117188,-2.738281,0.000000,0.059999,0.150000,0.019018,-0.031457,0.035041,1.507482,-0.004395,0.000977,0.000977,0,0,0,0,3000,3000,3000,3000,0,240,-351,0-20,0,0,0
97.236877,1.117188,-2.738281,0.000000,0.059999,0.150000,0.018974,-0.031457,0.035041,1.507482,0.001465,0.002197,-0.004395,0,0,0,0,3000,3000,3000,3000,0,236,-353,0-20,0,0,0
97.238838,1.117188,-2.738281,0.000000,0.059999,0.150000,0.019085,-0.031457,0.035041,1.507482,0.005127,0.000488,-0.001709,0,0,0,0,3000,3000,3000,3000,0,233,-351,0-20,0,0,0
97.240784,1.117188,-2.738281,0.000000,0.059999,0.150000,0.019196,-0.031457,0.035041,1.507482,-0.007568,0.000488,0.000000,0,0,0,0,3000,3000,3000,3000,0,242,-351,0-20,0,0,0
97.242737,1.117188,-2.738281,0.000000,0.059999,0.150000,0.019218,-0.031457,0.035041,1.507482,0.005127,0.000000,-0.001221,0,0,0,0,3000,3000,3000,3000,0,233,-351,0-20,0,0,0
97.244690,1.117188,-2.738281,0.000000,0.059999,0.150000,0.019300,-0.031457,0.035041,1.507482,-0.003418,0.001709,-0.001709,0,0,0,0,3000,3000,3000,3000,0,239,-353,0-20,0,0,0
97.246643,1.117188,-2.738281,0.000000,0.059999,0.150000,0.019337,-0.031457,0.035041,1.507482,-0.000732,-0.001465,-0.000488,0,0,0,0,3000,3000,3000,3000,0,237,-350,0-20,0,0,0
97.250549,1.117188,-2.738281,0.000000,0.059999,0.150000,0.019300,-0.031457,0.035041,1.507482,0.003418,0.003174,-0.000488,0,0,0,0,3000,3000,3000,3000,0,235,-354,0-20,0,0,0
97.252510,1.117188,-2.750000,0.000000,0.029999,0.009998,0.019756,-0.031459,0.034919,1.507600,0.007812,-0.000488,0.000977,0,0,0,0,3000,3000,3000,3000,0,231,-350,0-20,0,0,0
97.254456,1.117188,-2.750000,0.000000,0.029999,0.009998,0.012724,-0.031459,0.034919,1.507600,-0.003418,0.000488,0.001465,0,0,0,0,3000,3000,3000,3000,0,239,-351,0-20,0,0,0
97.256409,1.117188,-2.750000,0.000000,0.029999,0.009998,0.012648,-0.031459,0.034919,1.507600,0.000977,-0.000977,-0.000732,0,0,0,0,3000,3000,3000,3000,0,235,-349,0-20,0,0,0
97.258369,1.117188,-2.750000,0.000000,0.029999,0.009998,0.012901,-0.031459,0.034919,1.507600,0.001465,0.000977,0.004639,0,0,0,0,3000,3000,3000,3000,0,235,-351,0-20,0,0,0
97.260315,1.117188,-2.750000,0.000000,0.029999,0.009998,0.012930,-0.031459,0.034919,1.507600,-0.006104,-0.001465,-0.001221,0,0,0,0,3000,3000,3000,3000,0,241,-349,0-20,0,0,0
97.262268,1.117188,-2.750000,0.000000,0.029999,0.009998,0.012926,-0.031459,0.034919,1.507600,0.005127,-0.000977,0.001465,0,0,0,0,3000,3000,3000,3000,0,233,-349,0-20,0,0,0
97.264221,1.117188,-2.750000,0.000000,0.029999,0.009998,0.012934,-0.031459,0.034919,1.507600,-0.007080,0.000000,-0.000732,0,0,0,0,3000,3000,3000,3000,0,242,-350,0-20,0,0,0
97.266174,1.117188,-2.750000,0.000000,0.029999,0.009998,0.013063,-0.031459,0.034919,1.507600,0.004150,0.000488,0.000977,0,0,0,0,3000,3000,3000,3000,0,234,-350,0-20,0,0,0
97.268135,1.117188,-2.750000,0.000000,0.029999,0.009998,0.013258,-0.031459,0.034919,1.507600,-0.003418,-0.000488,-0.001221,0,0,0,0,3000,3000,3000,3000,0,239,-349,0-20,0,0,0
97.270088,1.117188,-2.750000,0.000000,0.029999,0.009998,0.013134,-0.031459,0.034919,1.507600,-0.002441,-0.001465,-0.000488,0,0,0,0,3000,3000,3000,3000,0,239,-348,0-20,0,0,0
97.272034,1.117188,-2.750000,0.000000,0.029999,0.009998,0.013237,-0.031459,0.034919,1.507600,0.007324,-0.001465,0.002197,0,0,0,0,3000,3000,3000,3000,0,232,-348,0-20,0,0,0
97.273987,1.117188,-2.750000,0.000000,0.029999,0.009998,0.013275,-0.031459,0.034919,1.507600,-0.007568,0.000000,-0.000732,0,0,0,0,3000,3000,3000,3000,0,242,-349,0-20,0,0,0
97.275940,1.117188,-2.750000,0.000000,0.029999,0.009998,0.013426,-0.031459,0.034919,1.507600,0.002930,0.000000,-0.000488,0,0,0,0,3000,3000,3000,3000,0,235,-349,0-20,0,0,0
97.277893,1.117188,-2.750000,0.000000,0.029999,0.009998,0.013578,-0.031459,0.034919,1.507600,-0.000732,0.000977,-0.001221,0,0,0,0,3000,3000,3000,3000,0,238,-350,0-20,0,0,0
97.279846,1.117188,-2.750000,0.000000,0.029999,0.009998,0.013796,-0.031459,0.034919,1.507600,-0.001709,0.000488,-0.000488,0,0,0,0,3000,3000,3000,3000,0,238,-350,0-20,0,0,0
97.281799,1.117188,-2.750000,0.000000,0.029999,0.009998,0.014126,-0.031459,0.034919,1.507600,0.002441,-0.000488,-0.000732,0,0,0,0,3000,3000,3000,3000,0,236,-349,0-20,0,0,0
97.283752,1.117188,-2.750000,0.000000,0.029999,0.009998,0.014084,-0.031459,0.034919,1.507600,-0.003418,0.000488,-0.003174,0,0,0,0,3000,3000,3000,3000,0,240,-350,0-20,0,0,0
97.285706,1.117188,-2.750000,0.000000,0.029999,0.009998,0.014122,-0.031459,0.034919,1.507600,0.007812,0.000000,-0.000488,0,0,0,0,3000,3000,3000,3000,0,232,-350,0-20,0,0,0
97.287659,1.117188,-2.750000,0.000000,0.029999,0.009998,0.014318,-0.031459,0.034919,1.507600,-0.008301,0.001709,0.000000,0,0,0,0,3000,3000,3000,3000,0,243,-352,0-20,0,0,0
97.289612,1.117188,-2.750000,0.000000,0.029999,0.009998,0.014490,-0.031459,0.034919,1.507600,0.002441,-0.000977,-0.002686,0,0,0,0,3000,3000,3000,3000,0,235,-349,0-20,0,0,0
97.291565,1.117188,-2.750000,0.000000,0.029999,0.009998,0.014570,-0.031459,0.034919,1.507600,-0.000244,-0.000977,-0.002686,0,0,0,0,3000,3000,3000,3000,0,237,-349,0-20,0,0,0
97.293518,1.117188,-2.750000,0.000000,0.029999,0.009998,0.014488,-0.031459,0.034919,1.507600,-0.009277,-0.000488,-0.001709,0,0,0,0,3000,3000,3000,3000,0,244,-349,0-20,0,0,0
97.295471,1.117188,-2.750000,0.000000,0.029999,0.009998,0.014566,-0.031459,0.034919,1.507600,0.003418,-0.000977,-0.001221,0,0,0,0,3000,3000,3000,3000,0,235,-349,0-20,0,0,0
97.297424,1.117188,-2.750000,0.000000,0.029999,0.009998,0.014475,-0.031459,0.034919,1.507600,-0.003906,0.002197,-0.001221,0,0,0,0,3000,3000,3000,3000,0,241,-352,0-20,0,0,0
97.299377,1.117188,-2.750000,0.000000,0.029999,0.009998,0.014585,-0.031459,0.034919,1.507600,0.004150,-0.001465,0.000977,0,0,0,0,3000,3000,3000,3000,0,235,-349,0-20,0,0,0
97.301338,1.117188,-2.750000,0.000000,0.029999,0.009998,0.014660,-0.031459,0.034919,1.507600,0.002930,0.000977,-0.000488,0,0,0,0,3000,3000,3000,3000,0,235,-351,0-20,0,0,0
97.303291,1.117188,-2.738281,0.000000,0.000000,-0.009998,0.012144,-0.031424,0.034937,1.507494,-0.002441,0.000000,-0.003906,0,0,0,0,3000,3000,3000,3000,0,239,-350,0-20,0,0,0
97.305244,1.117188,-2.738281,0.000000,-0.009998,0.000000,0.011330,-0.031459,0.034919,1.507600,0.005615,-0.000977,-0.001709,0,0,0,0,3000,3000,3000,3000,0,233,-349,0-20,0,0,0
97.307190,1.117188,-2.738281,0.000000,-0.009998,0.000000,0.011179,-0.031459,0.034919,1.507600,-0.006104,-0.000977,-0.000732,0,0,0,0,3000,3000,3000,3000,0,241,-349,0-20,0,0,0
97.309143,1.117188,-2.738281,0.000000,-0.009998,0.000000,0.011150,-0.031459,0.034919,1.507600,0.005127,-0.002686,0.000488,0,0,0,0,3000,3000,3000,3000,0,233,-347,0-20,0,0,0
97.311096,1.117188,-2.738281,0.000000,-0.009998,0.000000,0.011532,-0.031459,0.034919,1.507600,-0.001221,-0.002197,0.000000,0,0,0,0,3000,3000,3000,3000,0,238,-347,0-20,0,0,0
97.313049,1.117188,-2.738281,0.000000,-0.009998,0.000000,0.011644,-0.031459,0.034919,1.507600,0.000244,-0.001465,-0.000732,0,0,0,0,3000,3000,3000,3000,0,236,-348,0-20,0,0,0
97.315002,1.117188,-2.738281,0.000000,-0.009998,0.000000,0.011766,-0.031459,0.034919,1.507600,0.005615,0.000000,0.000977,0,0,0,0,3000,3000,3000,3000,0,232,-349,0-20,0,0,0
97.316956,1.117188,-2.738281,0.000000,-0.009998,0.000000,0.011793,-0.031459,0.034919,1.507600,-0.005615,0.001709,-0.003906,0,0,0,0,3000,3000,3000,3000,0,240,-351,0-20,0,0,0
97.318909,1.117188,-2.738281,0.000000,-0.009998,0.000000,0.011902,-0.031459,0.034919,1.507600,0.005615,-0.002686,0.000977,0,0,0,0,3000,3000,3000,3000,0,232,-347,0-20,0,0,0
97.320862,1.117188,-2.738281,0.000000,-0.009998,0.000000,0.011702,-0.031459,0.034919,1.507600,-0.006104,-0.000488,0.002197,0,0,0,0,3000,3000,3000,3000,0,241,-349,0-20,0,0,0
97.322815,1.117188,-2.738281,0.000000,-0.009998,0.000000,0.011923,-0.031459,0.034919,1.507600,0.002930,0.000977,-0.002686,0,0,0,0,3000,3000,3000,3000,0,235,-350,0-20,0,0,0
97.324768,1.117188,-2.738281,0.000000,-0.009998,0.000000,0.011957,-0.031459,0.034919,1.507600,0.001953,0.000977,0.000000,0,0,0,0,3000,3000,3000,3000,0,235,-351,0-20,0,0,0
97.326721,1.117188,-2.738281,0.000000,-0.009998,0.000000,0.012123,-0.031459,0.034919,1.507600,-0.001709,-0.000488,-0.000488,0,0,0,0,3000,3000,3000,3000,0,238,-349,0-20,0,0,0
97.328674,1.117188,-2.738281,0.000000,-0.009998,0.000000,0.012419,-0.031459,0.034919,1.507600,0.007324,0.000000,0.003662,0,0,0,0,3000,3000,3000,3000,0,231,-350,0-20,0,0,0
97.330627,1.117188,-2.738281,0.000000,-0.009998,0.000000,0.012482,-0.031459,0.034919,1.507600,-0.008789,0.000000,-0.000732,0,0,0,0,3000,3000,3000,3000,0,243,-350,0-20,0,0,0
97.332581,1.117188,-2.738281,0.000000,-0.009998,0.000000,0.012398,-0.031459,0.034919,1.507600,0.000244,-0.001465,-0.000488,0,0,0,0,3000,3000,3000,3000,0,237,-349,0-20,0,0,0
97.334534,1.117188,-2.738281,0.000000,-0.009998,0.000000,0.012550,-0.031459,0.034919,1.507600,0.002441,0.000488,0.000488,0,0,0,0,3000,3000,3000,3000,0,235,-350,0-20,0,0,0
97.336487,1.117188,-2.738281,0.000000,-0.009998,0.000000,0.012648,-0.031459,0.034919,1.507600,-0.006592,0.000488,-0.005371,0,0,0,0,3000,3000,3000,3000,0,242,-350,0-20,0,0,0
97.338440,1.117188,-2.738281,0.000000,-0.009998,0.000000,0.012915,-0.031459,0.034919,1.507600,0.006104,0.000977,0.000488,0,0,0,0,3000,3000,3000,3000,0,233,-351,0-20,0,0,0
97.340393,1.117188,-2.738281,0.000000,-0.009998,0.000000,0.013073,-0.031459,0.034919,1.507600,-0.001709,0.000000,-0.001709,0,0,0,0,3000,3000,3000,3000,0,238,-350,0-20,0,0,0
97.342346,1.117188,-2.738281,0.000000,-0.009998,0.000000,0.013157,-0.031459,0.034919,1.507600,0.002930,0.000488,-0.000488,0,0,0,0,3000,3000,3000,3000,0,235,-351,0-20,0,0,0
97.344307,1.117188,-2.738281,0.000000,-0.009998,0.000000,0.013237,-0.031459,0.034919,1.507600,-0.000732,0.001709,0.000977,0,0,0,0,3000,3000,3000,3000,0,237,-352,0-20,0,0,0
97.346260,1.117188,-2.738281,0.000000,-0.009998,0.000000,0.013205,-0.031459,0.034919,1.507600,-0.001221,0.000488,0.001465,0,0,0,0,3000,3000,3000,3000,0,238,-351,0-20,0,0,0
97.348206,1.117188,-2.738281,0.000000,-0.009998,0.000000,0.013382,-0.031459,0.034919,1.507600,0.004150,0.000977,0.003174,0,0,0,0,3000,3000,3000,3000,0,234,-352,0-20,0,0,0
97.350159,1.117188,-2.738281,0.000000,-0.009998,0.000000,0.013464,-0.031459,0.034919,1.507600,-0.007568,-0.000977,-0.001221,0,0,0,0,3000,3000,3000,3000,0,242,-350,0-20,0,0,0
97.352112,1.117188,-2.738281,0.000000,-0.009998,0.000000,0.013498,-0.031459,0.034919,1.507600,0.004639,-0.000488,0.000488,0,0,0,0,3000,3000,3000,3000,0,234,-350,0-20,0,0,0
97.354065,1.117188,-2.738281,0.000000,-0.009998,0.000000,0.013529,-0.031459,0.034919,1.507600,-0.002441,-0.000977,-0.000732,0,0,0,0,3000,3000,3000,3000,0,239,-350,0-20,0,0,0
97.356018,1.117188,-2.738281,0.000000,-0.009998,0.000000,0.013569,-0.031459,0.034919,1.507600,-0.001709,0.000488,0.002197,0,0,0,0,3000,3000,3000,3000,0,238,-351,0-20,0,0,0
97.357971,1.117188,-2.738281,0.000000,-0.009998,0.000000,0.013586,-0.031459,0.034919,1.507600,0.003418,-0.003174,-0.000488,0,0,0,0,3000,3000,3000,3000,0,235,-347,0-20,0,0,0
97.359924,1.117188,-2.738281,0.000000,-0.009998,0.000000,0.013546,-0.031459,0.034919,1.507600,-0.006592,0.000488,-0.002197,0,0,0,0,3000,3000,3000,3000,0,242,-350,0-20,0,0,0
97.361877,1.117188,-2.738281,0.000000,-0.009998,0.000000,0.013681,-0.031459,0.034919,1.507600,0.005127,0.002197,-0.001221,0,0,0,0,3000,3000,3000,3000,0,234,-352,0-20,0,0,0
97.363831,1.117188,-2.738281,0.000000,-0.009998,0.000000,0.013815,-0.031459,0.034919,1.507600,-0.005615,0.004150,-0.000732,0,0,0,0,3000,3000,3000,3000,0,241,-354,0-20,0,0,0
97.365784,1.117188,-2.738281,0.000000,-0.009998,0.000000,0.013868,-0.031459,0.034919,1.507600,-0.000244,-0.000488,-0.002197,0,0,0,0,3000,3000,3000,3000,0,238,-350,0-20,0,0,0
97.367737,1.117188,-2.738281,0.000000,-0.009998,0.000000,0.013784,-0.031459,0.034919,1.507600,-0.000244,-0.001465,0.000488,0,0,0,0,3000,3000,3000,3000,0,238,-349,0-20,0,0,0
97.369690,1.117188,-2.738281,0.000000,-0.009998,0.000000,0.013609,-0.031459,0.034919,1.507600,-0.004883,-0.000488,-0.001709,0,0,0,0,3000,3000,3000,3000,0,241,-350,0-20,0,0,0
97.371651,1.117188,-2.738281,0.000000,-0.009998,0.000000,0.013700,-0.031459,0.034919,1.507600,0.006104,-0.003662,0.003174,0,0,0,0,3000,3000,3000,3000,0,233,-347,0-20,0,0,0
97.373596,1.117188,-2.738281,0.000000,-0.009998,0.000000,0.013729,-0.031459,0.034919,1.507600,-0.001221,-0.002686,0.002197,0,0,0,0,3000,3000,3000,3000,0,238,-347,0-20,0,0,0
97.375549,1.117188,-2.738281,0.000000,-0.009998,0.000000,0.013821,-0.031424,0.034937,1.507494,0.003418,0.000000,-0.001709,0,0,0,0,3000,3000,3000,3000,0,235,-349,0-20,0,0,0
97.377502,1.117188,-2.738281,0.000000,-0.009998,0.000000,0.013803,-0.031459,0.034919,1.507600,-0.001709,0.000488,0.002197,0,0,0,0,3000,3000,3000,3000,0,238,-350,0-20,0,0,0
97.379456,1.117188,-2.738281,0.000000,-0.009998,0.000000,0.013756,-0.031459,0.034919,1.507600,-0.002930,0.000488,-0.001709,0,0,0,0,3000,3000,3000,3000,0,239,-350,0-20,0,0,0
97.381409,1.117188,-2.738281,0.000000,-0.009998,0.000000,0.013905,-0.031459,0.034919,1.507600,0.007324,0.000488,0.000000,0,0,0,0,3000,3000,3000,3000,0,232,-350,0-20,0,0,0
97.383362,1.117188,-2.738281,0.000000,-0.009998,0.000000,0.013788,-0.031459,0.034919,1.507600,-0.006104,0.002686,0.000488,0,0,0,0,3000,3000,3000,3000,0,241,-352,0-20,0,0,0
97.385315,1.117188,-2.738281,0.000000,-0.009998,0.000000,0.013468,-0.031459,0.034919,1.507600,0.005127,-0.003174,0.003174,0,0,0,0,3000,3000,3000,3000,0,233,-347,0-20,0,0,0
97.387268,1.117188,-2.738281,0.000000,-0.009998,0.000000,0.013350,-0.031459,0.034919,1.507600,-0.004883,0.001709,0.000000,0,0,0,0,3000,3000,3000,3000,0,240,-352,0-20,0,0,0
97.389221,1.117188,-2.738281,0.000000,-0.009998,0.000000,0.013451,-0.031459,0.034919,1.507600,0.002441,-0.001465,0.000000,0,0,0,0,3000,3000,3000,3000,0,235,-349,0-20,0,0,0
97.391174,1.117188,-2.738281,0.000000,-0.009998,0.000000,0.013430,-0.031459,0.034919,1.507600,0.002930,-0.000977,0.000000,0,0,0,0,3000,3000,3000,3000,0,235,-349,0-20,0,0,0
97.393135,1.117188,-2.738281,0.000000,-0.009998,0.000000,0.013393,-0.031459,0.034919,1.507600,-0.004395,0.000000,-0.001709,0,0,0,0,3000,3000,3000,3000,0,240,-350,0-20,0,0,0
97.395081,1.117188,-2.738281,0.000000,-0.009998,0.000000,0.013592,-0.031459,0.034919,1.507600,0.004639,-0.001465,0.000000,0,0,0,0,3000,3000,3000,3000,0,233,-348,0-20,0,0,0
97.397034,1.117188,-2.738281,0.000000,-0.009998,0.000000,0.013721,-0.031459,0.034919,1.507600,-0.004395,0.001709,0.000000,0,0,0,0,3000,3000,3000,3000,0,240,-351,0-20,0,0,0
97.398994,1.117188,-2.738281,0.000000,-0.009998,0.000000,0.013615,-0.031459,0.034919,1.507600,-0.002441,0.000977,0.002197,0,0,0,0,3000,3000,3000,3000,0,239,-351,0-20,0,0,0
97.400940,1.117188,-2.738281,0.000000,-0.009998,0.000000,0.013590,-0.031459,0.034919,1.507600,-0.000244,0.000977,0.001465,0,0,0,0,3000,3000,3000,3000,0,237,-351,0-20,0,0,0
97.402893,1.117188,-2.738281,0.000000,-0.009998,0.000000,0.013590,-0.031459,0.034919,1.507600,-0.004883,-0.000488,0.001465,0,0,0,0,3000,3000,3000,3000,0,241,-350,0-20,0,0,0
97.404846,1.117188,-2.738281,0.000000,-0.009998,0.000000,0.013706,-0.031459,0.034919,1.507600,0.006592,-0.001465,0.001465,0,0,0,0,3000,3000,3000,3000,0,233,-349,0-20,0,0,0
97.406807,1.117188,-2.738281,0.000000,0.000000,0.000000,0.013815,-0.031459,0.034919,1.507600,-0.004883,0.001709,-0.002686,0,0,0,0,3000,3000,3000,3000,0,241,-352,0-20,0,0,0
97.408760,1.117188,-2.738281,0.000000,0.000000,0.000000,0.011393,-0.031459,0.034919,1.507600,0.006104,0.000488,0.000977,0,0,0,0,3000,3000,3000,3000,0,233,-351,0-20,0,0,0
97.410713,1.117188,-2.738281,0.000000,0.000000,0.000000,0.011330,-0.031459,0.034919,1.507600,0.003418,0.001709,0.000488,0,0,0,0,3000,3000,3000,3000,0,234,-352,0-20,0,0,0
97.412659,1.117188,-2.738281,0.000000,0.000000,0.000000,0.011362,-0.031463,0.034919,1.507596,-0.000732,0.000000,-0.003174,0,0,0,0,3000,3000,3000,3000,0,237,-350,0-20,0,0,0
97.414619,1.117188,-2.738281,0.000000,0.000000,0.000000,0.011408,-0.031463,0.034919,1.507596,0.006592,-0.000488,0.000977,0,0,0,0,3000,3000,3000,3000,0,231,-350,0-20,0,0,0
97.416565,1.117188,-2.738281,0.000000,0.000000,0.000000,0.011663,-0.031463,0.034919,1.507596,-0.006104,0.002197,-0.003174,0,0,0,0,3000,3000,3000,3000,0,240,-353,0-20,0,0,0
97.418526,1.117188,-2.738281,0.000000,0.000000,0.000000,0.011747,-0.031463,0.034919,1.507596,0.004639,0.001709,-0.000488,0,0,0,0,3000,3000,3000,3000,0,233,-352,0-20,0,0,0
97.420471,1.117188,-2.738281,0.000000,0.000000,0.000000,0.011810,-0.031463,0.034919,1.507596,-0.002930,-0.000488,0.000977,0,0,0,0,3000,3000,3000,3000,0,238,-350,0-20,0,0,0
97.422424,1.117188,-2.738281,0.000000,0.000000,0.000000,0.011929,-0.031463,0.034919,1.507596,-0.002441,-0.000488,-0.003906,0,0,0,0,3000,3000,3000,3000,0,238,-350,0-20,0,0,0
97.424377,1.117188,-2.738281,0.000000,0.000000,0.000000,0.011957,-0.031463,0.034919,1.507596,0.003418,0.001709,0.003662,0,0,0,0,3000,3000,3000,3000,0,234,-352,0-20,0,0,0
97.426331,1.117188,-2.738281,0.000000,0.000000,0.000000,0.012011,-0.031463,0.034919,1.507596,-0.003906,-0.000977,0.000488,0,0,0,0,3000,3000,3000,3000,0,239,-350,0-20,0,0,0
97.428284,1.117188,-2.738281,0.000000,0.000000,0.000000,0.012112,-0.031463,0.034919,1.507596,0.005615,0.000000,0.001465,0,0,0,0,3000,3000,3000,3000,0,233,-350,0-20,0,0,0
97.430237,1.117188,-2.738281,0.000000,0.000000,0.000000,0.012146,-0.031463,0.034919,1.507596,-0.004883,-0.003174,0.000000,0,0,0,0,3000,3000,3000,3000,0,240,-347,0-20,0,0,0
97.432190,1.117188,-2.738281,0.000000,0.000000,0.000000,0.012213,-0.031463,0.034919,1.507596,-0.001221,-0.001465,-0.001709,0,0,0,0,3000,3000,3000,3000,0,238,-348,0-20,0,0,0
97.434143,1.117188,-2.738281,0.000000,0.000000,0.000000,0.012465,-0.031463,0.034919,1.507596,0.002930,-0.000977,0.000977,0,0,0,0,3000,3000,3000,3000,0,235,-349,0-20,0,0,0
97.436096,1.117188,-2.738281,0.000000,0.000000,0.000000,0.012522,-0.031463,0.034919,1.507596,-0.004883,-0.001465,0.002197,0,0,0,0,3000,3000,3000,3000,0,240,-348,0-20,0,0,0
97.438057,1.117188,-2.738281,0.000000,0.000000,0.000000,0.012783,-0.031463,0.034919,1.507596,0.005615,0.000977,0.000000,0,0,0,0,3000,3000,3000,3000,0,233,-350,0-20,0,0,0
97.440002,1.117188,-2.738281,0.000000,0.000000,0.000000,0.012955,-0.031463,0.034919,1.507596,-0.008301,-0.001465,-0.001709,0,0,0,0,3000,3000,3000,3000,0,243,-348,0-20,0,0,0
97.441956,1.117188,-2.738281,0.000000,0.000000,0.000000,0.012882,-0.031463,0.034919,1.507596,0.005127,-0.002686,-0.001221,0,0,0,0,3000,3000,3000,3000,0,234,-347,0-20,0,0,0
97.443916,1.117188,-2.738281,0.000000,0.000000,0.000000,0.012953,-0.031463,0.034919,1.507596,-0.001221,0.000488,-0.000488,0,0,0,0,3000,3000,3000,3000,0,238,-350,0-20,0,0,0
97.445862,1.117188,-2.738281,0.000000,0.000000,0.000000,0.013100,-0.031463,0.034919,1.507596,-0.001709,0.000488,-0.002197,0,0,0,0,3000,3000,3000,3000,0,238,-350,0-20,0,0,0
97.447807,1.117188,-2.738281,0.000000,0.000000,0.000000,0.013268,-0.031463,0.034919,1.507596,0.004639,-0.002686,0.001465,0,0,0,0,3000,3000,3000,3000,0,234,-347,0-20,0,0,0
97.449768,1.117188,-2.738281,0.000000,0.000000,0.000000,0.013460,-0.031463,0.034919,1.507596,-0.004395,0.000488,0.000488,0,0,0,0,3000,3000,3000,3000,0,240,-350,0-20,0,0,0
97.451721,1.117188,-2.738281,0.000000,0.000000,0.000000,0.013468,-0.031463,0.034919,1.507596,0.002930,0.000000,0.003174,0,0,0,0,3000,3000,3000,3000,0,235,-349,0-20,0,0,0
97.453667,1.117188,-2.738281,0.000000,0.000000,0.000000,0.013466,-0.031463,0.034919,1.507596,-0.001709,0.001709,0.000977,0,0,0,0,3000,3000,3000,3000,0,238,-351,0-20,0,0,0
97.455620,1.117188,-2.738281,0.000000,0.000000,0.000000,0.013533,-0.031463,0.034919,1.507596,-0.003906,-0.001465,-0.002197,0,0,0,0,3000,3000,3000,3000,0,240,-348,0-20,0,0,0
97.457573,1.117188,-2.738281,0.000000,0.000000,0.000000,0.013783,-0.031463,0.034919,1.507596,0.006592,-0.000977,-0.001221,0,0,0,0,3000,3000,3000,3000,0,233,-349,0-20,0,0,0
97.459534,1.117188,-2.738281,0.000000,0.000000,0.000000,0.013870,-0.031463,0.034919,1.507596,-0.006104,-0.000977,0.000000,0,0,0,0,3000,3000,3000,3000,0,241,-349,0-20,0,0,0
97.461487,1.117188,-2.738281,0.000000,0.000000,0.000000,0.013849,-0.031463,0.034919,1.507596,0.006592,-0.000488,0.000977,0,0,0,0,3000,3000,3000,3000,0,232,-349,0-20,0,0,0
97.463440,1.117188,-2.738281,0.000000,0.000000,0.000000,0.014570,-0.031463,0.034919,1.507596,-0.001221,0.000977,-0.000732,0,0,0,0,3000,3000,3000,3000,0,238,-351,0-20,0,0,0
97.465393,1.117188,-2.738281,0.000000,0.000000,0.000000,0.014772,-0.031463,0.034919,1.507596,0.005127,-0.000488,0.001465,0,0,0,0,3000,3000,3000,3000,0,233,-349,0-20,0,0,0
97.467339,1.117188,-2.738281,0.000000,0.000000,0.000000,0.014856,-0.031463,0.034919,1.507596,0.000244,0.003174,0.003662,0,0,0,0,3000,3000,3000,3000,0,236,-353,0-20,0,0,0
97.469299,1.117188,-2.738281,0.000000,0.000000,0.000000,0.014896,-0.031463,0.034919,1.507596,-0.003418,0.002686,-0.003174,0,0,0,0,3000,3000,3000,3000,0,239,-353,0-20,0,0,0
97.471252,1.117188,-2.738281,0.000000,0.000000,0.000000,0.014929,-0.031463,0.034919,1.507596,0.004150,0.000000,-0.000488,0,0,0,0,3000,3000,3000,3000,0,234,-351,0-20,0,0,0
97.473206,1.117188,-2.738281,0.000000,0.000000,0.000000,0.015034,-0.031463,0.034919,1.507596,-0.002930,-0.002197,0.000000,0,0,0,0,3000,3000,3000,3000,0,239,-349,0-20,0,0,0
97.475159,1.117188,-2.738281,0.000000,0.000000,0.000000,0.015312,-0.031463,0.034919,1.507596,0.003418,-0.002686,-0.004395,0,0,0,0,3000,3000,3000,3000,0,234,-348,0-20,0,0,0
97.477112,1.117188,-2.738281,0.000000,0.000000,0.000000,0.015514,-0.031463,0.034919,1.507596,0.004150,0.002686,-0.002686,0,0,0,0,3000,3000,3000,3000,0,233,-353,0-20,0,0,0
97.479065,1.117188,-2.738281,0.000000,0.000000,0.000000,0.015589,-0.031463,0.034919,1.507596,-0.003418,0.000977,-0.001221,0,0,0,0,3000,3000,3000,3000,0,239,-351,0-20,0,0,0
97.481018,1.117188,-2.738281,0.000000,0.000000,0.000000,0.015860,-0.031463,0.034919,1.507596,0.004639,-0.001465,0.000000,0,0,0,0,3000,3000,3000,3000,0,233,-349,0-20,0,0,0
97.482964,1.117188,-2.738281,0.000000,0.000000,0.000000,0.015911,-0.031463,0.034919,1.507596,-0.003906,0.000000,-0.002686,0,0,0,0,3000,3000,3000,3000,0,239,-350,0-20,0,0,0
97.484917,1.117188,-2.738281,0.000000,0.000000,0.000000,0.015841,-0.031463,0.034919,1.507596,0.002930,-0.002686,0.000977,0,0,0,0,3000,3000,3000,3000,0,234,-348,0-20,0,0,0
97.486870,1.117188,-2.738281,0.000000,0.000000,0.000000,0.015882,-0.031463,0.034919,1.507596,-0.000732,0.000488,-0.000488,0,0,0,0,3000,3000,3000,3000,0,237,-350,0-20,0,0,0
97.488831,1.117188,-2.738281,0.000000,0.000000,0.000000,0.016018,-0.031463,0.034919,1.507596,-0.001221,-0.001465,-0.000488,0,0,0,0,3000,3000,3000,3000,0,237,-349,0-20,0,0,0
97.490784,1.117188,-2.738281,0.000000,0.000000,0.000000,0.016237,-0.031463,0.034919,1.507596,0.005615,0.001709,-0.001709,0,0,0,0,3000,3000,3000,3000,0,233,-352,0-20,0,0,0
97.492737,1.117188,-2.738281,0.000000,0.000000,0.000000,0.016386,-0.031463,0.034919,1.507596,-0.007568,-0.000977,0.000000,0,0,0,0,3000,3000,3000,3000,0,242,-349,0-20,0,0,0
97.494698,1.117188,-2.738281,0.000000,0.000000,0.000000,0.016502,-0.031463,0.034919,1.507596,0.005615,-0.000977,0.002197,0,0,0,0,3000,3000,3000,3000,0,233,-349,0-20,0,0,0
97.496643,1.117188,-2.738281,0.000000,0.000000,0.000000,0.016430,-0.031463,0.034919,1.507596,-0.003906,0.000977,-0.000488,0,0,0,0,3000,3000,3000,3000,0,240,-351,0-20,0,0,0
97.498596,1.117188,-2.738281,0.000000,0.000000,0.000000,0.016592,-0.031461,0.034919,1.507539,0.000244,-0.000977,-0.004883,0,0,0,0,3000,3000,3000,3000,0,237,-349,0-20,0,0,0
97.500549,1.117188,-2.738281,0.000000,0.000000,0.000000,0.016712,-0.031461,0.034919,1.507539,-0.000244,-0.001465,0.003174,0,0,0,0,3000,3000,3000,3000,0,237,-349,0-20,0,0,0
97.502502,1.117188,-2.738281,0.000000,0.000000,0.000000,0.016899,-0.031461,0.034919,1.507539,-0.002441,0.000000,-0.001709,0,0,0,0,3000,3000,3000,3000,0,239,-350,0-20,0,0,0
97.504456,1.117188,-2.738281,0.000000,0.000000,0.000000,0.016897,-0.031461,0.034919,1.507539,0.005615,0.001709,-0.001709,0,0,0,0,3000,3000,3000,3000,0,233,-351,0-20,0,0,0
97.506416,1.117188,-2.738281,0.000000,0.000000,0.000000,0.017019,-0.031461,0.034919,1.507539,-0.007080,0.000488,-0.000488,0,0,0,0,3000,3000,3000,3000,0,242,-351,0-20,0,0,0
97.508369,1.117188,-2.738281,0.000000,0.000000,0.000000,0.017042,-0.031461,0.034919,1.507539,-0.002441,-0.000488,-0.001221,0,0,0,0,3000,3000,3000,3000,0,239,-350,0-20,0,0,0
97.510315,1.117188,-2.738281,0.000000,0.000000,0.000000,0.017292,-0.031461,0.034919,1.507539,0.001953,-0.004150,0.003662,0,0,0,0,3000,3000,3000,3000,0,236,-346,0-20,0,0,0
97.512268,1.117188,-2.738281,0.000000,0.000000,0.000000,0.017389,-0.031461,0.034919,1.507539,-0.004883,-0.002686,-0.001709,0,0,0,0,3000,3000,3000,3000,0,241,-347,0-20,0,0,0
97.514221,1.117188,-2.738281,0.000000,0.000000,0.000000,0.017620,-0.031461,0.034919,1.507539,0.006104,-0.003174,0.001465,0,0,0,0,3000,3000,3000,3000,0,233,-346,0-20,0,0,0
97.516174,1.117188,-2.738281,0.000000,0.000000,0.000000,0.017658,-0.031461,0.034919,1.507539,-0.005615,0.000977,0.000488,0,0,0,0,3000,3000,3000,3000,0,242,-350,0-20,0,0,0
97.518127,1.117188,-2.738281,0.000000,0.000000,0.000000,0.017715,-0.031461,0.034919,1.507539,0.006104,-0.001465,0.000488,0,0,0,0,3000,3000,3000,3000,0,233,-348,0-20,0,0,0
97.520081,1.117188,-2.738281,0.000000,0.000000,0.000000,0.017830,-0.031461,0.034919,1.507539,-0.002930,0.002197,0.003662,0,0,0,0,3000,3000,3000,3000,0,239,-351,0-20,0,0,0
97.522034,1.117188,-2.738281,0.000000,0.000000,0.000000,0.017866,-0.031461,0.034919,1.507539,-0.000244,-0.000977,-0.000732,0,0,0,0,3000,3000,3000,3000,0,237,-349,0-20,0,0,0
97.523987,1.117188,-2.738281,0.000000,0.000000,0.000000,0.018089,-0.031461,0.034919,1.507539,0.003418,-0.001465,-0.001221,0,0,0,0,3000,3000,3000,3000,0,235,-348,0-20,0,0,0
97.525940,1.117188,-2.738281,0.000000,0.000000,0.000000,0.018246,-0.031461,0.034919,1.507539,-0.007080,-0.000488,-0.001709,0,0,0,0,3000,3000,3000,3000,0,242,-349,0-20,0,0,0
97.527885,1.117188,-2.738281,0.000000,0.000000,0.000000,0.018217,-0.031461,0.034919,1.507539,0.006592,0.000977,-0.000488,0,0,0,0,3000,3000,3000,3000,0,233,-351,0-20,0,0,0
97.529846,1.117188,-2.738281,0.000000,0.000000,0.000000,0.018223,-0.031461,0.034919,1.507539,-0.001709,-0.000977,-0.000488,0,0,0,0,3000,3000,3000,3000,0,238,-349,0-20,0,0,0
97.531799,1.117188,-2.738281,0.000000,0.000000,0.000000,0.018270,-0.031461,0.034919,1.507539,0.000244,0.000000,-0.002686,0,0,0,0,3000,3000,3000,3000,0,237,-350,0-20,0,0,0
97.533752,1.117188,-2.738281,0.000000,0.070000,0.139999,0.018488,-0.031425,0.034936,1.507411,0.001953,0.000977,0.003174,0,0,0,0,3000,3000,3000,3000,0,236,-351,0-20,0,0,0
97.535698,1.117188,-2.738281,0.000000,0.070000,0.139999,0.012827,-0.031461,0.034919,1.507539,-0.004395,-0.002197,-0.003906,0,0,0,0,3000,3000,3000,3000,0,240,-348,0-20,0,0,0
97.537659,1.117188,-2.738281,0.000000,0.070000,0.139999,0.012987,-0.031461,0.034919,1.507539,0.007812,-0.000977,-0.003906,0,0,0,0,3000,3000,3000,3000,0,231,-349,0-20,0,0,0
97.539612,1.117188,-2.738281,0.000000,0.070000,0.139999,0.013174,-0.031461,0.034919,1.507539,-0.004395,0.000000,0.001465,0,0,0,0,3000,3000,3000,3000,0,240,-350,0-20,0,0,0
97.541557,1.117188,-2.738281,0.000000,0.070000,0.139999,0.013006,-0.031461,0.034919,1.507539,0.002441,0.000000,0.000000,0,0,0,0,3000,3000,3000,3000,0,235,-350,0-20,0,0,0
97.543518,1.117188,-2.738281,0.000000,0.070000,0.139999,0.013098,-0.031461,0.034919,1.507539,0.003418,-0.000488,0.000000,0,0,0,0,3000,3000,3000,3000,0,234,-350,0-20,0,0,0
97.545464,1.117188,-2.738281,0.000000,0.070000,0.139999,0.013208,-0.031461,0.034919,1.507539,-0.003906,0.000000,-0.000488,0,0,0,0,3000,3000,3000,3000,0,239,-350,0-20,0,0,0
97.547417,1.117188,-2.738281,0.000000,0.070000,0.139999,0.013411,-0.031461,0.034919,1.507539,0.006104,-0.002197,0.002686,0,0,0,0,3000,3000,3000,3000,0,232,-348,0-20,0,0,0
97.549377,1.117188,-2.738281,0.000000,0.070000,0.139999,0.013369,-0.031461,0.034919,1.507539,-0.003906,-0.000488,-0.000732,0,0,0,0,3000,3000,3000,3000,0,239,-349,0-20,0,0,0
97.551323,1.117188,-2.738281,0.000000,0.070000,0.139999,0.013571,-0.031461,0.034919,1.507539,0.004150,-0.000977,-0.000488,0,0,0,0,3000,3000,3000,3000,0,233,-349,0-20,0,0,0
97.553284,1.117188,-2.738281,0.000000,0.070000,0.139999,0.013742,-0.031461,0.034919,1.507539,-0.000244,-0.002197,0.000977,0,0,0,0,3000,3000,3000,3000,0,237,-348,0-20,0,0,0
97.555237,1.117188,-2.738281,0.000000,0.070000,0.139999,0.013765,-0.031461,0.034919,1.507539,-0.002930,0.000000,0.000977,0,0,0,0,3000,3000,3000,3000,0,238,-350,0-20,0,0,0
97.557182,1.117188,-2.738281,0.000000,0.070000,0.139999,0.013830,-0.031461,0.034919,1.507539,0.004150,0.000977,0.004150,0,0,0,0,3000,3000,3000,3000,0,234,-351,0-20,0,0,0
97.559135,1.117188,-2.738281,0.000000,0.070000,0.139999,0.013887,-0.031461,0.034919,1.507539,-0.008301,-0.006348,0.000000,0,0,0,0,3000,3000,3000,3000,0,243,-344,0-20,0,0,0
97.561089,1.117188,-2.738281,0.000000,0.070000,0.139999,0.013859,-0.031461,0.034919,1.507539,0.005615,0.002686,-0.000732,0,0,0,0,3000,3000,3000,3000,0,233,-352,0-20,0,0,0
97.563042,1.117188,-2.738281,0.000000,0.070000,0.139999,0.014076,-0.031461,0.034919,1.507539,-0.009277,0.004883,0.000000,0,0,0,0,3000,3000,3000,3000,0,244,-354,0-20,0,0,0
97.564995,1.117188,-2.738281,0.000000,0.070000,0.139999,0.014076,-0.031461,0.034919,1.507539,0.000244,-0.003662,-0.005371,0,0,0,0,3000,3000,3000,3000,0,237,-347,0-20,0,0,0
97.566956,1.117188,-2.738281,0.000000,0.070000,0.139999,0.013977,-0.031461,0.034919,1.507539,0.007812,-0.000977,0.002197,0,0,0,0,3000,3000,3000,3000,0,232,-349,0-20,0,0,0
97.568909,1.117188,-2.738281,0.000000,0.070000,0.139999,0.014126,-0.031425,0.034936,1.507411,-0.004395,0.004883,0.000000,0,0,0,0,3000,3000,3000,3000,0,240,-355,0-20,0,0,0
97.570862,1.117188,-2.738281,0.000000,0.070000,0.139999,0.014177,-0.031461,0.034919,1.507539,0.019531,-0.009033,-0.003174,0,0,0,0,3000,3000,3000,3000,0,223,-342,0-20,0,0,0
97.572815,1.117188,-2.738281,0.000000,0.070000,0.139999,0.014095,-0.031461,0.034919,1.507539,-0.012451,0.004883,0.001465,0,0,0,0,3000,3000,3000,3000,0,245,-355,0-20,0,0,0
97.574760,1.117188,-2.738281,0.000000,0.070000,0.139999,0.014404,-0.031461,0.034919,1.507539,0.007812,0.000977,0.000488,0,0,0,0,3000,3000,3000,3000,0,231,-351,0-20,0,0,0
97.576714,1.117188,-2.738281,0.000000,0.070000,0.139999,0.014341,-0.031461,0.034919,1.507539,0.007324,-0.004883,0.000488,0,0,0,0,3000,3000,3000,3000,0,231,-346,0-20,0,0,0
97.578674,1.117188,-2.738281,0.000000,0.070000,0.139999,0.014189,-0.031461,0.034919,1.507539,-0.011963,0.008545,0.000977,0,0,0,0,3000,3000,3000,3000,0,244,-358,0-20,0,0,0
97.580627,1.117188,-2.738281,0.000000,0.070000,0.139999,0.014572,-0.031461,0.034919,1.507539,0.015869,-0.006836,0.000488,0,0,0,0,3000,3000,3000,3000,0,225,-344,0-20,0,0,0
97.582581,1.117188,-2.738281,0.000000,0.070000,0.139999,0.014687,-0.031461,0.034919,1.507539,-0.013428,-0.000488,-0.001709,0,0,0,0,3000,3000,3000,3000,0,245,-350,0-20,0,0,0
97.584534,1.117188,-2.738281,0.000000,0.070000,0.139999,0.014702,-0.031461,0.034919,1.507539,0.005615,0.000977,0.000977,0,0,0,0,3000,3000,3000,3000,0,232,-351,0-20,0,0,0
97.586487,1.117188,-2.738281,0.000000,0.070000,0.139999,0.015076,-0.031461,0.034919,1.507539,0.003418,-0.009521,-0.001221,0,0,0,0,3000,3000,3000,3000,0,234,-341,0-20,0,0,0
97.588440,1.117188,-2.738281,0.000000,0.070000,0.139999,0.014832,-0.031461,0.034919,1.507539,-0.012939,0.002686,-0.002197,0,0,0,0,3000,3000,3000,3000,0,245,-351,0-20,0,0,0
97.590393,1.117188,-2.738281,0.000000,0.070000,0.139999,0.015106,-0.031461,0.034919,1.507539,0.005615,0.002686,0.002686,0,0,0,0,3000,3000,3000,3000,0,233,-352,0-20,0,0,0
97.592346,1.117188,-2.738281,0.000000,0.070000,0.139999,0.015284,-0.031461,0.034919,1.507539,-0.004883,-0.005371,-0.001221,0,0,0,0,3000,3000,3000,3000,0,241,-344,0-20,0,0,0
97.594299,1.117188,-2.738281,0.000000,0.070000,0.139999,0.015108,-0.031461,0.034919,1.507539,0.005127,0.008545,0.000977,0,0,0,0,3000,3000,3000,3000,0,233,-357,0-20,0,0,0
97.596252,1.117188,-2.738281,0.000000,0.070000,0.139999,0.015638,-0.031461,0.034919,1.507539,-0.001709,0.003174,-0.001221,0,0,0,0,3000,3000,3000,3000,0,238,-353,0-20,0,0,0
97.598206,1.117188,-2.738281,0.000000,0.070000,0.139999,0.015408,-0.031461,0.034919,1.507539,0.010498,-0.005371,0.000000,0,0,0,0,3000,3000,3000,3000,0,229,-345,0-20,0,0,0
97.600159,1.117188,-2.738281,0.000000,0.070000,0.139999,0.015554,-0.031461,0.034919,1.507539,0.006592,-0.003174,0.003662,0,0,0,0,3000,3000,3000,3000,0,231,-347,0-20,0,0,0
97.602112,1.117188,-2.738281,0.000000,0.070000,0.139999,0.015764,-0.031461,0.034919,1.507539,-0.003906,-0.002197,0.000488,0,0,0,0,3000,3000,3000,3000,0,238,-347,0-20,0,0,0
97.604065,1.117188,-2.738281,0.000000,0.070000,0.139999,0.015720,-0.031461,0.034919,1.507539,0.006104,-0.003662,-0.000732,0,0,0,0,3000,3000,3000,3000,0,231,-346,0-20,0,0,0
97.606018,1.117188,-2.738281,0.000000,0.070000,0.139999,0.015863,-0.031461,0.034919,1.507539,-0.011475,-0.001465,0.002197,0,0,0,0,3000,3000,3000,3000,0,244,-347,0-20,0,0,0
97.607971,1.117188,-2.738281,0.000000,0.070000,0.139999,0.016121,-0.031461,0.034919,1.507539,0.005127,-0.001465,-0.002686,0,0,0,0,3000,3000,3000,3000,0,233,-347,0-20,0,0,0
97.609924,1.117188,-2.750000,0.000000,-0.049999,-0.169998,0.015913,-0.031461,0.034919,1.507539,-0.002930,-0.003174,-0.000732,0,0,0,0,3000,3000,3000,3000,0,239,-346,0-20,0,0,0
97.611877,1.117188,-2.750000,0.000000,-0.049999,-0.169998,0.011660,-0.031461,0.034919,1.507539,-0.013428,0.000000,-0.002686,0,0,0,0,3000,3000,3000,3000,0,247,-349,0-20,0,0,0
97.613831,1.117188,-2.750000,0.000000,-0.049999,-0.169998,0.011799,-0.031461,0.034919,1.507539,0.012451,0.000000,-0.004395,0,0,0,0,3000,3000,3000,3000,0,229,-349,0-20,0,0,0
97.615784,1.117188,-2.750000,0.000000,-0.049999,-0.169998,0.011787,-0.031461,0.034919,1.507539,-0.010254,-0.001465,-0.000732,0,0,0,0,3000,3000,3000,3000,0,245,-347,0-20,0,0,0
97.617737,1.117188,-2.750000,0.000000,-0.049999,-0.169998,0.011797,-0.031461,0.034919,1.507539,0.004150,0.001709,-0.003906,0,0,0,0,3000,3000,3000,3000,0,235,-351,0-20,0,0,0
97.619682,1.117188,-2.750000,0.000000,-0.049999,-0.169998,0.011454,-0.031461,0.034919,1.507539,0.004150,0.001709,0.000000,0,0,0,0,3000,3000,3000,3000,0,235,-351,0-20,0,0,0
97.621635,1.117188,-2.750000,0.000000,-0.049999,-0.169998,0.011625,-0.031461,0.034919,1.507539,-0.004883,0.003662,0.002686,0,0,0,0,3000,3000,3000,3000,0,241,-353,0-20,0,0,0
97.623589,1.117188,-2.750000,0.000000,-0.049999,-0.169998,0.011703,-0.031461,0.034919,1.507539,0.007812,0.002197,0.000977,0,0,0,0,3000,3000,3000,3000,0,232,-352,0-20,0,0,0
97.625542,1.117188,-2.750000,0.000000,-0.049999,-0.169998,0.012077,-0.031461,0.034919,1.507539,-0.001221,-0.000488,0.003174,0,0,0,0,3000,3000,3000,3000,0,238,-350,0-20,0,0,0
97.627502,1.117188,-2.750000,0.000000,-0.049999,-0.169998,0.012190,-0.031461,0.034919,1.507539,0.005615,-0.008057,0.000000,0,0,0,0,3000,3000,3000,3000,0,233,-343,0-20,0,0,0
97.629456,1.117188,-2.750000,0.000000,-0.049999,-0.169998,0.012264,-0.031461,0.034919,1.507539,0.002930,-0.005371,0.003174,0,0,0,0,3000,3000,3000,3000,0,234,-344,0-20,0,0,0
97.631409,1.117188,-2.750000,0.000000,-0.049999,-0.169998,0.012480,-0.031461,0.034919,1.507539,-0.005615,-0.003174,0.002686,0,0,0,0,3000,3000,3000,3000,0,240,-346,0-20,0,0,0
97.633362,1.117188,-2.750000,0.000000,-0.049999,-0.169998,0.012337,-0.031461,0.034919,1.507539,0.006592,-0.002686,0.000977,0,0,0,0,3000,3000,3000,3000,0,232,-346,0-20,0,0,0
97.635307,1.117188,-2.750000,0.000000,-0.049999,-0.169998,0.012442,-0.031461,0.034919,1.507539,-0.015625,-0.002197,-0.002197,0,0,0,0,3000,3000,3000,3000,0,248,-346,0-20,0,0,0
97.637260,1.117188,-2.750000,0.000000,-0.049999,-0.169998,0.012407,-0.031461,0.034919,1.507539,0.000977,0.002686,0.000000,0,0,0,0,3000,3000,3000,3000,0,237,-351,0-20,0,0,0
97.639221,1.117188,-2.750000,0.000000,-0.049999,-0.169998,0.012571,-0.031522,0.034858,1.507539,-0.004883,-0.006836,-0.002197,0,0,0,0,3000,3000,3000,3000,0,242,-342,0-20,0,0,0
97.641167,1.117188,-2.750000,0.000000,-0.049999,-0.169998,0.012594,-0.031522,0.034858,1.507539,-0.004883,-0.004883,0.000488,0,0,0,0,3000,3000,3000,3000,0,242,-343,0-20,0,0,0
97.643127,1.117188,-2.750000,0.000000,-0.049999,-0.169998,0.012630,-0.031522,0.034858,1.507539,0.008301,0.006348,-0.002197,0,0,0,0,3000,3000,3000,3000,0,233,-354,0-20,0,0,0
97.645081,1.117188,-2.750000,0.000000,-0.049999,-0.169998,0.012810,-0.031522,0.034858,1.507539,-0.006104,0.002197,-0.001221,0,0,0,0,3000,3000,3000,3000,0,242,-351,0-20,0,0,0
97.647026,1.117188,-2.750000,0.000000,-0.049999,-0.169998,0.012768,-0.031522,0.034858,1.507539,0.006104,0.001709,0.000000,0,0,0,0,3000,3000,3000,3000,0,234,-351,0-20,0,0,0
97.648987,1.117188,-2.750000,0.000000,-0.049999,-0.169998,0.012590,-0.031522,0.034858,1.507539,-0.004883,0.005371,-0.000488,0,0,0,0,3000,3000,3000,3000,0,241,-355,0-20,0,0,0
97.650932,1.117188,-2.750000,0.000000,-0.049999,-0.169998,0.012814,-0.031522,0.034858,1.507539,0.001953,-0.003174,-0.000732,0,0,0,0,3000,3000,3000,3000,0,236,-347,0-20,0,0,0
97.652885,1.117188,-2.750000,0.000000,-0.049999,-0.169998,0.012903,-0.031522,0.034858,1.507539,0.004639,-0.003662,0.000000,0,0,0,0,3000,3000,3000,3000,0,234,-347,0-20,0,0,0
97.654839,1.117188,-2.750000,0.000000,-0.049999,-0.169998,0.012949,-0.031522,0.034858,1.507539,-0.004395,0.006836,-0.001221,0,0,0,0,3000,3000,3000,3000,0,240,-356,0-20,0,0,0
97.656799,1.117188,-2.750000,0.000000,-0.049999,-0.169998,0.012941,-0.031522,0.034858,1.507539,0.001465,-0.000488,0.000488,0,0,0,0,3000,3000,3000,3000,0,236,-350,0-20,0,0,0
97.658752,1.117188,-2.750000,0.000000,-0.049999,-0.169998,0.012976,-0.031522,0.034858,1.507539,-0.005615,0.002197,-0.002686,0,0,0,0,3000,3000,3000,3000,0,241,-353,0-20,0,0,0
97.660706,1.117188,-2.750000,0.000000,-0.049999,-0.169998,0.013016,-0.031522,0.034858,1.507539,0.000244,0.004150,0.003174,0,0,0,0,3000,3000,3000,3000,0,237,-355,0-20,0,0,0
97.662651,1.117188,-2.750000,0.000000,-0.049999,-0.169998,0.012909,-0.031522,0.034858,1.507539,0.001953,0.003174,-0.000732,0,0,0,0,3000,3000,3000,3000,0,236,-354,0-20,0,0,0
97.664612,1.117188,-2.750000,0.000000,-0.049999,-0.169998,0.013145,-0.031522,0.034858,1.507539,-0.007568,-0.005371,-0.000732,0,0,0,0,3000,3000,3000,3000,0,243,-346,0-20,0,0,0
97.666557,1.117188,-2.750000,0.000000,-0.049999,-0.169998,0.013136,-0.031522,0.034858,1.507539,0.001465,0.000000,-0.001221,0,0,0,0,3000,3000,3000,3000,0,237,-351,0-20,0,0,0
97.668518,1.117188,-2.750000,0.000000,-0.049999,-0.169998,0.013271,-0.031522,0.034858,1.507539,-0.003906,0.002686,0.001465,0,0,0,0,3000,3000,3000,3000,0,240,-353,0-20,0,0,0
97.670471,1.117188,-2.750000,0.000000,-0.049999,-0.169998,0.013336,-0.031522,0.034858,1.507539,0.002930,-0.000977,0.003662,0,0,0,0,3000,3000,3000,3000,0,236,-350,0-20,0,0,0
97.672424,1.117188,-2.750000,0.000000,-0.049999,-0.169998,0.013268,-0.031522,0.034858,1.507539,0.006592,0.006348,-0.000488,0,0,0,0,3000,3000,3000,3000,0,233,-357,0-20,0,0,0
97.674377,1.117188,-2.750000,0.000000,-0.049999,-0.169998,0.013233,-0.031522,0.034858,1.507539,0.000244,0.003662,0.002686,0,0,0,0,3000,3000,3000,3000,0,236,-354,0-20,0,0,0
97.676331,1.117188,-2.750000,0.000000,-0.049999,-0.169998,0.013313,-0.031522,0.034858,1.507539,0.005615,-0.001465,0.002686,0,0,0,0,3000,3000,3000,3000,0,232,-350,0-20,0,0,0
97.678284,1.117188,-2.750000,0.000000,-0.049999,-0.169998,0.013371,-0.031522,0.034858,1.507539,0.001465,-0.002686,-0.000732,0,0,0,0,3000,3000,3000,3000,0,235,-348,0-20,0,0,0
97.680237,1.117188,-2.750000,0.000000,-0.049999,-0.169998,0.013418,-0.031522,0.034858,1.507539,0.004639,0.005371,0.000977,0,0,0,0,3000,3000,3000,3000,0,232,-356,0-20,0,0,0
97.682190,1.117188,-2.750000,0.000000,-0.049999,-0.169998,0.013487,-0.031461,0.034919,1.507539,-0.002930,0.008057,0.000000,0,0,0,0,3000,3000,3000,3000,0,237,-359,0-20,0,0,0
97.684135,1.117188,-2.750000,0.000000,-0.049999,-0.169998,0.013695,-0.031461,0.034919,1.507539,0.000977,0.003174,-0.002686,0,0,0,0,3000,3000,3000,3000,0,235,-355,0-20,0,0,0
97.686089,1.117188,-2.750000,0.000000,-0.049999,-0.169998,0.013756,-0.031461,0.034919,1.507539,-0.006592,0.009033,0.000488,0,0,0,0,3000,3000,3000,3000,0,240,-361,0-20,0,0,0
97.688057,1.117188,-2.750000,0.000000,-0.049999,-0.169998,0.013821,-0.031461,0.034919,1.507539,-0.002441,-0.000977,-0.004883,0,0,0,0,3000,3000,3000,3000,0,238,-352,0-20,0,0,0
97.690002,1.117188,-2.750000,0.000000,-0.049999,-0.169998,0.014074,-0.031461,0.034919,1.507539,0.000977,-0.000977,0.000488,0,0,0,0,3000,3000,3000,3000,0,236,-352,0-20,0,0,0
97.691956,1.117188,-2.750000,0.000000,-0.049999,-0.169998,0.013987,-0.031461,0.034919,1.507539,-0.005615,-0.002686,0.001465,0,0,0,0,3000,3000,3000,3000,0,241,-349,0-20,0,0,0
97.693909,1.117188,-2.750000,0.000000,-0.049999,-0.169998,0.014002,-0.031461,0.034919,1.507539,0.005127,-0.003662,-0.000732,0,0,0,0,3000,3000,3000,3000,0,233,-347,0-20,0,0,0
97.695862,1.117188,-2.750000,0.000000,-0.049999,-0.169998,0.014168,-0.031461,0.034919,1.507539,-0.003906,0.000000,0.003174,0,0,0,0,3000,3000,3000,3000,0,240,-350,0-20,0,0,0
97.697807,1.117188,-2.750000,0.000000,-0.049999,-0.169998,0.009975,-0.031461,0.034919,1.507539,0.006104,-0.003174,-0.001221,0,0,0,0,3000,3000,3000,3000,0,232,-347,0-20,0,0,0
97.699768,1.117188,-2.750000,0.000000,-0.049999,-0.169998,0.010042,-0.031461,0.034919,1.507539,-0.001709,-0.001465,0.000488,0,0,0,0,3000,3000,3000,3000,0,238,-348,0-20,0,0,0
97.701714,1.117188,-2.750000,0.000000,-0.049999,-0.169998,0.009905,-0.031461,0.034919,1.507539,-0.004883,-0.002686,-0.000488,0,0,0,0,3000,3000,3000,3000,0,240,-346,0-20,0,0,0
97.703674,1.117188,-2.750000,0.000000,-0.049999,-0.169998,0.010090,-0.031461,0.034919,1.507539,0.010010,-0.002686,0.000488,0,0,0,0,3000,3000,3000,3000,0,229,-346,0-20,0,0,0
97.705627,1.117188,-2.750000,0.000000,-0.049999,-0.169998,0.009804,-0.031461,0.034919,1.507539,-0.004883,0.000977,0.000977,0,0,0,0,3000,3000,3000,3000,0,240,-349,0-20,0,0,0
97.707581,1.117188,-2.750000,0.000000,-0.049999,-0.169998,0.009958,-0.031461,0.034919,1.507539,0.000244,0.000488,-0.000732,0,0,0,0,3000,3000,3000,3000,0,236,-348,0-20,0,0,0
97.709534,1.117188,-2.750000,0.000000,-0.049999,-0.169998,0.010021,-0.031461,0.034919,1.507539,0.001953,-0.000488,0.003662,0,0,0,0,3000,3000,3000,3000,0,235,-348,0-20,0,0,0
97.711479,1.117188,-2.750000,0.000000,-0.049999,-0.169998,0.010052,-0.031461,0.034919,1.507539,-0.004395,0.002197,-0.002686,0,0,0,0,3000,3000,3000,3000,0,239,-350,0-20,0,0,0
97.713432,1.117188,-2.750000,0.000000,-0.049999,-0.169998,0.010220,-0.031461,0.034919,1.507539,0.006104,0.000000,0.000488,0,0,0,0,3000,3000,3000,3000,0,232,-348,0-20,0,0,0
97.715385,1.117188,-2.750000,0.000000,-0.049999,-0.169998,0.010204,-0.031461,0.034919,1.507539,-0.006592,0.004150,-0.001221,0,0,0,0,3000,3000,3000,3000,0,241,-353,0-20,0,0,0
97.717346,1.117188,-2.750000,0.000000,-0.049999,-0.169998,0.010347,-0.031461,0.034919,1.507539,0.005615,-0.001465,0.002197,0,0,0,0,3000,3000,3000,3000,0,233,-348,0-20,0,0,0
97.719299,1.117188,-2.750000,0.000000,-0.049999,-0.169998,0.010445,-0.031461,0.034919,1.507539,0.005615,0.001709,0.002197,0,0,0,0,3000,3000,3000,3000,0,232,-351,0-20,0,0,0
97.721252,1.117188,-2.750000,0.000000,-0.049999,-0.169998,0.010439,-0.031461,0.034919,1.507539,-0.004883,0.000488,-0.003906,0,0,0,0,3000,3000,3000,3000,0,239,-350,0-20,0,0,0
97.723198,1.117188,-2.750000,0.000000,-0.049999,-0.169998,0.010597,-0.031461,0.034919,1.507539,0.011475,-0.002686,0.002686,0,0,0,0,3000,3000,3000,3000,0,228,-347,0-20,0,0,0
97.725159,1.117188,-2.750000,0.000000,-0.049999,-0.169998,0.010805,-0.031461,0.034919,1.507539,-0.002930,0.000977,0.002686,0,0,0,0,3000,3000,3000,3000,0,238,-350,0-20,0,0,0
97.727112,1.117188,-2.750000,0.000000,-0.049999,-0.169998,0.010889,-0.031461,0.034919,1.507539,0.004639,-0.000488,0.000488,0,0,0,0,3000,3000,3000,3000,0,232,-348,0-20,0,0,0
97.729065,1.117188,-2.750000,0.000000,-0.049999,-0.169998,0.011017,-0.031461,0.034919,1.507539,-0.003418,-0.001465,0.001465,0,0,0,0,3000,3000,3000,3000,0,238,-347,0-20,0,0,0
97.731010,1.117188,-2.750000,0.000000,-0.049999,-0.169998,0.010983,-0.031461,0.034919,1.507539,-0.004395,-0.002197,0.000000,0,0,0,0,3000,3000,3000,3000,0,239,-347,0-20,0,0,0
97.732964,1.117188,-2.750000,0.000000,-0.049999,-0.169998,0.011238,-0.031461,0.034919,1.507539,0.005127,0.000977,0.002686,0,0,0,0,3000,3000,3000,3000,0,233,-349,0-20,0,0,0
97.734917,1.117188,-2.750000,0.000000,-0.049999,-0.169998,0.011244,-0.031461,0.034919,1.507539,-0.007568,-0.000488,-0.002197,0,0,0,0,3000,3000,3000,3000,0,242,-348,0-20,0,0,0
97.736870,1.117188,-2.750000,0.000000,-0.049999,-0.169998,0.011461,-0.031461,0.034919,1.507539,0.004150,0.001709,0.000488,0,0,0,0,3000,3000,3000,3000,0,234,-350,0-20,0,0,0
97.738831,1.117188,-2.750000,0.000000,-0.049999,-0.169998,0.011353,-0.031461,0.034919,1.507539,-0.006592,0.002197,0.000488,0,0,0,0,3000,3000,3000,3000,0,241,-351,0-20,0,0,0
97.740784,1.117188,-2.750000,0.000000,-0.049999,-0.169998,0.011477,-0.031461,0.034919,1.507539,-0.001709,0.000977,-0.001221,0,0,0,0,3000,3000,3000,3000,0,238,-350,0-20,0,0,0
97.742737,1.117188,-2.750000,0.000000,-0.049999,-0.169998,0.011570,-0.031461,0.034919,1.507539,0.002441,-0.002197,0.001465,0,0,0,0,3000,3000,3000,3000,0,236,-347,0-20,0,0,0
97.744690,1.117188,-2.750000,0.000000,-0.049999,-0.169998,0.011427,-0.031461,0.034919,1.507539,-0.007080,0.002686,0.000000,0,0,0,0,3000,3000,3000,3000,0,242,-352,0-20,0,0,0
97.746643,1.117188,-2.750000,0.000000,-0.049999,-0.169998,0.011530,-0.031461,0.034919,1.507539,0.010498,0.002686,-0.001221,0,0,0,0,3000,3000,3000,3000,0,230,-352,0-20,0,0,0
97.748596,1.117188,-2.750000,0.000000,-0.049999,-0.169998,0.011578,-0.031461,0.034919,1.507539,-0.004395,-0.002197,-0.000488,0,0,0,0,3000,3000,3000,3000,0,240,-348,0-20,0,0,0
97.750549,1.117188,-2.750000,0.000000,-0.049999,-0.169998,0.011660,-0.031461,0.034919,1.507539,0.004150,0.000488,0.001465,0,0,0,0,3000,3000,3000,3000,0,234,-350,0-20,0,0,0
97.752502,1.117188,-2.750000,0.000000,-0.049999,-0.169998,0.011791,-0.031461,0.034919,1.507539,0.003418,-0.004883,0.003662,0,0,0,0,3000,3000,3000,3000,0,234,-345,0-20,0,0,0
97.754456,1.117188,-2.750000,0.000000,-0.049999,-0.169998,0.011837,-0.031461,0.034919,1.507539,-0.001709,0.000000,0.000977,0,0,0,0,3000,3000,3000,3000,0,238,-349,0-20,0,0,0
97.756409,1.117188,-2.750000,0.000000,-0.049999,-0.169998,0.012058,-0.031461,0.034919,1.507539,0.003418,-0.002197,-0.002197,0,0,0,0,3000,3000,3000,3000,0,234,-347,0-20,0,0,0
97.758362,1.117188,-2.750000,0.000000,-0.049999,-0.169998,0.012112,-0.031461,0.034919,1.507539,-0.005615,-0.000488,-0.003906,0,0,0,0,3000,3000,3000,3000,0,240,-348,0-20,0,0,0
97.760315,1.117188,-2.750000,0.000000,-0.049999,-0.169998,0.012178,-0.031461,0.034919,1.507539,0.001465,-0.000488,0.000977,0,0,0,0,3000,3000,3000,3000,0,236,-348,0-20,0,0,0
97.762276,1.117188,-2.750000,0.000000,-0.049999,-0.169998,0.012163,-0.031461,0.034919,1.507539,-0.000732,-0.000488,0.003174,0,0,0,0,3000,3000,3000,3000,0,237,-348,0-20,0,0,0
97.764214,1.117188,-2.750000,0.000000,-0.049999,-0.169998,0.012039,-0.031461,0.034919,1.507539,-0.003418,-0.001465,-0.000732,0,0,0,0,3000,3000,3000,3000,0,239,-347,0-20,0,0,0
97.766174,1.117188,-2.750000,0.000000,-0.049999,-0.169998,0.012222,-0.031461,0.034919,1.507539,0.006592,0.000488,0.000488,0,0,0,0,3000,3000,3000,3000,0,232,-349,0-20,0,0,0
97.768127,1.117188,-2.750000,0.000000,-0.049999,-0.169998,0.012453,-0.031461,0.034919,1.507539,-0.006592,0.002197,0.000000,0,0,0,0,3000,3000,3000,3000,0,241,-351,0-20,0,0,0
97.770081,1.117188,-2.750000,0.000000,-0.049999,-0.169998,0.012579,-0.031461,0.034919,1.507539,0.004639,-0.000488,-0.000732,0,0,0,0,3000,3000,3000,3000,0,234,-349,0-20,0,0,0
97.772034,1.117188,-2.750000,0.000000,-0.049999,-0.169998,0.012888,-0.031461,0.034919,1.507539,-0.002441,0.000977,-0.000732,0,0,0,0,3000,3000,3000,3000,0,239,-350,0-20,0,0,0
97.773987,1.117188,-2.750000,0.000000,-0.049999,-0.169998,0.013187,-0.031461,0.034919,1.507539,0.000244,0.003174,-0.000488,0,0,0,0,3000,3000,3000,3000,0,237,-353,0-20,0,0,0
97.775932,1.117188,-2.750000,0.000000,-0.049999,-0.169998,0.012768,-0.031461,0.034919,1.507539,0.001953,-0.000488,0.002686,0,0,0,0,3000,3000,3000,3000,0,235,-349,0-20,0,0,0
97.777885,1.117188,-2.750000,0.000000,-0.049999,-0.169998,0.012835,-0.031461,0.034919,1.507539,-0.003906,-0.000488,-0.004395,0,0,0,0,3000,3000,3000,3000,0,240,-350,0-20,0,0,0
97.779854,1.117188,-2.738281,0.000000,0.039999,0.109999,0.012875,-0.031461,0.034919,1.507539,0.007324,-0.000977,-0.000488,0,0,0,0,3000,3000,3000,3000,0,232,-349,0-20,0,0,0
97.781799,1.117188,-2.738281,0.000000,0.039999,0.109999,0.009716,-0.031461,0.034919,1.507539,-0.010254,-0.001465,0.000977,0,0,0,0,3000,3000,3000,3000,0,244,-348,0-20,0,0,0
97.783745,1.117188,-2.738281,0.000000,0.039999,0.109999,0.009661,-0.031461,0.034919,1.507539,-0.004395,-0.002686,0.000488,0,0,0,0,3000,3000,3000,3000,0,240,-347,0-20,0,0,0
97.785706,1.117188,-2.738281,0.000000,0.039999,0.109999,0.009789,-0.031461,0.034919,1.507539,0.003418,0.001709,0.000000,0,0,0,0,3000,3000,3000,3000,0,235,-351,0-20,0,0,0
97.787659,1.117188,-2.738281,0.000000,0.039999,0.109999,0.009893,-0.031461,0.034919,1.507539,-0.005615,-0.003174,-0.004883,0,0,0,0,3000,3000,3000,3000,0,241,-346,0-20,0,0,0
97.789612,1.117188,-2.738281,0.000000,0.039999,0.109999,0.010090,-0.031461,0.034919,1.507539,0.005127,-0.001465,0.000977,0,0,0,0,3000,3000,3000,3000,0,234,-348,0-20,0,0,0
97.791557,1.117188,-2.738281,0.000000,0.039999,0.109999,0.010096,-0.031461,0.034919,1.507539,-0.008789,-0.002197,-0.001709,0,0,0,0,3000,3000,3000,3000,0,244,-347,0-20,0,0,0
97.793518,1.117188,-2.738281,0.000000,0.039999,0.109999,0.010433,-0.031461,0.034919,1.507539,0.006104,0.002197,-0.003174,0,0,0,0,3000,3000,3000,3000,0,233,-351,0-20,0,0,0
97.795471,1.117188,-2.738281,0.000000,0.039999,0.109999,0.010633,-0.031461,0.034919,1.507539,-0.002441,-0.001465,-0.001709,0,0,0,0,3000,3000,3000,3000,0,239,-348,0-20,0,0,0
97.797417,1.117188,-2.738281,0.000000,0.039999,0.109999,0.010763,-0.031461,0.034919,1.507539,-0.001221,0.000488,-0.001221,0,0,0,0,3000,3000,3000,3000,0,238,-350,0-20,0,0,0
97.799377,1.117188,-2.738281,0.000000,0.039999,0.109999,0.010973,-0.031461,0.034919,1.507539,0.006104,0.000977,0.000488,0,0,0,0,3000,3000,3000,3000,0,233,-350,0-20,0,0,0
97.801331,1.117188,-2.738281,0.000000,0.039999,0.109999,0.010824,-0.031461,0.034919,1.507539,-0.006104,0.000977,-0.000488,0,0,0,0,3000,3000,3000,3000,0,241,-350,0-20,0,0,0
97.803284,1.117188,-2.738281,0.000000,0.039999,0.109999,0.010941,-0.031461,0.034919,1.507539,0.004150,-0.000488,0.000000,0,0,0,0,3000,3000,3000,3000,0,234,-349,0-20,0,0,0
97.805237,1.117188,-2.738281,0.000000,0.039999,0.109999,0.011120,-0.031461,0.034919,1.507539,-0.001221,0.000000,0.000000,0,0,0,0,3000,3000,3000,3000,0,237,-350,0-20,0,0,0
97.807182,1.117188,-2.738281,0.000000,0.039999,0.109999,0.011343,-0.031461,0.034919,1.507539,-0.000732,-0.000488,-0.004883,0,0,0,0,3000,3000,3000,3000,0,237,-349,0-20,0,0,0
97.809135,1.117188,-2.738281,0.000000,0.039999,0.109999,0.011467,-0.031461,0.034919,1.507539,0.001465,0.002197,0.002197,0,0,0,0,3000,3000,3000,3000,0,235,-352,0-20,0,0,0
97.811096,1.117188,-2.738281,0.000000,0.039999,0.109999,0.011480,-0.031461,0.034919,1.507539,-0.007568,-0.001465,-0.001709,0,0,0,0,3000,3000,3000,3000,0,242,-349,0-20,0,0,0
97.813057,1.117188,-2.738281,0.000000,0.039999,0.109999,0.011395,-0.031461,0.034919,1.507539,0.005127,0.000000,0.001465,0,0,0,0,3000,3000,3000,3000,0,233,-350,0-20,0,0,0
97.815002,1.117188,-2.738281,0.000000,0.039999,0.109999,0.011541,-0.031381,0.034894,1.507411,-0.003418,0.001709,-0.000732,0,0,0,0,3000,3000,3000,3000,0,239,-352,0-20,0,0,0
97.816956,1.117188,-2.738281,0.000000,0.039999,0.109999,0.011658,-0.031461,0.034919,1.507539,0.001465,0.000000,-0.000488,0,0,0,0,3000,3000,3000,3000,0,236,-350,0-20,0,0,0
97.818909,1.117188,-2.738281,0.000000,0.039999,0.109999,0.011938,-0.031461,0.034919,1.507539,0.002930,0.000000,0.000977,0,0,0,0,3000,3000,3000,3000,0,234,-350,0-20,0,0,0
97.820862,1.117188,-2.738281,0.000000,0.039999,0.109999,0.012201,-0.031461,0.034919,1.507539,-0.005615,0.000977,-0.001709,0,0,0,0,3000,3000,3000,3000,0,240,-351,0-20,0,0,0
97.822807,1.117188,-2.738281,0.000000,0.039999,0.109999,0.012363,-0.031461,0.034919,1.507539,0.005615,0.002686,-0.000488,0,0,0,0,3000,3000,3000,3000,0,233,-353,0-20,0,0,0
97.824760,1.117188,-2.738281,0.000000,0.039999,0.109999,0.012253,-0.031461,0.034919,1.507539,-0.006104,0.000488,0.000000,0,0,0,0,3000,3000,3000,3000,0,241,-351,0-20,0,0,0
97.826721,1.117188,-2.738281,0.000000,0.039999,0.109999,0.012218,-0.031463,0.034919,1.507535,0.006104,-0.000488,-0.001709,0,0,0,0,3000,3000,3000,3000,0,232,-350,0-20,0,0,0
97.828690,1.117188,-2.738281,0.000000,0.039999,0.109999,0.012230,-0.031463,0.034919,1.507535,-0.001709,-0.000488,-0.001709,0,0,0,0,3000,3000,3000,3000,0,237,-350,0-20,0,0,0
97.830627,1.117188,-2.738281,0.000000,0.039999,0.109999,0.012300,-0.031463,0.034919,1.507535,-0.000732,0.000000,-0.001221,0,0,0,0,3000,3000,3000,3000,0,237,-350,0-20,0,0,0
97.832581,1.117188,-2.738281,0.000000,0.039999,0.109999,0.012447,-0.031463,0.034919,1.507535,0.006592,-0.002197,0.000977,0,0,0,0,3000,3000,3000,3000,0,231,-348,0-20,0,0,0
97.834534,1.117188,-2.738281,0.000000,0.039999,0.109999,0.012739,-0.031463,0.034919,1.507535,-0.006592,0.003662,0.000488,0,0,0,0,3000,3000,3000,3000,0,241,-353,0-20,0,0,0
97.836487,1.117188,-2.738281,0.000000,0.039999,0.109999,0.012951,-0.031463,0.034919,1.507535,0.003418,0.000977,0.000000,0,0,0,0,3000,3000,3000,3000,0,234,-351,0-20,0,0,0
97.838440,1.117188,-2.738281,0.000000,0.039999,0.109999,0.013180,-0.031463,0.034919,1.507535,0.000244,-0.002686,0.002197,0,0,0,0,3000,3000,3000,3000,0,236,-348,0-20,0,0,0
97.840393,1.117188,-2.738281,0.000000,0.039999,0.109999,0.013195,-0.031463,0.034919,1.507535,-0.002930,0.000000,-0.003906,0,0,0,0,3000,3000,3000,3000,0,238,-350,0-20,0,0,0
97.842339,1.117188,-2.738281,0.000000,0.039999,0.109999,0.013292,-0.031463,0.034919,1.507535,0.003418,-0.000977,0.000488,0,0,0,0,3000,3000,3000,3000,0,234,-349,0-20,0,0,0
97.844292,1.117188,-2.738281,0.000000,0.039999,0.109999,0.013353,-0.031463,0.034919,1.507535,-0.004395,0.000488,-0.001221,0,0,0,0,3000,3000,3000,3000,0,239,-350,0-20,0,0,0
97.846245,1.117188,-2.738281,0.000000,0.039999,0.109999,0.013285,-0.031463,0.034919,1.507535,0.004150,-0.003174,0.000488,0,0,0,0,3000,3000,3000,3000,0,233,-346,0-20,0,0,0
97.848206,1.117188,-2.738281,0.000000,0.039999,0.109999,0.013271,-0.031463,0.034919,1.507535,-0.004883,0.001709,-0.000732,0,0,0,0,3000,3000,3000,3000,0,240,-351,0-20,0,0,0
97.850159,1.117188,-2.738281,0.000000,0.039999,0.109999,0.013552,-0.031463,0.034919,1.507535,0.000244,0.000488,0.000488,0,0,0,0,3000,3000,3000,3000,0,236,-350,0-20,0,0,0
97.852112,1.117188,-2.738281,0.000000,0.039999,0.109999,0.013700,-0.031463,0.034919,1.507535,0.002441,-0.001465,0.000488,0,0,0,0,3000,3000,3000,3000,0,235,-348,0-20,0,0,0
97.854057,1.117188,-2.738281,0.000000,0.039999,0.109999,0.013292,-0.031463,0.034919,1.507535,-0.001709,-0.000977,-0.000732,0,0,0,0,3000,3000,3000,3000,0,238,-348,0-20,0,0,0
97.856010,1.117188,-2.738281,0.000000,0.039999,0.109999,0.013449,-0.031463,0.034919,1.507535,0.007324,0.002197,0.003174,0,0,0,0,3000,3000,3000,3000,0,231,-351,0-20,0,0,0
97.857964,1.117188,-2.738281,0.000000,0.039999,0.109999,0.013638,-0.031463,0.034919,1.507535,-0.001709,0.000000,0.000977,0,0,0,0,3000,3000,3000,3000,0,237,-349,0-20,0,0,0
97.859917,1.117188,-2.738281,0.000000,0.039999,0.109999,0.013613,-0.031463,0.034919,1.507535,-0.000244,0.000000,-0.002197,0,0,0,0,3000,3000,3000,3000,0,236,-350,0-20,0,0,0
97.861877,1.117188,-2.738281,0.000000,0.039999,0.109999,0.013580,-0.031463,0.034919,1.507535,-0.000732,0.002197,-0.000488,0,0,0,0,3000,3000,3000,3000,0,237,-352,0-20,0,0,0
97.863823,1.117188,-2.738281,0.000000,0.039999,0.109999,0.013601,-0.031463,0.034919,1.507535,-0.007080,0.000000,-0.001709,0,0,0,0,3000,3000,3000,3000,0,241,-350,0-20,0,0,0
97.865776,1.117188,-2.738281,0.000000,0.039999,0.109999,0.013781,-0.031463,0.034919,1.507535,0.003418,0.001709,-0.000488,0,0,0,0,3000,3000,3000,3000,0,234,-351,0-20,0,0,0
97.867729,1.117188,-2.738281,0.000000,0.039999,0.109999,0.013828,-0.031463,0.034919,1.507535,-0.006592,-0.001465,-0.001221,0,0,0,0,3000,3000,3000,3000,0,242,-349,0-20,0,0,0
97.869682,1.117188,-2.738281,0.000000,0.039999,0.109999,0.014015,-0.031463,0.034919,1.507535,0.004639,-0.000977,0.002686,0,0,0,0,3000,3000,3000,3000,0,234,-349,0-20,0,0,0
97.871635,1.117188,-2.738281,0.000000,0.039999,0.109999,0.014235,-0.031463,0.034919,1.507535,-0.001709,-0.001465,0.000488,0,0,0,0,3000,3000,3000,3000,0,238,-348,0-20,0,0,0
97.873611,1.117188,-2.738281,0.000000,0.039999,0.109999,0.014357,-0.031463,0.034919,1.507535,-0.000244,-0.003662,-0.000732,0,0,0,0,3000,3000,3000,3000,0,237,-346,0-20,0,0,0
97.875549,1.117188,-2.738281,0.000000,0.039999,0.109999,0.014452,-0.031381,0.034893,1.507324,0.004150,0.000488,-0.001709,0,0,0,0,3000,3000,3000,3000,0,234,-349,0-20,0,0,0
97.877495,1.117188,-2.738281,0.000000,0.039999,0.109999,0.014454,-0.031463,0.034919,1.507535,-0.004883,0.000488,-0.001709,0,0,0,0,3000,3000,3000,3000,0,240,-349,0-20,0,0,0
97.879456,1.117188,-2.738281,0.000000,0.039999,0.109999,0.014540,-0.031463,0.034919,1.507535,0.004150,0.000488,0.000000,0,0,0,0,3000,3000,3000,3000,0,234,-350,0-20,0,0,0
97.881409,1.117188,-2.738281,0.000000,0.039999,0.109999,0.014650,-0.031463,0.034919,1.507535,-0.001709,0.003174,0.000488,0,0,0,0,3000,3000,3000,3000,0,238,-352,0-20,0,0,0
97.883362,1.117188,-2.738281,0.000000,0.039999,0.109999,0.014643,-0.031463,0.034919,1.507535,-0.001221,-0.003662,-0.003174,0,0,0,0,3000,3000,3000,3000,0,237,-346,0-20,0,0,0
97.885307,1.117188,-2.738281,0.000000,0.039999,0.109999,0.014803,-0.031463,0.034919,1.507535,0.003418,-0.000977,0.003174,0,0,0,0,3000,3000,3000,3000,0,234,-348,0-20,0,0,0
97.887260,1.117188,-2.738281,0.000000,0.039999,0.109999,0.015039,-0.031463,0.034919,1.507535,-0.004883,0.000000,-0.000732,0,0,0,0,3000,3000,3000,3000,0,240,-349,0-20,0,0,0
97.889214,1.117188,-2.738281,0.000000,0.039999,0.109999,0.015236,-0.031463,0.034919,1.507535,0.006592,0.003174,-0.000488,0,0,0,0,3000,3000,3000,3000,0,232,-352,0-20,0,0,0
97.891174,1.117188,-2.738281,0.000000,0.039999,0.109999,0.015461,-0.031463,0.034919,1.507535,-0.006104,0.001709,0.000488,0,0,0,0,3000,3000,3000,3000,0,241,-351,0-20,0,0,0
97.893120,1.117188,-2.738281,0.000000,0.039999,0.109999,0.015520,-0.031463,0.034919,1.507535,0.001953,-0.001465,-0.001221,0,0,0,0,3000,3000,3000,3000,0,235,-348,0-20,0,0,0
97.895073,1.117188,-2.738281,0.000000,0.039999,0.109999,0.015696,-0.031463,0.034919,1.507535,0.006104,-0.000488,0.000000,0,0,0,0,3000,3000,3000,3000,0,232,-349,0-20,0,0,0
97.897034,1.117188,-2.738281,0.000000,0.039999,0.109999,0.015827,-0.031463,0.034919,1.507535,-0.004883,-0.000488,0.000977,0,0,0,0,3000,3000,3000,3000,0,240,-349,0-20,0,0,0
97.898987,1.117188,-2.738281,0.000000,0.039999,0.109999,0.015862,-0.031463,0.034919,1.507535,0.005615,0.000488,0.001465,0,0,0,0,3000,3000,3000,3000,0,232,-350,0-20,0,0,0
97.900940,1.117188,-2.738281,0.000000,0.039999,0.109999,0.015985,-0.031463,0.034919,1.507535,-0.006104,0.000488,-0.000488,0,0,0,0,3000,3000,3000,3000,0,241,-350,0-20,0,0,0
97.902885,1.117188,-2.738281,0.000000,0.039999,0.109999,0.015976,-0.031463,0.034919,1.507535,0.003418,-0.000977,-0.003174,0,0,0,0,3000,3000,3000,3000,0,234,-349,0-20,0,0,0
97.904839,1.117188,-2.738281,0.000000,0.039999,0.109999,0.015850,-0.031463,0.034919,1.507535,0.001953,-0.000977,-0.001221,0,0,0,0,3000,3000,3000,3000,0,235,-349,0-20,0,0,0
97.906792,1.117188,-2.738281,0.000000,0.039999,0.109999,0.015823,-0.031463,0.034919,1.507535,-0.001709,0.000488,0.000977,0,0,0,0,3000,3000,3000,3000,0,237,-350,0-20,0,0,0
97.908752,1.117188,-2.738281,0.000000,0.039999,0.109999,0.015995,-0.031463,0.034919,1.507535,0.005127,-0.000488,-0.000732,0,0,0,0,3000,3000,3000,3000,0,233,-349,0-20,0,0,0
97.910706,1.117188,-2.738281,0.000000,0.039999,0.109999,0.016010,-0.031463,0.034919,1.507535,-0.007080,0.000488,0.000977,0,0,0,0,3000,3000,3000,3000,0,241,-350,0-20,0,0,0
97.912659,1.117188,-2.738281,0.000000,0.039999,0.109999,0.016098,-0.031463,0.034919,1.507535,0.003418,-0.000488,0.000000,0,0,0,0,3000,3000,3000,3000,0,234,-349,0-20,0,0,0
97.914612,1.117188,-2.738281,0.000000,0.039999,0.109999,0.016161,-0.031463,0.034919,1.507535,0.000977,0.000977,-0.000488,0,0,0,0,3000,3000,3000,3000,0,236,-350,0-20,0,0,0
97.916557,1.117188,-2.738281,0.000000,0.039999,0.109999,0.016195,-0.031463,0.034919,1.507535,-0.004395,0.001709,0.000488,0,0,0,0,3000,3000,3000,3000,0,240,-351,0-20,0,0,0
97.918518,1.117188,-2.738281,0.000000,0.039999,0.109999,0.016392,-0.031463,0.034919,1.507535,0.003418,-0.000488,0.001465,0,0,0,0,3000,3000,3000,3000,0,234,-349,0-20,0,0,0
97.920471,1.117188,-2.738281,0.000000,0.039999,0.109999,0.016481,-0.031463,0.034919,1.507535,-0.008301,0.000000,-0.001709,0,0,0,0,3000,3000,3000,3000,0,243,-350,0-20,0,0,0
97.922424,1.117188,-2.738281,0.000000,0.039999,0.109999,0.016602,-0.031463,0.034919,1.507535,0.008789,-0.000488,0.001465,0,0,0,0,3000,3000,3000,3000,0,231,-349,0-20,0,0,0
97.924370,1.117188,-2.738281,0.000000,0.039999,0.109999,0.016790,-0.031463,0.034919,1.507535,-0.004883,-0.002197,-0.002686,0,0,0,0,3000,3000,3000,3000,0,240,-348,0-20,0,0,0
97.926323,1.117188,-2.738281,0.000000,0.039999,0.109999,0.016775,-0.031463,0.034919,1.507535,0.004639,-0.002197,-0.000488,0,0,0,0,3000,3000,3000,3000,0,233,-347,0-20,0,0,0
97.928284,1.117188,-2.738281,0.000000,0.039999,0.109999,0.016880,-0.031463,0.034919,1.507535,0.001465,-0.002197,0.000488,0,0,0,0,3000,3000,3000,3000,0,235,-347,0-20,0,0,0
97.930237,1.117188,-2.738281,0.000000,0.039999,0.109999,0.017067,-0.031463,0.034919,1.507535,-0.002930,0.000488,0.000977,0,0,0,0,3000,3000,3000,3000,0,238,-349,0-20,0,0,0
97.932182,1.117188,-2.738281,0.000000,0.039999,0.109999,0.010689,-0.031463,0.034919,1.507535,0.006592,0.000000,0.002686,0,0,0,0,3000,3000,3000,3000,0,232,-349,0-20,0,0,0
97.934151,1.117188,-2.738281,0.000000,0.039999,0.109999,0.010872,-0.031463,0.034919,1.507535,-0.004395,-0.000977,0.000000,0,0,0,0,3000,3000,3000,3000,0,239,-348,0-20,0,0,0
97.936096,1.117188,-2.738281,0.000000,0.039999,0.109999,0.010950,-0.031463,0.034919,1.507535,0.001953,-0.001465,-0.002686,0,0,0,0,3000,3000,3000,3000,0,235,-348,0-20,0,0,0
97.938072,1.117188,-2.738281,0.000000,0.039999,0.109999,0.010916,-0.031463,0.034919,1.507535,-0.000732,-0.000977,-0.001221,0,0,0,0,3000,3000,3000,3000,0,237,-348,0-20,0,0,0
97.940002,1.117188,-2.738281,0.000000,0.039999,0.109999,0.011034,-0.031463,0.034919,1.507535,-0.004883,-0.001465,0.000977,0,0,0,0,3000,3000,3000,3000,0,240,-347,0-20,0,0,0
97.941956,1.117188,-2.738281,0.000000,0.039999,0.109999,0.011253,-0.031463,0.034919,1.507535,0.005127,0.001709,0.001465,0,0,0,0,3000,3000,3000,3000,0,233,-351,0-20,0,0,0
97.943909,1.117188,-2.738281,0.000000,0.039999,0.109999,0.011263,-0.031463,0.034919,1.507535,-0.004395,-0.000488,-0.003174,0,0,0,0,3000,3000,3000,3000,0,240,-349,0-20,0,0,0
97.945862,1.117188,-2.738281,0.000000,0.039999,0.109999,0.011646,-0.031463,0.034919,1.507535,0.004639,-0.000977,0.001465,0,0,0,0,3000,3000,3000,3000,0,233,-348,0-20,0,0,0
97.947807,1.117188,-2.738281,0.000000,0.039999,0.109999,0.011503,-0.031463,0.034919,1.507535,-0.003418,-0.000488,-0.000732,0,0,0,0,3000,3000,3000,3000,0,239,-349,0-20,0,0,0
97.949760,1.117188,-2.738281,0.000000,0.039999,0.109999,0.011673,-0.031463,0.034919,1.507535,-0.002930,0.000488,-0.001709,0,0,0,0,3000,3000,3000,3000,0,239,-350,0-20,0,0,0
97.951721,1.117188,-2.738281,0.000000,0.039999,0.109999,0.011818,-0.031463,0.034919,1.507535,0.005127,0.000000,0.000977,0,0,0,0,3000,3000,3000,3000,0,233,-349,0-20,0,0,0
97.953674,1.117188,-2.738281,0.000000,0.039999,0.109999,0.011848,-0.031463,0.034919,1.507535,-0.007080,-0.000977,0.000000,0,0,0,0,3000,3000,3000,3000,0,242,-349,0-20,0,0,0
97.955620,1.117188,-2.738281,0.000000,0.039999,0.109999,0.011915,-0.031463,0.034919,1.507535,0.005127,-0.000488,-0.000488,0,0,0,0,3000,3000,3000,3000,0,233,-349,0-20,0,0,0
97.957573,1.117188,-2.738281,0.000000,0.039999,0.109999,0.012119,-0.031463,0.034919,1.507535,0.001465,0.000977,-0.000732,0,0,0,0,3000,3000,3000,3000,0,236,-350,0-20,0,0,0
97.959534,1.117188,-2.738281,0.000000,0.039999,0.109999,0.012278,-0.031463,0.034919,1.507535,0.002930,-0.002686,-0.003174,0,0,0,0,3000,3000,3000,3000,0,234,-347,0-20,0,0,0
97.961487,1.117188,-2.738281,0.000000,0.039999,0.109999,0.012400,-0.031463,0.034919,1.507535,0.003418,-0.000977,0.000488,0,0,0,0,3000,3000,3000,3000,0,234,-348,0-20,0,0,0
97.963440,1.117188,-2.738281,0.000000,0.039999,0.109999,0.012472,-0.031463,0.034919,1.507535,-0.007568,-0.000488,-0.001709,0,0,0,0,3000,3000,3000,3000,0,242,-349,0-20,0,0,0
97.965385,1.117188,-2.738281,0.000000,0.039999,0.109999,0.012716,-0.031463,0.034919,1.507535,0.005615,0.001709,0.004150,0,0,0,0,3000,3000,3000,3000,0,232,-351,0-20,0,0,0
97.967339,1.117188,-2.738281,0.000000,0.039999,0.109999,0.012777,-0.031463,0.034919,1.507535,-0.006592,-0.000977,-0.000488,0,0,0,0,3000,3000,3000,3000,0,241,-349,0-20,0,0,0
97.969307,1.117188,-2.738281,0.000000,0.039999,0.109999,0.012825,-0.031463,0.034919,1.507535,0.004639,0.000000,-0.003174,0,0,0,0,3000,3000,3000,3000,0,233,-350,0-20,0,0,0
97.971252,1.117188,-2.738281,0.000000,0.039999,0.109999,0.013065,-0.031463,0.034919,1.507535,0.001953,0.000488,0.000488,0,0,0,0,3000,3000,3000,3000,0,235,-350,0-20,0,0,0
97.973198,1.117188,-2.738281,0.000000,0.039999,0.109999,0.013136,-0.031463,0.034919,1.507535,-0.005615,-0.000488,-0.003174,0,0,0,0,3000,3000,3000,3000,0,240,-349,0-20,0,0,0
97.975159,1.117188,-2.738281,0.000000,0.039999,0.109999,0.013212,-0.031463,0.034919,1.507535,0.008789,0.000977,0.003174,0,0,0,0,3000,3000,3000,3000,0,230,-351,0-20,0,0,0
97.977119,1.117188,-2.738281,0.000000,0.039999,0.109999,0.013321,-0.031463,0.034919,1.507535,-0.003906,-0.002197,0.001465,0,0,0,0,3000,3000,3000,3000,0,239,-348,0-20,0,0,0
97.979065,1.117188,-2.738281,0.000000,0.039999,0.109999,0.013521,-0.031463,0.034919,1.507535,0.002930,0.003662,0.001465,0,0,0,0,3000,3000,3000,3000,0,234,-353,0-20,0,0,0
97.981018,1.117188,-2.750000,0.000000,-0.059999,-0.169998,0.012213,-0.031463,0.034919,1.507535,0.002441,0.000488,-0.000488,0,0,0,0,3000,3000,3000,3000,0,234,-351,0-20,0,0,0
97.982979,1.117188,-2.750000,0.000000,-0.080000,-0.209999,0.012360,-0.031463,0.034919,1.507535,-0.003418,0.000000,-0.001709,0,0,0,0,3000,3000,3000,3000,0,239,-350,0-20,0,0,0
97.984924,1.117188,-2.750000,0.000000,-0.080000,-0.209999,0.011974,-0.031463,0.034919,1.507535,0.000244,-0.000977,0.002197,0,0,0,0,3000,3000,3000,3000,0,236,-349,0-20,0,0,0
97.986870,1.117188,-2.750000,0.000000,-0.080000,-0.209999,0.012058,-0.031463,0.034919,1.507535,-0.004883,-0.000488,-0.002197,0,0,0,0,3000,3000,3000,3000,0,240,-350,0-20,0,0,0
97.988846,1.117188,-2.750000,0.000000,-0.080000,-0.209999,0.012091,-0.031463,0.034919,1.507535,0.004150,-0.000488,0.000977,0,0,0,0,3000,3000,3000,3000,0,234,-350,0-20,0,0,0
97.990784,1.117188,-2.750000,0.000000,-0.080000,-0.209999,0.012102,-0.031463,0.034919,1.507535,-0.003906,-0.000488,-0.000732,0,0,0,0,3000,3000,3000,3000,0,240,-349,0-20,0,0,0
97.992737,1.117188,-2.750000,0.000000,-0.080000,-0.209999,0.012133,-0.031463,0.034919,1.507535,-0.004395,-0.001465,-0.002686,0,0,0,0,3000,3000,3000,3000,0,240,-348,0-20,0,0,0
97.994690,1.117188,-2.750000,0.000000,-0.080000,-0.209999,0.012070,-0.031463,0.034919,1.507535,0.005127,-0.002686,0.002197,0,0,0,0,3000,3000,3000,3000,0,234,-347,0-20,0,0,0
97.996643,1.117188,-2.750000,0.000000,-0.080000,-0.209999,0.012140,-0.031463,0.034919,1.507535,-0.007568,0.000488,0.000977,0,0,0,0,3000,3000,3000,3000,0,243,-350,0-20,0,0,0
97.998596,1.117188,-2.750000,0.000000,-0.080000,-0.209999,0.012096,-0.031463,0.034919,1.507535,0.004639,0.000977,0.000000,0,0,0,0,3000,3000,3000,3000,0,234,-350,0-20,0,0,0
98.000549,1.117188,-2.750000,0.000000,-0.080000,-0.209999,0.012196,-0.031463,0.034919,1.507535,-0.002930,-0.000488,0.001465,0,0,0,0,3000,3000,3000,3000,0,239,-349,0-20,0,0,0
98.002502,1.117188,-2.750000,0.000000,-0.080000,-0.209999,0.012232,-0.031463,0.034919,1.507535,0.001465,-0.000488,0.000488,0,0,0,0,3000,3000,3000,3000,0,236,-349,0-20,0,0,0
98.004456,1.117188,-2.750000,0.000000,-0.080000,-0.209999,0.012371,-0.031463,0.034919,1.507535,-0.001221,-0.000977,0.000977,0,0,0,0,3000,3000,3000,3000,0,238,-349,0-20,0,0,0
98.006409,1.117188,-2.750000,0.000000,-0.080000,-0.209999,0.012472,-0.031463,0.034919,1.507535,-0.001709,-0.000977,-0.001709,0,0,0,0,3000,3000,3000,3000,0,238,-349,0-20,0,0,0
98.008362,1.117188,-2.750000,0.000000,-0.080000,-0.209999,0.012524,-0.031463,0.034919,1.507535,0.005127,0.001709,0.000977,0,0,0,0,3000,3000,3000,3000,0,233,-351,0-20,0,0,0
98.010315,1.117188,-2.750000,0.000000,-0.080000,-0.209999,0.013924,-0.031463,0.034919,1.507535,-0.007080,-0.000977,-0.002197,0,0,0,0,3000,3000,3000,3000,0,242,-349,0-20,0,0,0
98.012260,1.117188,-2.750000,0.000000,-0.080000,-0.209999,0.013941,-0.031463,0.034919,1.507535,-0.000244,-0.002197,0.000000,0,0,0,0,3000,3000,3000,3000,0,237,-347,0-20,0,0,0
98.014221,1.117188,-2.750000,0.000000,-0.080000,-0.209999,0.014193,-0.031463,0.034919,1.507535,0.003418,0.000977,0.003662,0,0,0,0,3000,3000,3000,3000,0,235,-350,0-20,0,0,0
98.016167,1.117188,-2.750000,0.000000,-0.080000,-0.209999,0.014206,-0.031463,0.034919,1.507535,-0.003906,0.000977,0.000488,0,0,0,0,3000,3000,3000,3000,0,240,-350,0-20,0,0,0
98.018127,1.117188,-2.750000,0.000000,-0.080000,-0.209999,0.014151,-0.031463,0.034919,1.507535,0.004150,0.000977,0.000977,0,0,0,0,3000,3000,3000,3000,0,234,-351,0-20,0,0,0
98.020081,1.117188,-2.750000,0.000000,-0.080000,-0.209999,0.014204,-0.031463,0.034919,1.507535,-0.007080,-0.000977,-0.001221,0,0,0,0,3000,3000,3000,3000,0,242,-349,0-20,0,0,0
98.022034,1.117188,-2.750000,0.000000,-0.080000,-0.209999,0.014206,-0.031463,0.034919,1.507535,0.004150,0.000000,-0.001221,0,0,0,0,3000,3000,3000,3000,0,234,-350,0-20,0,0,0
98.023987,1.117188,-2.750000,0.000000,-0.080000,-0.209999,0.014187,-0.031463,0.034919,1.507535,-0.004883,-0.000488,-0.001709,0,0,0,0,3000,3000,3000,3000,0,240,-349,0-20,0,0,0
98.025948,1.117188,-2.738281,0.000000,0.049999,0.099998,0.014286,-0.031463,0.034919,1.507535,-0.001221,0.002197,-0.001221,0,0,0,0,3000,3000,3000,3000,0,238,-352,0-20,0,0,0
98.027893,1.117188,-2.738281,0.000000,0.049999,0.099998,0.012938,-0.031463,0.034919,1.507535,0.002441,0.000488,0.000977,0,0,0,0,3000,3000,3000,3000,0,235,-350,0-20,0,0,0
98.029846,1.117188,-2.738281,0.000000,0.049999,0.099998,0.012911,-0.031524,0.034858,1.507535,-0.006592,0.000977,-0.004883,0,0,0,0,3000,3000,3000,3000,0,242,-351,0-20,0,0,0
98.031792,1.117188,-2.738281,0.000000,0.049999,0.099998,0.013018,-0.031524,0.034858,1.507535,0.004150,-0.001465,0.000977,0,0,0,0,3000,3000,3000,3000,0,235,-348,0-20,0,0,0
98.033760,1.117188,-2.738281,0.000000,0.049999,0.099998,0.013155,-0.031524,0.034858,1.507535,-0.002930,-0.000488,0.000000,0,0,0,0,3000,3000,3000,3000,0,239,-349,0-20,0,0,0
98.035706,1.117188,-2.738281,0.000000,0.049999,0.099998,0.013145,-0.031524,0.034858,1.507535,-0.002441,0.002686,0.000000,0,0,0,0,3000,3000,3000,3000,0,239,-352,0-20,0,0,0
98.037659,1.117188,-2.738281,0.000000,0.049999,0.099998,0.013224,-0.031524,0.034858,1.507535,0.004639,-0.000488,0.002197,0,0,0,0,3000,3000,3000,3000,0,234,-349,0-20,0,0,0
98.039612,1.117188,-2.738281,0.000000,0.049999,0.099998,0.013256,-0.031524,0.034858,1.507535,-0.005615,-0.001465,-0.000732,0,0,0,0,3000,3000,3000,3000,0,241,-348,0-20,0,0,0
98.041557,1.117188,-2.738281,0.000000,0.049999,0.099998,0.013556,-0.031524,0.034858,1.507535,0.005615,-0.000977,0.000488,0,0,0,0,3000,3000,3000,3000,0,233,-348,0-20,0,0,0
98.043510,1.117188,-2.738281,0.000000,0.049999,0.099998,0.013710,-0.031524,0.034858,1.507535,-0.004883,0.000000,-0.000732,0,0,0,0,3000,3000,3000,3000,0,240,-349,0-20,0,0,0
98.045464,1.117188,-2.738281,0.000000,0.049999,0.099998,0.013868,-0.031524,0.034858,1.507535,0.004639,-0.001465,-0.001221,0,0,0,0,3000,3000,3000,3000,0,234,-348,0-20,0,0,0
98.047417,1.117188,-2.738281,0.000000,0.049999,0.099998,0.013857,-0.031524,0.034858,1.507535,-0.003418,0.000977,0.003174,0,0,0,0,3000,3000,3000,3000,0,239,-350,0-20,0,0,0
98.049377,1.117188,-2.738281,0.000000,0.049999,0.099998,0.014093,-0.031524,0.034858,1.507535,0.000244,0.001709,-0.001221,0,0,0,0,3000,3000,3000,3000,0,237,-351,0-20,0,0,0
98.051323,1.117188,-2.738281,0.000000,0.049999,0.099998,0.014366,-0.031524,0.034858,1.507535,0.008301,0.000000,0.003662,0,0,0,0,3000,3000,3000,3000,0,231,-349,0-20,0,0,0
98.053284,1.117188,-2.738281,0.000000,0.049999,0.099998,0.014288,-0.031524,0.034858,1.507535,-0.006104,-0.000488,0.000000,0,0,0,0,3000,3000,3000,3000,0,240,-349,0-20,0,0,0
98.055237,1.117188,-2.738281,0.000000,0.049999,0.099998,0.014313,-0.031524,0.034858,1.507535,0.005127,-0.000488,0.000488,0,0,0,0,3000,3000,3000,3000,0,233,-349,0-20,0,0,0
98.057182,1.117188,-2.738281,0.000000,0.049999,0.099998,0.014301,-0.031524,0.034858,1.507535,-0.001221,-0.000488,0.000977,0,0,0,0,3000,3000,3000,3000,0,237,-349,0-20,0,0,0
98.059143,1.117188,-2.738281,0.000000,0.049999,0.099998,0.014292,-0.031524,0.034858,1.507535,-0.000732,-0.000488,-0.000732,0,0,0,0,3000,3000,3000,3000,0,237,-349,0-20,0,0,0
98.061089,1.117188,-2.738281,0.000000,0.049999,0.099998,0.014616,-0.031524,0.034858,1.507535,0.005127,0.002197,0.002197,0,0,0,0,3000,3000,3000,3000,0,232,-351,0-20,0,0,0
98.063042,1.117188,-2.738281,0.000000,0.049999,0.099998,0.014807,-0.031524,0.034858,1.507535,-0.006592,-0.001465,-0.001709,0,0,0,0,3000,3000,3000,3000,0,241,-348,0-20,0,0,0
98.065002,1.117188,-2.738281,0.000000,0.049999,0.099998,0.014957,-0.031524,0.034858,1.507535,0.005127,0.000000,-0.000488,0,0,0,0,3000,3000,3000,3000,0,233,-349,0-20,0,0,0
98.066956,1.117188,-2.738281,0.000000,0.049999,0.099998,0.015085,-0.031524,0.034858,1.507535,-0.006592,0.003174,0.000000,0,0,0,0,3000,3000,3000,3000,0,241,-352,0-20,0,0,0
98.068909,1.117188,-2.738281,0.000000,0.049999,0.099998,0.015238,-0.031524,0.034858,1.507535,-0.001709,-0.000977,-0.003906,0,0,0,0,3000,3000,3000,3000,0,238,-349,0-20,0,0,0
98.070862,1.117188,-2.738281,0.000000,0.049999,0.099998,0.015520,-0.031524,0.034858,1.507535,0.002441,-0.000977,0.001465,0,0,0,0,3000,3000,3000,3000,0,235,-348,0-20,0,0,0
98.072807,1.117188,-2.738281,0.000000,0.049999,0.099998,0.015732,-0.031524,0.034858,1.507535,-0.005615,0.002197,-0.000732,0,0,0,0,3000,3000,3000,3000,0,241,-351,0-20,0,0,0
98.074760,1.117188,-2.738281,0.000000,0.049999,0.099998,0.015923,-0.031524,0.034858,1.507535,0.003418,0.001709,0.000000,0,0,0,0,3000,3000,3000,3000,0,235,-351,0-20,0,0,0
98.076714,1.117188,-2.738281,0.000000,0.049999,0.099998,0.015854,-0.031524,0.034858,1.507535,-0.003906,-0.000488,0.000977,0,0,0,0,3000,3000,3000,3000,0,240,-349,0-20,0,0,0
98.078674,1.117188,-2.738281,0.000000,0.049999,0.099998,0.016035,-0.031524,0.034858,1.507535,0.001953,-0.002197,0.000977,0,0,0,0,3000,3000,3000,3000,0,236,-347,0-20,0,0,0
98.080627,1.117188,-2.738281,0.000000,0.049999,0.099998,0.016172,-0.031524,0.034858,1.507535,0.000977,0.002197,0.002197,0,0,0,0,3000,3000,3000,3000,0,236,-351,0-20,0,0,0
98.082581,1.117188,-2.738281,0.000000,0.049999,0.099998,0.016354,-0.031524,0.034858,1.507535,-0.003906,0.000488,-0.001709,0,0,0,0,3000,3000,3000,3000,0,240,-350,0-20,0,0,0
98.084526,1.117188,-2.738281,0.000000,0.049999,0.099998,0.016552,-0.031524,0.034858,1.507535,0.002930,-0.002686,-0.000488,0,0,0,0,3000,3000,3000,3000,0,235,-347,0-20,0,0,0
98.086479,1.117188,-2.738281,0.000000,0.049999,0.099998,0.016546,-0.031524,0.034858,1.507535,-0.004883,-0.000488,-0.000732,0,0,0,0,3000,3000,3000,3000,0,241,-349,0-20,0,0,0
98.088448,1.117188,-2.738281,0.000000,0.049999,0.099998,0.015795,-0.031524,0.034858,1.507535,0.005127,-0.003662,0.000000,0,0,0,0,3000,3000,3000,3000,0,233,-345,0-20,0,0,0
98.090393,1.117188,-2.738281,0.000000,0.049999,0.099998,0.016132,-0.031524,0.034858,1.507535,-0.000732,0.002197,0.002197,0,0,0,0,3000,3000,3000,3000,0,237,-351,0-20,0,0,0
98.092346,1.117188,-2.738281,0.000000,0.049999,0.099998,0.016018,-0.031524,0.034858,1.507535,-0.005615,0.000977,-0.002197,0,0,0,0,3000,3000,3000,3000,0,241,-350,0-20,0,0,0
98.094292,1.117188,-2.738281,0.000000,0.049999,0.099998,0.016090,-0.031524,0.034858,1.507535,0.002441,-0.001465,-0.000732,0,0,0,0,3000,3000,3000,3000,0,235,-347,0-20,0,0,0
98.096245,1.117188,-2.738281,0.000000,0.049999,0.099998,0.016308,-0.031524,0.034858,1.507535,-0.006104,-0.000977,0.001465,0,0,0,0,3000,3000,3000,3000,0,242,-348,0-20,0,0,0
98.098206,1.117188,-2.738281,0.000000,0.049999,0.099998,0.016460,-0.031524,0.034858,1.507535,0.007812,-0.003174,0.002686,0,0,0,0,3000,3000,3000,3000,0,232,-346,0-20,0,0,0
98.100159,1.117188,-2.738281,0.000000,0.049999,0.099998,0.016464,-0.031524,0.034858,1.507535,-0.002441,-0.000977,-0.001221,0,0,0,0,3000,3000,3000,3000,0,239,-347,0-20,0,0,0
98.102112,1.117188,-2.738281,0.000000,0.049999,0.099998,0.016485,-0.031524,0.034858,1.507535,0.000244,0.000488,-0.000732,0,0,0,0,3000,3000,3000,3000,0,237,-349,0-20,0,0,0
98.104057,1.117188,-2.738281,0.000000,0.049999,0.099998,0.016399,-0.031524,0.034858,1.507535,0.001953,-0.000977,0.000000,0,0,0,0,3000,3000,3000,3000,0,235,-347,0-20,0,0,0
98.106018,1.117188,-2.738281,0.000000,0.049999,0.099998,0.016504,-0.031524,0.034858,1.507535,-0.004883,-0.000977,-0.002197,0,0,0,0,3000,3000,3000,3000,0,240,-347,0-20,0,0,0
98.107964,1.117188,-2.738281,0.000000,0.049999,0.099998,0.016619,-0.031524,0.034858,1.507535,0.005127,-0.000488,0.003174,0,0,0,0,3000,3000,3000,3000,0,233,-348,0-20,0,0,0
98.109924,1.117188,-2.738281,0.000000,0.049999,0.099998,0.016611,-0.031524,0.034858,1.507535,-0.005615,0.000000,-0.001709,0,0,0,0,3000,3000,3000,3000,0,241,-348,0-20,0,0,0
98.111870,1.117188,-2.738281,0.000000,0.049999,0.099998,0.016781,-0.031524,0.034858,1.507535,0.001465,0.000977,0.000977,0,0,0,0,3000,3000,3000,3000,0,236,-349,0-20,0,0,0
98.113823,1.117188,-2.738281,0.000000,0.049999,0.099998,0.016932,-0.031524,0.034858,1.507535,0.000977,0.000488,0.002686,0,0,0,0,3000,3000,3000,3000,0,236,-349,0-20,0,0,0
98.115776,1.117188,-2.738281,0.000000,0.049999,0.099998,0.016911,-0.031524,0.034858,1.507535,-0.005615,-0.000488,-0.001221,0,0,0,0,3000,3000,3000,3000,0,241,-348,0-20,0,0,0
98.117737,1.117188,-2.738281,0.000000,0.049999,0.099998,0.016932,-0.031524,0.034858,1.507535,0.005127,0.002197,0.000000,0,0,0,0,3000,3000,3000,3000,0,233,-351,0-20,0,0,0
98.119690,1.117188,-2.738281,0.000000,0.049999,0.099998,0.017002,-0.031524,0.034858,1.507535,-0.006592,-0.000488,-0.001221,0,0,0,0,3000,3000,3000,3000,0,242,-349,0-20,0,0,0
98.121635,1.117188,-2.738281,0.000000,0.049999,0.099998,0.017179,-0.031524,0.034858,1.507535,0.010010,-0.000488,0.000488,0,0,0,0,3000,3000,3000,3000,0,230,-349,0-20,0,0,0
98.123596,1.117188,-2.738281,0.000000,0.049999,0.099998,0.017109,-0.031524,0.034858,1.507535,-0.002930,0.002197,0.000000,0,0,0,0,3000,3000,3000,3000,0,239,-351,0-20,0,0,0
98.125542,1.117188,-2.738281,0.000000,0.049999,0.099998,0.017323,-0.031524,0.034858,1.507535,-0.000732,0.000488,-0.001221,0,0,0,0,3000,3000,3000,3000,0,237,-350,0-20,0,0,0
98.127502,1.117188,-2.738281,0.000000,0.049999,0.099998,0.017305,-0.031524,0.034858,1.507535,0.003418,-0.000977,0.000488,0,0,0,0,3000,3000,3000,3000,0,234,-349,0-20,0,0,0
98.129456,1.117188,-2.738281,0.000000,0.049999,0.099998,0.017315,-0.031524,0.034858,1.507535,-0.006592,0.000488,-0.002686,0,0,0,0,3000,3000,3000,3000,0,241,-350,0-20,0,0,0
98.131409,1.117188,-2.738281,0.000000,0.049999,0.099998,0.017569,-0.031524,0.034858,1.507535,0.004150,0.000000,0.000488,0,0,0,0,3000,3000,3000,3000,0,234,-350,0-20,0,0,0
98.133362,1.117188,-2.738281,0.000000,0.049999,0.099998,0.017548,-0.031524,0.034858,1.507535,-0.003418,0.002197,0.000488,0,0,0,0,3000,3000,3000,3000,0,239,-352,0-20,0,0,0
98.135307,1.117188,-2.738281,0.000000,0.049999,0.099998,0.017550,-0.031524,0.034858,1.507535,-0.000732,-0.000488,-0.002197,0,0,0,0,3000,3000,3000,3000,0,237,-349,0-20,0,0,0
98.137268,1.117188,-2.738281,0.000000,0.049999,0.099998,0.017759,-0.031524,0.034858,1.507535,0.004150,0.000488,0.003174,0,0,0,0,3000,3000,3000,3000,0,234,-350,0-20,0,0,0
98.139221,1.117188,-2.738281,0.000000,0.049999,0.099998,0.017841,-0.031524,0.034858,1.507535,-0.004395,0.002197,-0.000488,0,0,0,0,3000,3000,3000,3000,0,240,-352,0-20,0,0,0
98.141167,1.117188,-2.738281,0.000000,0.049999,0.099998,0.017942,-0.031524,0.034858,1.507535,0.004639,0.000000,0.002197,0,0,0,0,3000,3000,3000,3000,0,233,-350,0-20,0,0,0
98.143127,1.117188,-2.738281,0.000000,0.049999,0.099998,0.018000,-0.031524,0.034858,1.507535,-0.005615,0.000488,-0.000488,0,0,0,0,3000,3000,3000,3000,0,241,-350,0-20,0,0,0
98.145073,1.117188,-2.738281,0.000000,0.049999,0.099998,0.018112,-0.031524,0.034858,1.507535,0.001953,-0.002197,-0.000732,0,0,0,0,3000,3000,3000,3000,0,236,-348,0-20,0,0,0
98.147034,1.117188,-2.738281,0.000000,0.049999,0.099998,0.018196,-0.031524,0.034858,1.507535,0.002441,-0.003174,0.001465,0,0,0,0,3000,3000,3000,3000,0,235,-346,0-20,0,0,0
98.148987,1.117188,-2.738281,0.000000,0.049999,0.099998,0.018290,-0.031524,0.034858,1.507535,-0.006592,0.000977,-0.001709,0,0,0,0,3000,3000,3000,3000,0,241,-350,0-20,0,0,0
98.150932,1.117188,-2.738281,0.000000,0.049999,0.099998,0.018515,-0.031524,0.034858,1.507535,0.009277,0.000000,0.000000,0,0,0,0,3000,3000,3000,3000,0,230,-349,0-20,0,0,0
98.152908,1.117188,-2.738281,0.000000,0.039999,0.139999,0.018526,-0.031524,0.034858,1.507535,-0.006104,0.000488,-0.000488,0,0,0,0,3000,3000,3000,3000,0,241,-350,0-20,0,0,0
98.154846,1.117188,-2.738281,0.000000,0.039999,0.139999,0.014523,-0.031423,0.034848,1.507324,0.002441,0.001709,0.001465,0,0,0,0,3000,3000,3000,3000,0,235,-351,0-20,0,0,0
98.156792,1.117188,-2.738281,0.000000,0.039999,0.139999,0.014635,-0.031524,0.034858,1.507535,0.000244,0.000000,-0.000732,0,0,0,0,3000,3000,3000,3000,0,237,-349,0-20,0,0,0
98.158752,1.117188,-2.738281,0.000000,0.039999,0.139999,0.014536,-0.031524,0.034858,1.507535,0.000244,0.000488,-0.003174,0,0,0,0,3000,3000,3000,3000,0,236,-350,0-20,0,0,0
98.160698,1.117188,-2.738281,0.000000,0.039999,0.139999,0.014849,-0.031524,0.034858,1.507535,0.003418,0.000000,0.000977,0,0,0,0,3000,3000,3000,3000,0,234,-349,0-20,0,0,0
98.162659,1.117188,-2.738281,0.000000,0.039999,0.139999,0.014759,-0.031524,0.034858,1.507535,-0.006592,-0.002197,-0.000488,0,0,0,0,3000,3000,3000,3000,0,241,-347,0-20,0,0,0
98.164612,1.117188,-2.738281,0.000000,0.039999,0.139999,0.015017,-0.031524,0.034858,1.507535,0.006104,0.000000,0.003174,0,0,0,0,3000,3000,3000,3000,0,232,-349,0-20,0,0,0
98.166557,1.117188,-2.738281,0.000000,0.039999,0.139999,0.016106,-0.031524,0.034858,1.507535,-0.001709,0.000488,-0.000732,0,0,0,0,3000,3000,3000,3000,0,238,-349,0-20,0,0,0
98.168518,1.117188,-2.738281,0.000000,0.039999,0.139999,0.016350,-0.031524,0.034858,1.507535,-0.001709,-0.000488,-0.000488,0,0,0,0,3000,3000,3000,3000,0,238,-349,0-20,0,0,0
98.170464,1.117188,-2.738281,0.000000,0.039999,0.139999,0.016394,-0.031524,0.034858,1.507535,0.005615,0.003174,0.001465,0,0,0,0,3000,3000,3000,3000,0,233,-352,0-20,0,0,0
98.172424,1.117188,-2.738281,0.000000,0.039999,0.139999,0.016575,-0.031423,0.034848,1.507324,-0.005615,-0.002686,0.000488,0,0,0,0,3000,3000,3000,3000,0,241,-347,0-20,0,0,0
98.174370,1.117188,-2.738281,0.000000,0.039999,0.139999,0.016638,-0.031524,0.034858,1.507535,0.002930,-0.001465,0.002197,0,0,0,0,3000,3000,3000,3000,0,235,-348,0-20,0,0,0
98.176331,1.117188,-2.738281,0.000000,0.039999,0.139999,0.016544,-0.031524,0.034858,1.507535,-0.002930,0.002686,-0.000488,0,0,0,0,3000,3000,3000,3000,0,239,-351,0-20,0,0,0
98.178284,1.117188,-2.738281,0.000000,0.039999,0.139999,0.016678,-0.031524,0.034858,1.507535,0.006592,-0.000977,-0.000732,0,0,0,0,3000,3000,3000,3000,0,232,-348,0-20,0,0,0
98.180237,1.117188,-2.738281,0.000000,0.039999,0.139999,0.016813,-0.031524,0.034858,1.507535,0.000244,-0.002686,0.001465,0,0,0,0,3000,3000,3000,3000,0,236,-346,0-20,0,0,0
98.182190,1.117188,-2.738281,0.000000,0.039999,0.139999,0.016771,-0.031524,0.034858,1.507535,-0.004883,-0.000977,-0.000488,0,0,0,0,3000,3000,3000,3000,0,240,-348,0-20,0,0,0
98.184135,1.117188,-2.738281,0.000000,0.039999,0.139999,0.016899,-0.031524,0.034858,1.507535,0.003418,-0.005859,0.001465,0,0,0,0,3000,3000,3000,3000,0,234,-343,0-20,0,0,0
98.186089,1.117188,-2.738281,0.000000,0.039999,0.139999,0.016735,-0.031524,0.034858,1.507535,-0.005615,0.004150,-0.003174,0,0,0,0,3000,3000,3000,3000,0,241,-352,0-20,0,0,0
98.188065,1.117188,-2.738281,0.000000,0.039999,0.139999,0.016911,-0.031524,0.034858,1.507535,-0.002930,0.003174,0.000000,0,0,0,0,3000,3000,3000,3000,0,239,-351,0-20,0,0,0
98.190002,1.117188,-2.738281,0.000000,0.039999,0.139999,0.016865,-0.031524,0.034858,1.507535,0.007812,-0.002197,-0.000732,0,0,0,0,3000,3000,3000,3000,0,232,-347,0-20,0,0,0
98.191956,1.117188,-2.738281,0.000000,0.039999,0.139999,0.016720,-0.031524,0.034858,1.507535,-0.005615,0.001709,0.000488,0,0,0,0,3000,3000,3000,3000,0,241,-351,0-20,0,0,0
98.193909,1.117188,-2.738281,0.000000,0.039999,0.139999,0.017040,-0.031524,0.034858,1.507535,0.020020,0.001709,0.002197,0,0,0,0,3000,3000,3000,3000,0,222,-351,0-20,0,0,0
98.195862,1.117188,-2.738281,0.000000,0.039999,0.139999,0.016926,-0.031524,0.034858,1.507535,-0.002441,-0.004150,-0.001709,0,0,0,0,3000,3000,3000,3000,0,237,-345,0-20,0,0,0
98.197807,1.117188,-2.738281,0.000000,0.039999,0.139999,0.017244,-0.031524,0.034858,1.507535,-0.000244,0.002197,0.004150,0,0,0,0,3000,3000,3000,3000,0,236,-351,0-20,0,0,0
98.199760,1.117188,-2.738281,0.000000,0.039999,0.139999,0.017569,-0.031524,0.034858,1.507535,0.008301,-0.007324,0.000000,0,0,0,0,3000,3000,3000,3000,0,230,-342,0-20,0,0,0
98.201714,1.117188,-2.738281,0.000000,0.039999,0.139999,0.017464,-0.031524,0.034858,1.507535,-0.009766,0.004150,0.000488,0,0,0,0,3000,3000,3000,3000,0,242,-352,0-20,0,0,0
98.203667,1.117188,-2.738281,0.000000,0.039999,0.139999,0.017548,-0.031524,0.034858,1.507535,0.001465,0.000977,0.002686,0,0,0,0,3000,3000,3000,3000,0,235,-350,0-20,0,0,0
98.205620,1.117188,-2.738281,0.000000,0.039999,0.139999,0.017559,-0.031524,0.034858,1.507535,-0.002930,-0.002686,-0.002197,0,0,0,0,3000,3000,3000,3000,0,239,-346,0-20,0,0,0
98.207581,1.117188,-2.738281,0.000000,0.039999,0.139999,0.017689,-0.031524,0.034858,1.507535,-0.004395,0.000977,-0.001709,0,0,0,0,3000,3000,3000,3000,0,240,-350,0-20,0,0,0
98.209534,1.117188,-2.738281,0.000000,0.039999,0.139999,0.017855,-0.031524,0.034858,1.507535,0.002930,-0.005859,-0.004395,0,0,0,0,3000,3000,3000,3000,0,235,-343,0-20,0,0,0
98.211479,1.117188,-2.738281,0.000000,0.039999,0.139999,0.017761,-0.031524,0.034858,1.507535,-0.002441,-0.002686,-0.001221,0,0,0,0,3000,3000,3000,3000,0,239,-346,0-20,0,0,0
98.213432,1.117188,-2.738281,0.000000,0.039999,0.139999,0.017664,-0.031524,0.034858,1.507535,-0.007080,0.006348,0.005859,0,0,0,0,3000,3000,3000,3000,0,243,-354,0-20,0,0,0
98.215385,1.117188,-2.738281,0.000000,0.039999,0.139999,0.018009,-0.031524,0.034858,1.507535,-0.002441,-0.007324,-0.002686,0,0,0,0,3000,3000,3000,3000,0,240,-342,0-20,0,0,0
98.217339,1.117188,-2.738281,0.000000,0.039999,0.139999,0.017879,-0.031524,0.034858,1.507535,0.006104,0.000977,0.000488,0,0,0,0,3000,3000,3000,3000,0,234,-349,0-20,0,0,0
98.219292,1.117188,-2.738281,0.000000,0.039999,0.139999,0.017780,-0.031524,0.034858,1.507535,-0.003906,0.009521,0.002686,0,0,0,0,3000,3000,3000,3000,0,241,-358,0-20,0,0,0
98.221245,1.117188,-2.738281,0.000000,0.039999,0.139999,0.017883,-0.031524,0.034858,1.507535,0.004639,-0.003174,0.002686,0,0,0,0,3000,3000,3000,3000,0,234,-347,0-20,0,0,0
98.223206,1.117188,-2.738281,0.000000,0.039999,0.139999,0.017616,-0.031524,0.034858,1.507535,0.010986,0.000000,0.001465,0,0,0,0,3000,3000,3000,3000,0,229,-350,0-20,0,0,0
98.225159,1.117188,-2.738281,0.000000,0.039999,0.139999,0.017704,-0.031524,0.034858,1.507535,-0.003418,-0.001465,0.000488,0,0,0,0,3000,3000,3000,3000,0,239,-348,0-20,0,0,0
98.227112,1.117188,-2.738281,0.000000,0.080000,0.219999,0.017918,-0.031524,0.034858,1.507535,0.003418,-0.003662,0.000000,0,0,0,0,3000,3000,3000,3000,0,234,-346,0-20,0,0,0
98.229073,1.117188,-2.738281,0.000000,0.080000,0.219999,0.013027,-0.031524,0.034858,1.507535,-0.009766,-0.003662,-0.000488,0,0,0,0,3000,3000,3000,3000,0,243,-345,0-20,0,0,0
98.231010,1.117188,-2.738281,0.000000,0.080000,0.219999,0.013243,-0.031524,0.034858,1.507535,0.001953,-0.000488,-0.001709,0,0,0,0,3000,3000,3000,3000,0,236,-348,0-20,0,0,0
98.232971,1.117188,-2.738281,0.000000,0.080000,0.219999,0.013062,-0.031524,0.034858,1.507535,-0.000732,0.000977,-0.002686,0,0,0,0,3000,3000,3000,3000,0,238,-349,0-20,0,0,0
98.234917,1.117188,-2.738281,0.000000,0.080000,0.219999,0.012953,-0.031524,0.034858,1.507535,-0.014648,-0.002197,-0.003174,0,0,0,0,3000,3000,3000,3000,0,248,-347,0-20,0,0,0
98.236885,1.117188,-2.738281,0.000000,0.080000,0.219999,0.013233,-0.031524,0.034858,1.507535,0.008301,0.001709,-0.000732,0,0,0,0,3000,3000,3000,3000,0,232,-350,0-20,0,0,0
98.238838,1.117188,-2.738281,0.000000,0.080000,0.219999,0.013262,-0.031524,0.034858,1.507535,-0.004883,0.002686,-0.005859,0,0,0,0,3000,3000,3000,3000,0,242,-351,0-20,0,0,0
98.240784,1.117188,-2.738281,0.000000,0.080000,0.219999,0.013479,-0.031524,0.034858,1.507535,0.001465,0.000977,0.000977,0,0,0,0,3000,3000,3000,3000,0,237,-350,0-20,0,0,0
98.242737,1.117188,-2.738281,0.000000,0.080000,0.219999,0.013672,-0.031524,0.034858,1.507535,0.002930,0.002197,-0.001709,0,0,0,0,3000,3000,3000,3000,0,236,-352,0-20,0,0,0
98.244682,1.117188,-2.738281,0.000000,0.080000,0.219999,0.014612,-0.031524,0.034858,1.507535,0.001953,0.003662,0.003662,0,0,0,0,3000,3000,3000,3000,0,236,-353,0-20,0,0,0
98.246643,1.117188,-2.738281,0.000000,0.080000,0.219999,0.014629,-0.031524,0.034858,1.507535,0.006592,0.003174,0.002197,0,0,0,0,3000,3000,3000,3000,0,232,-353,0-20,0,0,0
98.248596,1.117188,-2.738281,0.000000,0.080000,0.219999,0.014652,-0.031524,0.034858,1.507535,0.001953,0.003174,-0.001709,0,0,0,0,3000,3000,3000,3000,0,235,-354,0-20,0,0,0
98.250557,1.117188,-2.738281,0.000000,0.080000,0.219999,0.014793,-0.031524,0.034858,1.507535,0.010498,0.005859,0.006836,0,0,0,0,3000,3000,3000,3000,0,228,-357,0-20,0,0,0
98.252502,1.117188,-2.738281,0.000000,0.080000,0.219999,0.014784,-0.031524,0.034858,1.507535,0.001465,-0.004883,-0.000488,0,0,0,0,3000,3000,3000,3000,0,234,-347,0-20,0,0,0
98.254456,1.117188,-2.738281,0.000000,0.080000,0.219999,0.014894,-0.031524,0.034858,1.507535,0.001465,-0.008057,0.000977,0,0,0,0,3000,3000,3000,3000,0,234,-343,0-20,0,0,0
98.256401,1.117188,-2.738281,0.000000,0.080000,0.219999,0.014923,-0.031524,0.034858,1.507535,0.000977,-0.003174,-0.000488,0,0,0,0,3000,3000,3000,3000,0,234,-347,0-20,0,0,0
98.258362,1.117188,-2.738281,0.000000,0.080000,0.219999,0.014975,-0.031524,0.034858,1.507535,-0.004395,-0.004883,-0.000488,0,0,0,0,3000,3000,3000,3000,0,239,-344,0-20,0,0,0
98.260307,1.117188,-2.738281,0.000000,0.080000,0.219999,0.015217,-0.031524,0.034858,1.507535,-0.005615,-0.000488,-0.000488,0,0,0,0,3000,3000,3000,3000,0,240,-348,0-20,0,0,0
98.262260,1.117188,-2.738281,0.000000,0.080000,0.219999,0.015154,-0.031524,0.034858,1.507535,-0.004883,0.003662,-0.004883,0,0,0,0,3000,3000,3000,3000,0,240,-352,0-20,0,0,0
98.264214,1.117188,-2.738281,0.000000,0.080000,0.219999,0.015316,-0.031524,0.034858,1.507535,-0.003418,-0.002686,-0.000732,0,0,0,0,3000,3000,3000,3000,0,240,-346,0-20,0,0,0
98.266167,1.117188,-2.738281,0.000000,0.080000,0.219999,0.015327,-0.031524,0.034858,1.507535,-0.003418,0.000000,-0.000732,0,0,0,0,3000,3000,3000,3000,0,240,-349,0-20,0,0,0
98.268127,1.117188,-2.738281,0.000000,0.080000,0.219999,0.015406,-0.031524,0.034858,1.507535,0.000977,-0.000488,-0.002686,0,0,0,0,3000,3000,3000,3000,0,237,-348,0-20,0,0,0
98.270081,1.117188,-2.738281,0.000000,0.080000,0.219999,0.015766,-0.031524,0.034858,1.507535,0.002441,0.008057,0.000000,0,0,0,0,3000,3000,3000,3000,0,236,-356,0-20,0,0,0
98.272026,1.117188,-2.738281,0.000000,0.080000,0.219999,0.015711,-0.031524,0.034858,1.507535,0.000977,0.005371,-0.001221,0,0,0,0,3000,3000,3000,3000,0,237,-355,0-20,0,0,0
98.273979,1.117188,-2.738281,0.000000,0.080000,0.219999,0.015846,-0.031524,0.034858,1.507535,0.007324,0.002197,0.003174,0,0,0,0,3000,3000,3000,3000,0,232,-353,0-20,0,0,0
98.275932,1.117188,-2.738281,0.000000,0.080000,0.219999,0.015923,-0.031524,0.034858,1.507535,-0.003418,0.006348,0.001465,0,0,0,0,3000,3000,3000,3000,0,239,-357,0-20,0,0,0
98.277885,1.117188,-2.738281,0.000000,0.080000,0.219999,0.015881,-0.031524,0.034858,1.507535,0.000977,-0.002686,-0.000488,0,0,0,0,3000,3000,3000,3000,0,236,-349,0-20,0,0,0
98.279839,1.117188,-2.738281,0.000000,0.080000,0.219999,0.015942,-0.031524,0.034858,1.507535,-0.005615,-0.002686,0.003662,0,0,0,0,3000,3000,3000,3000,0,241,-348,0-20,0,0,0
98.281799,1.117188,-2.738281,0.000000,0.080000,0.219999,0.015871,-0.031524,0.034858,1.507535,-0.002441,0.000488,-0.002686,0,0,0,0,3000,3000,3000,3000,0,239,-351,0-20,0,0,0
98.283752,1.117188,-2.738281,0.000000,0.080000,0.219999,0.016047,-0.031524,0.034858,1.507535,0.000244,-0.001465,0.002686,0,0,0,0,3000,3000,3000,3000,0,237,-349,0-20,0,0,0
98.285706,1.117188,-2.738281,0.000000,0.080000,0.219999,0.016132,-0.031524,0.034858,1.507535,-0.009277,-0.002686,-0.002197,0,0,0,0,3000,3000,3000,3000,0,244,-347,0-20,0,0,0
98.287659,1.117188,-2.738281,0.000000,0.080000,0.219999,0.016327,-0.031524,0.034858,1.507535,0.005127,0.003662,-0.000732,0,0,0,0,3000,3000,3000,3000,0,235,-353,0-20,0,0,0
98.289612,1.117188,-2.738281,0.000000,0.080000,0.219999,0.016312,-0.031524,0.034858,1.507535,-0.010254,-0.002686,0.000488,0,0,0,0,3000,3000,3000,3000,0,245,-347,0-20,0,0,0
98.291557,1.117188,-2.738281,0.000000,0.080000,0.219999,0.016413,-0.031524,0.034858,1.507535,0.000244,-0.005371,-0.001709,0,0,0,0,3000,3000,3000,3000,0,238,-344,0-20,0,0,0
98.293510,1.117188,-2.738281,0.000000,0.080000,0.219999,0.016798,-0.031524,0.034858,1.507535,0.005127,0.000488,0.000000,0,0,0,0,3000,3000,3000,3000,0,235,-349,0-20,0,0,0
98.295471,1.117188,-2.738281,0.000000,0.080000,0.219999,0.016872,-0.031524,0.034858,1.507535,-0.002930,0.009033,-0.000732,0,0,0,0,3000,3000,3000,3000,0,240,-357,0-20,0,0,0
98.297417,1.117188,-2.738281,0.000000,0.080000,0.219999,0.017069,-0.031524,0.034858,1.507535,0.010498,-0.004150,0.000977,0,0,0,0,3000,3000,3000,3000,0,230,-345,0-20,0,0,0
98.299377,1.117188,-2.738281,0.000000,0.080000,0.219999,0.017128,-0.031524,0.034858,1.507535,-0.003906,0.002686,0.002686,0,0,0,0,3000,3000,3000,3000,0,240,-352,0-20,0,0,0
98.301323,1.117188,-2.738281,0.000000,0.080000,0.219999,0.017176,-0.031524,0.034858,1.507535,0.001953,0.010010,0.002197,0,0,0,0,3000,3000,3000,3000,0,235,-359,0-20,0,0,0
98.303284,1.117188,-2.738281,0.000000,0.080000,0.219999,0.017344,-0.031524,0.034858,1.507535,0.010010,-0.002197,0.002686,0,0,0,0,3000,3000,3000,3000,0,229,-348,0-20,0,0,0
98.305229,1.117188,-2.738281,0.000000,0.080000,0.219999,0.017559,-0.031524,0.034858,1.507535,-0.009766,-0.003662,0.001465,0,0,0,0,3000,3000,3000,3000,0,243,-347,0-20,0,0,0
98.307182,1.117188,-2.738281,0.000000,0.080000,0.219999,0.017595,-0.031524,0.034858,1.507535,0.005127,0.005371,-0.000488,0,0,0,0,3000,3000,3000,3000,0,233,-355,0-20,0,0,0
98.309143,1.117188,-2.738281,0.000000,0.080000,0.219999,0.017712,-0.031524,0.034858,1.507535,-0.007568,-0.003174,-0.000732,0,0,0,0,3000,3000,3000,3000,0,242,-347,0-20,0,0,0
98.311089,1.117188,-2.738281,0.000000,0.080000,0.219999,0.017580,-0.031524,0.034858,1.507535,-0.001221,-0.001465,-0.005859,0,0,0,0,3000,3000,3000,3000,0,238,-348,0-20,0,0,0
98.313042,1.117188,-2.738281,0.000000,0.080000,0.219999,0.017765,-0.031524,0.034858,1.507535,0.001465,0.002686,-0.001221,0,0,0,0,3000,3000,3000,3000,0,236,-352,0-20,0,0,0
98.314995,1.117188,-2.738281,0.000000,0.080000,0.219999,0.017910,-0.031524,0.034858,1.507535,-0.012451,-0.001465,-0.000488,0,0,0,0,3000,3000,3000,3000,0,246,-348,0-20,0,0,0
98.316948,1.117188,-2.738281,0.000000,0.080000,0.219999,0.018047,-0.031524,0.034858,1.507535,0.014648,-0.004883,-0.000488,0,0,0,0,3000,3000,3000,3000,0,227,-344,0-20,0,0,0
98.318909,1.117188,-2.738281,0.000000,0.080000,0.219999,0.018166,-0.031524,0.034858,1.507535,-0.008301,-0.001465,0.000977,0,0,0,0,3000,3000,3000,3000,0,243,-347,0-20,0,0,0
98.320862,1.117188,-2.738281,0.000000,0.080000,0.219999,0.018024,-0.031524,0.034858,1.507535,0.008789,-0.002686,0.002686,0,0,0,0,3000,3000,3000,3000,0,231,-345,0-20,0,0,0
98.322807,1.117188,-2.738281,0.000000,0.080000,0.219999,0.017845,-0.031524,0.034858,1.507535,0.002441,0.000488,0.004150,0,0,0,0,3000,3000,3000,3000,0,235,-348,0-20,0,0,0
98.324760,1.117188,-2.738281,0.000000,0.080000,0.219999,0.017717,-0.031524,0.034858,1.507535,-0.007568,0.000000,-0.000488,0,0,0,0,3000,3000,3000,3000,0,242,-348,0-20,0,0,0
98.326714,1.117188,-2.738281,0.000000,0.080000,0.219999,0.017925,-0.031524,0.034858,1.507535,0.010986,0.000488,0.000000,0,0,0,0,3000,3000,3000,3000,0,229,-348,0-20,0,0,0
98.328674,1.117188,-2.738281,0.000000,0.080000,0.219999,0.017969,-0.031524,0.034858,1.507535,-0.009766,0.002197,0.000000,0,0,0,0,3000,3000,3000,3000,0,243,-350,0-20,0,0,0
98.330627,1.117188,-2.738281,0.000000,0.080000,0.219999,0.018000,-0.031524,0.034858,1.507535,0.005127,0.000977,0.002197,0,0,0,0,3000,3000,3000,3000,0,233,-349,0-20,0,0,0
98.332581,1.117188,-2.738281,0.000000,0.080000,0.219999,0.018021,-0.031524,0.034858,1.507535,-0.003906,0.002197,-0.000488,0,0,0,0,3000,3000,3000,3000,0,239,-351,0-20,0,0,0
98.334534,1.117188,-2.738281,0.000000,0.080000,0.219999,0.017982,-0.031524,0.034858,1.507535,-0.004395,0.003174,-0.006348,0,0,0,0,3000,3000,3000,3000,0,240,-352,0-20,0,0,0
98.336487,1.117188,-2.738281,0.000000,0.080000,0.219999,0.018351,-0.031524,0.034858,1.507535,0.001953,0.002197,-0.001221,0,0,0,0,3000,3000,3000,3000,0,236,-352,0-20,0,0,0
98.338440,1.117188,-2.738281,0.000000,0.080000,0.219999,0.018623,-0.031524,0.034858,1.507535,-0.007080,0.002197,-0.000732,0,0,0,0,3000,3000,3000,3000,0,242,-352,0-20,0,0,0
98.340385,1.117188,-2.738281,0.000000,0.080000,0.219999,0.018661,-0.031524,0.034858,1.507535,0.004150,0.002197,-0.000488,0,0,0,0,3000,3000,3000,3000,0,234,-352,0-20,0,0,0
98.342339,1.117188,-2.738281,0.000000,0.080000,0.219999,0.018871,-0.031524,0.034858,1.507535,0.000244,0.000000,0.000000,0,0,0,0,3000,3000,3000,3000,0,237,-350,0-20,0,0,0
98.344299,1.117188,-2.738281,0.000000,0.080000,0.219999,0.018995,-0.031524,0.034858,1.507535,-0.001221,0.000977,-0.002686,0,0,0,0,3000,3000,3000,3000,0,238,-351,0-20,0,0,0
98.346245,1.117188,-2.738281,0.000000,0.080000,0.219999,0.019039,-0.031524,0.034858,1.507535,0.005127,-0.000488,0.003662,0,0,0,0,3000,3000,3000,3000,0,233,-349,0-20,0,0,0
98.348206,1.117188,-2.738281,0.000000,0.080000,0.219999,0.018999,-0.031524,0.034858,1.507535,-0.000732,0.000488,0.000488,0,0,0,0,3000,3000,3000,3000,0,237,-350,0-20,0,0,0
98.350151,1.117188,-2.738281,0.000000,0.080000,0.219999,0.019039,-0.031524,0.034858,1.507535,0.004639,-0.002686,0.003174,0,0,0,0,3000,3000,3000,3000,0,233,-347,0-20,0,0,0
98.352112,1.117188,-2.738281,0.000000,0.080000,0.219999,0.018997,-0.031524,0.034858,1.507535,0.002930,0.000000,-0.001709,0,0,0,0,3000,3000,3000,3000,0,234,-349,0-20,0,0,0
98.354057,1.117188,-2.738281,0.003906,0.080000,0.219999,0.019131,-0.031524,0.034858,1.507535,-0.001709,-0.000977,0.001465,0,0,0,0,3000,3000,3000,3000,0,237,-348,0-20,0,0,0
98.356010,1.117188,-2.738281,0.003906,0.080000,0.219999,0.019392,-0.031524,0.034858,1.507535,0.001465,-0.001465,0.002197,0,0,0,0,3000,3000,3000,3000,0,235,-347,0-20,0,0,0
98.357964,1.117188,-2.738281,0.003906,0.080000,0.219999,0.019314,-0.031524,0.034858,1.507535,-0.005615,0.001709,-0.005371,0,0,0,0,3000,3000,3000,3000,0,240,-350,0-20,0,0,0
98.359924,1.117188,-2.738281,0.003906,0.080000,0.219999,0.019398,-0.031524,0.034858,1.507535,0.002930,0.000977,0.000000,0,0,0,0,3000,3000,3000,3000,0,234,-350,0-20,0,0,0
98.361870,1.117188,-2.738281,0.003906,0.080000,0.219999,0.019337,-0.031524,0.034858,1.507535,-0.008301,-0.000488,-0.000488,0,0,0,0,3000,3000,3000,3000,0,243,-348,0-20,0,0,0
98.363831,1.117188,-2.738281,0.003906,0.080000,0.219999,0.019211,-0.031524,0.034858,1.507535,-0.002930,0.000000,0.000000,0,0,0,0,3000,3000,3000,3000,0,239,-349,0-20,0,0,0
98.365784,1.117188,-2.738281,0.003906,0.080000,0.219999,0.019505,-0.031524,0.034858,1.507535,-0.001709,0.000000,-0.001709,0,0,0,0,3000,3000,3000,3000,0,239,-349,0-20,0,0,0
98.367737,1.117188,-2.738281,0.003906,0.080000,0.219999,0.019497,-0.031524,0.034858,1.507535,-0.003418,0.000977,-0.003174,0,0,0,0,3000,3000,3000,3000,0,240,-350,0-20,0,0,0
98.369682,1.117188,-2.738281,0.003906,0.080000,0.219999,0.019741,-0.031524,0.034858,1.507535,0.009277,-0.003174,0.000000,0,0,0,0,3000,3000,3000,3000,0,231,-346,0-20,0,0,0
98.371635,1.117188,-2.738281,0.003906,0.080000,0.219999,0.019779,-0.031524,0.034858,1.507535,-0.006592,0.000000,-0.001221,0,0,0,0,3000,3000,3000,3000,0,242,-349,0-20,0,0,0
98.373589,1.117188,-2.738281,0.003906,0.080000,0.219999,0.019789,-0.031524,0.034858,1.507535,0.008789,-0.002197,-0.000732,0,0,0,0,3000,3000,3000,3000,0,231,-346,0-20,0,0,0
98.375542,1.117188,-2.738281,0.003906,0.080000,0.219999,0.020058,-0.031524,0.034858,1.507535,-0.003418,-0.000977,0.002197,0,0,0,0,3000,3000,3000,3000,0,239,-347,0-20,0,0,0
98.377495,1.117188,-2.738281,0.003906,0.080000,0.219999,0.020313,-0.031524,0.034858,1.507535,0.005615,-0.002686,0.000000,0,0,0,0,3000,3000,3000,3000,0,233,-346,0-20,0,0,0
98.379456,1.117188,-2.738281,0.003906,0.080000,0.219999,0.020435,-0.031524,0.034858,1.507535,0.009277,-0.000977,0.003174,0,0,0,0,3000,3000,3000,3000,0,230,-347,0-20,0,0,0
98.381409,1.117188,-2.738281,0.003906,0.080000,0.219999,0.020355,-0.031524,0.034858,1.507535,-0.006104,-0.001465,0.000000,0,0,0,0,3000,3000,3000,3000,0,240,-346,0-20,0,0,0
98.383362,1.117188,-2.738281,0.003906,0.080000,0.219999,0.020491,-0.031524,0.034858,1.507535,0.005127,0.000000,0.000977,0,0,0,0,3000,3000,3000,3000,0,232,-348,0-20,0,0,0
98.385307,1.117188,-2.738281,0.003906,0.080000,0.219999,0.020763,-0.031524,0.034858,1.507535,-0.003418,0.001709,-0.000488,0,0,0,0,3000,3000,3000,3000,0,238,-350,0-20,0,0,0
98.387268,1.117188,-2.738281,0.003906,0.080000,0.219999,0.020899,-0.031524,0.034858,1.507535,-0.001709,-0.000488,-0.002197,0,0,0,0,3000,3000,3000,3000,0,237,-348,0-20,0,0,0
98.389221,1.117188,-2.738281,0.003906,0.080000,0.219999,0.021042,-0.031524,0.034858,1.507535,0.000977,-0.001465,0.000488,0,0,0,0,3000,3000,3000,3000,0,236,-347,0-20,0,0,0
98.391174,1.117188,-2.738281,0.003906,0.080000,0.219999,0.021183,-0.031524,0.034858,1.507535,-0.006104,0.003174,0.000488,0,0,0,0,3000,3000,3000,3000,0,241,-351,0-20,0,0,0
98.393127,1.117188,-2.738281,0.003906,0.080000,0.219999,0.021217,-0.031524,0.034858,1.507535,0.004150,0.002197,0.002686,0,0,0,0,3000,3000,3000,3000,0,234,-351,0-20,0,0,0
98.395073,1.117188,-2.738281,0.003906,0.080000,0.219999,0.021280,-0.031524,0.034858,1.507535,-0.004395,0.002197,0.001465,0,0,0,0,3000,3000,3000,3000,0,240,-351,0-20,0,0,0
98.397034,1.117188,-2.738281,0.003906,0.080000,0.219999,0.021379,-0.031524,0.034858,1.507535,0.003418,0.000488,0.001465,0,0,0,0,3000,3000,3000,3000,0,235,-350,0-20,0,0,0
98.398987,1.117188,-2.738281,0.003906,0.080000,0.219999,0.021441,-0.031524,0.034858,1.507535,0.006104,-0.001465,-0.000488,0,0,0,0,3000,3000,3000,3000,0,233,-348,0-20,0,0,0
98.400932,1.117188,-2.738281,0.000000,0.080000,0.219999,0.009993,-0.031524,0.034858,1.507535,-0.002930,0.000488,0.002197,0,0,0,0,3000,3000,3000,3000,0,239,-350,0-20,0,0,0
98.402885,1.117188,-2.738281,0.000000,0.080000,0.219999,0.010015,-0.031524,0.034858,1.507535,0.007324,-0.000977,0.002686,0,0,0,0,3000,3000,3000,3000,0,231,-349,0-20,0,0,0
98.404846,1.117188,-2.738281,0.000000,0.080000,0.219999,0.010002,-0.031524,0.034858,1.507535,-0.006104,-0.000977,-0.000732,0,0,0,0,3000,3000,3000,3000,0,241,-348,0-20,0,0,0
98.406807,1.117188,-2.738281,0.000000,-0.029999,-0.109999,0.010138,-0.031524,0.034858,1.507535,0.000244,-0.002197,0.001465,0,0,0,0,3000,3000,3000,3000,0,236,-347,0-20,0,0,0
98.408752,1.117188,-2.738281,0.000000,-0.029999,-0.109999,0.008661,-0.031524,0.034858,1.507535,-0.001221,-0.000488,-0.001709,0,0,0,0,3000,3000,3000,3000,0,238,-348,0-20,0,0,0
98.410706,1.117188,-2.738281,0.000000,-0.029999,-0.109999,0.008707,-0.031524,0.034858,1.507535,-0.006104,-0.000977,-0.003906,0,0,0,0,3000,3000,3000,3000,0,241,-348,0-20,0,0,0
98.412659,1.117188,-2.738281,0.000000,-0.029999,-0.109999,0.008953,-0.031524,0.034858,1.507535,0.005615,-0.001465,0.000977,0,0,0,0,3000,3000,3000,3000,0,233,-347,0-20,0,0,0
98.414612,1.117188,-2.738281,0.000000,-0.029999,-0.109999,0.008968,-0.031524,0.034858,1.507535,-0.007568,-0.000488,-0.001221,0,0,0,0,3000,3000,3000,3000,0,243,-348,0-20,0,0,0
98.416557,1.117188,-2.738281,0.000000,-0.029999,-0.109999,0.008802,-0.031524,0.034858,1.507535,0.003418,0.000000,-0.000488,0,0,0,0,3000,3000,3000,3000,0,235,-349,0-20,0,0,0
98.418518,1.117188,-2.738281,0.000000,-0.029999,-0.109999,0.009094,-0.031524,0.034858,1.507535,-0.003418,0.000488,0.002197,0,0,0,0,3000,3000,3000,3000,0,240,-349,0-20,0,0,0
98.420464,1.117188,-2.738281,0.000000,-0.029999,-0.109999,0.009169,-0.031524,0.034858,1.507535,-0.000732,0.000977,-0.002197,0,0,0,0,3000,3000,3000,3000,0,238,-350,0-20,0,0,0
98.422417,1.117188,-2.738281,0.000000,-0.029999,-0.109999,0.009321,-0.031524,0.034858,1.507535,0.003418,0.003662,-0.001709,0,0,0,0,3000,3000,3000,3000,0,235,-353,0-20,0,0,0
98.424377,1.117188,-2.738281,0.000000,-0.029999,-0.109999,0.009380,-0.031524,0.034858,1.507535,-0.004883,0.000488,-0.001709,0,0,0,0,3000,3000,3000,3000,0,241,-350,0-20,0,0,0
98.426323,1.117188,-2.738281,0.000000,-0.029999,-0.109999,0.009426,-0.031524,0.034858,1.507535,0.009277,-0.001465,0.000977,0,0,0,0,3000,3000,3000,3000,0,231,-348,0-20,0,0,0
98.428284,1.117188,-2.738281,0.000000,-0.029999,-0.109999,0.009514,-0.031524,0.034858,1.507535,-0.002930,-0.000977,0.000488,0,0,0,0,3000,3000,3000,3000,0,239,-349,0-20,0,0,0
98.430237,1.117188,-2.738281,0.000000,-0.029999,-0.109999,0.009647,-0.031524,0.034858,1.507535,0.004150,-0.000488,-0.001709,0,0,0,0,3000,3000,3000,3000,0,234,-349,0-20,0,0,0
98.432182,1.117188,-2.738281,0.000000,-0.029999,-0.109999,0.009954,-0.031524,0.034858,1.507535,-0.001221,0.000000,0.000977,0,0,0,0,3000,3000,3000,3000,0,237,-349,0-20,0,0,0
98.434143,1.117188,-2.738281,0.000000,-0.029999,-0.109999,0.009918,-0.031524,0.034858,1.507535,-0.004883,0.001709,0.000977,0,0,0,0,3000,3000,3000,3000,0,240,-351,0-20,0,0,0
98.436089,1.117188,-2.738281,0.000000,-0.029999,-0.109999,0.010014,-0.031524,0.034858,1.507535,0.005127,0.001709,-0.000732,0,0,0,0,3000,3000,3000,3000,0,233,-351,0-20,0,0,0
98.438057,1.117188,-2.738281,0.000000,-0.029999,-0.109999,0.010031,-0.031524,0.034858,1.507535,-0.006104,0.000977,0.000000,0,0,0,0,3000,3000,3000,3000,0,241,-351,0-20,0,0,0
98.439995,1.117188,-2.738281,0.000000,-0.029999,-0.109999,0.010124,-0.031524,0.034858,1.507535,0.005127,-0.001465,0.000488,0,0,0,0,3000,3000,3000,3000,0,233,-348,0-20,0,0,0
98.441948,1.117188,-2.738281,0.000000,-0.029999,-0.109999,0.010151,-0.031524,0.034858,1.507535,-0.000244,-0.002197,-0.000732,0,0,0,0,3000,3000,3000,3000,0,237,-347,0-20,0,0,0
98.443909,1.117188,-2.738281,0.000000,-0.029999,-0.109999,0.010178,-0.031524,0.034858,1.507535,-0.000244,0.000488,-0.002197,0,0,0,0,3000,3000,3000,3000,0,237,-350,0-20,0,0,0
98.445854,1.117188,-2.738281,0.000000,-0.029999,-0.109999,0.010227,-0.031524,0.034858,1.507535,0.004639,0.000488,0.001465,0,0,0,0,3000,3000,3000,3000,0,233,-350,0-20,0,0,0
98.447807,1.117188,-2.738281,0.000000,-0.029999,-0.109999,0.010180,-0.031524,0.034858,1.507535,-0.004395,0.004150,-0.001221,0,0,0,0,3000,3000,3000,3000,0,240,-353,0-20,0,0,0
98.449760,1.117188,-2.738281,0.000000,-0.029999,-0.109999,0.010284,-0.031524,0.034858,1.507535,0.007324,-0.003662,-0.000732,0,0,0,0,3000,3000,3000,3000,0,231,-346,0-20,0,0,0
98.451714,1.117188,-2.738281,0.000000,-0.029999,-0.109999,0.010433,-0.031524,0.034858,1.507535,-0.002441,0.000000,-0.000488,0,0,0,0,3000,3000,3000,3000,0,238,-349,0-20,0,0,0
98.453667,1.117188,-2.738281,0.000000,-0.029999,-0.109999,0.010765,-0.031524,0.034858,1.507535,0.002441,0.000488,-0.000732,0,0,0,0,3000,3000,3000,3000,0,235,-350,0-20,0,0,0
98.455620,1.117188,-2.738281,0.000000,-0.029999,-0.109999,0.011126,-0.031524,0.034858,1.507535,0.006592,-0.000977,0.002197,0,0,0,0,3000,3000,3000,3000,0,231,-348,0-20,0,0,0
98.457573,1.117188,-2.738281,0.000000,-0.029999,-0.109999,0.011219,-0.031524,0.034858,1.507535,-0.007568,-0.000977,0.000488,0,0,0,0,3000,3000,3000,3000,0,241,-348,0-20,0,0,0
98.459534,1.117188,-2.738281,0.000000,-0.029999,-0.109999,0.011257,-0.031524,0.034858,1.507535,0.005127,0.000977,0.000977,0,0,0,0,3000,3000,3000,3000,0,233,-350,0-20,0,0,0
98.461479,1.117188,-2.738281,0.000000,-0.029999,-0.109999,0.011364,-0.031524,0.034858,1.507535,-0.002441,0.000977,-0.000732,0,0,0,0,3000,3000,3000,3000,0,238,-350,0-20,0,0,0
98.463440,1.117188,-2.738281,0.000000,-0.029999,-0.109999,0.011421,-0.031524,0.034858,1.507535,-0.002441,0.000488,-0.002686,0,0,0,0,3000,3000,3000,3000,0,238,-350,0-20,0,0,0
98.465393,1.117188,-2.738281,0.000000,-0.029999,-0.109999,0.011541,-0.031524,0.034858,1.507535,0.001465,0.000488,0.001465,0,0,0,0,3000,3000,3000,3000,0,236,-350,0-20,0,0,0
98.467339,1.117188,-2.738281,0.000000,-0.029999,-0.109999,0.011559,-0.031524,0.034858,1.507535,-0.001709,0.003662,0.000000,0,0,0,0,3000,3000,3000,3000,0,238,-353,0-20,0,0,0
98.469299,1.117188,-2.738281,0.000000,-0.029999,-0.109999,0.011736,-0.031524,0.034858,1.507535,0.006104,-0.000977,-0.001709,0,0,0,0,3000,3000,3000,3000,0,233,-349,0-20,0,0,0
98.471252,1.117188,-2.738281,0.000000,-0.029999,-0.109999,0.011646,-0.031524,0.034858,1.507535,-0.008789,-0.003174,-0.003174,0,0,0,0,3000,3000,3000,3000,0,243,-347,0-20,0,0,0
98.473198,1.117188,-2.738281,0.000000,-0.029999,-0.109999,0.011604,-0.031524,0.034858,1.507535,0.006104,-0.000488,0.000977,0,0,0,0,3000,3000,3000,3000,0,233,-349,0-20,0,0,0
98.475151,1.117188,-2.738281,0.000000,-0.029999,-0.109999,0.011513,-0.031524,0.034858,1.507535,-0.000244,0.000977,0.003174,0,0,0,0,3000,3000,3000,3000,0,237,-350,0-20,0,0,0
98.477104,1.117188,-2.738281,0.000000,-0.029999,-0.109999,0.011604,-0.031524,0.034858,1.507535,-0.005615,0.000977,-0.002686,0,0,0,0,3000,3000,3000,3000,0,241,-350,0-20,0,0,0
98.479065,1.117188,-2.738281,0.000000,-0.029999,-0.109999,0.011721,-0.031524,0.034858,1.507535,0.004639,0.001709,0.002686,0,0,0,0,3000,3000,3000,3000,0,234,-351,0-20,0,0,0
98.481010,1.117188,-2.738281,0.000000,-0.029999,-0.109999,0.011808,-0.031524,0.034858,1.507535,-0.007080,-0.000488,-0.000488,0,0,0,0,3000,3000,3000,3000,0,242,-349,0-20,0,0,0
98.482971,1.117188,-2.738281,0.000000,-0.029999,-0.109999,0.011930,-0.031524,0.034858,1.507535,0.002930,-0.003174,-0.000488,0,0,0,0,3000,3000,3000,3000,0,235,-346,0-20,0,0,0
98.484924,1.117188,-2.738281,0.000000,-0.029999,-0.109999,0.011946,-0.031524,0.034858,1.507535,-0.005615,-0.001465,0.000488,0,0,0,0,3000,3000,3000,3000,0,242,-348,0-20,0,0,0
98.486877,1.117188,-2.738281,0.000000,-0.029999,-0.109999,0.011902,-0.031524,0.034858,1.507535,-0.001709,0.000488,-0.001221,0,0,0,0,3000,3000,3000,3000,0,239,-349,0-20,0,0,0
98.488838,1.117188,-2.738281,0.000000,-0.029999,-0.109999,0.012075,-0.031524,0.034858,1.507535,0.001953,-0.000488,0.000488,0,0,0,0,3000,3000,3000,3000,0,237,-348,0-20,0,0,0
98.490784,1.117188,-2.738281,0.000000,-0.029999,-0.109999,0.012154,-0.031524,0.034858,1.507535,-0.006104,0.000000,-0.003174,0,0,0,0,3000,3000,3000,3000,0,242,-349,0-20,0,0,0
98.492737,1.117188,-2.738281,0.000000,-0.029999,-0.109999,0.012348,-0.031524,0.034858,1.507535,0.007812,-0.002197,0.000000,0,0,0,0,3000,3000,3000,3000,0,232,-347,0-20,0,0,0
98.494690,1.117188,-2.738281,0.000000,-0.029999,-0.109999,0.012390,-0.031524,0.034858,1.507535,-0.001709,-0.001465,0.003662,0,0,0,0,3000,3000,3000,3000,0,239,-347,0-20,0,0,0
98.496651,1.117188,-2.738281,0.000000,-0.029999,-0.109999,0.012280,-0.031524,0.034858,1.507535,-0.000732,-0.000977,-0.002686,0,0,0,0,3000,3000,3000,3000,0,238,-347,0-20,0,0,0
98.498596,1.117188,-2.738281,0.000000,-0.029999,-0.109999,0.012379,-0.031524,0.034858,1.507535,0.004639,0.000000,0.002197,0,0,0,0,3000,3000,3000,3000,0,234,-348,0-20,0,0,0
98.500549,1.117188,-2.738281,0.000000,-0.029999,-0.109999,0.012323,-0.031524,0.034858,1.507535,-0.006104,-0.002197,-0.001221,0,0,0,0,3000,3000,3000,3000,0,241,-346,0-20,0,0,0
98.502495,1.117188,-2.738281,0.000000,-0.029999,-0.109999,0.012480,-0.031524,0.034858,1.507535,0.006592,-0.000488,0.000977,0,0,0,0,3000,3000,3000,3000,0,232,-348,0-20,0,0,0
98.504448,1.117188,-2.738281,0.000000,-0.029999,-0.109999,0.012547,-0.031524,0.034858,1.507535,-0.006104,0.000488,-0.000488,0,0,0,0,3000,3000,3000,3000,0,241,-349,0-20,0,0,0
98.506409,1.117188,-2.738281,0.000000,-0.029999,-0.109999,0.012697,-0.031524,0.034858,1.507535,0.002441,-0.001465,0.001465,0,0,0,0,3000,3000,3000,3000,0,235,-347,0-20,0,0,0
98.508362,1.117188,-2.738281,0.000000,-0.029999,-0.109999,0.012808,-0.031524,0.034858,1.507535,0.000244,0.002197,-0.000488,0,0,0,0,3000,3000,3000,3000,0,237,-351,0-20,0,0,0
98.510307,1.117188,-2.738281,0.000000,-0.029999,-0.109999,0.012960,-0.031524,0.034858,1.507535,-0.003418,0.000488,-0.002686,0,0,0,0,3000,3000,3000,3000,0,239,-349,0-20,0,0,0
98.512260,1.117188,-2.738281,0.000000,-0.029999,-0.109999,0.013142,-0.031524,0.034858,1.507535,0.007324,-0.002197,0.003662,0,0,0,0,3000,3000,3000,3000,0,232,-347,0-20,0,0,0
98.514214,1.117188,-2.738281,0.000000,-0.029999,-0.109999,0.013065,-0.031524,0.034858,1.507535,-0.004883,0.003174,-0.000488,0,0,0,0,3000,3000,3000,3000,0,240,-352,0-20,0,0,0
98.516167,1.117188,-2.738281,0.000000,-0.029999,-0.109999,0.013355,-0.031524,0.034858,1.507535,0.002930,-0.000488,0.000488,0,0,0,0,3000,3000,3000,3000,0,235,-349,0-20,0,0,0
98.518127,1.117188,-2.738281,0.000000,-0.029999,-0.109999,0.013542,-0.031524,0.034858,1.507535,0.000244,0.000000,0.001465,0,0,0,0,3000,3000,3000,3000,0,236,-349,0-20,0,0,0
98.520081,1.117188,-2.738281,0.000000,-0.029999,-0.109999,0.013578,-0.031524,0.034858,1.507535,-0.001221,0.001709,-0.003174,0,0,0,0,3000,3000,3000,3000,0,237,-351,0-20,0,0,0
98.522034,1.117188,-2.738281,0.000000,-0.029999,-0.109999,0.013741,-0.031524,0.034858,1.507535,0.008301,-0.000488,-0.001221,0,0,0,0,3000,3000,3000,3000,0,231,-349,0-20,0,0,0
98.523987,1.117188,-2.738281,0.000000,-0.029999,-0.109999,0.013779,-0.031524,0.034858,1.507535,-0.004395,0.000488,-0.003174,0,0,0,0,3000,3000,3000,3000,0,239,-350,0-20,0,0,0
98.525940,1.117188,-2.738281,0.000000,-0.029999,-0.109999,0.013655,-0.031524,0.034858,1.507535,0.007324,-0.002197,0.003174,0,0,0,0,3000,3000,3000,3000,0,231,-347,0-20,0,0,0
98.527885,1.117188,-2.738281,0.000000,-0.029999,-0.109999,0.013454,-0.031524,0.034858,1.507535,-0.003418,0.000488,-0.002197,0,0,0,0,3000,3000,3000,3000,0,238,-350,0-20,0,0,0
98.529839,1.117188,-2.738281,0.000000,-0.029999,-0.109999,0.013500,-0.031524,0.034858,1.507535,0.000977,-0.004150,0.001465,0,0,0,0,3000,3000,3000,3000,0,235,-345,0-20,0,0,0
98.531799,1.117188,-2.738281,0.000000,-0.029999,-0.109999,0.013498,-0.031524,0.034858,1.507535,0.002441,-0.001465,0.000488,0,0,0,0,3000,3000,3000,3000,0,234,-347,0-20,0,0,0
98.533752,1.117188,-2.738281,0.000000,-0.029999,-0.109999,0.013403,-0.031524,0.034858,1.507535,-0.007080,0.000000,-0.000732,0,0,0,0,3000,3000,3000,3000,0,241,-349,0-20,0,0,0
98.535706,1.117188,-2.738281,0.000000,-0.029999,-0.109999,0.013563,-0.031524,0.034858,1.507535,0.007324,0.000488,0.000488,0,0,0,0,3000,3000,3000,3000,0,231,-349,0-20,0,0,0
98.537651,1.117188,-2.738281,0.000000,-0.029999,-0.109999,0.013872,-0.031524,0.034858,1.507535,-0.003906,-0.002197,-0.001709,0,0,0,0,3000,3000,3000,3000,0,239,-347,0-20,0,0,0
98.539612,1.117188,-2.738281,0.000000,-0.029999,-0.109999,0.013844,-0.031524,0.034858,1.507535,0.003418,-0.002686,-0.000732,0,0,0,0,3000,3000,3000,3000,0,234,-346,0-20,0,0,0
98.541557,1.117188,-2.738281,0.000000,-0.029999,-0.109999,0.014015,-0.031524,0.034858,1.507535,-0.001221,0.000000,0.002197,0,0,0,0,3000,3000,3000,3000,0,237,-348,0-20,0,0,0
98.543510,1.117188,-2.738281,0.000000,-0.029999,-0.109999,0.014084,-0.031524,0.034858,1.507535,-0.001221,-0.000977,-0.001709,0,0,0,0,3000,3000,3000,3000,0,237,-348,0-20,0,0,0
98.545464,1.117188,-2.738281,0.000000,-0.029999,-0.109999,0.014221,-0.031524,0.034858,1.507535,0.006592,-0.000488,-0.000732,0,0,0,0,3000,3000,3000,3000,0,232,-348,0-20,0,0,0
98.547417,1.117188,-2.738281,0.000000,-0.029999,-0.109999,0.014305,-0.031524,0.034858,1.507535,-0.006104,0.000977,-0.000488,0,0,0,0,3000,3000,3000,3000,0,241,-350,0-20,0,0,0
98.549370,1.117188,-2.738281,0.000000,-0.029999,-0.109999,0.014380,-0.031524,0.034858,1.507535,0.005615,-0.000977,0.003174,0,0,0,0,3000,3000,3000,3000,0,233,-348,0-20,0,0,0
98.551323,1.117188,-2.738281,0.000000,-0.029999,-0.109999,0.014458,-0.031524,0.034858,1.507535,-0.004395,-0.000488,0.000977,0,0,0,0,3000,3000,3000,3000,0,240,-348,0-20,0,0,0
98.553276,1.117188,-2.738281,0.000000,-0.029999,-0.109999,0.014582,-0.031524,0.034858,1.507535,-0.002441,0.002686,-0.002686,0,0,0,0,3000,3000,3000,3000,0,239,-352,0-20,0,0,0
98.555237,1.117188,-2.738281,0.000000,-0.029999,-0.109999,0.014400,-0.031524,0.034858,1.507535,0.004150,-0.000977,0.002686,0,0,0,0,3000,3000,3000,3000,0,234,-348,0-20,0,0,0
98.557190,1.117188,-2.738281,0.000000,-0.029999,-0.109999,0.009798,-0.031524,0.034858,1.507535,-0.004883,0.000000,-0.000488,0,0,0,0,3000,3000,3000,3000,0,241,-349,0-20,0,0,0
98.559135,1.117188,-2.738281,0.000000,-0.029999,-0.109999,0.010101,-0.031524,0.034858,1.507535,0.004150,0.000977,-0.000732,0,0,0,0,3000,3000,3000,3000,0,234,-350,0-20,0,0,0
98.561096,1.117188,-2.738281,0.000000,-0.029999,-0.109999,0.010147,-0.031524,0.034858,1.507535,-0.003418,-0.001465,-0.002197,0,0,0,0,3000,3000,3000,3000,0,240,-348,0-20,0,0,0
98.563049,1.117188,-2.750000,0.000000,-0.059999,-0.179998,0.009415,-0.031423,0.034848,1.507324,0.002441,-0.000977,0.000977,0,0,0,0,3000,3000,3000,3000,0,236,-348,0-20,0,0,0
98.564995,1.117188,-2.750000,0.000000,-0.059999,-0.179998,0.009216,-0.031524,0.034858,1.507535,0.000244,-0.000977,0.001465,0,0,0,0,3000,3000,3000,3000,0,237,-348,0-20,0,0,0
98.566956,1.117188,-2.750000,0.000000,-0.059999,-0.179998,0.009348,-0.031524,0.034858,1.507535,-0.006104,0.000000,-0.002686,0,0,0,0,3000,3000,3000,3000,0,242,-349,0-20,0,0,0
98.568909,1.117188,-2.750000,0.000000,-0.059999,-0.179998,0.009418,-0.031524,0.034858,1.507535,0.004639,-0.001465,0.000000,0,0,0,0,3000,3000,3000,3000,0,234,-348,0-20,0,0,0
98.570854,1.117188,-2.750000,0.000000,-0.059999,-0.179998,0.009457,-0.031524,0.034858,1.507535,-0.003906,0.000977,0.002686,0,0,0,0,3000,3000,3000,3000,0,240,-350,0-20,0,0,0
98.572807,1.117188,-2.750000,0.000000,-0.059999,-0.179998,0.009457,-0.031524,0.034858,1.507535,-0.000244,-0.002686,-0.000488,0,0,0,0,3000,3000,3000,3000,0,238,-347,0-20,0,0,0
98.574768,1.117188,-2.750000,0.000000,-0.059999,-0.179998,0.009611,-0.031524,0.034858,1.507535,0.001953,0.002197,0.003662,0,0,0,0,3000,3000,3000,3000,0,236,-351,0-20,0,0,0
98.576714,1.117188,-2.750000,0.000000,-0.059999,-0.179998,0.009762,-0.031524,0.034858,1.507535,-0.002441,-0.000977,-0.002197,0,0,0,0,3000,3000,3000,3000,0,239,-348,0-20,0,0,0
98.578674,1.117188,-2.750000,0.000000,-0.059999,-0.179998,0.009783,-0.031524,0.034858,1.507535,0.005615,0.000488,0.000488,0,0,0,0,3000,3000,3000,3000,0,233,-350,0-20,0,0,0
98.580620,1.117188,-2.750000,0.000000,-0.059999,-0.179998,0.009874,-0.031524,0.034858,1.507535,-0.005615,0.001709,-0.001221,0,0,0,0,3000,3000,3000,3000,0,241,-351,0-20,0,0,0
98.582581,1.117188,-2.750000,0.000000,-0.059999,-0.179998,0.009974,-0.031524,0.034858,1.507535,0.005127,-0.000977,0.001465,0,0,0,0,3000,3000,3000,3000,0,234,-349,0-20,0,0,0
98.584526,1.117188,-2.750000,0.000000,-0.059999,-0.179998,0.010151,-0.031524,0.034858,1.507535,0.003418,0.000977,0.001465,0,0,0,0,3000,3000,3000,3000,0,234,-351,0-20,0,0,0
98.586487,1.117188,-2.750000,0.000000,-0.059999,-0.179998,0.010185,-0.031524,0.034858,1.507535,-0.001709,-0.001465,-0.000732,0,0,0,0,3000,3000,3000,3000,0,238,-348,0-20,0,0,0
98.588440,1.117188,-2.750000,0.000000,-0.059999,-0.179998,0.010311,-0.031524,0.034858,1.507535,0.004150,0.001709,0.000488,0,0,0,0,3000,3000,3000,3000,0,234,-351,0-20,0,0,0
98.590385,1.117188,-2.750000,0.000000,-0.059999,-0.179998,0.010336,-0.031524,0.034858,1.507535,-0.005615,0.002686,-0.000488,0,0,0,0,3000,3000,3000,3000,0,240,-352,0-20,0,0,0
98.592346,1.117188,-2.750000,0.000000,-0.059999,-0.179998,0.010336,-0.031524,0.034858,1.507535,0.003418,-0.001465,-0.000488,0,0,0,0,3000,3000,3000,3000,0,234,-349,0-20,0,0,0
98.594292,1.117188,-2.750000,0.000000,-0.059999,-0.179998,0.010334,-0.031524,0.034858,1.507535,-0.003418,-0.000977,0.000000,0,0,0,0,3000,3000,3000,3000,0,239,-349,0-20,0,0,0
98.596245,1.117188,-2.750000,0.000000,-0.059999,-0.179998,0.010386,-0.031524,0.034858,1.507535,0.000244,0.001709,-0.002197,0,0,0,0,3000,3000,3000,3000,0,237,-351,0-20,0,0,0
98.598206,1.117188,-2.750000,0.000000,-0.059999,-0.179998,0.010502,-0.031524,0.034858,1.507535,0.002930,0.000000,0.000977,0,0,0,0,3000,3000,3000,3000,0,235,-350,0-20,0,0,0
98.600159,1.117188,-2.750000,0.000000,-0.059999,-0.179998,0.010656,-0.031524,0.034858,1.507535,-0.007568,-0.002197,-0.002197,0,0,0,0,3000,3000,3000,3000,0,242,-348,0-20,0,0,0
98.602104,1.117188,-2.750000,0.000000,-0.059999,-0.179998,0.010773,-0.031524,0.034858,1.507535,0.008301,-0.001465,0.002686,0,0,0,0,3000,3000,3000,3000,0,231,-348,0-20,0,0,0
98.604057,1.117188,-2.750000,0.000000,-0.059999,-0.179998,0.010796,-0.031524,0.034858,1.507535,-0.003418,0.004150,-0.001709,0,0,0,0,3000,3000,3000,3000,0,239,-353,0-20,0,0,0
98.606010,1.117188,-2.750000,0.000000,-0.059999,-0.179998,0.011091,-0.031524,0.034858,1.507535,0.002441,-0.000488,-0.001709,0,0,0,0,3000,3000,3000,3000,0,235,-349,0-20,0,0,0
98.607971,1.117188,-2.750000,0.000000,-0.059999,-0.179998,0.011347,-0.031524,0.034858,1.507535,0.000244,-0.000488,0.004150,0,0,0,0,3000,3000,3000,3000,0,237,-349,0-20,0,0,0
98.609917,1.117188,-2.750000,0.000000,-0.059999,-0.179998,0.011518,-0.031524,0.034858,1.507535,-0.000732,0.001709,-0.000488,0,0,0,0,3000,3000,3000,3000,0,237,-351,0-20,0,0,0
98.611870,1.117188,-2.750000,0.000000,-0.059999,-0.179998,0.011589,-0.031524,0.034858,1.507535,0.006104,-0.003662,0.004150,0,0,0,0,3000,3000,3000,3000,0,232,-346,0-20,0,0,0
98.613823,1.117188,-2.750000,0.000000,-0.059999,-0.179998,0.011751,-0.031524,0.034858,1.507535,-0.007080,-0.002197,-0.000488,0,0,0,0,3000,3000,3000,3000,0,242,-347,0-20,0,0,0
98.615776,1.117188,-2.750000,0.000000,-0.059999,-0.179998,0.011890,-0.031524,0.034858,1.507535,0.005127,-0.000488,0.001465,0,0,0,0,3000,3000,3000,3000,0,233,-348,0-20,0,0,0
98.617729,1.117188,-2.750000,0.000000,-0.059999,-0.179998,0.012032,-0.031522,0.034858,1.507539,0.001465,0.000488,0.000488,0,0,0,0,3000,3000,3000,3000,0,236,-349,0-20,0,0,0
98.619682,1.117188,-2.750000,0.000000,-0.059999,-0.179998,0.012054,-0.031522,0.034858,1.507539,-0.004395,-0.000977,-0.001709,0,0,0,0,3000,3000,3000,3000,0,240,-348,0-20,0,0,0
98.621635,1.117188,-2.750000,0.000000,-0.059999,-0.179998,0.012308,-0.031522,0.034858,1.507539,0.007324,0.000977,0.000977,0,0,0,0,3000,3000,3000,3000,0,231,-350,0-20,0,0,0
98.623589,1.117188,-2.750000,0.000000,-0.059999,-0.179998,0.012327,-0.031522,0.034858,1.507539,-0.006104,-0.000488,-0.000732,0,0,0,0,3000,3000,3000,3000,0,241,-348,0-20,0,0,0
98.625542,1.117188,-2.750000,0.000000,-0.059999,-0.179998,0.012508,-0.031522,0.034858,1.507539,0.004150,-0.000488,-0.000488,0,0,0,0,3000,3000,3000,3000,0,234,-348,0-20,0,0,0
98.627495,1.117188,-2.750000,0.000000,-0.059999,-0.179998,0.012703,-0.031522,0.034858,1.507539,-0.003418,0.002197,0.002686,0,0,0,0,3000,3000,3000,3000,0,239,-351,0-20,0,0,0
98.629456,1.117188,-2.750000,0.000000,-0.059999,-0.179998,0.012756,-0.031522,0.034858,1.507539,0.001465,-0.000488,0.000000,0,0,0,0,3000,3000,3000,3000,0,236,-349,0-20,0,0,0
98.631409,1.117188,-2.750000,0.000000,-0.059999,-0.179998,0.012890,-0.031522,0.034858,1.507539,0.001465,-0.002197,0.002686,0,0,0,0,3000,3000,3000,3000,0,236,-347,0-20,0,0,0
98.633354,1.117188,-2.750000,0.000000,-0.059999,-0.179998,0.012936,-0.031522,0.034858,1.507539,-0.007568,0.002197,-0.001221,0,0,0,0,3000,3000,3000,3000,0,242,-351,0-20,0,0,0
98.635307,1.117188,-2.750000,0.000000,-0.059999,-0.179998,0.013763,-0.031522,0.034858,1.507539,0.005127,0.000000,0.000000,0,0,0,0,3000,3000,3000,3000,0,234,-349,0-20,0,0,0
98.637260,1.117188,-2.750000,0.000000,-0.059999,-0.179998,0.013908,-0.031522,0.034858,1.507539,-0.003906,0.000488,-0.002686,0,0,0,0,3000,3000,3000,3000,0,240,-350,0-20,0,0,0
98.639221,1.117188,-2.750000,0.000000,-0.059999,-0.179998,0.014029,-0.031522,0.034858,1.507539,-0.000732,-0.000488,-0.001221,0,0,0,0,3000,3000,3000,3000,0,238,-349,0-20,0,0,0
98.641167,1.117188,-2.750000,0.000000,-0.059999,-0.179998,0.014019,-0.031522,0.034858,1.507539,0.000977,-0.001465,0.003174,0,0,0,0,3000,3000,3000,3000,0,237,-348,0-20,0,0,0
98.643120,1.117188,-2.750000,0.000000,-0.059999,-0.179998,0.014265,-0.031522,0.034858,1.507539,-0.002930,-0.001465,-0.003906,0,0,0,0,3000,3000,3000,3000,0,240,-348,0-20,0,0,0
98.645073,1.117188,-2.750000,0.000000,-0.059999,-0.179998,0.014536,-0.031522,0.034858,1.507539,0.005127,-0.000488,-0.000488,0,0,0,0,3000,3000,3000,3000,0,234,-348,0-20,0,0,0
98.647026,1.117188,-2.750000,0.000000,-0.059999,-0.179998,0.014626,-0.031522,0.034858,1.507539,-0.008789,-0.000977,-0.000488,0,0,0,0,3000,3000,3000,3000,0,244,-348,0-20,0,0,0
98.648987,1.117188,-2.750000,0.000000,-0.059999,-0.179998,0.014574,-0.031522,0.034858,1.507539,-0.000244,0.000488,0.000977,0,0,0,0,3000,3000,3000,3000,0,238,-349,0-20,0,0,0
98.650932,1.117188,-2.750000,0.000000,-0.059999,-0.179998,0.014589,-0.031522,0.034858,1.507539,-0.000244,0.000000,0.002686,0,0,0,0,3000,3000,3000,3000,0,238,-349,0-20,0,0,0
98.652885,1.117188,-2.750000,0.000000,-0.059999,-0.179998,0.014591,-0.031522,0.034858,1.507539,-0.005615,0.002197,0.001465,0,0,0,0,3000,3000,3000,3000,0,242,-351,0-20,0,0,0
98.654846,1.117188,-2.750000,0.000000,-0.059999,-0.179998,0.014681,-0.031522,0.034858,1.507539,0.005127,0.000000,-0.002197,0,0,0,0,3000,3000,3000,3000,0,234,-349,0-20,0,0,0
98.656792,1.117188,-2.750000,0.000000,-0.059999,-0.179998,0.014832,-0.031522,0.034858,1.507539,-0.004883,0.000488,0.000488,0,0,0,0,3000,3000,3000,3000,0,241,-350,0-20,0,0,0
98.658752,1.117188,-2.750000,0.000000,-0.059999,-0.179998,0.014692,-0.031522,0.034858,1.507539,0.003418,-0.000488,0.003662,0,0,0,0,3000,3000,3000,3000,0,235,-349,0-20,0,0,0
98.660698,1.117188,-2.750000,0.000000,-0.059999,-0.179998,0.014812,-0.031522,0.034858,1.507539,-0.001221,0.000000,-0.002686,0,0,0,0,3000,3000,3000,3000,0,238,-349,0-20,0,0,0
98.662659,1.117188,-2.750000,0.000000,-0.059999,-0.179998,0.014843,-0.031522,0.034858,1.507539,-0.001709,-0.001465,0.000000,0,0,0,0,3000,3000,3000,3000,0,239,-348,0-20,0,0,0
98.664612,1.117188,-2.750000,0.000000,-0.059999,-0.179998,0.014919,-0.031522,0.034858,1.507539,0.000244,0.000977,0.005859,0,0,0,0,3000,3000,3000,3000,0,237,-350,0-20,0,0,0
98.666557,1.117188,-2.750000,0.000000,-0.059999,-0.179998,0.015171,-0.031522,0.034858,1.507539,-0.001221,0.001709,-0.000488,0,0,0,0,3000,3000,3000,3000,0,238,-351,0-20,0,0,0
98.668518,1.117188,-2.750000,0.000000,-0.059999,-0.179998,0.015076,-0.031522,0.034858,1.507539,0.007324,-0.000977,0.000977,0,0,0,0,3000,3000,3000,3000,0,232,-348,0-20,0,0,0
98.670464,1.117188,-2.750000,0.000000,-0.059999,-0.179998,0.015240,-0.031522,0.034858,1.507539,-0.002930,-0.002197,0.000488,0,0,0,0,3000,3000,3000,3000,0,239,-347,0-20,0,0,0
98.672417,1.117188,-2.750000,0.000000,-0.059999,-0.179998,0.015202,-0.031522,0.034858,1.507539,0.000244,0.000977,-0.001221,0,0,0,0,3000,3000,3000,3000,0,236,-350,0-20,0,0,0
98.674370,1.117188,-2.750000,0.000000,-0.059999,-0.179998,0.015303,-0.031522,0.034858,1.507539,0.005127,-0.002686,0.000488,0,0,0,0,3000,3000,3000,3000,0,233,-346,0-20,0,0,0
98.676323,1.117188,-2.750000,0.000000,-0.059999,-0.179998,0.015493,-0.031522,0.034858,1.507539,-0.006104,-0.002930,0.000000,0,0,0,0,3000,3000,3000,3000,0,241,-346,0-20,0,0,0
98.678284,1.117188,-2.750000,0.000000,-0.059999,-0.179998,0.015751,-0.031522,0.034858,1.507539,0.005615,0.000000,0.003662,0,0,0,0,3000,3000,3000,3000,0,232,-348,0-20,0,0,0
98.680229,1.117188,-2.750000,0.000000,-0.059999,-0.179998,0.015991,-0.031522,0.034858,1.507539,-0.003418,0.001709,-0.000732,0,0,0,0,3000,3000,3000,3000,0,239,-350,0-20,0,0,0
98.682198,1.117188,-2.750000,0.000000,-0.059999,-0.179998,0.016178,-0.031522,0.034858,1.507539,0.001953,-0.000977,-0.002197,0,0,0,0,3000,3000,3000,3000,0,235,-348,0-20,0,0,0
98.684143,1.117188,-2.750000,0.000000,-0.059999,-0.179998,0.016342,-0.031522,0.034858,1.507539,0.002930,0.000488,0.000000,0,0,0,0,3000,3000,3000,3000,0,234,-349,0-20,0,0,0
98.686096,1.117188,-2.750000,0.000000,-0.059999,-0.179998,0.016171,-0.031522,0.034858,1.507539,-0.001709,-0.002686,-0.000488,0,0,0,0,3000,3000,3000,3000,0,237,-346,0-20,0,0,0
98.688065,1.117188,-2.750000,0.000000,-0.059999,-0.179998,0.016300,-0.031522,0.034858,1.507539,0.007324,-0.000488,0.002686,0,0,0,0,3000,3000,3000,3000,0,231,-348,0-20,0,0,0
98.690002,1.117188,-2.750000,0.000000,-0.059999,-0.179998,0.016296,-0.031522,0.034858,1.507539,-0.004395,0.000977,0.000000,0,0,0,0,3000,3000,3000,3000,0,239,-350,0-20,0,0,0
98.691956,1.117188,-2.750000,0.000000,-0.059999,-0.179998,0.016275,-0.031522,0.034858,1.507539,0.004150,0.001709,-0.001221,0,0,0,0,3000,3000,3000,3000,0,233,-351,0-20,0,0,0
98.693916,1.117188,-2.750000,0.000000,-0.059999,-0.179998,0.016296,-0.031522,0.034858,1.507539,-0.002441,-0.002686,0.000000,0,0,0,0,3000,3000,3000,3000,0,238,-347,0-20,0,0,0
98.695862,1.117188,-2.750000,0.000000,-0.059999,-0.179998,0.016338,-0.031522,0.034858,1.507539,-0.003418,-0.001465,-0.002197,0,0,0,0,3000,3000,3000,3000,0,239,-348,0-20,0,0,0
98.697807,1.117188,-2.750000,0.000000,-0.059999,-0.179998,0.016493,-0.031522,0.034858,1.507539,0.004639,0.002197,-0.000732,0,0,0,0,3000,3000,3000,3000,0,233,-351,0-20,0,0,0
98.699768,1.117188,-2.750000,0.000000,-0.059999,-0.179998,0.016766,-0.031522,0.034858,1.507539,-0.005615,0.003174,-0.000732,0,0,0,0,3000,3000,3000,3000,0,241,-352,0-20,0,0,0
98.701714,1.117188,-2.750000,0.000000,-0.059999,-0.179998,0.016901,-0.031522,0.034858,1.507539,0.007812,0.000488,0.002686,0,0,0,0,3000,3000,3000,3000,0,231,-350,0-20,0,0,0
98.703667,1.117188,-2.750000,0.000000,-0.059999,-0.179998,0.017014,-0.031522,0.034858,1.507539,-0.003418,0.002686,-0.001709,0,0,0,0,3000,3000,3000,3000,0,239,-352,0-20,0,0,0
98.705620,1.117188,-2.750000,0.000000,-0.059999,-0.179998,0.017052,-0.031522,0.034858,1.507539,0.002930,-0.000977,-0.001221,0,0,0,0,3000,3000,3000,3000,0,234,-349,0-20,0,0,0
98.707573,1.117188,-2.750000,0.000000,-0.059999,-0.179998,0.016966,-0.031522,0.034858,1.507539,0.000244,-0.000977,0.004150,0,0,0,0,3000,3000,3000,3000,0,236,-349,0-20,0,0,0
98.709526,1.117188,-2.750000,0.000000,-0.059999,-0.179998,0.017183,-0.031522,0.034858,1.507539,-0.003418,0.000977,-0.000488,0,0,0,0,3000,3000,3000,3000,0,239,-351,0-20,0,0,0
98.711487,1.117188,-2.750000,0.000000,-0.059999,-0.179998,0.017183,-0.031522,0.034858,1.507539,0.007324,-0.001465,-0.001709,0,0,0,0,3000,3000,3000,3000,0,231,-348,0-20,0,0,0
98.713432,1.117188,-2.750000,0.000000,-0.059999,-0.179998,0.020609,-0.031522,0.034858,1.507539,-0.004395,0.001709,0.001465,0,0,0,0,3000,3000,3000,3000,0,240,-351,0-20,0,0,0
98.715393,1.117188,-2.750000,0.000000,-0.059999,-0.179998,0.020845,-0.031522,0.034858,1.507539,0.002441,0.000488,-0.000488,0,0,0,0,3000,3000,3000,3000,0,235,-350,0-20,0,0,0
98.717339,1.117188,-2.750000,0.000000,-0.059999,-0.179998,0.020899,-0.031522,0.034858,1.507539,0.001465,-0.002197,0.002197,0,0,0,0,3000,3000,3000,3000,0,236,-348,0-20,0,0,0
98.719299,1.117188,-2.750000,0.000000,-0.059999,-0.179998,0.021000,-0.031522,0.034858,1.507539,-0.002930,-0.001465,-0.002197,0,0,0,0,3000,3000,3000,3000,0,239,-348,0-20,0,0,0
98.721245,1.117188,-2.750000,0.000000,-0.059999,-0.179998,0.021244,-0.031522,0.034858,1.507539,0.005615,-0.002686,0.001465,0,0,0,0,3000,3000,3000,3000,0,233,-346,0-20,0,0,0
98.723198,1.117188,-2.750000,0.000000,-0.059999,-0.179998,0.021200,-0.031522,0.034858,1.507539,-0.008301,0.000000,-0.002197,0,0,0,0,3000,3000,3000,3000,0,243,-349,0-20,0,0,0
98.725151,1.117188,-2.750000,0.000000,-0.059999,-0.179998,0.021360,-0.031522,0.034858,1.507539,0.006104,-0.003174,0.000488,0,0,0,0,3000,3000,3000,3000,0,233,-346,0-20,0,0,0
98.727104,1.117188,-2.750000,0.000000,-0.059999,-0.179998,0.021683,-0.031522,0.034858,1.507539,0.000244,0.001709,-0.001221,0,0,0,0,3000,3000,3000,3000,0,237,-350,0-20,0,0,0
98.729057,1.117188,-2.750000,0.000000,-0.059999,-0.179998,0.021484,-0.031522,0.034858,1.507539,-0.001709,0.000977,-0.001221,0,0,0,0,3000,3000,3000,3000,0,238,-350,0-20,0,0,0
98.731010,1.117188,-2.750000,0.003906,-0.059999,-0.179998,0.021820,-0.031461,0.034797,1.507539,0.005127,0.000000,0.001465,0,0,0,0,3000,3000,3000,3000,0,233,-348,0-20,0,0,0
98.732964,1.117188,-2.750000,0.003906,-0.059999,-0.179998,0.021894,-0.031461,0.034797,1.507539,-0.001709,-0.000488,-0.001709,0,0,0,0,3000,3000,3000,3000,0,238,-348,0-20,0,0,0
98.734917,1.117188,-2.750000,0.003906,-0.059999,-0.179998,0.021967,-0.031461,0.034797,1.507539,0.004150,-0.001465,0.000488,0,0,0,0,3000,3000,3000,3000,0,233,-347,0-20,0,0,0
98.736870,1.117188,-2.750000,0.003906,-0.059999,-0.179998,0.021975,-0.031461,0.034797,1.507539,-0.004395,-0.003174,0.003174,0,0,0,0,3000,3000,3000,3000,0,239,-345,0-20,0,0,0
98.738831,1.117188,-2.750000,0.003906,-0.059999,-0.179998,0.021946,-0.031461,0.034797,1.507539,0.003418,-0.000488,-0.002686,0,0,0,0,3000,3000,3000,3000,0,234,-348,0-20,0,0,0
98.740784,1.117188,-2.750000,0.003906,-0.059999,-0.179998,0.021936,-0.031461,0.034797,1.507539,0.002930,0.002197,-0.000488,0,0,0,0,3000,3000,3000,3000,0,234,-350,0-20,0,0,0
98.742729,1.117188,-2.750000,0.003906,-0.059999,-0.179998,0.022030,-0.031461,0.034797,1.507539,-0.003906,0.000000,-0.002686,0,0,0,0,3000,3000,3000,3000,0,239,-348,0-20,0,0,0
98.744682,1.117188,-2.750000,0.003906,-0.059999,-0.179998,0.022343,-0.031461,0.034797,1.507539,0.005127,0.000000,0.001465,0,0,0,0,3000,3000,3000,3000,0,233,-349,0-20,0,0,0
98.746643,1.117188,-2.750000,0.003906,-0.059999,-0.179998,0.022398,-0.031461,0.034797,1.507539,-0.005615,-0.000977,-0.001221,0,0,0,0,3000,3000,3000,3000,0,240,-348,0-20,0,0,0
98.748596,1.117188,-2.750000,0.003906,-0.059999,-0.179998,0.022371,-0.031461,0.034797,1.507539,-0.001709,0.002686,0.001465,0,0,0,0,3000,3000,3000,3000,0,238,-351,0-20,0,0,0
98.750549,1.117188,-2.750000,0.003906,-0.059999,-0.179998,0.022491,-0.031461,0.034797,1.507539,0.004150,0.000000,-0.000488,0,0,0,0,3000,3000,3000,3000,0,234,-349,0-20,0,0,0
98.752502,1.117188,-2.750000,0.003906,-0.059999,-0.179998,0.022688,-0.031461,0.034797,1.507539,-0.004395,-0.003174,-0.000732,0,0,0,0,3000,3000,3000,3000,0,240,-346,0-20,0,0,0
98.754448,1.117188,-2.750000,0.003906,-0.059999,-0.179998,0.022881,-0.031461,0.034797,1.507539,0.003418,0.001709,0.002197,0,0,0,0,3000,3000,3000,3000,0,235,-350,0-20,0,0,0
98.756401,1.117188,-2.750000,0.003906,-0.059999,-0.179998,0.023026,-0.031461,0.034797,1.507539,-0.003906,0.000488,0.000000,0,0,0,0,3000,3000,3000,3000,0,240,-349,0-20,0,0,0
98.758362,1.117188,-2.750000,0.003906,-0.059999,-0.179998,0.023178,-0.031461,0.034797,1.507539,0.007324,-0.001465,0.001465,0,0,0,0,3000,3000,3000,3000,0,232,-348,0-20,0,0,0
98.760315,1.117188,-2.750000,0.003906,-0.059999,-0.179998,0.023060,-0.031461,0.034797,1.507539,-0.000732,0.001709,0.001465,0,0,0,0,3000,3000,3000,3000,0,237,-350,0-20,0,0,0
98.762268,1.117188,-2.750000,0.003906,-0.059999,-0.179998,0.023075,-0.031461,0.034797,1.507539,-0.002930,0.000977,-0.001709,0,0,0,0,3000,3000,3000,3000,0,239,-350,0-20,0,0,0
98.764214,1.117188,-2.750000,0.003906,-0.059999,-0.179998,0.023016,-0.031461,0.034797,1.507539,0.005615,-0.002197,0.001465,0,0,0,0,3000,3000,3000,3000,0,233,-347,0-20,0,0,0
98.766167,1.117188,-2.750000,0.003906,-0.059999,-0.179998,0.022995,-0.031461,0.034797,1.507539,-0.002930,0.000977,-0.000488,0,0,0,0,3000,3000,3000,3000,0,239,-350,0-20,0,0,0
98.768127,1.117188,-2.750000,0.003906,-0.059999,-0.179998,0.023062,-0.031461,0.034797,1.507539,0.002930,-0.000977,-0.000732,0,0,0,0,3000,3000,3000,3000,0,234,-348,0-20,0,0,0
98.770073,1.117188,-2.750000,0.003906,-0.059999,-0.179998,0.023233,-0.031461,0.034797,1.507539,0.000244,0.002197,0.000488,0,0,0,0,3000,3000,3000,3000,0,236,-351,0-20,0,0,0
98.772026,1.117188,-2.750000,0.003906,-0.059999,-0.179998,0.023344,-0.031461,0.034797,1.507539,-0.001221,0.002197,-0.000488,0,0,0,0,3000,3000,3000,3000,0,237,-351,0-20,0,0,0
98.773979,1.117188,-2.750000,0.003906,-0.059999,-0.179998,0.023447,-0.031461,0.034797,1.507539,0.002441,0.000000,0.000488,0,0,0,0,3000,3000,3000,3000,0,235,-349,0-20,0,0,0
98.775932,1.117188,-2.750000,0.003906,-0.059999,-0.179998,0.023392,-0.031461,0.034797,1.507539,-0.005615,0.000488,-0.000732,0,0,0,0,3000,3000,3000,3000,0,241,-350,0-20,0,0,0
98.777893,1.117188,-2.750000,0.003906,-0.059999,-0.179998,0.023388,-0.031461,0.034797,1.507539,0.006104,0.000488,0.002686,0,0,0,0,3000,3000,3000,3000,0,232,-350,0-20,0,0,0
98.779846,1.117188,-2.750000,0.003906,-0.019999,-0.049999,0.023405,-0.031461,0.034797,1.507539,-0.005615,-0.001465,-0.004395,0,0,0,0,3000,3000,3000,3000,0,241,-348,0-20,0,0,0
98.781799,1.117188,-2.750000,0.000000,-0.019999,-0.049999,0.011871,-0.031461,0.034797,1.507539,0.005127,-0.002686,-0.001221,0,0,0,0,3000,3000,3000,3000,0,233,-347,0-20,0,0,0
98.783745,1.117188,-2.750000,0.000000,-0.019999,-0.049999,0.011883,-0.031461,0.034797,1.507539,-0.000244,0.000488,0.003662,0,0,0,0,3000,3000,3000,3000,0,237,-349,0-20,0,0,0
98.785698,1.117188,-2.750000,0.000000,-0.019999,-0.049999,0.011911,-0.031461,0.034797,1.507539,-0.004395,0.000488,0.000488,0,0,0,0,3000,3000,3000,3000,0,240,-349,0-20,0,0,0
98.787651,1.117188,-2.750000,0.000000,-0.019999,-0.049999,0.012001,-0.031461,0.034797,1.507539,0.006592,0.003662,0.000977,0,0,0,0,3000,3000,3000,3000,0,232,-352,0-20,0,0,0
98.789612,1.117188,-2.750000,0.000000,-0.019999,-0.049999,0.012030,-0.031461,0.034797,1.507539,-0.005615,-0.001465,-0.000732,0,0,0,0,3000,3000,3000,3000,0,241,-348,0-20,0,0,0
98.791557,1.117188,-2.750000,0.000000,-0.019999,-0.049999,0.009829,-0.031461,0.034797,1.507539,0.001953,0.003174,0.000488,0,0,0,0,3000,3000,3000,3000,0,235,-352,0-20,0,0,0
98.793510,1.117188,-2.750000,0.000000,-0.019999,-0.049999,0.009871,-0.031461,0.034797,1.507539,-0.000244,0.004150,0.000000,0,0,0,0,3000,3000,3000,3000,0,237,-353,0-20,0,0,0
98.795464,1.117188,-2.750000,0.000000,-0.019999,-0.049999,0.009993,-0.031461,0.034797,1.507539,-0.005615,-0.002197,0.000977,0,0,0,0,3000,3000,3000,3000,0,241,-348,0-20,0,0,0
98.797417,1.117188,-2.750000,0.000000,-0.019999,-0.049999,0.010054,-0.031461,0.034797,1.507539,0.004639,-0.000977,0.001465,0,0,0,0,3000,3000,3000,3000,0,234,-349,0-20,0,0,0
98.799370,1.117188,-2.750000,0.000000,-0.019999,-0.049999,0.010126,-0.031461,0.034797,1.507539,-0.006104,0.000977,-0.001709,0,0,0,0,3000,3000,3000,3000,0,241,-350,0-20,0,0,0
98.801323,1.117188,-2.750000,0.000000,-0.019999,-0.049999,0.010183,-0.031461,0.034797,1.507539,0.005127,0.000000,0.003662,0,0,0,0,3000,3000,3000,3000,0,234,-349,0-20,0,0,0
98.803276,1.117188,-2.750000,0.000000,-0.019999,-0.049999,0.010178,-0.031461,0.034797,1.507539,-0.003418,0.000000,0.001465,0,0,0,0,3000,3000,3000,3000,0,240,-349,0-20,0,0,0
98.805229,1.117188,-2.750000,0.000000,-0.019999,-0.049999,0.010426,-0.031461,0.034797,1.507539,-0.000244,-0.003174,-0.000488,0,0,0,0,3000,3000,3000,3000,0,237,-346,0-20,0,0,0
98.807182,1.117188,-2.750000,0.000000,-0.019999,-0.049999,0.010435,-0.031461,0.034797,1.507539,0.004639,-0.001465,-0.000732,0,0,0,0,3000,3000,3000,3000,0,234,-347,0-20,0,0,0
98.809135,1.117188,-2.750000,0.000000,-0.019999,-0.049999,0.010303,-0.031461,0.034797,1.507539,-0.010254,0.005859,-0.003906,0,0,0,0,3000,3000,3000,3000,0,244,-354,0-20,0,0,0
98.811089,1.117188,-2.750000,0.000000,-0.019999,-0.049999,0.010717,-0.031461,0.034797,1.507539,0.001465,0.003174,-0.001221,0,0,0,0,3000,3000,3000,3000,0,236,-352,0-20,0,0,0
98.813042,1.117188,-2.750000,0.000000,-0.019999,-0.049999,0.010614,-0.031461,0.034797,1.507539,0.006104,-0.004883,0.000000,0,0,0,0,3000,3000,3000,3000,0,233,-345,0-20,0,0,0
98.815002,1.117188,-2.750000,0.000000,-0.019999,-0.049999,0.010500,-0.031461,0.034797,1.507539,-0.001221,-0.000488,-0.000488,0,0,0,0,3000,3000,3000,3000,0,238,-348,0-20,0,0,0
98.816948,1.117188,-2.750000,0.000000,-0.019999,-0.049999,0.010708,-0.031461,0.034797,1.507539,0.006104,-0.002197,-0.002686,0,0,0,0,3000,3000,3000,3000,0,232,-346,0-20,0,0,0
98.818909,1.117188,-2.750000,0.000000,-0.019999,-0.049999,0.010494,-0.031461,0.034797,1.507539,-0.006592,-0.006836,-0.006348,0,0,0,0,3000,3000,3000,3000,0,241,-342,0-20,0,0,0
98.820854,1.117188,-2.750000,0.000000,-0.019999,-0.049999,0.010754,-0.031461,0.034797,1.507539,0.001465,0.001709,0.006836,0,0,0,0,3000,3000,3000,3000,0,235,-349,0-20,0,0,0
98.822807,1.117188,-2.750000,0.000000,-0.019999,-0.049999,0.010832,-0.031461,0.034797,1.507539,0.003418,-0.004883,-0.007080,0,0,0,0,3000,3000,3000,3000,0,234,-343,0-20,0,0,0
98.824760,1.117188,-2.750000,0.000000,-0.019999,-0.049999,0.010628,-0.031461,0.034797,1.507539,-0.006104,-0.002197,0.000977,0,0,0,0,3000,3000,3000,3000,0,241,-345,0-20,0,0,0
98.826721,1.117188,-2.750000,0.000000,-0.019999,-0.049999,0.010872,-0.031461,0.034797,1.507539,-0.002930,0.005859,0.002686,0,0,0,0,3000,3000,3000,3000,0,239,-353,0-20,0,0,0
98.828674,1.117188,-2.750000,0.000000,-0.019999,-0.049999,0.010920,-0.031461,0.034797,1.507539,0.004639,-0.005371,-0.001709,0,0,0,0,3000,3000,3000,3000,0,234,-342,0-20,0,0,0
98.830627,1.117188,-2.750000,0.000000,-0.019999,-0.049999,0.010798,-0.031461,0.034797,1.507539,-0.002441,0.002686,0.002197,0,0,0,0,3000,3000,3000,3000,0,238,-350,0-20,0,0,0
98.832581,1.117188,-2.750000,0.000000,-0.019999,-0.049999,0.011028,-0.031461,0.034797,1.507539,-0.003906,0.002686,-0.001709,0,0,0,0,3000,3000,3000,3000,0,240,-350,0-20,0,0,0
98.834526,1.117188,-2.750000,0.000000,-0.019999,-0.049999,0.010870,-0.031461,0.034797,1.507539,0.005127,0.004150,-0.002686,0,0,0,0,3000,3000,3000,3000,0,233,-352,0-20,0,0,0
98.836479,1.117188,-2.750000,0.000000,-0.019999,-0.049999,0.010899,-0.031461,0.034797,1.507539,-0.011963,0.005859,0.003662,0,0,0,0,3000,3000,3000,3000,0,245,-355,0-20,0,0,0
98.838440,1.117188,-2.738281,0.000000,0.019999,0.049999,0.011103,-0.031461,0.034797,1.507539,0.005615,-0.003662,-0.000488,0,0,0,0,3000,3000,3000,3000,0,233,-346,0-20,0,0,0
98.840393,1.117188,-2.738281,0.000000,0.019999,0.049999,0.009918,-0.031461,0.034797,1.507539,0.005127,0.004883,0.002197,0,0,0,0,3000,3000,3000,3000,0,233,-354,0-20,0,0,0
98.842339,1.117188,-2.738281,0.000000,0.019999,0.049999,0.009823,-0.031461,0.034797,1.507539,-0.002441,0.007568,0.000000,0,0,0,0,3000,3000,3000,3000,0,238,-357,0-20,0,0,0
98.844292,1.117188,-2.738281,0.000000,0.019999,0.049999,0.010258,-0.031461,0.034797,1.507539,0.008301,-0.002686,0.001465,0,0,0,0,3000,3000,3000,3000,0,230,-348,0-20,0,0,0
98.846245,1.117188,-2.738281,0.000000,0.019999,0.049999,0.009893,-0.031461,0.034797,1.507539,0.003418,-0.005859,0.003174,0,0,0,0,3000,3000,3000,3000,0,233,-345,0-20,0,0,0
98.848206,1.117188,-2.738281,0.000000,0.019999,0.049999,0.009914,-0.031461,0.034797,1.507539,0.002441,-0.000977,0.000000,0,0,0,0,3000,3000,3000,3000,0,234,-348,0-20,0,0,0
98.850151,1.117188,-2.738281,0.000000,0.019999,0.049999,0.010334,-0.031461,0.034797,1.507539,-0.005615,-0.002686,0.003662,0,0,0,0,3000,3000,3000,3000,0,239,-346,0-20,0,0,0
98.852104,1.117188,-2.738281,0.000000,0.019999,0.049999,0.009985,-0.031461,0.034797,1.507539,-0.011963,-0.002197,0.000977,0,0,0,0,3000,3000,3000,3000,0,245,-346,0-20,0,0,0
98.854057,1.117188,-2.738281,0.000000,0.019999,0.049999,0.010311,-0.031461,0.034797,1.507539,-0.000244,-0.005371,0.000977,0,0,0,0,3000,3000,3000,3000,0,237,-343,0-20,0,0,0
98.856010,1.117188,-2.738281,0.000000,0.019999,0.049999,0.010229,-0.031461,0.034797,1.507539,-0.002930,-0.002197,-0.005859,0,0,0,0,3000,3000,3000,3000,0,239,-345,0-20,0,0,0
98.857964,1.117188,-2.738281,0.000000,0.019999,0.049999,0.010229,-0.031461,0.034797,1.507539,-0.006592,-0.002197,-0.002197,0,0,0,0,3000,3000,3000,3000,0,242,-345,0-20,0,0,0
98.859924,1.117188,-2.738281,0.000000,0.019999,0.049999,0.010397,-0.031461,0.034797,1.507539,0.003418,0.001709,-0.002197,0,0,0,0,3000,3000,3000,3000,0,235,-349,0-20,0,0,0
98.861870,1.117188,-2.738281,0.000000,0.019999,0.049999,0.010433,-0.031461,0.034797,1.507539,0.002441,0.000977,-0.004883,0,0,0,0,3000,3000,3000,3000,0,236,-348,0-20,0,0,0
98.863823,1.117188,-2.738281,0.000000,0.019999,0.049999,0.010740,-0.031461,0.034797,1.507539,0.001953,0.004150,-0.001221,0,0,0,0,3000,3000,3000,3000,0,236,-352,0-20,0,0,0
98.865784,1.117188,-2.738281,0.000000,0.019999,0.049999,0.010902,-0.031461,0.034797,1.507539,0.000244,0.000488,-0.001221,0,0,0,0,3000,3000,3000,3000,0,237,-349,0-20,0,0,0
98.867729,1.117188,-2.738281,0.000000,0.019999,0.049999,0.011007,-0.031461,0.034797,1.507539,0.006592,0.002197,-0.004883,0,0,0,0,3000,3000,3000,3000,0,232,-351,0-20,0,0,0
98.869682,1.117188,-2.738281,0.000000,0.019999,0.049999,0.012678,-0.031461,0.034797,1.507539,-0.001709,0.001709,0.000000,0,0,0,0,3000,3000,3000,3000,0,237,-351,0-20,0,0,0
98.871635,1.117188,-2.738281,0.000000,0.019999,0.049999,0.012526,-0.031461,0.034797,1.507539,0.010010,0.000488,-0.000488,0,0,0,0,3000,3000,3000,3000,0,229,-350,0-20,0,0,0
98.873589,1.117188,-2.738281,0.000000,0.019999,0.049999,0.012817,-0.031461,0.034797,1.507539,0.003418,-0.005371,0.000977,0,0,0,0,3000,3000,3000,3000,0,233,-344,0-20,0,0,0
98.875542,1.117188,-2.738281,0.000000,0.019999,0.049999,0.012672,-0.031461,0.034797,1.507539,-0.002930,-0.001465,-0.001709,0,0,0,0,3000,3000,3000,3000,0,237,-347,0-20,0,0,0
98.877495,1.117188,-2.738281,0.000000,0.019999,0.049999,0.012924,-0.031461,0.034797,1.507539,-0.000244,-0.003174,0.003174,0,0,0,0,3000,3000,3000,3000,0,235,-345,0-20,0,0,0
98.879448,1.117188,-2.738281,0.000000,0.019999,0.049999,0.012741,-0.031461,0.034797,1.507539,-0.006104,-0.005371,0.002197,0,0,0,0,3000,3000,3000,3000,0,240,-343,0-20,0,0,0
98.881409,1.117188,-2.738281,0.000000,0.019999,0.049999,0.012705,-0.031461,0.034797,1.507539,0.002441,-0.002197,0.000488,0,0,0,0,3000,3000,3000,3000,0,234,-345,0-20,0,0,0
98.883354,1.117188,-2.738281,0.000000,0.019999,0.049999,0.012901,-0.031461,0.034797,1.507539,-0.007568,-0.006836,0.003174,0,0,0,0,3000,3000,3000,3000,0,242,-341,0-20,0,0,0
98.885307,1.117188,-2.738281,0.000000,0.019999,0.049999,0.012934,-0.031461,0.034797,1.507539,0.000244,-0.005371,-0.002686,0,0,0,0,3000,3000,3000,3000,0,237,-341,0-20,0,0,0
98.887260,1.117188,-2.738281,0.000000,0.019999,0.049999,0.013086,-0.031461,0.034797,1.507539,0.010498,0.000977,0.000977,0,0,0,0,3000,3000,3000,3000,0,229,-347,0-20,0,0,0
98.889214,1.117188,-2.738281,0.000000,0.019999,0.049999,0.013144,-0.031461,0.034797,1.507539,-0.007080,0.006348,0.000977,0,0,0,0,3000,3000,3000,3000,0,241,-353,0-20,0,0,0
98.891167,1.117188,-2.738281,0.000000,0.019999,0.049999,0.013092,-0.031461,0.034797,1.507539,0.011475,-0.002686,0.000488,0,0,0,0,3000,3000,3000,3000,0,228,-345,0-20,0,0,0
98.893120,1.117188,-2.738281,0.000000,0.019999,0.049999,0.013197,-0.031461,0.034797,1.507539,0.004150,0.002197,0.004639,0,0,0,0,3000,3000,3000,3000,0,233,-350,0-20,0,0,0
98.895073,1.117188,-2.738281,0.000000,0.019999,0.049999,0.013149,-0.031461,0.034797,1.507539,0.004639,0.005859,0.000488,0,0,0,0,3000,3000,3000,3000,0,232,-354,0-20,0,0,0
98.897034,1.117188,-2.738281,0.000000,0.019999,0.049999,0.013176,-0.031461,0.034797,1.507539,0.003418,-0.003174,0.001465,0,0,0,0,3000,3000,3000,3000,0,232,-346,0-20,0,0,0
98.898987,1.117188,-2.738281,0.000000,0.019999,0.049999,0.013248,-0.031461,0.034797,1.507539,-0.005615,0.007812,0.001465,0,0,0,0,3000,3000,3000,3000,0,239,-357,0-20,0,0,0
98.900940,1.117188,-2.738281,0.000000,0.019999,0.049999,0.013268,-0.031461,0.034797,1.507539,0.006104,0.002686,-0.002686,0,0,0,0,3000,3000,3000,3000,0,231,-353,0-20,0,0,0
98.902885,1.117188,-2.738281,0.000000,0.019999,0.049999,0.013542,-0.031461,0.034797,1.507539,-0.008301,-0.005615,0.000488,0,0,0,0,3000,3000,3000,3000,0,241,-345,0-20,0,0,0
98.904846,1.117188,-2.738281,0.000000,0.019999,0.049999,0.013445,-0.031461,0.034797,1.507539,-0.009277,0.001953,0.000488,0,0,0,0,3000,3000,3000,3000,0,243,-352,0-20,0,0,0
98.906792,1.117188,-2.738281,0.000000,0.019999,0.049999,0.013710,-0.031461,0.034797,1.507539,0.005615,-0.000732,-0.002197,0,0,0,0,3000,3000,3000,3000,0,233,-349,0-20,0,0,0
98.908752,1.117188,-2.738281,0.000000,0.019999,0.049999,0.013632,-0.031461,0.034797,1.507539,-0.015137,-0.011475,-0.000732,0,0,0,0,3000,3000,3000,3000,0,248,-339,0-20,0,0,0
98.910698,1.117188,-2.738281,0.000000,0.019999,0.049999,0.013784,-0.031461,0.034797,1.507539,0.007324,0.003174,-0.001221,0,0,0,0,3000,3000,3000,3000,0,233,-351,0-20,0,0,0
98.912651,1.117188,-2.738281,0.000000,0.019999,0.049999,0.013800,-0.031461,0.034797,1.507539,-0.008301,0.000732,-0.002686,0,0,0,0,3000,3000,3000,3000,0,244,-349,0-20,0,0,0
98.914604,1.117188,-2.738281,0.000000,0.019999,0.049999,0.013697,-0.031461,0.034797,1.507539,0.005615,-0.005859,-0.000488,0,0,0,0,3000,3000,3000,3000,0,234,-343,0-20,0,0,0
98.916557,1.117188,-2.738281,0.000000,0.019999,0.049999,0.013926,-0.031461,0.034797,1.507539,0.007812,0.001953,0.003662,0,0,0,0,3000,3000,3000,3000,0,232,-350,0-20,0,0,0
98.918518,1.117188,-2.738281,0.000000,0.019999,0.049999,0.013771,-0.031461,0.034797,1.507539,-0.002930,0.003906,0.002197,0,0,0,0,3000,3000,3000,3000,0,239,-352,0-20,0,0,0
98.920464,1.117188,-2.738281,0.000000,0.019999,0.049999,0.013632,-0.031461,0.034797,1.507539,0.012451,-0.006104,0.000488,0,0,0,0,3000,3000,3000,3000,0,228,-343,0-20,0,0,0
98.922417,1.117188,-2.738281,0.000000,0.019999,0.049999,0.013853,-0.031461,0.034797,1.507539,-0.006104,0.001953,0.000977,0,0,0,0,3000,3000,3000,3000,0,240,-350,0-20,0,0,0
98.924370,1.117188,-2.738281,0.000000,0.019999,0.049999,0.013847,-0.031461,0.034797,1.507539,0.005127,0.005615,-0.000488,0,0,0,0,3000,3000,3000,3000,0,232,-354,0-20,0,0,0
98.926346,1.117188,-2.738281,0.000000,0.019999,0.049999,0.013975,-0.031461,0.034797,1.507539,0.001465,0.002441,0.002197,0,0,0,0,3000,3000,3000,3000,0,235,-352,0-20,0,0,0
98.928284,1.117188,-2.738281,0.000000,0.019999,0.049999,0.014240,-0.031378,0.034808,1.507410,-0.006104,0.007812,0.001465,0,0,0,0,3000,3000,3000,3000,0,235,-352,0-20,0,0,0
98.930244,1.117188,-2.738281,0.000000,0.019999,0.049999,0.014349,-0.031461,0.034797,1.507539,0.006104,0.008301,-0.003174,0,0,0,0,3000,3000,3000,3000,0,231,-358,0-20,0,0,0
98.932190,1.117188,-2.738281,0.000000,0.019999,0.049999,0.014328,-0.031461,0.034797,1.507539,-0.010742,-0.002441,0.000977,0,0,0,0,3000,3000,3000,3000,0,243,-349,0-20,0,0,0
98.934143,1.117188,-2.738281,0.000000,0.019999,0.049999,0.014217,-0.031461,0.034797,1.507539,-0.001221,0.000244,-0.002686,0,0,0,0,3000,3000,3000,3000,0,237,-351,0-20,0,0,0
98.936096,1.117188,-2.738281,0.000000,0.019999,0.049999,0.014303,-0.031461,0.034797,1.507539,0.004150,0.000244,0.001465,0,0,0,0,3000,3000,3000,3000,0,234,-351,0-20,0,0,0
98.938072,1.117188,-2.738281,0.000000,0.019999,0.049999,0.014494,-0.031461,0.034797,1.507539,-0.003418,-0.002930,0.003662,0,0,0,0,3000,3000,3000,3000,0,239,-347,0-20,0,0,0
98.940002,1.117188,-2.738281,0.000000,0.019999,0.049999,0.014664,-0.031461,0.034797,1.507539,0.010986,0.001221,-0.001221,0,0,0,0,3000,3000,3000,3000,0,229,-351,0-20,0,0,0
98.941963,1.117188,-2.738281,0.000000,0.019999,0.049999,0.014921,-0.031461,0.034797,1.507539,-0.003418,0.000244,0.000488,0,0,0,0,3000,3000,3000,3000,0,239,-350,0-20,0,0,0
98.943916,1.117188,-2.738281,0.000000,0.019999,0.049999,0.014957,-0.031461,0.034797,1.507539,0.002441,-0.001953,0.000488,0,0,0,0,3000,3000,3000,3000,0,234,-348,0-20,0,0,0
98.945862,1.117188,-2.738281,0.000000,0.019999,0.049999,0.015169,-0.031461,0.034797,1.507539,0.002930,0.002930,-0.000488,0,0,0,0,3000,3000,3000,3000,0,234,-352,0-20,0,0,0
98.947807,1.117188,-2.738281,0.000000,0.019999,0.049999,0.014048,-0.031461,0.034797,1.507539,-0.007080,-0.000732,0.000488,0,0,0,0,3000,3000,3000,3000,0,241,-349,0-20,0,0,0
98.949768,1.117188,-2.738281,0.000000,0.019999,0.049999,0.014185,-0.031461,0.034797,1.507539,0.008789,0.001953,-0.001221,0,0,0,0,3000,3000,3000,3000,0,230,-351,0-20,0,0,0
98.951714,1.117188,-2.738281,0.000000,0.019999,0.049999,0.014143,-0.031461,0.034797,1.507539,-0.009766,0.003418,-0.004395,0,0,0,0,3000,3000,3000,3000,0,243,-353,0-20,0,0,0
98.953674,1.117188,-2.738281,0.000000,0.019999,0.049999,0.014174,-0.031461,0.034797,1.507539,0.004150,0.002441,-0.000488,0,0,0,0,3000,3000,3000,3000,0,234,-352,0-20,0,0,0
98.955620,1.117188,-2.738281,0.000000,0.019999,0.049999,0.014345,-0.031461,0.034797,1.507539,-0.006104,0.001953,-0.003174,0,0,0,0,3000,3000,3000,3000,0,241,-352,0-20,0,0,0
98.957573,1.117188,-2.738281,0.000000,0.019999,0.049999,0.014444,-0.031461,0.034797,1.507539,-0.000244,-0.002441,-0.002197,0,0,0,0,3000,3000,3000,3000,0,237,-348,0-20,0,0,0
98.959534,1.117188,-2.738281,0.000000,0.019999,0.049999,0.014578,-0.031461,0.034797,1.507539,0.002930,0.001221,-0.001221,0,0,0,0,3000,3000,3000,3000,0,235,-351,0-20,0,0,0
98.961479,1.117188,-2.738281,0.000000,0.019999,0.049999,0.014666,-0.031461,0.034797,1.507539,-0.008301,0.002441,-0.002197,0,0,0,0,3000,3000,3000,3000,0,243,-352,0-20,0,0,0
98.963432,1.117188,-2.738281,0.000000,0.019999,0.049999,0.014727,-0.031461,0.034797,1.507539,0.008301,-0.004639,0.002197,0,0,0,0,3000,3000,3000,3000,0,232,-345,0-20,0,0,0
98.965385,1.117188,-2.738281,0.000000,0.019999,0.049999,0.014791,-0.031461,0.034797,1.507539,-0.001221,-0.003906,0.002197,0,0,0,0,3000,3000,3000,3000,0,238,-345,0-20,0,0,0
98.967346,1.117188,-2.738281,0.000000,0.019999,0.049999,0.014782,-0.031461,0.034797,1.507539,0.006592,-0.000732,0.002686,0,0,0,0,3000,3000,3000,3000,0,232,-347,0-20,0,0,0
98.969299,1.117188,-2.738281,0.000000,0.019999,0.049999,0.015066,-0.031461,0.034797,1.507539,0.002930,-0.003906,0.001465,0,0,0,0,3000,3000,3000,3000,0,234,-344,0-20,0,0,0
98.971252,1.117188,-2.738281,0.000000,0.019999,0.049999,0.015045,-0.031461,0.034797,1.507539,0.001953,-0.001953,0.001465,0,0,0,0,3000,3000,3000,3000,0,235,-345,0-20,0,0,0
98.973198,1.117188,-2.738281,0.000000,0.019999,0.049999,0.015121,-0.031461,0.034797,1.507539,0.006104,-0.003906,0.004150,0,0,0,0,3000,3000,3000,3000,0,231,-343,0-20,0,0,0
98.975159,1.117188,-2.738281,0.000000,0.019999,0.049999,0.015121,-0.031461,0.034797,1.507539,-0.006104,0.002930,0.000000,0,0,0,0,3000,3000,3000,3000,0,240,-350,0-20,0,0,0
98.977104,1.117188,-2.738281,0.000000,0.019999,0.049999,0.015430,-0.031461,0.034797,1.507539,0.000977,0.000732,0.003662,0,0,0,0,3000,3000,3000,3000,0,235,-348,0-20,0,0,0
98.979065,1.117188,-2.738281,0.000000,0.019999,0.049999,0.015556,-0.031461,0.034797,1.507539,-0.006592,-0.000244,-0.000488,0,0,0,0,3000,3000,3000,3000,0,241,-347,0-20,0,0,0
98.981010,1.117188,-2.738281,0.000000,0.019999,0.049999,0.015528,-0.031461,0.034797,1.507539,-0.001709,0.006104,-0.004883,0,0,0,0,3000,3000,3000,3000,0,238,-354,0-20,0,0,0
98.982964,1.117188,-2.738281,0.000000,0.019999,0.049999,0.015686,-0.031461,0.034797,1.507539,0.000244,0.000244,0.000000,0,0,0,0,3000,3000,3000,3000,0,237,-349,0-20,0,0,0
98.984917,1.117188,-2.738281,0.000000,0.019999,0.049999,0.015762,-0.031461,0.034797,1.507539,-0.008301,0.001953,-0.004883,0,0,0,0,3000,3000,3000,3000,0,243,-351,0-20,0,0,0
98.986870,1.117188,-2.738281,0.000000,0.019999,0.049999,0.015724,-0.031461,0.034797,1.507539,0.001953,0.001221,0.000488,0,0,0,0,3000,3000,3000,3000,0,236,-350,0-20,0,0,0
98.988831,1.117188,-2.738281,0.000000,0.019999,0.049999,0.015944,-0.031461,0.034797,1.507539,-0.002930,0.000244,-0.003174,0,0,0,0,3000,3000,3000,3000,0,240,-349,0-20,0,0,0
98.990776,1.117188,-2.738281,0.000000,0.019999,0.049999,0.016108,-0.031461,0.034797,1.507539,-0.000244,0.000732,-0.003906,0,0,0,0,3000,3000,3000,3000,0,238,-350,0-20,0,0,0
98.992737,1.117188,-2.750000,0.000000,0.000000,0.049999,0.016298,-0.031461,0.034797,1.507539,0.004150,0.000244,0.000488,0,0,0,0,3000,3000,3000,3000,0,235,-349,0-20,0,0,0
98.994690,1.117188,-2.750000,0.000000,0.000000,0.049999,0.011211,-0.031461,0.034797,1.507539,-0.002930,0.001953,-0.001221,0,0,0,0,3000,3000,3000,3000,0,239,-351,0-20,0,0,0
98.996635,1.117188,-2.750000,0.000000,0.000000,0.049999,0.011316,-0.031461,0.034797,1.507539,0.007324,-0.000732,0.004639,0,0,0,0,3000,3000,3000,3000,0,232,-349,0-20,0,0,0
98.998596,1.117188,-2.750000,0.000000,0.000000,0.049999,0.011444,-0.031461,0.034797,1.507539,-0.003906,-0.000244,-0.000488,0,0,0,0,3000,3000,3000,3000,0,240,-349,0-20,0,0,0
99.000549,1.117188,-2.750000,0.000000,0.000000,0.049999,0.011499,-0.031461,0.034797,1.507539,0.002441,-0.001953,-0.002197,0,0,0,0,3000,3000,3000,3000,0,235,-347,0-20,0,0,0
99.002495,1.117188,-2.750000,0.000000,0.000000,0.049999,0.011614,-0.031461,0.034797,1.507539,0.002441,-0.003906,0.001465,0,0,0,0,3000,3000,3000,3000,0,235,-345,0-20,0,0,0
99.004448,1.117188,-2.750000,0.000000,0.000000,0.049999,0.011633,-0.031461,0.034797,1.507539,-0.003418,-0.003906,0.000488,0,0,0,0,3000,3000,3000,3000,0,239,-344,0-20,0,0,0
99.006409,1.117188,-2.750000,0.000000,0.000000,0.049999,0.011644,-0.031461,0.034797,1.507539,0.007324,-0.002441,0.002197,0,0,0,0,3000,3000,3000,3000,0,231,-345,0-20,0,0,0
99.008362,1.117188,-2.750000,0.000000,0.000000,0.049999,0.011822,-0.031461,0.034797,1.507539,-0.006104,-0.003418,0.000977,0,0,0,0,3000,3000,3000,3000,0,241,-344,0-20,0,0,0
99.010307,1.117188,-2.750000,0.000000,0.000000,0.049999,0.011948,-0.031461,0.034797,1.507539,0.005127,0.000732,-0.000488,0,0,0,0,3000,3000,3000,3000,0,233,-348,0-20,0,0,0
99.012260,1.117188,-2.750000,0.000000,0.000000,0.049999,0.012074,-0.031461,0.034797,1.507539,-0.002441,0.002441,0.000488,0,0,0,0,3000,3000,3000,3000,0,238,-350,0-20,0,0,0
99.014214,1.117188,-2.750000,0.000000,0.000000,0.049999,0.012226,-0.031461,0.034797,1.507539,0.004639,0.003418,-0.004395,0,0,0,0,3000,3000,3000,3000,0,233,-351,0-20,0,0,0
99.016167,1.117188,-2.750000,0.000000,0.000000,0.049999,0.012304,-0.031461,0.034797,1.507539,0.001953,0.000244,0.003662,0,0,0,0,3000,3000,3000,3000,0,235,-349,0-20,0,0,0
99.018127,1.117188,-2.750000,0.000000,0.000000,0.049999,0.012323,-0.031461,0.034797,1.507539,-0.001709,0.001953,0.000977,0,0,0,0,3000,3000,3000,3000,0,237,-350,0-20,0,0,0
99.020073,1.117188,-2.750000,0.000000,0.000000,0.049999,0.012606,-0.031461,0.034797,1.507539,0.007812,0.002441,0.000977,0,0,0,0,3000,3000,3000,3000,0,230,-351,0-20,0,0,0
99.022026,1.117188,-2.750000,0.000000,0.000000,0.049999,0.012573,-0.031400,0.034858,1.507539,0.001953,-0.001221,0.003662,0,0,0,0,3000,3000,3000,3000,0,234,-348,0-20,0,0,0
99.023979,1.117188,-2.750000,0.000000,0.000000,0.049999,0.012699,-0.031400,0.034858,1.507539,0.000244,-0.001953,0.003662,0,0,0,0,3000,3000,3000,3000,0,235,-348,0-20,0,0,0
99.025932,1.117188,-2.750000,0.000000,0.000000,0.049999,0.010622,-0.031400,0.034858,1.507539,0.001465,-0.000244,-0.001221,0,0,0,0,3000,3000,3000,3000,0,234,-349,0-20,0,0,0
99.027901,1.117188,-2.750000,0.000000,0.000000,0.049999,0.010807,-0.031400,0.034858,1.507539,-0.005615,0.000244,-0.003174,0,0,0,0,3000,3000,3000,3000,0,239,-349,0-20,0,0,0
99.029846,1.117188,-2.750000,0.000000,0.000000,0.049999,0.010813,-0.031400,0.034858,1.507539,-0.000244,-0.001221,-0.000732,0,0,0,0,3000,3000,3000,3000,0,236,-348,0-20,0,0,0
99.031792,1.117188,-2.750000,0.000000,0.000000,0.049999,0.010885,-0.031400,0.034858,1.507539,-0.006104,0.000244,-0.001709,0,0,0,0,3000,3000,3000,3000,0,241,-349,0-20,0,0,0
99.033745,1.117188,-2.750000,0.000000,0.000000,0.049999,0.011015,-0.031400,0.034858,1.507539,-0.001221,-0.002930,-0.001709,0,0,0,0,3000,3000,3000,3000,0,238,-346,0-20,0,0,0
99.035698,1.117188,-2.750000,0.000000,0.000000,0.049999,0.010950,-0.031400,0.034858,1.507539,-0.002441,-0.000244,0.000000,0,0,0,0,3000,3000,3000,3000,0,239,-349,0-20,0,0,0
99.037659,1.117188,-2.750000,0.000000,0.000000,0.049999,0.011101,-0.031400,0.034858,1.507539,-0.005615,-0.001221,-0.000488,0,0,0,0,3000,3000,3000,3000,0,241,-348,0-20,0,0,0
99.039612,1.117188,-2.750000,0.000000,0.000000,0.049999,0.011152,-0.031400,0.034858,1.507539,0.006104,-0.002441,0.002686,0,0,0,0,3000,3000,3000,3000,0,233,-346,0-20,0,0,0
99.041557,1.117188,-2.750000,0.000000,0.000000,0.049999,0.011305,-0.031400,0.034858,1.507539,-0.004395,-0.001221,0.000977,0,0,0,0,3000,3000,3000,3000,0,240,-347,0-20,0,0,0
99.043510,1.117188,-2.750000,0.000000,0.000000,0.049999,0.011436,-0.031400,0.034858,1.507539,0.002441,0.002441,0.000000,0,0,0,0,3000,3000,3000,3000,0,235,-351,0-20,0,0,0
99.045471,1.117188,-2.750000,0.000000,0.000000,0.049999,0.011585,-0.031400,0.034858,1.507539,0.000977,0.001221,0.002686,0,0,0,0,3000,3000,3000,3000,0,236,-350,0-20,0,0,0
99.047424,1.117188,-2.750000,0.000000,0.000000,0.049999,0.011635,-0.031400,0.034858,1.507539,-0.003418,0.000244,-0.000732,0,0,0,0,3000,3000,3000,3000,0,239,-349,0-20,0,0,0
99.049370,1.117188,-2.738281,0.000000,0.049999,0.099998,0.009748,-0.031400,0.034858,1.507539,0.005127,0.001953,0.002197,0,0,0,0,3000,3000,3000,3000,0,233,-351,0-20,0,0,0
99.051323,1.117188,-2.738281,0.000000,0.049999,0.099998,0.009953,-0.031400,0.034858,1.507539,-0.007080,-0.001221,0.000488,0,0,0,0,3000,3000,3000,3000,0,242,-348,0-20,0,0,0
99.053276,1.117188,-2.738281,0.000000,0.049999,0.099998,0.010086,-0.031400,0.034858,1.507539,0.005615,-0.001221,-0.000488,0,0,0,0,3000,3000,3000,3000,0,233,-348,0-20,0,0,0
99.055237,1.117188,-2.738281,0.000000,0.049999,0.099998,0.010067,-0.031400,0.034858,1.507539,-0.004883,-0.001953,-0.001221,0,0,0,0,3000,3000,3000,3000,0,240,-347,0-20,0,0,0
99.057182,1.117188,-2.738281,0.000000,0.049999,0.099998,0.010269,-0.031400,0.034858,1.507539,0.002441,-0.002930,0.001465,0,0,0,0,3000,3000,3000,3000,0,235,-346,0-20,0,0,0
99.059143,1.117188,-2.738281,0.000000,0.049999,0.099998,0.010239,-0.031400,0.034858,1.507539,0.004150,0.002441,0.002686,0,0,0,0,3000,3000,3000,3000,0,234,-351,0-20,0,0,0
99.061089,1.117188,-2.738281,0.000000,0.049999,0.099998,0.010426,-0.031400,0.034858,1.507539,-0.005615,0.002441,-0.000488,0,0,0,0,3000,3000,3000,3000,0,240,-351,0-20,0,0,0
99.063042,1.117188,-2.738281,0.000000,0.049999,0.099998,0.010447,-0.031400,0.034858,1.507539,0.006104,-0.002441,0.002197,0,0,0,0,3000,3000,3000,3000,0,232,-347,0-20,0,0,0
99.065002,1.117188,-2.738281,0.000000,0.049999,0.099998,0.010427,-0.031400,0.034858,1.507539,-0.000732,-0.000732,0.000488,0,0,0,0,3000,3000,3000,3000,0,237,-349,0-20,0,0,0
99.066956,1.117188,-2.738281,0.000000,0.049999,0.099998,0.010603,-0.031400,0.034858,1.507539,0.004150,0.001953,-0.000732,0,0,0,0,3000,3000,3000,3000,0,233,-351,0-20,0,0,0
99.068909,1.117188,-2.738281,0.000000,0.049999,0.099998,0.010681,-0.031400,0.034858,1.507539,-0.002441,0.000244,-0.000732,0,0,0,0,3000,3000,3000,3000,0,237,-350,0-20,0,0,0
99.070862,1.117188,-2.738281,0.000000,0.049999,0.099998,0.010712,-0.031400,0.034858,1.507539,-0.002441,0.000732,-0.001709,0,0,0,0,3000,3000,3000,3000,0,238,-350,0-20,0,0,0
99.072807,1.117188,-2.738281,0.000000,0.049999,0.099998,0.010780,-0.031400,0.034858,1.507539,0.006592,0.001221,0.000977,0,0,0,0,3000,3000,3000,3000,0,231,-351,0-20,0,0,0
99.074760,1.117188,-2.738281,0.000000,0.049999,0.099998,0.010916,-0.031400,0.034858,1.507539,-0.001709,-0.000244,-0.004883,0,0,0,0,3000,3000,3000,3000,0,237,-349,0-20,0,0,0
99.076714,1.117188,-2.738281,0.000000,0.049999,0.099998,0.010958,-0.031400,0.034858,1.507539,-0.000244,0.000732,-0.001221,0,0,0,0,3000,3000,3000,3000,0,236,-350,0-20,0,0,0
99.078674,1.117188,-2.738281,0.000000,0.049999,0.099998,0.011063,-0.031400,0.034858,1.507539,0.000244,-0.001953,0.003662,0,0,0,0,3000,3000,3000,3000,0,236,-348,0-20,0,0,0
99.080620,1.117188,-2.738281,0.000000,0.049999,0.099998,0.011036,-0.031400,0.034858,1.507539,-0.003906,-0.001221,0.001465,0,0,0,0,3000,3000,3000,3000,0,239,-348,0-20,0,0,0
99.082573,1.117188,-2.738281,0.000000,0.049999,0.099998,0.011280,-0.031400,0.034858,1.507539,0.000977,-0.001221,-0.000732,0,0,0,0,3000,3000,3000,3000,0,236,-348,0-20,0,0,0
99.084526,1.117188,-2.738281,0.000000,0.049999,0.099998,0.011370,-0.031400,0.034858,1.507539,-0.006104,-0.000244,-0.001221,0,0,0,0,3000,3000,3000,3000,0,241,-349,0-20,0,0,0
99.086479,1.117188,-2.738281,0.000000,0.049999,0.099998,0.011351,-0.031400,0.034858,1.507539,0.005615,-0.001953,0.000977,0,0,0,0,3000,3000,3000,3000,0,233,-347,0-20,0,0,0
99.088440,1.117188,-2.738281,0.000000,0.049999,0.099998,0.011471,-0.031400,0.034858,1.507539,-0.001709,-0.001953,0.000000,0,0,0,0,3000,3000,3000,3000,0,238,-347,0-20,0,0,0
99.090385,1.117188,-2.738281,0.000000,0.049999,0.099998,0.011450,-0.031400,0.034858,1.507539,0.000977,-0.002441,-0.002686,0,0,0,0,3000,3000,3000,3000,0,236,-346,0-20,0,0,0
99.092346,1.117188,-2.738281,0.000000,0.049999,0.099998,0.011585,-0.031400,0.034858,1.507539,0.003418,-0.002441,0.000000,0,0,0,0,3000,3000,3000,3000,0,234,-346,0-20,0,0,0
99.094292,1.117188,-2.738281,0.000000,0.049999,0.099998,0.011829,-0.031400,0.034858,1.507539,-0.006104,-0.000732,-0.002197,0,0,0,0,3000,3000,3000,3000,0,240,-347,0-20,0,0,0
99.096245,1.117188,-2.738281,0.000000,0.049999,0.099998,0.012213,-0.031400,0.034858,1.507539,0.010986,0.001953,0.002197,0,0,0,0,3000,3000,3000,3000,0,228,-350,0-20,0,0,0
99.098206,1.117188,-2.738281,0.000000,0.049999,0.099998,0.012295,-0.031400,0.034858,1.507539,-0.000732,0.002930,0.000977,0,0,0,0,3000,3000,3000,3000,0,236,-351,0-20,0,0,0
99.100151,1.117188,-2.738281,0.000000,0.049999,0.099998,0.012297,-0.031400,0.034858,1.507539,0.000977,-0.000244,-0.002197,0,0,0,0,3000,3000,3000,3000,0,235,-349,0-20,0,0,0
99.102104,1.117188,-2.738281,0.000000,0.049999,0.099998,0.012291,-0.031400,0.034858,1.507539,0.001953,-0.001221,0.002197,0,0,0,0,3000,3000,3000,3000,0,234,-348,0-20,0,0,0
99.104057,1.117188,-2.738281,0.000000,0.049999,0.099998,0.015593,-0.031400,0.034858,1.507539,-0.006104,-0.000244,-0.000488,0,0,0,0,3000,3000,3000,3000,0,240,-349,0-20,0,0,0
99.106018,1.117188,-2.738281,0.000000,0.049999,0.099998,0.015696,-0.031400,0.034858,1.507539,0.002930,0.000244,0.001465,0,0,0,0,3000,3000,3000,3000,0,234,-349,0-20,0,0,0
99.107964,1.117188,-2.738281,0.000000,0.049999,0.099998,0.015814,-0.031400,0.034858,1.507539,-0.006104,0.000244,-0.000488,0,0,0,0,3000,3000,3000,3000,0,241,-349,0-20,0,0,0
99.109917,1.117188,-2.738281,0.000000,0.049999,0.099998,0.016008,-0.031400,0.034858,1.507539,0.004639,-0.000732,0.000000,0,0,0,0,3000,3000,3000,3000,0,233,-349,0-20,0,0,0
99.111877,1.117188,-2.738281,0.000000,0.049999,0.099998,0.016140,-0.031400,0.034858,1.507539,-0.002930,0.000244,-0.001221,0,0,0,0,3000,3000,3000,3000,0,238,-350,0-20,0,0,0
99.113823,1.117188,-2.738281,0.000000,0.049999,0.099998,0.016184,-0.031400,0.034858,1.507539,-0.000244,-0.001953,-0.004883,0,0,0,0,3000,3000,3000,3000,0,237,-347,0-20,0,0,0
99.115776,1.117188,-2.738281,0.000000,0.049999,0.099998,0.016439,-0.031339,0.034797,1.507539,0.006104,-0.001953,0.000000,0,0,0,0,3000,3000,3000,3000,0,232,-347,0-20,0,0,0
99.117729,1.117188,-2.738281,0.000000,0.049999,0.099998,0.016403,-0.031339,0.034797,1.507539,-0.007568,-0.004639,-0.001221,0,0,0,0,3000,3000,3000,3000,0,241,-344,0-20,0,0,0
99.119682,1.117188,-2.738281,0.000000,0.049999,0.099998,0.016460,-0.031339,0.034797,1.507539,0.005615,-0.001221,0.000000,0,0,0,0,3000,3000,3000,3000,0,232,-347,0-20,0,0,0
99.121635,1.117188,-2.738281,0.000000,0.049999,0.099998,0.016481,-0.031339,0.034797,1.507539,-0.001221,0.000244,0.000977,0,0,0,0,3000,3000,3000,3000,0,237,-348,0-20,0,0,0
99.123589,1.117188,-2.738281,0.000000,0.049999,0.099998,0.016586,-0.031339,0.034797,1.507539,0.001953,-0.001221,0.000000,0,0,0,0,3000,3000,3000,3000,0,234,-347,0-20,0,0,0
99.125542,1.117188,-2.738281,0.000000,0.049999,0.099998,0.016750,-0.031339,0.034797,1.507539,0.004150,0.001221,-0.000732,0,0,0,0,3000,3000,3000,3000,0,233,-349,0-20,0,0,0
99.127502,1.117188,-2.738281,0.000000,0.049999,0.099998,0.016809,-0.031339,0.034797,1.507539,-0.006592,-0.001221,-0.001221,0,0,0,0,3000,3000,3000,3000,0,240,-347,0-20,0,0,0
99.129448,1.117188,-2.738281,0.000000,0.049999,0.099998,0.017067,-0.031339,0.034797,1.507539,0.006592,-0.000732,0.000488,0,0,0,0,3000,3000,3000,3000,0,231,-348,0-20,0,0,0
99.131409,1.117188,-2.738281,0.000000,0.049999,0.099998,0.017141,-0.031339,0.034797,1.507539,-0.003418,0.002930,-0.001221,0,0,0,0,3000,3000,3000,3000,0,238,-351,0-20,0,0,0
99.133354,1.117188,-2.738281,0.000000,0.049999,0.099998,0.017340,-0.031339,0.034797,1.507539,0.001465,-0.002930,-0.000488,0,0,0,0,3000,3000,3000,3000,0,235,-346,0-20,0,0,0
99.135307,1.117188,-2.738281,0.000000,0.049999,0.099998,0.017506,-0.031339,0.034797,1.507539,0.004150,-0.002197,0.003662,0,0,0,0,3000,3000,3000,3000,0,233,-347,0-20,0,0,0
99.137260,1.117188,-2.738281,0.000000,0.049999,0.099998,0.017519,-0.031339,0.034797,1.507539,-0.004883,0.000000,-0.000488,0,0,0,0,3000,3000,3000,3000,0,239,-348,0-20,0,0,0
99.139214,1.117188,-2.738281,0.000000,0.049999,0.099998,0.017570,-0.031339,0.034797,1.507539,0.004639,0.000977,0.002197,0,0,0,0,3000,3000,3000,3000,0,232,-349,0-20,0,0,0
99.141167,1.117188,-2.738281,0.000000,0.049999,0.099998,0.017658,-0.031339,0.034797,1.507539,-0.004395,-0.000244,0.000977,0,0,0,0,3000,3000,3000,3000,0,239,-349,0-20,0,0,0
99.143120,1.117188,-2.738281,0.000000,0.049999,0.099998,0.017761,-0.031339,0.034797,1.507539,0.005127,0.000977,-0.002197,0,0,0,0,3000,3000,3000,3000,0,232,-350,0-20,0,0,0
99.145073,1.117188,-2.738281,0.000000,0.049999,0.099998,0.018013,-0.031339,0.034797,1.507539,0.002441,0.000488,0.000488,0,0,0,0,3000,3000,3000,3000,0,234,-350,0-20,0,0,0
99.147026,1.117188,-2.738281,0.000000,0.049999,0.099998,0.018068,-0.031339,0.034797,1.507539,-0.006592,0.000000,0.001465,0,0,0,0,3000,3000,3000,3000,0,240,-349,0-20,0,0,0
99.148987,1.117188,-2.738281,0.000000,0.049999,0.099998,0.018148,-0.031339,0.034797,1.507539,0.003418,0.000244,0.001465,0,0,0,0,3000,3000,3000,3000,0,233,-349,0-20,0,0,0
99.150940,1.117188,-2.738281,0.000000,0.049999,0.099998,0.017996,-0.031339,0.034797,1.507539,-0.005615,-0.001221,0.000488,0,0,0,0,3000,3000,3000,3000,0,240,-348,0-20,0,0,0
99.152885,1.117188,-2.738281,0.000000,0.049999,0.099998,0.017740,-0.031339,0.034797,1.507539,0.001953,-0.001221,0.000000,0,0,0,0,3000,3000,3000,3000,0,235,-348,0-20,0,0,0
99.154839,1.117188,-2.738281,0.000000,0.049999,0.099998,0.017899,-0.031339,0.034797,1.507539,0.001465,0.000977,-0.000488,0,0,0,0,3000,3000,3000,3000,0,235,-350,0-20,0,0,0
99.156792,1.117188,-2.738281,0.000000,0.049999,0.099998,0.017942,-0.031339,0.034797,1.507539,-0.001221,-0.000488,-0.003906,0,0,0,0,3000,3000,3000,3000,0,237,-349,0-20,0,0,0
99.158752,1.117188,-2.738281,0.000000,0.049999,0.099998,0.018034,-0.031339,0.034797,1.507539,0.002441,0.000000,0.000977,0,0,0,0,3000,3000,3000,3000,0,234,-349,0-20,0,0,0
99.160698,1.117188,-2.738281,0.000000,0.049999,0.099998,0.018181,-0.031339,0.034797,1.507539,-0.007080,-0.001221,-0.002686,0,0,0,0,3000,3000,3000,3000,0,241,-348,0-20,0,0,0
99.162651,1.117188,-2.738281,0.000000,0.049999,0.099998,0.018328,-0.031339,0.034797,1.507539,0.005127,-0.001221,-0.002686,0,0,0,0,3000,3000,3000,3000,0,233,-348,0-20,0,0,0
99.164604,1.117188,-2.738281,0.000000,0.049999,0.099998,0.018322,-0.031339,0.034797,1.507539,-0.004395,0.002197,-0.001221,0,0,0,0,3000,3000,3000,3000,0,240,-351,0-20,0,0,0
99.166573,1.117188,-2.738281,0.000000,0.049999,0.099998,0.018532,-0.031339,0.034797,1.507539,0.002441,-0.002197,-0.001221,0,0,0,0,3000,3000,3000,3000,0,235,-347,0-20,0,0,0
99.168518,1.117188,-2.738281,0.000000,0.049999,0.099998,0.018654,-0.031339,0.034797,1.507539,0.000977,0.000000,0.000488,0,0,0,0,3000,3000,3000,3000,0,236,-349,0-20,0,0,0
99.170471,1.117188,-2.738281,0.000000,0.049999,0.099998,0.018682,-0.031339,0.034797,1.507539,-0.005615,0.002686,-0.000488,0,0,0,0,3000,3000,3000,3000,0,240,-352,0-20,0,0,0
99.172417,1.117188,-2.738281,0.000000,0.049999,0.099998,0.018724,-0.031339,0.034797,1.507539,0.001953,-0.000977,-0.000488,0,0,0,0,3000,3000,3000,3000,0,235,-348,0-20,0,0,0
99.174370,1.117188,-2.738281,0.000000,0.049999,0.099998,0.018812,-0.031339,0.034797,1.507539,-0.002930,0.000488,0.000977,0,0,0,0,3000,3000,3000,3000,0,239,-350,0-20,0,0,0
99.176346,1.117188,-2.738281,0.000000,0.049999,0.099998,0.018938,-0.031339,0.034797,1.507539,0.002930,0.001709,-0.001221,0,0,0,0,3000,3000,3000,3000,0,234,-351,0-20,0,0,0
99.178291,1.117188,-2.738281,0.000000,0.049999,0.099998,0.019144,-0.031339,0.034797,1.507539,-0.001221,-0.000977,-0.001709,0,0,0,0,3000,3000,3000,3000,0,237,-348,0-20,0,0,0
99.180244,1.117188,-2.750000,0.000000,-0.099998,-0.249998,0.019194,-0.031339,0.034797,1.507539,-0.004883,-0.002930,0.001465,0,0,0,0,3000,3000,3000,3000,0,240,-346,0-20,0,0,0
99.182190,1.117188,-2.750000,0.000000,-0.099998,-0.249998,0.011812,-0.031333,0.034766,1.507410,0.004639,0.000000,0.000488,0,0,0,0,3000,3000,3000,3000,0,234,-348,0-20,0,0,0
99.184143,1.117188,-2.750000,0.000000,-0.099998,-0.249998,0.011860,-0.031400,0.034736,1.507539,-0.004395,-0.000488,0.000000,0,0,0,0,3000,3000,3000,3000,0,240,-348,0-20,0,0,0
99.186096,1.117188,-2.750000,0.000000,-0.099998,-0.249998,0.011900,-0.031400,0.034736,1.507539,0.002930,-0.000977,0.000977,0,0,0,0,3000,3000,3000,3000,0,235,-347,0-20,0,0,0
99.188072,1.117188,-2.750000,0.000000,-0.099998,-0.249998,0.011881,-0.031400,0.034736,1.507539,-0.000732,0.000488,0.001465,0,0,0,0,3000,3000,3000,3000,0,237,-349,0-20,0,0,0
99.190002,1.117188,-2.750000,0.000000,-0.099998,-0.249998,0.011957,-0.031400,0.034736,1.507539,-0.003418,0.000000,0.000488,0,0,0,0,3000,3000,3000,3000,0,239,-348,0-20,0,0,0
99.191963,1.117188,-2.750000,0.000000,-0.099998,-0.249998,0.012280,-0.031400,0.034736,1.507539,0.006592,0.000000,0.001465,0,0,0,0,3000,3000,3000,3000,0,232,-348,0-20,0,0,0
99.193909,1.117188,-2.750000,0.000000,-0.099998,-0.249998,0.012285,-0.031400,0.034736,1.507539,-0.007568,0.001709,-0.000488,0,0,0,0,3000,3000,3000,3000,0,242,-350,0-20,0,0,0
99.195854,1.117188,-2.750000,0.000000,-0.099998,-0.249998,0.012396,-0.031400,0.034736,1.507539,0.004639,0.000488,-0.000732,0,0,0,0,3000,3000,3000,3000,0,233,-349,0-20,0,0,0
99.197815,1.117188,-2.750000,0.000000,-0.099998,-0.249998,0.012484,-0.031400,0.034736,1.507539,-0.003418,-0.000977,-0.000732,0,0,0,0,3000,3000,3000,3000,0,239,-348,0-20,0,0,0
99.199760,1.117188,-2.750000,0.000000,-0.099998,-0.249998,0.012512,-0.031400,0.034736,1.507539,-0.000244,0.001709,-0.000488,0,0,0,0,3000,3000,3000,3000,0,237,-350,0-20,0,0,0
99.201714,1.117188,-2.750000,0.000000,-0.099998,-0.249998,0.012510,-0.031400,0.034736,1.507539,0.006592,0.002197,-0.001709,0,0,0,0,3000,3000,3000,3000,0,232,-351,0-20,0,0,0
99.203667,1.117188,-2.750000,0.000000,-0.099998,-0.249998,0.012426,-0.031400,0.034736,1.507539,-0.003418,-0.000732,-0.002197,0,0,0,0,3000,3000,3000,3000,0,238,-348,0-20,0,0,0
99.205627,1.117188,-2.750000,0.000000,-0.099998,-0.249998,0.012533,-0.031400,0.034736,1.507539,0.007324,-0.002930,0.002686,0,0,0,0,3000,3000,3000,3000,0,231,-346,0-20,0,0,0
99.207573,1.117188,-2.750000,0.000000,-0.099998,-0.249998,0.012554,-0.031400,0.034736,1.507539,-0.006592,0.000732,0.000977,0,0,0,0,3000,3000,3000,3000,0,240,-349,0-20,0,0,0
99.209526,1.117188,-2.750000,0.000000,-0.099998,-0.249998,0.012737,-0.031400,0.034736,1.507539,0.003418,-0.001221,0.000488,0,0,0,0,3000,3000,3000,3000,0,233,-347,0-20,0,0,0
99.211487,1.117188,-2.750000,0.000000,-0.099998,-0.249998,0.012779,-0.031400,0.034736,1.507539,0.004150,-0.000732,-0.000732,0,0,0,0,3000,3000,3000,3000,0,233,-348,0-20,0,0,0
99.213432,1.117188,-2.750000,0.000000,-0.099998,-0.249998,0.012722,-0.031400,0.034736,1.507539,-0.004395,0.000244,0.000000,0,0,0,0,3000,3000,3000,3000,0,239,-348,0-20,0,0,0
99.215385,1.117188,-2.750000,0.000000,-0.099998,-0.249998,0.012814,-0.031400,0.034736,1.507539,0.006592,0.001953,-0.000488,0,0,0,0,3000,3000,3000,3000,0,231,-350,0-20,0,0,0
99.217339,1.117188,-2.750000,0.000000,-0.099998,-0.249998,0.012882,-0.031400,0.034736,1.507539,-0.004395,0.002441,-0.002197,0,0,0,0,3000,3000,3000,3000,0,239,-351,0-20,0,0,0
99.219292,1.117188,-2.750000,0.000000,-0.099998,-0.249998,0.012972,-0.031400,0.034736,1.507539,0.004150,0.001221,0.001465,0,0,0,0,3000,3000,3000,3000,0,233,-350,0-20,0,0,0
99.221245,1.117188,-2.750000,0.000000,-0.099998,-0.249998,0.012943,-0.031400,0.034736,1.507539,-0.002441,0.005127,0.002197,0,0,0,0,3000,3000,3000,3000,0,237,-354,0-20,0,0,0
99.223198,1.117188,-2.750000,0.000000,-0.099998,-0.249998,0.013105,-0.031400,0.034736,1.507539,0.000244,0.002441,-0.001221,0,0,0,0,3000,3000,3000,3000,0,235,-352,0-20,0,0,0
99.225151,1.117188,-2.750000,0.000000,-0.099998,-0.249998,0.013182,-0.031400,0.034736,1.507539,0.006592,-0.000732,0.002686,0,0,0,0,3000,3000,3000,3000,0,231,-349,0-20,0,0,0
99.227112,1.117188,-2.750000,0.000000,-0.099998,-0.249998,0.013226,-0.031400,0.034736,1.507539,-0.007080,0.000732,-0.000488,0,0,0,0,3000,3000,3000,3000,0,241,-350,0-20,0,0,0
99.229057,1.117188,-2.750000,0.000000,-0.099998,-0.249998,0.013292,-0.031400,0.034736,1.507539,0.007812,0.001953,0.000000,0,0,0,0,3000,3000,3000,3000,0,230,-351,0-20,0,0,0
99.231010,1.117188,-2.750000,0.000000,-0.099998,-0.249998,0.013224,-0.031333,0.034766,1.507410,-0.000244,0.000244,-0.000488,0,0,0,0,3000,3000,3000,3000,0,236,-350,0-20,0,0,0
99.232964,1.117188,-2.750000,0.000000,-0.099998,-0.249998,0.013393,-0.031400,0.034736,1.507539,-0.003418,0.000732,-0.003906,0,0,0,0,3000,3000,3000,3000,0,238,-350,0-20,0,0,0
99.234917,1.117188,-2.750000,0.000000,-0.099998,-0.249998,0.013540,-0.031400,0.034736,1.507539,0.004150,0.001221,-0.000488,0,0,0,0,3000,3000,3000,3000,0,233,-350,0-20,0,0,0
99.236870,1.117188,-2.750000,0.000000,-0.099998,-0.249998,0.013552,-0.031400,0.034736,1.507539,-0.007080,0.005615,-0.001221,0,0,0,0,3000,3000,3000,3000,0,241,-355,0-20,0,0,0
99.238831,1.117188,-2.750000,0.000000,-0.099998,-0.249998,0.013597,-0.031400,0.034736,1.507539,0.002441,-0.001221,0.004639,0,0,0,0,3000,3000,3000,3000,0,235,-348,0-20,0,0,0
99.240776,1.117188,-2.750000,0.000000,-0.099998,-0.249998,0.013796,-0.031400,0.034736,1.507539,-0.001221,0.000244,-0.001221,0,0,0,0,3000,3000,3000,3000,0,237,-350,0-20,0,0,0
99.242729,1.117188,-2.750000,0.000000,-0.099998,-0.249998,0.013887,-0.031400,0.034736,1.507539,0.001465,-0.000244,-0.001221,0,0,0,0,3000,3000,3000,3000,0,235,-349,0-20,0,0,0
99.244682,1.117188,-2.750000,0.000000,-0.099998,-0.249998,0.013821,-0.031400,0.034736,1.507539,0.001953,0.001221,-0.001709,0,0,0,0,3000,3000,3000,3000,0,235,-350,0-20,0,0,0
99.246635,1.117188,-2.750000,0.000000,-0.099998,-0.249998,0.013821,-0.031400,0.034736,1.507539,-0.005615,-0.000244,-0.001709,0,0,0,0,3000,3000,3000,3000,0,240,-349,0-20,0,0,0
99.248596,1.117188,-2.750000,0.000000,-0.099998,-0.249998,0.013964,-0.031400,0.034736,1.507539,0.004150,-0.000244,0.001465,0,0,0,0,3000,3000,3000,3000,0,234,-348,0-20,0,0,0
99.250542,1.117188,-2.750000,0.000000,-0.099998,-0.249998,0.014130,-0.031400,0.034736,1.507539,-0.006592,0.001221,0.000977,0,0,0,0,3000,3000,3000,3000,0,241,-350,0-20,0,0,0
99.252495,1.117188,-2.750000,0.000000,-0.099998,-0.249998,0.014187,-0.031400,0.034736,1.507539,-0.000244,0.000732,-0.002197,0,0,0,0,3000,3000,3000,3000,0,237,-349,0-20,0,0,0
99.254448,1.117188,-2.750000,0.000000,-0.099998,-0.249998,0.014318,-0.031400,0.034736,1.507539,0.001953,-0.001953,0.001465,0,0,0,0,3000,3000,3000,3000,0,236,-346,0-20,0,0,0
99.256409,1.117188,-2.750000,0.000000,-0.099998,-0.249998,0.014408,-0.031400,0.034736,1.507539,-0.006104,-0.000244,-0.001221,0,0,0,0,3000,3000,3000,3000,0,241,-348,0-20,0,0,0
99.258362,1.117188,-2.750000,0.000000,-0.099998,-0.249998,0.014538,-0.031400,0.034736,1.507539,0.005127,0.000244,-0.000488,0,0,0,0,3000,3000,3000,3000,0,233,-348,0-20,0,0,0
99.260307,1.117188,-2.750000,0.000000,-0.099998,-0.249998,0.007801,-0.031400,0.034736,1.507539,-0.004395,-0.001953,0.000488,0,0,0,0,3000,3000,3000,3000,0,240,-346,0-20,0,0,0
99.262260,1.117188,-2.750000,0.000000,-0.099998,-0.249998,0.007912,-0.031400,0.034736,1.507539,0.006104,-0.002441,-0.000488,0,0,0,0,3000,3000,3000,3000,0,233,-345,0-20,0,0,0
99.264214,1.117188,-2.750000,0.000000,-0.099998,-0.249998,0.008060,-0.031400,0.034736,1.507539,-0.006104,0.003418,0.000000,0,0,0,0,3000,3000,3000,3000,0,241,-350,0-20,0,0,0
99.266167,1.117188,-2.750000,0.000000,-0.099998,-0.249998,0.008190,-0.031400,0.034736,1.507539,-0.003418,0.000732,0.003174,0,0,0,0,3000,3000,3000,3000,0,239,-348,0-20,0,0,0
99.268127,1.117188,-2.750000,0.000000,-0.099998,-0.249998,0.008316,-0.031400,0.034736,1.507539,0.004150,-0.001221,-0.000488,0,0,0,0,3000,3000,3000,3000,0,234,-346,0-20,0,0,0
99.270073,1.117188,-2.750000,0.000000,-0.099998,-0.249998,0.008463,-0.031400,0.034736,1.507539,-0.005615,0.002441,-0.000488,0,0,0,0,3000,3000,3000,3000,0,241,-350,0-20,0,0,0
99.272041,1.117188,-2.750000,0.000000,-0.099998,-0.249998,0.008600,-0.031400,0.034736,1.507539,0.005127,0.001221,0.000000,0,0,0,0,3000,3000,3000,3000,0,233,-349,0-20,0,0,0
99.273987,1.117188,-2.750000,0.000000,-0.099998,-0.249998,0.008553,-0.031400,0.034736,1.507539,-0.004395,0.002930,0.000000,0,0,0,0,3000,3000,3000,3000,0,240,-351,0-20,0,0,0
99.275932,1.117188,-2.750000,0.000000,-0.099998,-0.249998,0.008625,-0.031400,0.034736,1.507539,0.003418,-0.000732,-0.001221,0,0,0,0,3000,3000,3000,3000,0,234,-348,0-20,0,0,0
99.277893,1.117188,-2.750000,0.000000,-0.099998,-0.249998,0.008770,-0.031400,0.034736,1.507539,0.003418,0.000244,0.000977,0,0,0,0,3000,3000,3000,3000,0,234,-348,0-20,0,0,0
99.279839,1.117188,-2.750000,0.000000,-0.099998,-0.249998,0.008732,-0.031400,0.034736,1.507539,-0.004883,0.000244,-0.000488,0,0,0,0,3000,3000,3000,3000,0,240,-348,0-20,0,0,0
99.281792,1.117188,-2.750000,0.000000,-0.099998,-0.249998,0.008823,-0.031400,0.034736,1.507539,0.010010,-0.000732,0.003174,0,0,0,0,3000,3000,3000,3000,0,229,-347,0-20,0,0,0
99.283745,1.117188,-2.750000,0.000000,-0.099998,-0.249998,0.008760,-0.031400,0.034736,1.507539,-0.005615,-0.000244,-0.001221,0,0,0,0,3000,3000,3000,3000,0,240,-348,0-20,0,0,0
99.285706,1.117188,-2.750000,0.000000,-0.099998,-0.249998,0.008644,-0.031400,0.034736,1.507539,0.005127,0.000732,-0.000488,0,0,0,0,3000,3000,3000,3000,0,232,-349,0-20,0,0,0
99.287651,1.117188,-2.750000,0.000000,-0.099998,-0.249998,0.008711,-0.031339,0.034797,1.507539,0.000244,0.001953,-0.000488,0,0,0,0,3000,3000,3000,3000,0,235,-350,0-20,0,0,0
99.289604,1.117188,-2.750000,0.000000,-0.099998,-0.249998,0.008705,-0.031339,0.034797,1.507539,-0.001221,0.000244,0.002197,0,0,0,0,3000,3000,3000,3000,0,236,-349,0-20,0,0,0
99.291557,1.117188,-2.750000,0.000000,-0.099998,-0.249998,0.008921,-0.031339,0.034797,1.507539,0.005127,0.002441,0.003662,0,0,0,0,3000,3000,3000,3000,0,232,-351,0-20,0,0,0
99.293510,1.117188,-2.750000,0.000000,-0.099998,-0.249998,0.009056,-0.031339,0.034797,1.507539,-0.003418,0.001221,-0.002197,0,0,0,0,3000,3000,3000,3000,0,238,-350,0-20,0,0,0
99.295464,1.117188,-2.750000,0.000000,-0.099998,-0.249998,0.009233,-0.031339,0.034797,1.507539,0.002930,0.000732,0.000000,0,0,0,0,3000,3000,3000,3000,0,233,-350,0-20,0,0,0
99.297417,1.117188,-2.750000,0.000000,-0.099998,-0.249998,0.009357,-0.031339,0.034797,1.507539,-0.003418,-0.000732,0.004150,0,0,0,0,3000,3000,3000,3000,0,238,-348,0-20,0,0,0
99.299377,1.117188,-2.750000,0.000000,-0.099998,-0.249998,0.009315,-0.031339,0.034797,1.507539,0.000977,0.001953,-0.003906,0,0,0,0,3000,3000,3000,3000,0,235,-351,0-20,0,0,0
99.301323,1.117188,-2.750000,0.000000,-0.099998,-0.249998,0.009296,-0.031339,0.034797,1.507539,0.002441,0.001953,0.002686,0,0,0,0,3000,3000,3000,3000,0,234,-351,0-20,0,0,0
99.303276,1.117188,-2.750000,0.000000,-0.099998,-0.249998,0.009396,-0.031339,0.034797,1.507539,-0.005615,0.001953,-0.002686,0,0,0,0,3000,3000,3000,3000,0,240,-351,0-20,0,0,0
99.305229,1.117188,-2.750000,0.000000,-0.099998,-0.249998,0.009426,-0.031339,0.034797,1.507539,0.005127,-0.000732,0.002686,0,0,0,0,3000,3000,3000,3000,0,232,-349,0-20,0,0,0
99.307182,1.117188,-2.750000,0.000000,-0.099998,-0.249998,0.009579,-0.031339,0.034797,1.507539,-0.003418,-0.001953,-0.000488,0,0,0,0,3000,3000,3000,3000,0,238,-347,0-20,0,0,0
99.309143,1.117188,-2.750000,0.000000,-0.099998,-0.249998,0.009756,-0.031339,0.034797,1.507539,0.000977,-0.001221,0.000488,0,0,0,0,3000,3000,3000,3000,0,235,-348,0-20,0,0,0
99.311096,1.117188,-2.750000,0.000000,-0.099998,-0.249998,0.009911,-0.031339,0.034797,1.507539,0.002930,-0.000732,0.000488,0,0,0,0,3000,3000,3000,3000,0,234,-348,0-20,0,0,0
99.313042,1.117188,-2.750000,0.000000,-0.099998,-0.249998,0.010183,-0.031339,0.034797,1.507539,-0.003906,-0.002441,-0.001709,0,0,0,0,3000,3000,3000,3000,0,239,-346,0-20,0,0,0
99.314995,1.117188,-2.750000,0.000000,-0.099998,-0.249998,0.010201,-0.031339,0.034797,1.507539,0.006104,-0.001221,0.001465,0,0,0,0,3000,3000,3000,3000,0,231,-347,0-20,0,0,0
99.316948,1.117188,-2.750000,0.000000,-0.099998,-0.249998,0.010338,-0.031339,0.034797,1.507539,-0.005615,0.002930,-0.001221,0,0,0,0,3000,3000,3000,3000,0,240,-351,0-20,0,0,0
99.318909,1.117188,-2.750000,0.000000,-0.099998,-0.249998,0.010416,-0.031339,0.034797,1.507539,0.000977,0.000732,-0.005371,0,0,0,0,3000,3000,3000,3000,0,235,-349,0-20,0,0,0
99.320854,1.117188,-2.750000,0.000000,-0.099998,-0.249998,0.010576,-0.031339,0.034797,1.507539,-0.000732,0.000244,-0.002686,0,0,0,0,3000,3000,3000,3000,0,237,-349,0-20,0,0,0
99.322807,1.117188,-2.750000,0.000000,-0.099998,-0.249998,0.010569,-0.031339,0.034797,1.507539,-0.002930,-0.000244,-0.000488,0,0,0,0,3000,3000,3000,3000,0,238,-348,0-20,0,0,0
99.324760,1.117188,-2.750000,0.000000,-0.099998,-0.249998,0.010815,-0.031339,0.034797,1.507539,0.005615,-0.001953,-0.000488,0,0,0,0,3000,3000,3000,3000,0,232,-346,0-20,0,0,0
99.326714,1.117188,-2.750000,0.000000,-0.099998,-0.249998,0.011198,-0.031339,0.034797,1.507539,-0.006592,0.000244,-0.000732,0,0,0,0,3000,3000,3000,3000,0,241,-348,0-20,0,0,0
99.328674,1.117188,-2.750000,0.000000,-0.099998,-0.249998,0.011314,-0.031339,0.034797,1.507539,0.005615,0.000244,-0.000488,0,0,0,0,3000,3000,3000,3000,0,232,-348,0-20,0,0,0
99.330627,1.117188,-2.750000,0.000000,-0.099998,-0.249998,0.011387,-0.031339,0.034797,1.507539,-0.000244,0.002930,0.002197,0,0,0,0,3000,3000,3000,3000,0,236,-351,0-20,0,0,0
99.332581,1.117188,-2.750000,0.000000,-0.099998,-0.249998,0.011501,-0.031339,0.034797,1.507539,-0.001709,-0.001953,0.000977,0,0,0,0,3000,3000,3000,3000,0,237,-347,0-20,0,0,0
99.334526,1.117188,-2.750000,0.000000,-0.099998,-0.249998,0.011683,-0.031339,0.034797,1.507539,0.006592,0.000732,-0.000732,0,0,0,0,3000,3000,3000,3000,0,231,-349,0-20,0,0,0
99.336479,1.117188,-2.750000,0.000000,-0.099998,-0.249998,0.011736,-0.031339,0.034797,1.507539,-0.008301,-0.001221,-0.000732,0,0,0,0,3000,3000,3000,3000,0,242,-347,0-20,0,0,0
99.338440,1.117188,-2.750000,0.000000,-0.099998,-0.249998,0.011070,-0.031339,0.034797,1.507539,0.002930,-0.000732,0.000488,0,0,0,0,3000,3000,3000,3000,0,234,-348,0-20,0,0,0
99.340385,1.117188,-2.750000,0.000000,-0.099998,-0.249998,0.011124,-0.031339,0.034797,1.507539,-0.003906,0.000244,0.000000,0,0,0,0,3000,3000,3000,3000,0,239,-348,0-20,0,0,0
99.342339,1.117188,-2.750000,0.000000,-0.099998,-0.249998,0.011133,-0.031339,0.034797,1.507539,0.001953,0.002441,-0.002197,0,0,0,0,3000,3000,3000,3000,0,235,-351,0-20,0,0,0
99.344292,1.117188,-2.750000,0.000000,-0.099998,-0.249998,0.011316,-0.031339,0.034797,1.507539,0.000244,-0.000244,0.001465,0,0,0,0,3000,3000,3000,3000,0,236,-348,0-20,0,0,0
99.346245,1.117188,-2.750000,0.000000,-0.099998,-0.249998,0.011351,-0.031339,0.034797,1.507539,-0.003418,-0.000244,-0.001709,0,0,0,0,3000,3000,3000,3000,0,239,-348,0-20,0,0,0
99.348206,1.117188,-2.750000,0.000000,-0.099998,-0.249998,0.011396,-0.031339,0.034797,1.507539,0.007324,-0.000244,0.002197,0,0,0,0,3000,3000,3000,3000,0,231,-348,0-20,0,0,0
99.350151,1.117188,-2.750000,0.000000,-0.099998,-0.249998,0.011492,-0.031339,0.034797,1.507539,-0.002930,-0.000244,0.000488,0,0,0,0,3000,3000,3000,3000,0,238,-348,0-20,0,0,0
99.352104,1.117188,-2.750000,0.000000,-0.099998,-0.249998,0.011570,-0.031339,0.034797,1.507539,0.001465,-0.000244,-0.001221,0,0,0,0,3000,3000,3000,3000,0,235,-348,0-20,0,0,0
99.354057,1.117188,-2.750000,0.000000,-0.099998,-0.249998,0.011751,-0.031339,0.034797,1.507539,0.002441,0.000244,0.003662,0,0,0,0,3000,3000,3000,3000,0,234,-349,0-20,0,0,0
99.356010,1.117188,-2.750000,0.000000,-0.099998,-0.249998,0.011969,-0.031339,0.034797,1.507539,-0.004883,0.001221,-0.001221,0,0,0,0,3000,3000,3000,3000,0,239,-350,0-20,0,0,0
99.357971,1.117188,-2.750000,0.000000,-0.099998,-0.249998,0.012236,-0.031339,0.034797,1.507539,0.004150,-0.002441,0.002197,0,0,0,0,3000,3000,3000,3000,0,233,-346,0-20,0,0,0
99.359932,1.117188,-2.750000,0.000000,-0.099998,-0.249998,0.012224,-0.031339,0.034797,1.507539,-0.004395,0.000732,0.001465,0,0,0,0,3000,3000,3000,3000,0,239,-349,0-20,0,0,0
99.361870,1.117188,-2.750000,0.000000,-0.099998,-0.249998,0.012310,-0.031339,0.034797,1.507539,0.004639,0.002930,0.000488,0,0,0,0,3000,3000,3000,3000,0,233,-351,0-20,0,0,0
99.363823,1.117188,-2.750000,0.000000,-0.099998,-0.249998,0.012369,-0.031339,0.034797,1.507539,-0.004395,-0.001221,0.002686,0,0,0,0,3000,3000,3000,3000,0,239,-348,0-20,0,0,0
99.365776,1.117188,-2.750000,0.000000,-0.099998,-0.249998,0.012318,-0.031339,0.034797,1.507539,-0.000244,-0.001953,0.000000,0,0,0,0,3000,3000,3000,3000,0,236,-347,0-20,0,0,0
99.367729,1.117188,-2.750000,0.000000,-0.099998,-0.249998,0.012379,-0.031339,0.034797,1.507539,0.002930,0.000732,0.000488,0,0,0,0,3000,3000,3000,3000,0,234,-349,0-20,0,0,0
99.369682,1.117188,-2.750000,0.000000,-0.099998,-0.249998,0.012489,-0.031339,0.034797,1.507539,-0.004883,0.000732,-0.001221,0,0,0,0,3000,3000,3000,3000,0,239,-349,0-20,0,0,0
99.371635,1.117188,-2.750000,0.000000,-0.099998,-0.249998,0.012753,-0.031339,0.034797,1.507539,0.004639,0.003418,0.004150,0,0,0,0,3000,3000,3000,3000,0,233,-352,0-20,0,0,0
99.373589,1.117188,-2.750000,0.000000,-0.099998,-0.249998,0.012718,-0.031339,0.034797,1.507539,-0.000732,-0.000732,-0.000488,0,0,0,0,3000,3000,3000,3000,0,236,-348,0-20,0,0,0
99.375549,1.117188,-2.750000,0.000000,-0.099998,-0.249998,0.012770,-0.031339,0.034797,1.507539,-0.000244,0.001221,-0.000732,0,0,0,0,3000,3000,3000,3000,0,236,-350,0-20,0,0,0
99.377495,1.117188,-2.750000,0.000000,-0.099998,-0.249998,0.012787,-0.031339,0.034797,1.507539,0.001953,0.001221,0.000977,0,0,0,0,3000,3000,3000,3000,0,234,-350,0-20,0,0,0
99.379448,1.117188,-2.750000,0.000000,-0.099998,-0.249998,0.012831,-0.031339,0.034797,1.507539,-0.004395,-0.003906,0.000977,0,0,0,0,3000,3000,3000,3000,0,239,-345,0-20,0,0,0
99.381401,1.117188,-2.750000,0.000000,-0.099998,-0.249998,0.013100,-0.031339,0.034797,1.507539,0.008301,0.000732,0.000977,0,0,0,0,3000,3000,3000,3000,0,230,-350,0-20,0,0,0
99.383354,1.117188,-2.750000,0.000000,-0.099998,-0.249998,0.013248,-0.031339,0.034797,1.507539,-0.006592,-0.001221,-0.002197,0,0,0,0,3000,3000,3000,3000,0,240,-348,0-20,0,0,0
99.385307,1.117188,-2.750000,0.000000,-0.099998,-0.249998,0.013525,-0.031339,0.034797,1.507539,-0.002930,-0.001221,-0.002197,0,0,0,0,3000,3000,3000,3000,0,238,-347,0-20,0,0,0
99.387260,1.117188,-2.750000,0.000000,-0.099998,-0.249998,0.013777,-0.031339,0.034797,1.507539,0.006592,0.005127,0.000488,0,0,0,0,3000,3000,3000,3000,0,231,-353,0-20,0,0,0
99.389214,1.117188,-2.750000,0.000000,-0.099998,-0.249998,0.013826,-0.031339,0.034797,1.507539,-0.006104,-0.002930,-0.000732,0,0,0,0,3000,3000,3000,3000,0,240,-346,0-20,0,0,0
99.391167,1.117188,-2.750000,0.000000,-0.099998,-0.249998,0.013964,-0.031339,0.034797,1.507539,0.004639,-0.000732,0.000977,0,0,0,0,3000,3000,3000,3000,0,233,-348,0-20,0,0,0
99.393120,1.117188,-2.750000,0.000000,-0.099998,-0.249998,0.014023,-0.031339,0.034797,1.507539,-0.005615,0.000244,-0.001709,0,0,0,0,3000,3000,3000,3000,0,240,-349,0-20,0,0,0
99.395073,1.117188,-2.750000,0.000000,-0.099998,-0.249998,0.014063,-0.031339,0.034797,1.507539,0.003418,0.001953,-0.000488,0,0,0,0,3000,3000,3000,3000,0,234,-350,0-20,0,0,0
99.397026,1.117188,-2.750000,0.000000,-0.099998,-0.249998,0.014372,-0.031339,0.034797,1.507539,-0.000244,0.001221,0.000977,0,0,0,0,3000,3000,3000,3000,0,236,-350,0-20,0,0,0
99.398987,1.117188,-2.750000,0.000000,-0.099998,-0.249998,0.014431,-0.031339,0.034797,1.507539,-0.006104,0.000732,0.000488,0,0,0,0,3000,3000,3000,3000,0,240,-350,0-20,0,0,0
99.400940,1.117188,-2.750000,0.000000,-0.099998,-0.249998,0.014524,-0.031339,0.034797,1.507539,0.004639,-0.000732,0.004150,0,0,0,0,3000,3000,3000,3000,0,233,-348,0-20,0,0,0
99.402885,1.117188,-2.750000,0.000000,-0.089998,-0.189999,0.014677,-0.031339,0.034797,1.507539,-0.006592,0.001221,0.000488,0,0,0,0,3000,3000,3000,3000,0,241,-350,0-20,0,0,0
99.404839,1.117188,-2.750000,0.000000,-0.089998,-0.189999,0.012218,-0.031337,0.034797,1.507600,0.006592,-0.001221,-0.000732,0,0,0,0,3000,3000,3000,3000,0,232,-348,0-20,0,0,0
99.406799,1.117188,-2.750000,0.000000,-0.089998,-0.189999,0.012358,-0.031337,0.034797,1.507600,-0.003906,0.002441,0.000977,0,0,0,0,3000,3000,3000,3000,0,239,-351,0-20,0,0,0
99.408752,1.117188,-2.750000,0.000000,-0.089998,-0.189999,0.012272,-0.031337,0.034797,1.507600,-0.000244,0.000244,0.000000,0,0,0,0,3000,3000,3000,3000,0,236,-349,0-20,0,0,0
99.410706,1.117188,-2.750000,0.000000,-0.089998,-0.189999,0.012264,-0.031337,0.034797,1.507600,0.004639,-0.002441,0.000977,0,0,0,0,3000,3000,3000,3000,0,233,-347,0-20,0,0,0
99.412666,1.117188,-2.750000,0.000000,-0.089998,-0.189999,0.012184,-0.031337,0.034797,1.507600,-0.007080,0.000732,-0.001709,0,0,0,0,3000,3000,3000,3000,0,241,-349,0-20,0,0,0
99.414612,1.117188,-2.750000,0.000000,-0.089998,-0.189999,0.012192,-0.031337,0.034797,1.507600,0.006592,0.000244,0.002197,0,0,0,0,3000,3000,3000,3000,0,231,-349,0-20,0,0,0
99.416557,1.117188,-2.750000,0.000000,-0.089998,-0.189999,0.011045,-0.031337,0.034797,1.507600,-0.004883,0.001221,-0.000488,0,0,0,0,3000,3000,3000,3000,0,239,-350,0-20,0,0,0
99.418518,1.117188,-2.750000,0.000000,-0.089998,-0.189999,0.011068,-0.031337,0.034797,1.507600,0.002441,-0.001953,-0.003174,0,0,0,0,3000,3000,3000,3000,0,234,-347,0-20,0,0,0
99.420464,1.117188,-2.750000,0.000000,-0.089998,-0.189999,0.010983,-0.031337,0.034797,1.507600,0.002441,-0.000244,0.001465,0,0,0,0,3000,3000,3000,3000,0,234,-348,0-20,0,0,0
99.422417,1.117188,-2.750000,0.000000,-0.089998,-0.189999,0.011086,-0.031337,0.034797,1.507600,-0.004883,-0.002441,-0.002197,0,0,0,0,3000,3000,3000,3000,0,239,-346,0-20,0,0,0
99.424370,1.117188,-2.750000,0.000000,-0.089998,-0.189999,0.011219,-0.031337,0.034797,1.507600,0.004639,-0.000244,-0.000732,0,0,0,0,3000,3000,3000,3000,0,233,-348,0-20,0,0,0
99.426331,1.117188,-2.750000,0.000000,-0.089998,-0.189999,0.011368,-0.031337,0.034797,1.507600,-0.003418,0.002930,0.000977,0,0,0,0,3000,3000,3000,3000,0,238,-351,0-20,0,0,0
99.428284,1.117188,-2.750000,0.000000,-0.089998,-0.189999,0.011541,-0.031337,0.034797,1.507600,0.001953,0.000732,-0.000488,0,0,0,0,3000,3000,3000,3000,0,234,-349,0-20,0,0,0
99.430244,1.117188,-2.738281,0.000000,0.000000,0.000000,0.011473,-0.031337,0.034797,1.507600,0.001465,-0.004639,0.000000,0,0,0,0,3000,3000,3000,3000,0,235,-344,0-20,0,0,0
99.432190,1.117188,-2.738281,0.000000,0.000000,0.000000,0.010902,-0.031337,0.034797,1.507600,-0.005615,0.000732,0.002686,0,0,0,0,3000,3000,3000,3000,0,240,-349,0-20,0,0,0
99.434143,1.117188,-2.738281,0.000000,0.000000,0.000000,0.011049,-0.031337,0.034797,1.507600,-0.001709,0.006104,0.003174,0,0,0,0,3000,3000,3000,3000,0,237,-354,0-20,0,0,0
99.436096,1.117188,-2.738281,0.000000,0.000000,0.000000,0.011206,-0.031337,0.034797,1.507600,-0.003418,-0.002441,-0.002197,0,0,0,0,3000,3000,3000,3000,0,239,-347,0-20,0,0,0
99.438057,1.117188,-2.738281,0.000000,0.000000,0.000000,0.011019,-0.031337,0.034797,1.507600,0.012451,-0.003906,-0.001221,0,0,0,0,3000,3000,3000,3000,0,227,-345,0-20,0,0,0
99.440002,1.117188,-2.738281,0.000000,0.000000,0.000000,0.011209,-0.031337,0.034797,1.507600,-0.006104,0.002441,0.001465,0,0,0,0,3000,3000,3000,3000,0,240,-351,0-20,0,0,0
99.441948,1.117188,-2.738281,0.000000,0.000000,0.000000,0.011148,-0.031337,0.034797,1.507600,0.008301,-0.007812,-0.000732,0,0,0,0,3000,3000,3000,3000,0,230,-341,0-20,0,0,0
99.443901,1.117188,-2.738281,0.000000,0.000000,0.000000,0.011108,-0.031337,0.034797,1.507600,-0.002930,-0.001221,0.003662,0,0,0,0,3000,3000,3000,3000,0,237,-347,0-20,0,0,0
99.445862,1.117188,-2.738281,0.000000,0.000000,0.000000,0.011396,-0.031337,0.034797,1.507600,-0.009277,0.007080,-0.001221,0,0,0,0,3000,3000,3000,3000,0,242,-354,0-20,0,0,0
99.447815,1.117188,-2.738281,0.000000,0.000000,0.000000,0.011166,-0.031337,0.034797,1.507600,0.010010,-0.011963,-0.000732,0,0,0,0,3000,3000,3000,3000,0,229,-337,0-20,0,0,0
99.449760,1.117188,-2.738281,0.000000,0.000000,0.000000,0.011131,-0.031337,0.034797,1.507600,-0.015625,0.002441,-0.001709,0,0,0,0,3000,3000,3000,3000,0,247,-350,0-20,0,0,0
99.451714,1.117188,-2.738281,0.000000,0.000000,0.000000,0.011362,-0.031337,0.034797,1.507600,0.004639,0.002930,-0.002686,0,0,0,0,3000,3000,3000,3000,0,233,-350,0-20,0,0,0
99.453667,1.117188,-2.738281,0.000000,0.000000,0.000000,0.011471,-0.031337,0.034797,1.507600,0.002930,-0.002930,-0.000732,0,0,0,0,3000,3000,3000,3000,0,234,-345,0-20,0,0,0
99.455620,1.117188,-2.738281,0.000000,0.000000,0.000000,0.011614,-0.031337,0.034797,1.507600,-0.012939,0.006104,0.000977,0,0,0,0,3000,3000,3000,3000,0,246,-354,0-20,0,0,0
99.457581,1.117188,-2.738281,0.000000,0.000000,0.000000,0.011906,-0.031337,0.034797,1.507600,0.014160,-0.001221,-0.001221,0,0,0,0,3000,3000,3000,3000,0,227,-348,0-20,0,0,0
99.459534,1.117188,-2.738281,0.000000,0.000000,0.000000,0.011744,-0.031337,0.034797,1.507600,-0.014160,0.005127,0.000977,0,0,0,0,3000,3000,3000,3000,0,246,-354,0-20,0,0,0
99.461479,1.117188,-2.738281,0.000000,0.000000,0.000000,0.011932,-0.031398,0.034858,1.507600,0.000977,0.002930,0.001465,0,0,0,0,3000,3000,3000,3000,0,236,-353,0-20,0,0,0
99.463432,1.117188,-2.738281,0.000000,0.000000,0.000000,0.012386,-0.031398,0.034858,1.507600,0.009277,-0.005127,0.000977,0,0,0,0,3000,3000,3000,3000,0,230,-345,0-20,0,0,0
99.465385,1.117188,-2.738281,0.000000,0.000000,0.000000,0.012489,-0.031398,0.034858,1.507600,-0.004395,0.005615,0.003662,0,0,0,0,3000,3000,3000,3000,0,239,-355,0-20,0,0,0
99.467339,1.117188,-2.738281,0.000000,0.000000,0.000000,0.012623,-0.031398,0.034858,1.507600,0.005615,0.005127,0.003174,0,0,0,0,3000,3000,3000,3000,0,232,-355,0-20,0,0,0
99.469292,1.117188,-2.738281,0.000000,0.000000,0.000000,0.013168,-0.031398,0.034858,1.507600,-0.002441,-0.006592,0.002197,0,0,0,0,3000,3000,3000,3000,0,238,-344,0-20,0,0,0
99.471245,1.117188,-2.738281,0.000000,0.000000,0.000000,0.012968,-0.031398,0.034858,1.507600,0.015137,-0.000244,0.003662,0,0,0,0,3000,3000,3000,3000,0,225,-350,0-20,0,0,0
99.473198,1.117188,-2.738281,0.000000,0.000000,0.000000,0.013226,-0.031398,0.034858,1.507600,-0.004395,-0.001221,0.004150,0,0,0,0,3000,3000,3000,3000,0,238,-348,0-20,0,0,0
99.475159,1.117188,-2.738281,0.000000,0.000000,0.000000,0.013197,-0.031398,0.034858,1.507600,-0.006104,-0.003418,0.000000,0,0,0,0,3000,3000,3000,3000,0,239,-346,0-20,0,0,0
99.477104,1.117188,-2.738281,0.000000,0.000000,0.000000,0.012959,-0.031398,0.034858,1.507600,-0.001709,-0.000244,-0.000488,0,0,0,0,3000,3000,3000,3000,0,237,-349,0-20,0,0,0
99.479057,1.117188,-2.738281,0.000000,0.000000,0.000000,0.013138,-0.031398,0.034858,1.507600,-0.004883,-0.001953,-0.003906,0,0,0,0,3000,3000,3000,3000,0,240,-347,0-20,0,0,0
99.481010,1.117188,-2.738281,0.000000,0.000000,0.000000,0.012909,-0.031398,0.034858,1.507600,0.005127,-0.002930,-0.002686,0,0,0,0,3000,3000,3000,3000,0,233,-346,0-20,0,0,0
99.482971,1.117188,-2.738281,0.000000,0.000000,0.000000,0.013144,-0.031398,0.034858,1.507600,-0.014648,-0.000732,-0.000488,0,0,0,0,3000,3000,3000,3000,0,247,-348,0-20,0,0,0
99.484917,1.117188,-2.750000,0.000000,-0.049999,-0.169998,0.012251,-0.031335,0.034853,1.507494,0.004639,0.003418,-0.003174,0,0,0,0,3000,3000,3000,3000,0,234,-352,0-20,0,0,0
99.486870,1.117188,-2.750000,0.000000,-0.049999,-0.169998,0.012424,-0.031398,0.034858,1.507600,0.005127,0.001221,-0.003906,0,0,0,0,3000,3000,3000,3000,0,233,-350,0-20,0,0,0
99.488831,1.117188,-2.750000,0.000000,-0.049999,-0.169998,0.012522,-0.031398,0.034858,1.507600,-0.009766,0.000732,-0.004883,0,0,0,0,3000,3000,3000,3000,0,244,-350,0-20,0,0,0
99.490776,1.117188,-2.750000,0.000000,-0.049999,-0.169998,0.012585,-0.031398,0.034858,1.507600,0.015137,0.003418,0.000488,0,0,0,0,3000,3000,3000,3000,0,226,-353,0-20,0,0,0
99.492729,1.117188,-2.750000,0.000000,-0.049999,-0.169998,0.012724,-0.031398,0.034858,1.507600,-0.006104,0.005615,0.001465,0,0,0,0,3000,3000,3000,3000,0,240,-355,0-20,0,0,0
99.494682,1.117188,-2.750000,0.000000,-0.049999,-0.169998,0.014984,-0.031398,0.034858,1.507600,0.005127,-0.000244,0.002197,0,0,0,0,3000,3000,3000,3000,0,232,-350,0-20,0,0,0
99.496635,1.117188,-2.750000,0.000000,-0.049999,-0.169998,0.015276,-0.031398,0.034858,1.507600,0.005615,0.000244,0.002686,0,0,0,0,3000,3000,3000,3000,0,232,-351,0-20,0,0,0
99.498596,1.117188,-2.750000,0.000000,-0.049999,-0.169998,0.015343,-0.031398,0.034858,1.507600,-0.004395,-0.006592,0.000488,0,0,0,0,3000,3000,3000,3000,0,238,-344,0-20,0,0,0
99.500542,1.117188,-2.750000,0.000000,-0.049999,-0.169998,0.015543,-0.031398,0.034858,1.507600,0.005127,0.000244,0.005371,0,0,0,0,3000,3000,3000,3000,0,232,-350,0-20,0,0,0
99.502495,1.117188,-2.750000,0.000000,-0.049999,-0.169998,0.015854,-0.031398,0.034858,1.507600,-0.012939,0.001953,0.003174,0,0,0,0,3000,3000,3000,3000,0,245,-351,0-20,0,0,0
99.504448,1.117188,-2.750000,0.000000,-0.049999,-0.169998,0.015631,-0.031398,0.034858,1.507600,-0.000732,-0.006592,0.003174,0,0,0,0,3000,3000,3000,3000,0,237,-343,0-20,0,0,0
99.506401,1.117188,-2.750000,0.000000,-0.049999,-0.169998,0.015764,-0.031398,0.034858,1.507600,-0.003906,-0.003418,0.002686,0,0,0,0,3000,3000,3000,3000,0,240,-345,0-20,0,0,0
99.508362,1.117188,-2.750000,0.000000,-0.049999,-0.169998,0.015882,-0.031398,0.034858,1.507600,-0.010254,0.000244,-0.000732,0,0,0,0,3000,3000,3000,3000,0,245,-348,0-20,0,0,0
99.510307,1.117188,-2.750000,0.000000,-0.049999,-0.169998,0.015728,-0.031398,0.034858,1.507600,0.017822,-0.005615,0.000977,0,0,0,0,3000,3000,3000,3000,0,225,-343,0-20,0,0,0
99.512260,1.117188,-2.750000,0.000000,-0.049999,-0.169998,0.015823,-0.031398,0.034858,1.507600,-0.010742,0.001221,-0.000488,0,0,0,0,3000,3000,3000,3000,0,244,-349,0-20,0,0,0
99.514214,1.117188,-2.750000,0.000000,-0.049999,-0.169998,0.015867,-0.031398,0.034858,1.507600,0.009277,0.005127,-0.000488,0,0,0,0,3000,3000,3000,3000,0,230,-353,0-20,0,0,0
99.516167,1.117188,-2.750000,0.000000,-0.049999,-0.169998,0.015903,-0.031398,0.034858,1.507600,0.000244,-0.005127,0.002197,0,0,0,0,3000,3000,3000,3000,0,236,-344,0-20,0,0,0
99.518127,1.117188,-2.750000,0.000000,-0.049999,-0.169998,0.015945,-0.031398,0.034858,1.507600,0.004639,0.000732,0.001465,0,0,0,0,3000,3000,3000,3000,0,232,-349,0-20,0,0,0
99.520073,1.117188,-2.750000,0.000000,-0.049999,-0.169998,0.016056,-0.031398,0.034858,1.507600,0.006104,0.001953,-0.000732,0,0,0,0,3000,3000,3000,3000,0,231,-350,0-20,0,0,0
99.522026,1.117188,-2.750000,0.000000,-0.049999,-0.169998,0.016216,-0.031398,0.034858,1.507600,-0.008301,-0.003418,0.000977,0,0,0,0,3000,3000,3000,3000,0,241,-345,0-20,0,0,0
99.523987,1.117188,-2.750000,0.000000,-0.049999,-0.169998,0.016315,-0.031398,0.034858,1.507600,0.007324,0.000244,-0.002197,0,0,0,0,3000,3000,3000,3000,0,230,-349,0-20,0,0,0
99.525932,1.117188,-2.750000,0.000000,-0.049999,-0.169998,0.016428,-0.031398,0.034858,1.507600,-0.003418,0.011475,-0.001709,0,0,0,0,3000,3000,3000,3000,0,238,-360,0-20,0,0,0
99.527885,1.117188,-2.750000,0.000000,-0.049999,-0.169998,0.016560,-0.031398,0.034858,1.507600,-0.005615,-0.006104,-0.002686,0,0,0,0,3000,3000,3000,3000,0,240,-344,0-20,0,0,0
99.529839,1.117188,-2.750000,0.000000,-0.049999,-0.169998,0.016705,-0.031398,0.034858,1.507600,0.002930,-0.004639,0.000000,0,0,0,0,3000,3000,3000,3000,0,234,-345,0-20,0,0,0
99.531807,1.117188,-2.750000,0.000000,-0.049999,-0.169998,0.016958,-0.031398,0.034858,1.507600,-0.009766,-0.001221,-0.003174,0,0,0,0,3000,3000,3000,3000,0,243,-348,0-20,0,0,0
99.533745,1.117188,-2.750000,0.000000,-0.049999,-0.169998,0.016882,-0.031398,0.034858,1.507600,0.001465,-0.011963,-0.001221,0,0,0,0,3000,3000,3000,3000,0,236,-337,0-20,0,0,0
99.535698,1.117188,-2.750000,0.000000,-0.049999,-0.169998,0.017202,-0.031398,0.034858,1.507600,-0.008301,-0.001221,-0.003906,0,0,0,0,3000,3000,3000,3000,0,243,-346,0-20,0,0,0
99.537651,1.117188,-2.750000,0.000000,-0.049999,-0.169998,0.017378,-0.031398,0.034858,1.507600,-0.001221,-0.001221,-0.001221,0,0,0,0,3000,3000,3000,3000,0,238,-346,0-20,0,0,0
99.539604,1.117188,-2.750000,0.000000,-0.049999,-0.169998,0.017471,-0.031398,0.034858,1.507600,0.006592,-0.000732,0.000000,0,0,0,0,3000,3000,3000,3000,0,233,-347,0-20,0,0,0
99.541557,1.117188,-2.750000,0.000000,-0.049999,-0.169998,0.017788,-0.031398,0.034858,1.507600,-0.005615,-0.000244,0.000000,0,0,0,0,3000,3000,3000,3000,0,241,-347,0-20,0,0,0
99.543510,1.117188,-2.750000,0.000000,-0.049999,-0.169998,0.018019,-0.031398,0.034858,1.507600,0.012451,0.003418,0.001465,0,0,0,0,3000,3000,3000,3000,0,228,-351,0-20,0,0,0
99.545464,1.117188,-2.750000,0.000000,-0.049999,-0.169998,0.018108,-0.031398,0.034858,1.507600,-0.001709,-0.002930,0.003174,0,0,0,0,3000,3000,3000,3000,0,237,-346,0-20,0,0,0
99.547417,1.117188,-2.750000,0.000000,-0.049999,-0.169998,0.017860,-0.031398,0.034858,1.507600,0.004639,-0.002930,0.000977,0,0,0,0,3000,3000,3000,3000,0,232,-346,0-20,0,0,0
99.549370,1.117188,-2.750000,0.000000,-0.049999,-0.169998,0.017988,-0.031398,0.034858,1.507600,0.007324,0.006592,0.002686,0,0,0,0,3000,3000,3000,3000,0,230,-355,0-20,0,0,0
99.551323,1.117188,-2.750000,0.000000,-0.049999,-0.169998,0.018267,-0.031398,0.034858,1.507600,-0.002930,-0.000244,0.002197,0,0,0,0,3000,3000,3000,3000,0,237,-349,0-20,0,0,0
99.553276,1.117188,-2.750000,0.000000,-0.049999,-0.169998,0.018419,-0.031398,0.034858,1.507600,-0.000244,0.001221,0.002686,0,0,0,0,3000,3000,3000,3000,0,235,-351,0-20,0,0,0
99.555229,1.117188,-2.750000,0.000000,-0.049999,-0.169998,0.018414,-0.031398,0.034858,1.507600,-0.006104,0.001953,-0.002197,0,0,0,0,3000,3000,3000,3000,0,240,-352,0-20,0,0,0
99.557182,1.117188,-2.750000,0.000000,-0.049999,-0.169998,0.018469,-0.031398,0.034858,1.507600,-0.000244,-0.006104,0.000977,0,0,0,0,3000,3000,3000,3000,0,236,-344,0-20,0,0,0
99.559135,1.117188,-2.750000,0.000000,-0.049999,-0.169998,0.018446,-0.031398,0.034858,1.507600,-0.001709,0.000244,0.000488,0,0,0,0,3000,3000,3000,3000,0,237,-350,0-20,0,0,0
99.561089,1.117188,-2.750000,0.000000,-0.049999,-0.169998,0.018475,-0.031398,0.034858,1.507600,0.002441,-0.001221,-0.001221,0,0,0,0,3000,3000,3000,3000,0,235,-348,0-20,0,0,0
99.563042,1.117188,-2.750000,0.000000,-0.049999,-0.169998,0.018419,-0.031398,0.034858,1.507600,0.001465,-0.002930,0.000977,0,0,0,0,3000,3000,3000,3000,0,235,-347,0-20,0,0,0
99.564995,1.117188,-2.750000,0.000000,-0.049999,-0.169998,0.018484,-0.031398,0.034858,1.507600,0.004150,-0.000244,-0.003174,0,0,0,0,3000,3000,3000,3000,0,233,-349,0-20,0,0,0
99.566948,1.117188,-2.750000,0.000000,-0.049999,-0.169998,0.018478,-0.031337,0.034797,1.507600,0.003418,-0.003418,0.000977,0,0,0,0,3000,3000,3000,3000,0,233,-345,0-20,0,0,0
99.568909,1.117188,-2.750000,0.000000,-0.049999,-0.169998,0.018438,-0.031337,0.034797,1.507600,0.002441,-0.002930,-0.000732,0,0,0,0,3000,3000,3000,3000,0,233,-346,0-20,0,0,0
99.570862,1.117188,-2.750000,0.000000,-0.049999,-0.169998,0.018883,-0.031337,0.034797,1.507600,0.002441,-0.000732,-0.000732,0,0,0,0,3000,3000,3000,3000,0,233,-347,0-20,0,0,0
99.572815,1.117188,-2.750000,0.000000,-0.049999,-0.169998,0.019899,-0.031337,0.034797,1.507600,-0.001221,0.002441,0.000488,0,0,0,0,3000,3000,3000,3000,0,236,-351,0-20,0,0,0
99.574760,1.117188,-2.750000,0.000000,-0.049999,-0.169998,0.020025,-0.031337,0.034797,1.507600,0.004150,-0.000244,-0.002197,0,0,0,0,3000,3000,3000,3000,0,232,-348,0-20,0,0,0
99.576714,1.117188,-2.750000,0.000000,-0.049999,-0.169998,0.020140,-0.031337,0.034797,1.507600,-0.002930,0.002930,0.002197,0,0,0,0,3000,3000,3000,3000,0,237,-352,0-20,0,0,0
99.578674,1.117188,-2.750000,0.000000,-0.049999,-0.169998,0.020027,-0.031337,0.034797,1.507600,-0.006592,0.004395,-0.002197,0,0,0,0,3000,3000,3000,3000,0,240,-354,0-20,0,0,0
99.580620,1.117188,-2.750000,0.000000,-0.049999,-0.169998,0.020077,-0.031337,0.034797,1.507600,0.000244,-0.000732,-0.001709,0,0,0,0,3000,3000,3000,3000,0,236,-349,0-20,0,0,0
99.582573,1.117188,-2.750000,0.000000,-0.049999,-0.169998,0.020041,-0.031337,0.034797,1.507600,-0.007568,0.002441,0.000488,0,0,0,0,3000,3000,3000,3000,0,242,-352,0-20,0,0,0
99.584526,1.117188,-2.750000,0.000000,-0.049999,-0.169998,0.020109,-0.031337,0.034797,1.507600,-0.000244,0.000244,0.000000,0,0,0,0,3000,3000,3000,3000,0,237,-350,0-20,0,0,0
99.586479,1.117188,-2.750000,0.000000,-0.049999,-0.169998,0.020376,-0.031337,0.034797,1.507600,0.002930,0.001953,-0.000732,0,0,0,0,3000,3000,3000,3000,0,235,-352,0-20,0,0,0
99.588440,1.117188,-2.750000,0.000000,-0.049999,-0.169998,0.020411,-0.031337,0.034797,1.507600,-0.004883,-0.000244,-0.001709,0,0,0,0,3000,3000,3000,3000,0,240,-350,0-20,0,0,0
99.590385,1.117188,-2.750000,0.000000,-0.049999,-0.169998,0.020683,-0.031337,0.034797,1.507600,0.010986,-0.001953,0.004639,0,0,0,0,3000,3000,3000,3000,0,229,-348,0-20,0,0,0
99.592339,1.117188,-2.750000,0.000000,-0.049999,-0.169998,0.020798,-0.031337,0.034797,1.507600,0.000244,-0.003906,0.000488,0,0,0,0,3000,3000,3000,3000,0,236,-346,0-20,0,0,0
99.594292,1.117188,-2.750000,0.000000,-0.049999,-0.169998,0.020664,-0.031337,0.034797,1.507600,0.006592,-0.006592,0.003174,0,0,0,0,3000,3000,3000,3000,0,231,-343,0-20,0,0,0
99.596245,1.117188,-2.750000,0.000000,-0.049999,-0.169998,0.020769,-0.031337,0.034797,1.507600,-0.001221,-0.003418,0.002686,0,0,0,0,3000,3000,3000,3000,0,236,-345,0-20,0,0,0
99.598206,1.117188,-2.750000,0.000000,-0.049999,-0.169998,0.020735,-0.031337,0.034797,1.507600,-0.002930,0.000244,0.002197,0,0,0,0,3000,3000,3000,3000,0,237,-348,0-20,0,0,0
99.600151,1.117188,-2.750000,0.000000,-0.049999,-0.169998,0.020798,-0.031337,0.034797,1.507600,0.008301,0.000244,-0.003174,0,0,0,0,3000,3000,3000,3000,0,230,-348,0-20,0,0,0
99.602104,1.117188,-2.750000,0.000000,-0.049999,-0.169998,0.020844,-0.031337,0.034797,1.507600,-0.009766,0.000244,0.000000,0,0,0,0,3000,3000,3000,3000,0,242,-348,0-20,0,0,0
99.604057,1.117188,-2.750000,0.000000,-0.049999,-0.169998,0.020864,-0.031337,0.034797,1.507600,-0.002441,0.001953,-0.001221,0,0,0,0,3000,3000,3000,3000,0,238,-350,0-20,0,0,0
99.606010,1.117188,-2.750000,0.000000,-0.049999,-0.169998,0.021042,-0.031337,0.034797,1.507600,0.000244,0.000244,-0.000488,0,0,0,0,3000,3000,3000,3000,0,236,-349,0-20,0,0,0
99.607964,1.117188,-2.750000,0.000000,-0.049999,-0.169998,0.021097,-0.031337,0.034797,1.507600,-0.005615,0.003906,-0.005859,0,0,0,0,3000,3000,3000,3000,0,241,-353,0-20,0,0,0
99.609917,1.117188,-2.750000,0.003906,-0.049999,-0.169998,0.021250,-0.031337,0.034797,1.507600,0.002930,-0.001221,0.001465,0,0,0,0,3000,3000,3000,3000,0,235,-348,0-20,0,0,0
99.611870,1.117188,-2.750000,0.003906,-0.049999,-0.169998,0.021410,-0.031337,0.034797,1.507600,-0.006104,0.000244,-0.002686,0,0,0,0,3000,3000,3000,3000,0,241,-350,0-20,0,0,0
99.613823,1.117188,-2.750000,0.003906,-0.049999,-0.169998,0.021423,-0.031337,0.034797,1.507600,0.002930,0.001221,-0.000488,0,0,0,0,3000,3000,3000,3000,0,235,-351,0-20,0,0,0
99.615776,1.117188,-2.750000,0.003906,-0.049999,-0.169998,0.021339,-0.031337,0.034797,1.507600,-0.001221,0.002930,0.000488,0,0,0,0,3000,3000,3000,3000,0,238,-352,0-20,0,0,0
99.617729,1.117188,-2.750000,0.003906,-0.049999,-0.169998,0.021606,-0.031337,0.034797,1.507600,0.001465,-0.002441,0.000488,0,0,0,0,3000,3000,3000,3000,0,236,-347,0-20,0,0,0
99.619690,1.117188,-2.750000,0.003906,-0.049999,-0.169998,0.021740,-0.031337,0.034797,1.507600,0.003418,0.003418,0.000488,0,0,0,0,3000,3000,3000,3000,0,234,-353,0-20,0,0,0
99.621643,1.117188,-2.750000,0.003906,-0.049999,-0.169998,0.021576,-0.031337,0.034797,1.507600,-0.004883,-0.000244,-0.001709,0,0,0,0,3000,3000,3000,3000,0,240,-350,0-20,0,0,0
99.623589,1.117188,-2.750000,0.003906,-0.049999,-0.169998,0.021627,-0.031337,0.034797,1.507600,0.004150,-0.001221,0.001465,0,0,0,0,3000,3000,3000,3000,0,233,-349,0-20,0,0,0
99.625542,1.117188,-2.750000,0.003906,-0.049999,-0.169998,0.021654,-0.031337,0.034797,1.507600,-0.000732,-0.000732,0.000488,0,0,0,0,3000,3000,3000,3000,0,237,-349,0-20,0,0,0
99.627495,1.117188,-2.750000,0.003906,-0.049999,-0.169998,0.021799,-0.031337,0.034797,1.507600,0.003418,-0.002441,0.000488,0,0,0,0,3000,3000,3000,3000,0,234,-347,0-20,0,0,0
99.629448,1.117188,-2.750000,0.003906,-0.049999,-0.169998,0.021791,-0.031337,0.034797,1.507600,-0.001709,0.000244,0.000488,0,0,0,0,3000,3000,3000,3000,0,237,-349,0-20,0,0,0
99.631409,1.117188,-2.750000,0.003906,-0.049999,-0.169998,0.021767,-0.031337,0.034797,1.507600,-0.002930,-0.001221,-0.000488,0,0,0,0,3000,3000,3000,3000,0,238,-348,0-20,0,0,0
99.633362,1.117188,-2.750000,0.003906,-0.049999,-0.169998,0.022018,-0.031337,0.034797,1.507600,0.007324,-0.002930,-0.000488,0,0,0,0,3000,3000,3000,3000,0,231,-346,0-20,0,0,0
99.635307,1.117188,-2.750000,0.003906,-0.049999,-0.169998,0.022026,-0.031337,0.034797,1.507600,-0.006592,0.001953,-0.001709,0,0,0,0,3000,3000,3000,3000,0,240,-350,0-20,0,0,0
99.637260,1.117188,-2.750000,0.003906,-0.049999,-0.169998,0.022137,-0.031337,0.034797,1.507600,0.003418,0.001221,-0.001709,0,0,0,0,3000,3000,3000,3000,0,233,-350,0-20,0,0,0
99.639214,1.117188,-2.750000,0.003906,-0.049999,-0.169998,0.022303,-0.031337,0.034797,1.507600,0.003418,0.001953,0.000000,0,0,0,0,3000,3000,3000,3000,0,233,-351,0-20,0,0,0
99.641167,1.117188,-2.750000,0.003906,-0.049999,-0.169998,0.022264,-0.031337,0.034797,1.507600,-0.004395,0.001953,0.000977,0,0,0,0,3000,3000,3000,3000,0,239,-351,0-20,0,0,0
99.643120,1.117188,-2.750000,0.003906,-0.049999,-0.169998,0.022369,-0.031337,0.034797,1.507600,0.010986,0.001953,0.000977,0,0,0,0,3000,3000,3000,3000,0,228,-351,0-20,0,0,0
99.645073,1.117188,-2.750000,0.003906,-0.049999,-0.169998,0.022444,-0.031337,0.034797,1.507600,-0.007568,0.002930,0.000000,0,0,0,0,3000,3000,3000,3000,0,241,-352,0-20,0,0,0
99.647026,1.117188,-2.750000,0.003906,-0.049999,-0.169998,0.022615,-0.031337,0.034797,1.507600,0.006104,-0.000244,-0.000732,0,0,0,0,3000,3000,3000,3000,0,231,-350,0-20,0,0,0
99.648987,1.117188,-2.750000,0.003906,-0.049999,-0.169998,0.022808,-0.031337,0.034797,1.507600,-0.005615,0.000244,-0.000488,0,0,0,0,3000,3000,3000,3000,0,239,-350,0-20,0,0,0
99.650932,1.117188,-2.750000,0.003906,-0.049999,-0.169998,0.031197,-0.031337,0.034797,1.507600,-0.001709,-0.001221,0.000977,0,0,0,0,3000,3000,3000,3000,0,237,-348,0-20,0,0,0
99.652885,1.117188,-2.750000,0.003906,-0.049999,-0.169998,0.031240,-0.031337,0.034797,1.507600,-0.000732,-0.001953,0.002197,0,0,0,0,3000,3000,3000,3000,0,236,-347,0-20,0,0,0
99.654839,1.117188,-2.750000,0.003906,-0.049999,-0.169998,0.031385,-0.031337,0.034797,1.507600,-0.002930,-0.002441,-0.003174,0,0,0,0,3000,3000,3000,3000,0,238,-347,0-20,0,0,0
99.656792,1.117188,-2.750000,0.003906,-0.049999,-0.169998,0.031569,-0.031337,0.034797,1.507600,0.004639,-0.001953,-0.000488,0,0,0,0,3000,3000,3000,3000,0,233,-347,0-20,0,0,0
99.658752,1.117188,-2.750000,0.007812,-0.049999,-0.169998,0.031528,-0.031337,0.034797,1.507600,-0.005615,-0.001953,-0.002197,0,0,0,0,3000,3000,3000,3000,0,240,-346,0-20,0,0,0
99.660698,1.117188,-2.750000,0.007812,-0.049999,-0.169998,0.031689,-0.031337,0.034797,1.507600,0.000977,-0.001221,-0.003174,0,0,0,0,3000,3000,3000,3000,0,236,-347,0-20,0,0,0
99.662659,1.117188,-2.750000,0.007812,-0.049999,-0.169998,0.031786,-0.031337,0.034797,1.507600,0.001953,-0.001221,0.000000,0,0,0,0,3000,3000,3000,3000,0,235,-347,0-20,0,0,0
99.664604,1.117188,-2.750000,0.007812,-0.049999,-0.169998,0.031675,-0.031337,0.034797,1.507600,-0.004883,-0.000732,-0.001221,0,0,0,0,3000,3000,3000,3000,0,240,-347,0-20,0,0,0
99.666557,1.117188,-2.750000,0.007812,-0.049999,-0.169998,0.031752,-0.031337,0.034797,1.507600,0.005615,0.001953,0.000000,0,0,0,0,3000,3000,3000,3000,0,232,-350,0-20,0,0,0
99.668518,1.117188,-2.750000,0.007812,-0.049999,-0.169998,0.031874,-0.031337,0.034797,1.507600,-0.005615,0.001953,-0.000488,0,0,0,0,3000,3000,3000,3000,0,240,-350,0-20,0,0,0
99.670464,1.117188,-2.750000,0.007812,-0.049999,-0.169998,0.031994,-0.031337,0.034797,1.507600,0.006592,0.003906,0.000000,0,0,0,0,3000,3000,3000,3000,0,231,-352,0-20,0,0,0
99.672432,1.117188,-2.750000,0.007812,-0.049999,-0.169998,0.032265,-0.031337,0.034797,1.507600,-0.000244,0.000732,0.000488,0,0,0,0,3000,3000,3000,3000,0,236,-350,0-20,0,0,0
99.674377,1.117188,-2.750000,0.007812,-0.049999,-0.169998,0.032400,-0.031337,0.034797,1.507600,-0.001709,0.000732,0.000000,0,0,0,0,3000,3000,3000,3000,0,237,-350,0-20,0,0,0
99.676331,1.117188,-2.750000,0.007812,-0.049999,-0.169998,0.032583,-0.031337,0.034797,1.507600,0.007812,0.000732,0.004639,0,0,0,0,3000,3000,3000,3000,0,230,-350,0-20,0,0,0
99.678284,1.117188,-2.750000,0.007812,-0.049999,-0.169998,0.032589,-0.031337,0.034797,1.507600,-0.004883,0.001953,-0.001709,0,0,0,0,3000,3000,3000,3000,0,239,-351,0-20,0,0,0
99.680237,1.117188,-2.750000,0.007812,-0.049999,-0.169998,0.032753,-0.031337,0.034797,1.507600,0.003418,-0.001953,0.000488,0,0,0,0,3000,3000,3000,3000,0,233,-348,0-20,0,0,0
99.682182,1.117188,-2.750000,0.007812,-0.049999,-0.169998,0.032690,-0.031337,0.034797,1.507600,-0.000732,-0.000244,0.002197,0,0,0,0,3000,3000,3000,3000,0,236,-349,0-20,0,0,0
99.684135,1.117188,-2.750000,0.007812,-0.049999,-0.169998,0.032604,-0.031337,0.034797,1.507600,-0.004395,-0.002441,-0.001709,0,0,0,0,3000,3000,3000,3000,0,239,-347,0-20,0,0,0
99.686096,1.117188,-2.750000,0.007812,-0.049999,-0.169998,0.032894,-0.031337,0.034797,1.507600,0.003418,-0.002441,0.000977,0,0,0,0,3000,3000,3000,3000,0,233,-346,0-20,0,0,0
99.688057,1.117188,-2.750000,0.007812,-0.049999,-0.169998,0.032818,-0.031337,0.034797,1.507600,-0.008789,0.002441,0.000000,0,0,0,0,3000,3000,3000,3000,0,242,-351,0-20,0,0,0
99.689995,1.117188,-2.750000,0.007812,-0.049999,-0.169998,0.032608,-0.031337,0.034797,1.507600,0.007812,-0.001221,0.000977,0,0,0,0,3000,3000,3000,3000,0,231,-347,0-20,0,0,0
99.691948,1.117188,-2.750000,0.007812,-0.049999,-0.169998,0.032398,-0.031337,0.034797,1.507600,-0.002930,0.004395,-0.002197,0,0,0,0,3000,3000,3000,3000,0,238,-353,0-20,0,0,0
99.693901,1.117188,-2.750000,0.007812,-0.049999,-0.169998,0.032505,-0.031337,0.034797,1.507600,-0.001709,-0.001221,-0.002197,0,0,0,0,3000,3000,3000,3000,0,237,-348,0-20,0,0,0
99.695854,1.117188,-2.750000,0.007812,-0.049999,-0.169998,0.032635,-0.031337,0.034797,1.507600,0.003418,-0.001953,0.002197,0,0,0,0,3000,3000,3000,3000,0,234,-347,0-20,0,0,0
99.697807,1.117188,-2.750000,0.007812,-0.049999,-0.169998,0.032717,-0.031337,0.034797,1.507600,-0.007080,0.005615,-0.002197,0,0,0,0,3000,3000,3000,3000,0,241,-354,0-20,0,0,0
99.699760,1.117188,-2.750000,0.007812,-0.049999,-0.169998,0.032572,-0.031337,0.034797,1.507600,0.006592,0.000244,0.000000,0,0,0,0,3000,3000,3000,3000,0,232,-349,0-20,0,0,0
99.701721,1.117188,-2.750000,0.007812,-0.049999,-0.169998,0.032768,-0.031337,0.034797,1.507600,-0.004395,-0.000244,-0.000732,0,0,0,0,3000,3000,3000,3000,0,239,-349,0-20,0,0,0
99.703690,1.117188,-2.738281,0.000000,0.070000,0.179998,0.015350,-0.031337,0.034797,1.507600,0.000244,0.002441,0.000977,0,0,0,0,3000,3000,3000,3000,0,236,-352,0-20,0,0,0
99.705627,1.117188,-2.738281,0.000000,0.070000,0.179998,0.015539,-0.031337,0.034797,1.507600,0.001465,-0.000244,-0.000732,0,0,0,0,3000,3000,3000,3000,0,235,-349,0-20,0,0,0
99.707581,1.117188,-2.738281,0.000000,0.070000,0.179998,0.015526,-0.031337,0.034797,1.507600,-0.004883,0.001221,-0.000488,0,0,0,0,3000,3000,3000,3000,0,240,-351,0-20,0,0,0
99.709534,1.117188,-2.738281,0.000000,0.070000,0.179998,0.015585,-0.031337,0.034797,1.507600,0.006104,0.001221,0.002197,0,0,0,0,3000,3000,3000,3000,0,232,-351,0-20,0,0,0
99.711502,1.117188,-2.738281,0.000000,0.070000,0.179998,0.015608,-0.031337,0.034797,1.507600,-0.005615,-0.003906,-0.001221,0,0,0,0,3000,3000,3000,3000,0,240,-346,0-20,0,0,0
99.713448,1.117188,-2.738281,0.000000,0.070000,0.179998,0.015589,-0.031337,0.034797,1.507600,0.005127,0.001221,0.000977,0,0,0,0,3000,3000,3000,3000,0,232,-350,0-20,0,0,0
99.715385,1.117188,-2.738281,0.000000,0.049999,0.160000,0.011192,-0.031337,0.034797,1.507600,-0.002441,-0.000244,-0.000732,0,0,0,0,3000,3000,3000,3000,0,238,-349,0-20,0,0,0
99.717339,1.117188,-2.738281,0.000000,0.049999,0.160000,0.011154,-0.031337,0.034797,1.507600,-0.003418,0.002441,-0.001221,0,0,0,0,3000,3000,3000,3000,0,238,-351,0-20,0,0,0
99.719292,1.117188,-2.738281,0.000000,0.049999,0.160000,0.011236,-0.031337,0.034797,1.507600,0.001953,-0.002441,0.003174,0,0,0,0,3000,3000,3000,3000,0,235,-347,0-20,0,0,0
99.721252,1.117188,-2.738281,0.000000,0.049999,0.160000,0.011263,-0.031337,0.034797,1.507600,-0.005615,0.002930,0.000488,0,0,0,0,3000,3000,3000,3000,0,240,-352,0-20,0,0,0
99.723198,1.117188,-2.738281,0.000000,0.049999,0.160000,0.011290,-0.031337,0.034797,1.507600,0.006104,-0.000244,0.000977,0,0,0,0,3000,3000,3000,3000,0,232,-349,0-20,0,0,0
99.725151,1.117188,-2.738281,0.000000,0.049999,0.160000,0.011272,-0.031337,0.034797,1.507600,-0.004883,-0.000244,0.000488,0,0,0,0,3000,3000,3000,3000,0,240,-349,0-20,0,0,0
99.727104,1.117188,-2.738281,0.000000,0.049999,0.160000,0.011341,-0.031337,0.034797,1.507600,-0.000732,0.001953,0.000000,0,0,0,0,3000,3000,3000,3000,0,237,-351,0-20,0,0,0
99.729057,1.117188,-2.738281,0.000000,0.049999,0.160000,0.011375,-0.031337,0.034797,1.507600,0.005127,0.001953,-0.001221,0,0,0,0,3000,3000,3000,3000,0,233,-351,0-20,0,0,0
99.731010,1.117188,-2.738281,0.000000,0.049999,0.160000,0.011421,-0.031337,0.034797,1.507600,-0.005615,-0.002441,-0.000488,0,0,0,0,3000,3000,3000,3000,0,240,-347,0-20,0,0,0
99.732964,1.117188,-2.738281,0.000000,0.049999,0.160000,0.011362,-0.031337,0.034797,1.507600,0.005615,0.003418,-0.000732,0,0,0,0,3000,3000,3000,3000,0,232,-352,0-20,0,0,0
99.734917,1.117188,-2.738281,0.000000,0.049999,0.160000,0.011452,-0.031337,0.034797,1.507600,-0.002441,0.003418,-0.002686,0,0,0,0,3000,3000,3000,3000,0,238,-352,0-20,0,0,0
99.736870,1.117188,-2.738281,0.000000,0.049999,0.160000,0.011473,-0.031337,0.034797,1.507600,-0.000244,-0.001953,-0.002686,0,0,0,0,3000,3000,3000,3000,0,236,-348,0-20,0,0,0
99.738831,1.117188,-2.738281,0.000000,0.049999,0.160000,0.011469,-0.031337,0.034797,1.507600,0.000977,0.000244,-0.000488,0,0,0,0,3000,3000,3000,3000,0,235,-349,0-20,0,0,0
99.740776,1.117188,-2.738281,0.000000,0.049999,0.160000,0.011406,-0.031337,0.034797,1.507600,-0.004395,-0.001953,-0.002197,0,0,0,0,3000,3000,3000,3000,0,239,-347,0-20,0,0,0
99.742729,1.117188,-2.738281,0.000000,0.049999,0.160000,0.011408,-0.031337,0.034797,1.507600,0.004639,0.003418,-0.001221,0,0,0,0,3000,3000,3000,3000,0,233,-352,0-20,0,0,0
99.744682,1.117188,-2.738281,0.000000,0.049999,0.160000,0.011614,-0.031337,0.034797,1.507600,-0.004395,-0.003418,-0.000488,0,0,0,0,3000,3000,3000,3000,0,239,-346,0-20,0,0,0
99.746635,1.117188,-2.738281,0.000000,0.049999,0.160000,0.011810,-0.031337,0.034797,1.507600,0.006592,-0.001221,-0.002686,0,0,0,0,3000,3000,3000,3000,0,231,-347,0-20,0,0,0
99.748596,1.117188,-2.738281,0.000000,0.049999,0.160000,0.011768,-0.031337,0.034797,1.507600,-0.000244,0.000244,0.000488,0,0,0,0,3000,3000,3000,3000,0,236,-348,0-20,0,0,0
99.750542,1.117188,-2.738281,0.000000,0.049999,0.160000,0.011780,-0.031337,0.034797,1.507600,-0.002930,0.000244,-0.000732,0,0,0,0,3000,3000,3000,3000,0,237,-348,0-20,0,0,0
99.752495,1.117188,-2.738281,0.000000,0.049999,0.160000,0.011683,-0.031337,0.034797,1.507600,0.001953,-0.003418,0.000488,0,0,0,0,3000,3000,3000,3000,0,234,-345,0-20,0,0,0
99.754448,1.117188,-2.738281,0.000000,0.049999,0.160000,0.011795,-0.031337,0.034797,1.507600,-0.007568,0.000732,0.000000,0,0,0,0,3000,3000,3000,3000,0,241,-349,0-20,0,0,0
99.756409,1.117188,-2.738281,0.000000,0.049999,0.160000,0.011900,-0.031337,0.034797,1.507600,0.007324,-0.000244,0.000000,0,0,0,0,3000,3000,3000,3000,0,231,-348,0-20,0,0,0
99.758362,1.117188,-2.738281,0.000000,0.049999,0.160000,0.011892,-0.031337,0.034797,1.507600,-0.001709,0.001221,0.000977,0,0,0,0,3000,3000,3000,3000,0,237,-349,0-20,0,0,0
99.760307,1.117188,-2.738281,0.000000,0.049999,0.160000,0.011835,-0.031337,0.034797,1.507600,-0.001709,0.000244,0.002686,0,0,0,0,3000,3000,3000,3000,0,237,-348,0-20,0,0,0
99.762260,1.117188,-2.738281,0.000000,0.049999,0.160000,0.011992,-0.031337,0.034797,1.507600,0.004150,0.001953,0.003662,0,0,0,0,3000,3000,3000,3000,0,233,-350,0-20,0,0,0
99.764221,1.117188,-2.738281,0.000000,0.049999,0.160000,0.012226,-0.031337,0.034797,1.507600,-0.006104,0.001953,-0.000488,0,0,0,0,3000,3000,3000,3000,0,240,-350,0-20,0,0,0
99.766167,1.117188,-2.738281,0.000000,0.049999,0.160000,0.012457,-0.031337,0.034797,1.507600,0.007812,-0.002930,0.000977,0,0,0,0,3000,3000,3000,3000,0,230,-346,0-20,0,0,0
99.768127,1.117188,-2.738281,0.000000,0.049999,0.160000,0.012518,-0.031337,0.034797,1.507600,-0.004395,0.000244,0.000000,0,0,0,0,3000,3000,3000,3000,0,239,-349,0-20,0,0,0
99.770073,1.117188,-2.738281,0.000000,0.049999,0.160000,0.012514,-0.031337,0.034797,1.507600,0.002441,-0.001953,0.000000,0,0,0,0,3000,3000,3000,3000,0,234,-347,0-20,0,0,0
99.772026,1.117188,-2.738281,0.000000,0.049999,0.160000,0.012558,-0.031337,0.034797,1.507600,0.003418,0.003418,0.001465,0,0,0,0,3000,3000,3000,3000,0,233,-352,0-20,0,0,0
99.773979,1.117188,-2.738281,0.000000,0.049999,0.160000,0.012585,-0.031337,0.034797,1.507600,-0.004883,-0.000732,-0.000732,0,0,0,0,3000,3000,3000,3000,0,239,-348,0-20,0,0,0
99.775932,1.117188,-2.738281,0.000000,0.049999,0.160000,0.012608,-0.031337,0.034797,1.507600,0.004150,-0.002930,-0.001709,0,0,0,0,3000,3000,3000,3000,0,233,-346,0-20,0,0,0
99.777885,1.117188,-2.738281,0.000000,0.049999,0.160000,0.012716,-0.031337,0.034797,1.507600,-0.005615,-0.001953,-0.001709,0,0,0,0,3000,3000,3000,3000,0,240,-346,0-20,0,0,0
99.779839,1.117188,-2.738281,0.000000,0.049999,0.160000,0.012651,-0.031337,0.034797,1.507600,0.002930,-0.000244,-0.000488,0,0,0,0,3000,3000,3000,3000,0,234,-348,0-20,0,0,0
99.781792,1.117188,-2.738281,0.000000,0.049999,0.160000,0.012722,-0.031337,0.034797,1.507600,-0.000732,0.001953,-0.001709,0,0,0,0,3000,3000,3000,3000,0,236,-350,0-20,0,0,0
99.783752,1.117188,-2.738281,0.000000,0.049999,0.160000,0.012753,-0.031337,0.034797,1.507600,-0.004395,0.002441,0.000977,0,0,0,0,3000,3000,3000,3000,0,239,-351,0-20,0,0,0
99.785706,1.117188,-2.738281,0.000000,0.049999,0.160000,0.012865,-0.031337,0.034797,1.507600,0.005127,-0.000732,-0.000488,0,0,0,0,3000,3000,3000,3000,0,232,-348,0-20,0,0,0
99.787659,1.117188,-2.738281,0.000000,0.049999,0.160000,0.012783,-0.031337,0.034797,1.507600,-0.003418,-0.000732,-0.002197,0,0,0,0,3000,3000,3000,3000,0,238,-348,0-20,0,0,0
99.789604,1.117188,-2.738281,0.000000,0.049999,0.160000,0.012794,-0.031337,0.034797,1.507600,0.005615,-0.000732,0.000488,0,0,0,0,3000,3000,3000,3000,0,232,-348,0-20,0,0,0
99.791557,1.117188,-2.738281,0.000000,0.049999,0.160000,0.012789,-0.031337,0.034797,1.507600,-0.004395,0.000732,0.000000,0,0,0,0,3000,3000,3000,3000,0,239,-349,0-20,0,0,0
99.793510,1.117188,-2.738281,0.000000,0.049999,0.160000,0.012798,-0.031337,0.034797,1.507600,0.002930,-0.000244,0.001465,0,0,0,0,3000,3000,3000,3000,0,234,-348,0-20,0,0,0
99.795471,1.117188,-2.738281,0.000000,0.049999,0.160000,0.012939,-0.031337,0.034797,1.507600,0.005615,-0.000244,0.000977,0,0,0,0,3000,3000,3000,3000,0,232,-348,0-20,0,0,0
99.797417,1.117188,-2.738281,0.000000,0.049999,0.160000,0.013050,-0.031337,0.034797,1.507600,-0.005615,0.000244,0.002197,0,0,0,0,3000,3000,3000,3000,0,239,-349,0-20,0,0,0
99.799370,1.117188,-2.738281,0.000000,0.049999,0.160000,0.013187,-0.031337,0.034797,1.507600,0.007324,-0.002930,0.000488,0,0,0,0,3000,3000,3000,3000,0,230,-346,0-20,0,0,0
99.801323,1.117188,-2.738281,0.000000,0.049999,0.160000,0.013079,-0.031337,0.034797,1.507600,-0.004883,-0.000244,-0.002686,0,0,0,0,3000,3000,3000,3000,0,239,-348,0-20,0,0,0
99.803276,1.117188,-2.738281,0.000000,0.049999,0.160000,0.013149,-0.031337,0.034797,1.507600,0.003418,0.000732,0.000977,0,0,0,0,3000,3000,3000,3000,0,233,-349,0-20,0,0,0
99.805229,1.117188,-2.738281,0.000000,0.049999,0.160000,0.013172,-0.031337,0.034797,1.507600,0.005127,-0.003906,0.002686,0,0,0,0,3000,3000,3000,3000,0,232,-345,0-20,0,0,0
99.807182,1.117188,-2.738281,0.000000,0.049999,0.160000,0.006363,-0.031337,0.034797,1.507600,-0.006592,0.001221,-0.000732,0,0,0,0,3000,3000,3000,3000,0,240,-349,0-20,0,0,0
99.809135,1.117188,-2.738281,0.000000,0.049999,0.160000,0.006422,-0.031337,0.034797,1.507600,0.006104,0.000732,0.000488,0,0,0,0,3000,3000,3000,3000,0,231,-349,0-20,0,0,0
99.811089,1.117188,-2.738281,0.000000,0.049999,0.160000,0.006557,-0.031337,0.034797,1.507600,-0.009277,-0.000244,0.000488,0,0,0,0,3000,3000,3000,3000,0,242,-348,0-20,0,0,0
99.813042,1.117188,-2.738281,0.000000,0.049999,0.160000,0.006714,-0.031337,0.034797,1.507600,0.000244,-0.001221,-0.000488,0,0,0,0,3000,3000,3000,3000,0,236,-347,0-20,0,0,0
99.814995,1.117188,-2.738281,0.000000,0.049999,0.160000,0.006821,-0.031337,0.034797,1.507600,0.002930,0.001953,0.000000,0,0,0,0,3000,3000,3000,3000,0,234,-350,0-20,0,0,0
99.816948,1.117188,-2.738281,0.000000,0.049999,0.160000,0.006924,-0.031337,0.034797,1.507600,-0.003906,0.002930,-0.003174,0,0,0,0,3000,3000,3000,3000,0,239,-352,0-20,0,0,0
99.818909,1.117188,-2.738281,0.000000,0.049999,0.160000,0.006990,-0.031337,0.034797,1.507600,0.002930,0.001221,0.002197,0,0,0,0,3000,3000,3000,3000,0,234,-350,0-20,0,0,0
99.820862,1.117188,-2.738281,0.000000,0.049999,0.160000,0.007017,-0.031337,0.034797,1.507600,-0.004883,0.000732,0.000000,0,0,0,0,3000,3000,3000,3000,0,240,-350,0-20,0,0,0
99.822807,1.117188,-2.738281,0.000000,0.049999,0.160000,0.007153,-0.031337,0.034797,1.507600,0.005615,0.003418,0.001465,0,0,0,0,3000,3000,3000,3000,0,232,-353,0-20,0,0,0
99.824760,1.117188,-2.738281,0.000000,0.049999,0.160000,0.007399,-0.031337,0.034797,1.507600,-0.001709,0.000732,-0.001709,0,0,0,0,3000,3000,3000,3000,0,237,-350,0-20,0,0,0
99.826714,1.117188,-2.738281,0.000000,0.049999,0.160000,0.007498,-0.031337,0.034797,1.507600,0.000244,0.000244,-0.002197,0,0,0,0,3000,3000,3000,3000,0,236,-350,0-20,0,0,0
99.828674,1.117188,-2.738281,0.000000,0.049999,0.160000,0.007641,-0.031337,0.034797,1.507600,0.004639,0.001221,-0.000488,0,0,0,0,3000,3000,3000,3000,0,233,-351,0-20,0,0,0
99.830620,1.117188,-2.738281,0.000000,0.049999,0.160000,0.007755,-0.031337,0.034797,1.507600,-0.003906,0.000732,0.000000,0,0,0,0,3000,3000,3000,3000,0,239,-351,0-20,0,0,0
99.832573,1.117188,-2.738281,0.000000,0.049999,0.160000,0.007860,-0.031337,0.034797,1.507600,0.006104,0.000244,0.000000,0,0,0,0,3000,3000,3000,3000,0,231,-350,0-20,0,0,0
99.834526,1.117188,-2.738281,0.000000,0.049999,0.160000,0.007931,-0.031337,0.034797,1.507600,-0.004395,-0.000244,0.000977,0,0,0,0,3000,3000,3000,3000,0,239,-349,0-20,0,0,0
99.836479,1.117188,-2.738281,0.000000,0.049999,0.160000,0.007969,-0.031337,0.034797,1.507600,-0.002930,0.000244,-0.000732,0,0,0,0,3000,3000,3000,3000,0,238,-350,0-20,0,0,0
99.838440,1.117188,-2.738281,0.000000,0.049999,0.160000,0.008013,-0.031337,0.034797,1.507600,0.007812,-0.001221,0.000488,0,0,0,0,3000,3000,3000,3000,0,230,-348,0-20,0,0,0
99.840385,1.117188,-2.738281,0.000000,0.049999,0.160000,0.007933,-0.031337,0.034797,1.507600,-0.004883,-0.000732,-0.005859,0,0,0,0,3000,3000,3000,3000,0,239,-348,0-20,0,0,0
99.842339,1.117188,-2.738281,0.000000,0.049999,0.160000,0.008018,-0.031337,0.034797,1.507600,0.006104,0.001221,0.002197,0,0,0,0,3000,3000,3000,3000,0,231,-350,0-20,0,0,0
99.844292,1.117188,-2.738281,0.000000,0.049999,0.160000,0.008202,-0.031337,0.034797,1.507600,-0.005615,0.001221,0.000000,0,0,0,0,3000,3000,3000,3000,0,240,-350,0-20,0,0,0
99.846245,1.117188,-2.738281,0.000000,0.049999,0.160000,0.008158,-0.031337,0.034797,1.507600,0.003418,-0.001953,-0.000732,0,0,0,0,3000,3000,3000,3000,0,233,-347,0-20,0,0,0
99.848206,1.117188,-2.738281,0.000000,0.049999,0.160000,0.008303,-0.031337,0.034797,1.507600,-0.001221,0.003906,-0.000732,0,0,0,0,3000,3000,3000,3000,0,237,-353,0-20,0,0,0
99.850151,1.117188,-2.738281,0.000000,0.049999,0.160000,0.008333,-0.031337,0.034797,1.507600,-0.003418,-0.001953,0.000488,0,0,0,0,3000,3000,3000,3000,0,238,-347,0-20,0,0,0
99.852104,1.117188,-2.738281,0.000000,0.049999,0.160000,0.008501,-0.031337,0.034797,1.507600,0.004639,0.000244,0.001465,0,0,0,0,3000,3000,3000,3000,0,233,-349,0-20,0,0,0
99.854057,1.117188,-2.738281,0.000000,0.049999,0.160000,0.008509,-0.031337,0.034797,1.507600,-0.004395,-0.000732,0.000977,0,0,0,0,3000,3000,3000,3000,0,239,-348,0-20,0,0,0
99.856010,1.117188,-2.738281,0.000000,0.049999,0.160000,0.008640,-0.031337,0.034797,1.507600,0.005127,0.000732,0.000977,0,0,0,0,3000,3000,3000,3000,0,232,-349,0-20,0,0,0
99.857964,1.117188,-2.738281,0.000000,0.049999,0.160000,0.008726,-0.031337,0.034797,1.507600,-0.002930,-0.000244,0.000488,0,0,0,0,3000,3000,3000,3000,0,238,-348,0-20,0,0,0
99.859917,1.117188,-2.738281,0.000000,0.049999,0.160000,0.008894,-0.031337,0.034797,1.507600,0.001465,-0.000732,0.000488,0,0,0,0,3000,3000,3000,3000,0,235,-348,0-20,0,0,0
99.861870,1.117188,-2.738281,0.000000,0.049999,0.160000,0.008974,-0.031337,0.034797,1.507600,0.004150,0.001221,0.000000,0,0,0,0,3000,3000,3000,3000,0,233,-350,0-20,0,0,0
99.863823,1.117188,-2.738281,0.000000,0.049999,0.160000,0.008900,-0.031337,0.034797,1.507600,-0.006592,-0.000244,-0.003906,0,0,0,0,3000,3000,3000,3000,0,240,-348,0-20,0,0,0
99.865776,1.117188,-2.738281,0.000000,0.049999,0.160000,0.009159,-0.031337,0.034797,1.507600,0.005127,0.002441,0.000000,0,0,0,0,3000,3000,3000,3000,0,232,-351,0-20,0,0,0
99.867729,1.117188,-2.738281,0.000000,0.049999,0.160000,0.009169,-0.031337,0.034797,1.507600,-0.004395,0.000732,-0.002686,0,0,0,0,3000,3000,3000,3000,0,239,-349,0-20,0,0,0
99.869705,1.117188,-2.738281,0.000000,0.049999,0.160000,0.009310,-0.031337,0.034797,1.507600,0.000244,-0.001221,-0.002197,0,0,0,0,3000,3000,3000,3000,0,236,-348,0-20,0,0,0
99.871643,1.117188,-2.738281,0.000000,0.049999,0.160000,0.009296,-0.031337,0.034797,1.507600,-0.001709,0.001221,0.003662,0,0,0,0,3000,3000,3000,3000,0,237,-350,0-20,0,0,0
99.873589,1.117188,-2.738281,0.000000,0.049999,0.160000,0.009317,-0.031337,0.034797,1.507600,-0.007568,0.002441,0.002686,0,0,0,0,3000,3000,3000,3000,0,242,-351,0-20,0,0,0
99.875542,1.117188,-2.738281,0.000000,0.049999,0.160000,0.009579,-0.031337,0.034797,1.507600,0.006592,-0.001953,0.000977,0,0,0,0,3000,3000,3000,3000,0,232,-347,0-20,0,0,0
99.877502,1.117188,-2.738281,0.000000,0.049999,0.160000,0.009750,-0.031337,0.034797,1.507600,-0.003906,0.002441,-0.001709,0,0,0,0,3000,3000,3000,3000,0,239,-351,0-20,0,0,0
99.879456,1.117188,-2.738281,0.000000,0.049999,0.160000,0.009722,-0.031337,0.034797,1.507600,0.000244,-0.002441,0.000000,0,0,0,0,3000,3000,3000,3000,0,236,-347,0-20,0,0,0
99.881409,1.117188,-2.738281,0.000000,0.049999,0.160000,0.009861,-0.031337,0.034797,1.507600,-0.000244,0.001953,0.001465,0,0,0,0,3000,3000,3000,3000,0,237,-351,0-20,0,0,0
99.883369,1.117188,-2.738281,0.000000,0.049999,0.160000,0.009993,-0.031337,0.034797,1.507600,-0.001221,-0.000244,-0.000732,0,0,0,0,3000,3000,3000,3000,0,237,-349,0-20,0,0,0
99.885307,1.117188,-2.738281,0.000000,0.049999,0.160000,0.009249,-0.031337,0.034797,1.507600,0.004639,0.000732,0.003174,0,0,0,0,3000,3000,3000,3000,0,233,-349,0-20,0,0,0
99.887260,1.117188,-2.738281,0.000000,0.049999,0.160000,0.009253,-0.031337,0.034797,1.507600,-0.007080,0.000244,-0.000488,0,0,0,0,3000,3000,3000,3000,0,241,-349,0-20,0,0,0
99.889214,1.117188,-2.738281,0.000000,0.049999,0.160000,0.009310,-0.031337,0.034797,1.507600,0.002930,-0.001221,-0.000488,0,0,0,0,3000,3000,3000,3000,0,234,-348,0-20,0,0,0
99.891167,1.117188,-2.738281,0.000000,0.049999,0.160000,0.009306,-0.031337,0.034797,1.507600,-0.000732,-0.000732,-0.000732,0,0,0,0,3000,3000,3000,3000,0,237,-348,0-20,0,0,0
99.893120,1.117188,-2.738281,0.000000,0.049999,0.160000,0.009363,-0.031337,0.034797,1.507600,-0.001709,-0.000244,-0.000488,0,0,0,0,3000,3000,3000,3000,0,237,-348,0-20,0,0,0
99.895073,1.117188,-2.738281,0.000000,0.049999,0.160000,0.009455,-0.031337,0.034797,1.507600,0.007324,-0.001953,0.000977,0,0,0,0,3000,3000,3000,3000,0,231,-346,0-20,0,0,0
99.897034,1.117188,-2.738281,0.000000,0.049999,0.160000,0.009409,-0.031337,0.034797,1.507600,-0.006104,0.002930,-0.001709,0,0,0,0,3000,3000,3000,3000,0,240,-351,0-20,0,0,0
99.898987,1.117188,-2.738281,0.000000,0.049999,0.160000,0.009371,-0.031337,0.034797,1.507600,0.004150,-0.002441,0.001465,0,0,0,0,3000,3000,3000,3000,0,233,-346,0-20,0,0,0
99.900932,1.117188,-2.738281,0.000000,0.049999,0.160000,0.009384,-0.031337,0.034797,1.507600,-0.002441,0.000244,0.000488,0,0,0,0,3000,3000,3000,3000,0,238,-348,0-20,0,0,0
99.902885,1.117188,-2.738281,0.000000,0.049999,0.160000,0.009314,-0.031337,0.034797,1.507600,0.000977,0.002441,-0.002686,0,0,0,0,3000,3000,3000,3000,0,235,-351,0-20,0,0,0
99.904839,1.117188,-2.738281,0.000000,0.049999,0.160000,0.009647,-0.031337,0.034797,1.507600,0.001465,0.001221,-0.000488,0,0,0,0,3000,3000,3000,3000,0,235,-350,0-20,0,0,0
99.906792,1.117188,-2.738281,0.000000,0.049999,0.160000,0.009777,-0.031337,0.034797,1.507600,-0.003418,-0.000244,-0.001709,0,0,0,0,3000,3000,3000,3000,0,238,-349,0-20,0,0,0
99.908760,1.117188,-2.738281,0.000000,0.049999,0.160000,0.009882,-0.031337,0.034797,1.507600,0.007324,-0.000244,-0.000732,0,0,0,0,3000,3000,3000,3000,0,230,-348,0-20,0,0,0
99.910698,1.117188,-2.738281,0.000000,0.049999,0.160000,0.009817,-0.031337,0.034797,1.507600,-0.003906,-0.000732,-0.003174,0,0,0,0,3000,3000,3000,3000,0,238,-348,0-20,0,0,0
99.912651,1.117188,-2.738281,0.000000,0.049999,0.160000,0.009880,-0.031337,0.034797,1.507600,0.002441,-0.002441,0.000977,0,0,0,0,3000,3000,3000,3000,0,234,-346,0-20,0,0,0
99.914604,1.117188,-2.738281,0.000000,0.049999,0.160000,0.009844,-0.031337,0.034797,1.507600,0.001465,-0.000244,0.002686,0,0,0,0,3000,3000,3000,3000,0,234,-348,0-20,0,0,0
99.916557,1.117188,-2.738281,0.000000,0.000000,0.009998,0.006916,-0.031337,0.034797,1.507600,-0.001709,0.001953,-0.002197,0,0,0,0,3000,3000,3000,3000,0,237,-350,0-20,0,0,0
99.918518,1.117188,-2.738281,0.000000,0.000000,0.009998,0.006977,-0.031337,0.034797,1.507600,0.005615,0.000244,-0.000732,0,0,0,0,3000,3000,3000,3000,0,231,-349,0-20,0,0,0
99.920464,1.117188,-2.738281,0.000000,0.000000,0.009998,0.006945,-0.031337,0.034797,1.507600,-0.006104,0.000732,-0.000488,0,0,0,0,3000,3000,3000,3000,0,240,-349,0-20,0,0,0
99.922417,1.117188,-2.738281,0.000000,0.000000,0.009998,0.006943,-0.031337,0.034797,1.507600,0.004150,-0.000244,0.002197,0,0,0,0,3000,3000,3000,3000,0,232,-348,0-20,0,0,0
99.924370,1.117188,-2.738281,0.000000,0.000000,0.009998,0.006886,-0.031337,0.034797,1.507600,-0.001709,0.001221,-0.000488,0,0,0,0,3000,3000,3000,3000,0,237,-350,0-20,0,0,0
99.926323,1.117188,-2.738281,0.000000,0.000000,0.009998,0.007162,-0.031337,0.034797,1.507600,-0.001709,0.000732,0.000977,0,0,0,0,3000,3000,3000,3000,0,237,-349,0-20,0,0,0
99.928284,1.117188,-2.738281,0.000000,0.000000,0.009998,0.007309,-0.031337,0.034797,1.507600,0.005127,0.001953,0.002197,0,0,0,0,3000,3000,3000,3000,0,232,-351,0-20,0,0,0
99.930229,1.117188,-2.738281,0.000000,0.000000,0.009998,0.007404,-0.031337,0.034797,1.507600,-0.001709,0.002441,0.000977,0,0,0,0,3000,3000,3000,3000,0,237,-351,0-20,0,0,0
99.932182,1.117188,-2.738281,0.000000,0.000000,0.009998,0.007570,-0.031337,0.034797,1.507600,0.005615,0.000732,0.003174,0,0,0,0,3000,3000,3000,3000,0,231,-350,0-20,0,0,0
99.934135,1.117188,-2.738281,0.000000,0.000000,0.009998,0.007490,-0.031337,0.034797,1.507600,-0.003418,-0.000732,0.000488,0,0,0,0,3000,3000,3000,3000,0,238,-349,0-20,0,0,0
99.936096,1.117188,-2.738281,0.000000,0.000000,0.009998,0.007612,-0.031337,0.034797,1.507600,-0.000244,0.000732,-0.001221,0,0,0,0,3000,3000,3000,3000,0,236,-350,0-20,0,0,0
99.938057,1.117188,-2.750000,0.000000,-0.059999,-0.160000,0.007822,-0.031290,0.034812,1.507494,0.001465,-0.000244,0.000488,0,0,0,0,3000,3000,3000,3000,0,235,-349,0-20,0,0,0
99.939995,1.117188,-2.750000,0.000000,-0.059999,-0.160000,0.006922,-0.031337,0.034797,1.507600,-0.008789,0.002930,-0.002686,0,0,0,0,3000,3000,3000,3000,0,242,-352,0-20,0,0,0
99.941948,1.117188,-2.750000,0.000000,-0.059999,-0.160000,0.006899,-0.031398,0.034858,1.507600,0.000977,-0.000732,0.002197,0,0,0,0,3000,3000,3000,3000,0,236,-349,0-20,0,0,0
99.943901,1.117188,-2.750000,0.000000,-0.059999,-0.160000,0.007076,-0.031398,0.034858,1.507600,-0.004883,-0.001221,0.000977,0,0,0,0,3000,3000,3000,3000,0,240,-348,0-20,0,0,0
99.945854,1.117188,-2.750000,0.000000,-0.059999,-0.160000,0.007179,-0.031398,0.034858,1.507600,0.003418,0.000244,-0.000488,0,0,0,0,3000,3000,3000,3000,0,235,-350,0-20,0,0,0
99.947807,1.117188,-2.750000,0.000000,-0.059999,-0.160000,0.007452,-0.031398,0.034858,1.507600,0.000244,0.000732,-0.000488,0,0,0,0,3000,3000,3000,3000,0,237,-350,0-20,0,0,0
99.949760,1.117188,-2.750000,0.000000,-0.059999,-0.160000,0.007509,-0.031398,0.034858,1.507600,-0.002930,0.000244,-0.001709,0,0,0,0,3000,3000,3000,3000,0,239,-350,0-20,0,0,0
99.951721,1.117188,-2.750000,0.000000,-0.059999,-0.160000,0.007711,-0.031398,0.034858,1.507600,0.007812,0.002441,0.001465,0,0,0,0,3000,3000,3000,3000,0,231,-352,0-20,0,0,0
99.953674,1.117188,-2.750000,0.000000,-0.059999,-0.160000,0.007833,-0.031335,0.034853,1.507494,-0.004883,-0.000244,0.001465,0,0,0,0,3000,3000,3000,3000,0,240,-349,0-20,0,0,0
99.955620,1.117188,-2.750000,0.000000,-0.059999,-0.160000,0.007864,-0.031398,0.034858,1.507600,0.003418,0.000244,-0.001221,0,0,0,0,3000,3000,3000,3000,0,234,-350,0-20,0,0,0
99.957573,1.117188,-2.750000,0.000000,-0.059999,-0.160000,0.007860,-0.031398,0.034858,1.507600,-0.000732,-0.000732,0.000000,0,0,0,0,3000,3000,3000,3000,0,237,-349,0-20,0,0,0
99.959526,1.117188,-2.750000,0.000000,-0.059999,-0.160000,0.007761,-0.031398,0.034858,1.507600,-0.002930,0.000244,-0.001221,0,0,0,0,3000,3000,3000,3000,0,238,-349,0-20,0,0,0
99.961479,1.117188,-2.750000,0.000000,-0.059999,-0.160000,0.007862,-0.031398,0.034858,1.507600,0.004639,0.000244,-0.001221,0,0,0,0,3000,3000,3000,3000,0,233,-349,0-20,0,0,0
99.963432,1.117188,-2.750000,0.000000,-0.059999,-0.160000,0.012684,-0.031398,0.034858,1.507600,-0.006592,0.001221,-0.000732,0,0,0,0,3000,3000,3000,3000,0,241,-350,0-20,0,0,0
99.965385,1.117188,-2.750000,0.000000,-0.059999,-0.160000,0.012880,-0.031398,0.034858,1.507600,0.006104,0.002930,0.000000,0,0,0,0,3000,3000,3000,3000,0,232,-352,0-20,0,0,0
99.967339,1.117188,-2.750000,0.000000,-0.059999,-0.160000,0.013124,-0.031398,0.034858,1.507600,0.000244,0.001953,0.000977,0,0,0,0,3000,3000,3000,3000,0,236,-351,0-20,0,0,0
99.969299,1.117188,-2.750000,0.000000,-0.059999,-0.160000,0.013275,-0.031398,0.034858,1.507600,-0.003418,0.000732,0.002197,0,0,0,0,3000,3000,3000,3000,0,239,-350,0-20,0,0,0
99.971252,1.117188,-2.750000,0.000000,-0.059999,-0.160000,0.013620,-0.031398,0.034858,1.507600,0.006104,0.001953,0.001465,0,0,0,0,3000,3000,3000,3000,0,232,-352,0-20,0,0,0
99.973206,1.117188,-2.750000,0.000000,-0.059999,-0.160000,0.013847,-0.031398,0.034858,1.507600,-0.007568,-0.001221,-0.001709,0,0,0,0,3000,3000,3000,3000,0,241,-349,0-20,0,0,0
99.975159,1.117188,-2.750000,0.000000,-0.059999,-0.160000,0.013823,-0.031398,0.034858,1.507600,0.005127,-0.000244,0.000000,0,0,0,0,3000,3000,3000,3000,0,233,-349,0-20,0,0,0
99.977112,1.117188,-2.750000,0.000000,-0.059999,-0.160000,0.013994,-0.031398,0.034858,1.507600,-0.002930,-0.000244,0.000000,0,0,0,0,3000,3000,3000,3000,0,238,-349,0-20,0,0,0
99.979065,1.117188,-2.750000,0.000000,-0.059999,-0.160000,0.014057,-0.031398,0.034858,1.507600,0.005127,0.000244,0.001465,0,0,0,0,3000,3000,3000,3000,0,233,-349,0-20,0,0,0
99.981026,1.117188,-2.738281,0.000000,0.000000,-0.029999,0.014219,-0.031337,0.034919,1.507600,0.002930,-0.000244,-0.002197,0,0,0,0,3000,3000,3000,3000,0,233,-349,0-20,0,0,0
99.982964,1.117188,-2.738281,0.000000,0.000000,-0.029999,0.011036,-0.031337,0.034919,1.507600,-0.006592,0.001953,0.000000,0,0,0,0,3000,3000,3000,3000,0,240,-351,0-20,0,0,0
99.984924,1.117188,-2.738281,0.000000,0.000000,-0.029999,0.011118,-0.031337,0.034919,1.507600,0.007324,0.002441,0.002686,0,0,0,0,3000,3000,3000,3000,0,230,-352,0-20,0,0,0
99.986870,1.117188,-2.738281,0.000000,0.000000,-0.029999,0.010923,-0.031337,0.034919,1.507600,-0.008301,0.001953,-0.001221,0,0,0,0,3000,3000,3000,3000,0,242,-352,0-20,0,0,0
99.988831,1.117188,-2.738281,0.000000,0.000000,-0.029999,0.011080,-0.031337,0.034919,1.507600,0.000977,-0.000244,-0.001221,0,0,0,0,3000,3000,3000,3000,0,235,-350,0-20,0,0,0
99.990776,1.117188,-2.738281,0.000000,0.000000,-0.029999,0.011162,-0.031337,0.034919,1.507600,0.002930,0.000244,0.000977,0,0,0,0,3000,3000,3000,3000,0,234,-350,0-20,0,0,0
99.992729,1.117188,-2.738281,0.000000,0.000000,-0.029999,0.011127,-0.031337,0.034919,1.507600,-0.006592,0.000244,-0.001709,0,0,0,0,3000,3000,3000,3000,0,241,-350,0-20,0,0,0
99.994682,1.117188,-2.738281,0.000000,0.000000,-0.029999,0.011145,-0.031337,0.034919,1.507600,0.005127,-0.000244,0.004639,0,0,0,0,3000,3000,3000,3000,0,233,-349,0-20,0,0,0
99.996635,1.117188,-2.738281,0.000000,0.000000,-0.029999,0.011393,-0.031337,0.034919,1.507600,-0.006104,0.000244,-0.002197,0,0,0,0,3000,3000,3000,3000,0,241,-350,0-20,0,0,0
99.998596,1.117188,-2.738281,0.000000,0.000000,-0.029999,0.011576,-0.031337,0.034919,1.507600,0.001953,-0.002441,0.000977,0,0,0,0,3000,3000,3000,3000,0,235,-347,0-20,0,0,0
100.000542,1.117188,-2.738281,0.000000,0.000000,-0.029999,0.011774,-0.031337,0.034919,1.507600,-0.001709,-0.000732,0.002197,0,0,0,0,3000,3000,3000,3000,0,238,-348,0-20,0,0,0
100.002495,1.117188,-2.738281,0.000000,0.000000,-0.029999,0.011839,-0.031337,0.034919,1.507600,-0.000244,0.000732,-0.000488,0,0,0,0,3000,3000,3000,3000,0,237,-350,0-20,0,0,0
100.004448,1.117188,-2.738281,0.000000,0.000000,-0.029999,0.011923,-0.031337,0.034919,1.507600,0.004150,-0.000732,0.001465,0,0,0,0,3000,3000,3000,3000,0,233,-348,0-20,0,0,0
100.006401,1.117188,-2.738281,0.000000,0.000000,-0.029999,0.011965,-0.031337,0.034919,1.507600,-0.004883,0.002441,0.002197,0,0,0,0,3000,3000,3000,3000,0,240,-351,0-20,0,0,0
100.008362,1.117188,-2.738281,0.000000,0.000000,-0.029999,0.012007,-0.031337,0.034919,1.507600,0.006592,-0.000244,-0.000732,0,0,0,0,3000,3000,3000,3000,0,231,-349,0-20,0,0,0
100.010307,1.117188,-2.738281,0.000000,0.000000,-0.029999,0.012222,-0.031337,0.034919,1.507600,-0.002441,0.001221,-0.001221,0,0,0,0,3000,3000,3000,3000,0,238,-350,0-20,0,0,0
100.012260,1.117188,-2.738281,0.000000,0.000000,-0.029999,0.012285,-0.031337,0.034919,1.507600,-0.000244,0.000732,-0.004883,0,0,0,0,3000,3000,3000,3000,0,236,-350,0-20,0,0,0
100.014214,1.117188,-2.738281,0.000000,0.000000,-0.029999,0.012651,-0.031337,0.034919,1.507600,0.001465,-0.000244,0.002686,0,0,0,0,3000,3000,3000,3000,0,235,-349,0-20,0,0,0
100.016167,1.117188,-2.738281,0.000000,0.000000,-0.029999,0.012760,-0.031337,0.034919,1.507600,-0.007080,0.003418,0.000488,0,0,0,0,3000,3000,3000,3000,0,241,-353,0-20,0,0,0
100.018127,1.117188,-2.738281,0.000000,0.000000,-0.029999,0.013058,-0.031337,0.034919,1.507600,0.007324,-0.002441,0.002197,0,0,0,0,3000,3000,3000,3000,0,231,-347,0-20,0,0,0
100.020073,1.117188,-2.738281,0.000000,0.000000,-0.029999,0.013077,-0.031337,0.034919,1.507600,-0.003418,-0.000244,0.000488,0,0,0,0,3000,3000,3000,3000,0,238,-349,0-20,0,0,0
100.022026,1.117188,-2.738281,0.000000,0.000000,-0.029999,0.013279,-0.031337,0.034919,1.507600,0.005127,0.001221,0.002197,0,0,0,0,3000,3000,3000,3000,0,232,-350,0-20,0,0,0
100.023979,1.117188,-2.738281,0.000000,0.000000,-0.029999,0.013327,-0.031337,0.034919,1.507600,0.002441,0.000732,0.000488,0,0,0,0,3000,3000,3000,3000,0,234,-350,0-20,0,0,0
100.025932,1.117188,-2.738281,0.000000,0.000000,-0.029999,0.013371,-0.031337,0.034919,1.507600,-0.001221,-0.000244,-0.003174,0,0,0,0,3000,3000,3000,3000,0,236,-349,0-20,0,0,0
100.027885,1.117188,-2.738281,0.000000,0.000000,-0.029999,0.013510,-0.031337,0.034919,1.507600,0.006104,-0.001221,0.000488,0,0,0,0,3000,3000,3000,3000,0,231,-348,0-20,0,0,0
100.029839,1.117188,-2.738281,0.000000,0.000000,-0.029999,0.013578,-0.031337,0.034919,1.507600,-0.005615,-0.000244,0.000977,0,0,0,0,3000,3000,3000,3000,0,239,-349,0-20,0,0,0
100.031792,1.117188,-2.738281,0.000000,0.000000,-0.029999,0.013771,-0.031337,0.034919,1.507600,0.004639,0.002930,0.000488,0,0,0,0,3000,3000,3000,3000,0,232,-352,0-20,0,0,0
100.033745,1.117188,-2.738281,0.000000,0.000000,-0.029999,0.014000,-0.031337,0.034919,1.507600,0.002441,0.000244,0.000000,0,0,0,0,3000,3000,3000,3000,0,233,-350,0-20,0,0,0
100.035698,1.117188,-2.738281,0.000000,0.000000,-0.029999,0.013927,-0.031337,0.034919,1.507600,-0.001709,-0.000244,-0.003906,0,0,0,0,3000,3000,3000,3000,0,236,-349,0-20,0,0,0
100.037659,1.117188,-2.738281,0.000000,0.000000,-0.029999,0.013992,-0.031337,0.034919,1.507600,0.005127,0.001953,0.001465,0,0,0,0,3000,3000,3000,3000,0,231,-351,0-20,0,0,0
100.039604,1.117188,-2.738281,0.000000,0.000000,-0.029999,0.013958,-0.031337,0.034919,1.507600,-0.003906,0.000244,-0.001221,0,0,0,0,3000,3000,3000,3000,0,238,-350,0-20,0,0,0
100.041557,1.117188,-2.738281,0.000000,0.000000,-0.029999,0.012619,-0.031337,0.034919,1.507600,0.005127,-0.000244,0.002197,0,0,0,0,3000,3000,3000,3000,0,232,-349,0-20,0,0,0
100.043510,1.117188,-2.738281,0.000000,0.000000,-0.029999,0.012508,-0.031337,0.034919,1.507600,-0.004883,0.002441,0.002197,0,0,0,0,3000,3000,3000,3000,0,239,-352,0-20,0,0,0
100.045464,1.117188,-2.738281,0.000000,0.000000,-0.029999,0.012379,-0.031337,0.034919,1.507600,-0.001709,-0.002930,-0.002686,0,0,0,0,3000,3000,3000,3000,0,237,-347,0-20,0,0,0
100.047417,1.117188,-2.738281,0.000000,0.000000,-0.029999,0.012445,-0.031337,0.034919,1.507600,0.003418,-0.000244,0.001465,0,0,0,0,3000,3000,3000,3000,0,233,-349,0-20,0,0,0
100.049370,1.117188,-2.738281,0.000000,0.000000,-0.029999,0.012487,-0.031337,0.034919,1.507600,-0.004883,0.003418,-0.000488,0,0,0,0,3000,3000,3000,3000,0,239,-353,0-20,0,0,0
100.051323,1.117188,-2.738281,0.000000,0.000000,-0.029999,0.012754,-0.031337,0.034919,1.507600,0.005127,-0.004639,0.000977,0,0,0,0,3000,3000,3000,3000,0,232,-345,0-20,0,0,0
100.053276,1.117188,-2.738281,0.000000,0.000000,-0.029999,0.012768,-0.031337,0.034919,1.507600,-0.003906,-0.002441,0.000488,0,0,0,0,3000,3000,3000,3000,0,239,-347,0-20,0,0,0
100.055229,1.117188,-2.738281,0.000000,0.000000,-0.029999,0.012861,-0.031337,0.034919,1.507600,0.001465,0.000732,0.000977,0,0,0,0,3000,3000,3000,3000,0,235,-349,0-20,0,0,0
100.057182,1.117188,-2.738281,0.000000,0.000000,-0.029999,0.012980,-0.031337,0.034919,1.507600,-0.004883,0.003418,0.002686,0,0,0,0,3000,3000,3000,3000,0,240,-352,0-20,0,0,0
100.059135,1.117188,-2.738281,0.000000,0.000000,-0.029999,0.013212,-0.031337,0.034919,1.507600,-0.007568,0.003418,0.003662,0,0,0,0,3000,3000,3000,3000,0,242,-353,0-20,0,0,0
100.061089,1.117188,-2.738281,0.000000,0.000000,-0.029999,0.013226,-0.031337,0.034919,1.507600,0.017334,-0.004639,-0.000488,0,0,0,0,3000,3000,3000,3000,0,225,-345,0-20,0,0,0
100.063042,1.117188,-2.738281,0.000000,0.000000,-0.029999,0.013166,-0.031337,0.034919,1.507600,-0.006592,0.002441,0.000977,0,0,0,0,3000,3000,3000,3000,0,241,-352,0-20,0,0,0
100.064995,1.117188,-2.738281,0.000000,0.000000,-0.029999,0.013216,-0.031337,0.034919,1.507600,0.005615,-0.002930,-0.003174,0,0,0,0,3000,3000,3000,3000,0,232,-347,0-20,0,0,0
100.066956,1.117188,-2.738281,0.000000,0.000000,-0.029999,0.013000,-0.031337,0.034919,1.507600,0.006104,-0.009277,0.000000,0,0,0,0,3000,3000,3000,3000,0,231,-340,0-20,0,0,0
100.068909,1.117188,-2.738281,0.000000,0.000000,-0.029999,0.013166,-0.031337,0.034919,1.507600,-0.011475,0.003418,0.000000,0,0,0,0,3000,3000,3000,3000,0,244,-351,0-20,0,0,0
100.070854,1.117188,-2.738281,0.000000,0.000000,-0.029999,0.013311,-0.031337,0.034919,1.507600,0.012451,-0.003418,-0.001221,0,0,0,0,3000,3000,3000,3000,0,227,-345,0-20,0,0,0
100.072807,1.117188,-2.738281,0.000000,0.000000,-0.029999,0.013115,-0.031337,0.034919,1.507600,-0.011475,-0.006104,-0.003174,0,0,0,0,3000,3000,3000,3000,0,244,-342,0-20,0,0,0
100.074760,1.117188,-2.738281,0.000000,0.000000,-0.029999,0.013212,-0.031337,0.034919,1.507600,-0.001709,0.004395,0.000977,0,0,0,0,3000,3000,3000,3000,0,237,-352,0-20,0,0,0
100.076721,1.117188,-2.750000,0.000000,-0.070000,-0.179998,0.013279,-0.031337,0.034919,1.507600,0.000977,-0.005127,-0.004883,0,0,0,0,3000,3000,3000,3000,0,236,-343,0-20,0,0,0
100.078674,1.117188,-2.750000,0.000000,-0.070000,-0.179998,0.009621,-0.031337,0.034919,1.507600,-0.006592,0.002441,0.000488,0,0,0,0,3000,3000,3000,3000,0,241,-350,0-20,0,0,0
100.080620,1.117188,-2.750000,0.000000,-0.070000,-0.179998,0.009768,-0.031337,0.034919,1.507600,0.006592,-0.001953,-0.000488,0,0,0,0,3000,3000,3000,3000,0,232,-346,0-20,0,0,0
100.082573,1.117188,-2.750000,0.000000,-0.070000,-0.179998,0.009480,-0.031337,0.034919,1.507600,-0.004883,0.004395,-0.001709,0,0,0,0,3000,3000,3000,3000,0,240,-353,0-20,0,0,0
100.084526,1.117188,-2.750000,0.000000,-0.070000,-0.179998,0.009241,-0.031337,0.034919,1.507600,-0.003906,0.007080,0.002686,0,0,0,0,3000,3000,3000,3000,0,240,-356,0-20,0,0,0
100.086487,1.117188,-2.750000,0.000000,-0.070000,-0.179998,0.009209,-0.031293,0.034898,1.507494,0.001953,0.003418,0.001465,0,0,0,0,3000,3000,3000,3000,0,236,-354,0-20,0,0,0
100.088440,1.117188,-2.750000,0.000000,-0.070000,-0.179998,0.009174,-0.031337,0.034919,1.507600,0.005127,-0.003906,0.002197,0,0,0,0,3000,3000,3000,3000,0,233,-347,0-20,0,0,0
100.090385,1.117188,-2.750000,0.000000,-0.070000,-0.179998,0.009033,-0.031335,0.034919,1.507604,0.002930,0.011963,0.005371,0,0,0,0,3000,3000,3000,3000,0,234,-362,0-20,0,0,0
100.092339,1.117188,-2.750000,0.000000,-0.070000,-0.179998,0.009447,-0.031335,0.034919,1.507604,-0.002930,-0.003906,-0.000488,0,0,0,0,3000,3000,3000,3000,0,238,-348,0-20,0,0,0
100.094299,1.117188,-2.750000,0.000000,-0.070000,-0.179998,0.009436,-0.031335,0.034919,1.507604,0.012451,-0.003906,0.006348,0,0,0,0,3000,3000,3000,3000,0,227,-348,0-20,0,0,0
100.096245,1.117188,-2.750000,0.000000,-0.070000,-0.179998,0.009579,-0.031335,0.034919,1.507604,0.000244,-0.001953,0.003662,0,0,0,0,3000,3000,3000,3000,0,235,-349,0-20,0,0,0
100.098206,1.117188,-2.750000,0.000000,-0.070000,-0.179998,0.009882,-0.031335,0.034919,1.507604,-0.004395,-0.004639,0.003174,0,0,0,0,3000,3000,3000,3000,0,238,-346,0-20,0,0,0
100.100151,1.117188,-2.750000,0.000000,-0.070000,-0.179998,0.009697,-0.031339,0.034797,1.507722,-0.004883,-0.000732,0.001465,0,0,0,0,3000,3000,3000,3000,0,239,-348,0-20,0,0,0
100.102104,1.117188,-2.750000,0.000000,-0.070000,-0.179998,0.010054,-0.031339,0.034797,1.507722,-0.008301,-0.002930,-0.003174,0,0,0,0,3000,3000,3000,3000,0,242,-346,0-20,0,0,0
100.104057,1.117188,-2.750000,0.000000,-0.070000,-0.179998,0.009945,-0.031339,0.034797,1.507722,0.009277,-0.002930,-0.002686,0,0,0,0,3000,3000,3000,3000,0,230,-345,0-20,0,0,0
100.106010,1.117188,-2.750000,0.000000,-0.070000,-0.179998,0.009657,-0.031339,0.034797,1.507722,-0.008789,-0.001221,0.001465,0,0,0,0,3000,3000,3000,3000,0,243,-347,0-20,0,0,0
100.107964,1.117188,-2.750000,0.000000,-0.070000,-0.179998,0.010071,-0.031339,0.034797,1.507722,-0.000244,0.001221,-0.003906,0,0,0,0,3000,3000,3000,3000,0,237,-349,0-20,0,0,0
100.109917,1.117188,-2.750000,0.000000,-0.070000,-0.179998,0.010035,-0.031339,0.034797,1.507722,0.004639,0.002930,-0.003174,0,0,0,0,3000,3000,3000,3000,0,233,-351,0-20,0,0,0
100.111870,1.117188,-2.750000,0.000000,-0.070000,-0.179998,0.010029,-0.031339,0.034797,1.507722,-0.005615,-0.000732,-0.001709,0,0,0,0,3000,3000,3000,3000,0,240,-348,0-20,0,0,0
100.113823,1.117188,-2.750000,0.000000,-0.070000,-0.179998,0.010170,-0.031339,0.034797,1.507722,0.008301,0.005615,-0.000488,0,0,0,0,3000,3000,3000,3000,0,230,-354,0-20,0,0,0
100.115776,1.117188,-2.750000,0.000000,-0.070000,-0.179998,0.010294,-0.031339,0.034797,1.507722,-0.003906,0.005127,-0.000488,0,0,0,0,3000,3000,3000,3000,0,239,-354,0-20,0,0,0
100.117737,1.117188,-2.750000,0.000000,-0.070000,-0.179998,0.010517,-0.031339,0.034797,1.507722,0.006592,0.000732,0.000000,0,0,0,0,3000,3000,3000,3000,0,231,-351,0-20,0,0,0
100.119690,1.117188,-2.750000,0.000000,-0.070000,-0.179998,0.013262,-0.031339,0.034797,1.507722,0.002441,0.001221,-0.001221,0,0,0,0,3000,3000,3000,3000,0,234,-351,0-20,0,0,0
100.121643,1.117188,-2.750000,0.000000,-0.070000,-0.179998,0.013533,-0.031339,0.034797,1.507722,0.007324,-0.008301,0.000000,0,0,0,0,3000,3000,3000,3000,0,230,-342,0-20,0,0,0
100.123596,1.117188,-2.750000,0.000000,-0.070000,-0.179998,0.013615,-0.031339,0.034797,1.507722,0.006104,-0.004639,0.003174,0,0,0,0,3000,3000,3000,3000,0,230,-345,0-20,0,0,0
100.125549,1.117188,-2.750000,0.000000,-0.070000,-0.179998,0.013630,-0.031339,0.034797,1.507722,-0.009766,0.000732,0.001465,0,0,0,0,3000,3000,3000,3000,0,241,-349,0-20,0,0,0
100.127510,1.117188,-2.750000,0.000000,-0.070000,-0.179998,0.013882,-0.031339,0.034797,1.507722,0.000244,-0.012939,0.002686,0,0,0,0,3000,3000,3000,3000,0,235,-336,0-20,0,0,0
100.129463,1.117188,-2.750000,0.000000,-0.070000,-0.179998,0.013962,-0.031339,0.034797,1.507722,-0.002441,-0.000244,0.000000,0,0,0,0,3000,3000,3000,3000,0,237,-347,0-20,0,0,0
100.131416,1.117188,-2.750000,0.000000,-0.070000,-0.179998,0.014135,-0.031339,0.034797,1.507722,-0.007080,-0.000244,0.002197,0,0,0,0,3000,3000,3000,3000,0,241,-346,0-20,0,0,0
100.133354,1.117188,-2.750000,0.000000,-0.070000,-0.179998,0.014305,-0.031339,0.034797,1.507722,0.007812,-0.003418,0.001465,0,0,0,0,3000,3000,3000,3000,0,231,-344,0-20,0,0,0
100.135338,1.117188,-2.750000,0.000000,-0.070000,-0.179998,0.014399,-0.031339,0.034797,1.507722,-0.001221,0.005615,-0.001709,0,0,0,0,3000,3000,3000,3000,0,237,-352,0-20,0,0,0
100.137260,1.117188,-2.750000,0.000000,-0.070000,-0.179998,0.014555,-0.031339,0.034797,1.507722,0.002930,0.008789,0.002197,0,0,0,0,3000,3000,3000,3000,0,234,-356,0-20,0,0,0
100.139221,1.117188,-2.750000,0.000000,-0.070000,-0.179998,0.014574,-0.031339,0.034797,1.507722,0.002441,-0.000244,-0.000488,0,0,0,0,3000,3000,3000,3000,0,234,-349,0-20,0,0,0
100.141167,1.117188,-2.750000,0.000000,-0.070000,-0.179998,0.014809,-0.031339,0.034797,1.507722,0.007324,0.002441,0.003174,0,0,0,0,3000,3000,3000,3000,0,230,-352,0-20,0,0,0
100.143120,1.117188,-2.750000,0.000000,-0.070000,-0.179998,0.014984,-0.031339,0.034797,1.507722,0.006592,0.001221,0.002686,0,0,0,0,3000,3000,3000,3000,0,230,-351,0-20,0,0,0
100.145073,1.117188,-2.750000,0.000000,-0.070000,-0.179998,0.014952,-0.031339,0.034797,1.507722,0.000977,-0.004639,0.000488,0,0,0,0,3000,3000,3000,3000,0,234,-345,0-20,0,0,0
100.147026,1.117188,-2.750000,0.000000,-0.070000,-0.179998,0.014954,-0.031339,0.034797,1.507722,0.003418,0.004395,0.002686,0,0,0,0,3000,3000,3000,3000,0,232,-354,0-20,0,0,0
100.148987,1.117188,-2.750000,0.000000,-0.070000,-0.179998,0.014822,-0.031339,0.034797,1.507722,-0.003906,0.006104,-0.004395,0,0,0,0,3000,3000,3000,3000,0,237,-356,0-20,0,0,0
100.150932,1.117188,-2.750000,0.000000,-0.070000,-0.179998,0.015223,-0.031339,0.034797,1.507722,-0.000244,-0.003906,0.001465,0,0,0,0,3000,3000,3000,3000,0,235,-347,0-20,0,0,0
100.152885,1.117188,-2.750000,0.000000,-0.070000,-0.179998,0.015106,-0.031339,0.034797,1.507722,-0.009277,0.000732,-0.001709,0,0,0,0,3000,3000,3000,3000,0,242,-351,0-20,0,0,0
100.154839,1.117188,-2.750000,0.000000,-0.070000,-0.179998,0.015318,-0.031339,0.034797,1.507722,-0.000244,-0.001953,-0.003174,0,0,0,0,3000,3000,3000,3000,0,236,-348,0-20,0,0,0
100.156792,1.117188,-2.750000,0.000000,-0.070000,-0.179998,0.015375,-0.031339,0.034797,1.507722,-0.004883,-0.010498,0.000488,0,0,0,0,3000,3000,3000,3000,0,240,-339,0-20,0,0,0
100.158752,1.117188,-2.750000,0.000000,-0.070000,-0.179998,0.015345,-0.031339,0.034797,1.507722,0.000244,0.002441,-0.004395,0,0,0,0,3000,3000,3000,3000,0,237,-351,0-20,0,0,0
100.160698,1.117188,-2.750000,0.000000,-0.070000,-0.179998,0.015564,-0.031339,0.034797,1.507722,-0.001221,-0.003906,-0.000732,0,0,0,0,3000,3000,3000,3000,0,238,-344,0-20,0,0,0
100.162651,1.117188,-2.750000,0.000000,-0.070000,-0.179998,0.015482,-0.031339,0.034797,1.507722,-0.000244,-0.005615,-0.000488,0,0,0,0,3000,3000,3000,3000,0,237,-342,0-20,0,0,0
100.164604,1.117188,-2.750000,0.000000,-0.070000,-0.179998,0.015541,-0.031339,0.034797,1.507722,0.004150,0.002441,-0.000488,0,0,0,0,3000,3000,3000,3000,0,234,-350,0-20,0,0,0
100.166557,1.117188,-2.750000,0.000000,-0.070000,-0.179998,0.015711,-0.031339,0.034797,1.507722,-0.001709,-0.002441,0.000977,0,0,0,0,3000,3000,3000,3000,0,238,-345,0-20,0,0,0
100.168518,1.117188,-2.750000,0.000000,-0.070000,-0.179998,0.015705,-0.031339,0.034797,1.507722,0.002441,-0.003906,-0.000732,0,0,0,0,3000,3000,3000,3000,0,235,-344,0-20,0,0,0
100.170464,1.117188,-2.750000,0.000000,-0.070000,-0.179998,0.015959,-0.031339,0.034797,1.507722,0.003418,0.000244,0.002197,0,0,0,0,3000,3000,3000,3000,0,234,-348,0-20,0,0,0
100.172417,1.117188,-2.750000,0.000000,-0.070000,-0.179998,0.015989,-0.031339,0.034797,1.507722,-0.001221,-0.003906,0.002686,0,0,0,0,3000,3000,3000,3000,0,237,-344,0-20,0,0,0
100.174377,1.117188,-2.750000,0.000000,-0.070000,-0.179998,0.016140,-0.031339,0.034797,1.507722,0.002930,0.000732,0.000977,0,0,0,0,3000,3000,3000,3000,0,234,-348,0-20,0,0,0
100.176323,1.117188,-2.750000,0.000000,-0.070000,-0.179998,0.016272,-0.031339,0.034797,1.507722,-0.004883,0.003418,0.001465,0,0,0,0,3000,3000,3000,3000,0,239,-351,0-20,0,0,0
100.178284,1.117188,-2.750000,0.000000,-0.070000,-0.179998,0.016357,-0.031339,0.034797,1.507722,-0.001221,0.001953,0.000000,0,0,0,0,3000,3000,3000,3000,0,237,-350,0-20,0,0,0
100.180237,1.117188,-2.750000,0.000000,-0.070000,-0.179998,0.016541,-0.031339,0.034797,1.507722,-0.000244,0.000732,0.000000,0,0,0,0,3000,3000,3000,3000,0,237,-349,0-20,0,0,0
100.182190,1.117188,-2.750000,0.000000,-0.070000,-0.179998,0.016603,-0.031339,0.034797,1.507722,-0.009277,-0.006104,-0.001709,0,0,0,0,3000,3000,3000,3000,0,243,-343,0-20,0,0,0
100.184135,1.117188,-2.738281,0.000000,0.080000,0.309999,0.016775,-0.031339,0.034797,1.507722,0.012451,0.001953,0.000488,0,0,0,0,3000,3000,3000,3000,0,228,-350,0-20,0,0,0
100.186104,1.117188,-2.738281,0.000000,0.080000,0.309999,0.010710,-0.031339,0.034797,1.507722,-0.004883,0.001221,-0.001221,0,0,0,0,3000,3000,3000,3000,0,240,-350,0-20,0,0,0
100.188065,1.117188,-2.738281,0.000000,0.080000,0.309999,0.010693,-0.031339,0.034797,1.507722,0.010498,-0.003418,0.000488,0,0,0,0,3000,3000,3000,3000,0,229,-346,0-20,0,0,0
100.189995,1.117188,-2.738281,0.000000,0.080000,0.309999,0.010857,-0.031339,0.034797,1.507722,0.007324,-0.001953,0.002197,0,0,0,0,3000,3000,3000,3000,0,230,-347,0-20,0,0,0
100.191948,1.117188,-2.738281,0.000000,0.080000,0.309999,0.010685,-0.031339,0.034797,1.507722,-0.005615,-0.001221,0.000488,0,0,0,0,3000,3000,3000,3000,0,239,-347,0-20,0,0,0
100.193901,1.117188,-2.738281,0.000000,0.080000,0.309999,0.010941,-0.031278,0.034797,1.507722,0.010010,0.002441,-0.001221,0,0,0,0,3000,3000,3000,3000,0,227,-350,0-20,0,0,0
100.195854,1.117188,-2.738281,0.000000,0.080000,0.309999,0.011028,-0.031278,0.034797,1.507722,-0.012451,-0.000244,0.001465,0,0,0,0,3000,3000,3000,3000,0,243,-348,0-20,0,0,0
100.197807,1.117188,-2.738281,0.000000,0.080000,0.309999,0.012224,-0.031278,0.034797,1.507722,0.007324,0.001953,0.000000,0,0,0,0,3000,3000,3000,3000,0,230,-351,0-20,0,0,0
100.199760,1.117188,-2.738281,0.000000,0.080000,0.309999,0.012344,-0.031278,0.034797,1.507722,0.002930,0.001953,-0.000488,0,0,0,0,3000,3000,3000,3000,0,233,-351,0-20,0,0,0
100.201714,1.117188,-2.738281,0.000000,0.080000,0.309999,0.012257,-0.031278,0.034797,1.507722,-0.010254,0.001221,-0.003906,0,0,0,0,3000,3000,3000,3000,0,242,-350,0-20,0,0,0
100.203667,1.117188,-2.738281,0.000000,0.080000,0.309999,0.012266,-0.031278,0.034797,1.507722,0.003418,-0.000732,-0.000488,0,0,0,0,3000,3000,3000,3000,0,233,-349,0-20,0,0,0
100.205620,1.117188,-2.738281,0.000000,0.080000,0.309999,0.012358,-0.031278,0.034797,1.507722,-0.013428,0.002441,0.000977,0,0,0,0,3000,3000,3000,3000,0,246,-352,0-20,0,0,0
100.207573,1.117188,-2.738281,0.000000,0.080000,0.309999,0.012497,-0.031278,0.034797,1.507722,0.002930,0.003418,0.000000,0,0,0,0,3000,3000,3000,3000,0,235,-353,0-20,0,0,0
100.209526,1.117188,-2.738281,0.000000,0.080000,0.309999,0.012596,-0.031278,0.034797,1.507722,-0.004883,0.002441,0.000977,0,0,0,0,3000,3000,3000,3000,0,240,-352,0-20,0,0,0
100.211479,1.117188,-2.738281,0.000000,0.080000,0.309999,0.012671,-0.031278,0.034797,1.507722,-0.001221,-0.002930,0.000000,0,0,0,0,3000,3000,3000,3000,0,238,-347,0-20,0,0,0
100.213432,1.117188,-2.738281,0.000000,0.080000,0.309999,0.012917,-0.031278,0.034797,1.507722,0.006104,-0.000732,0.003662,0,0,0,0,3000,3000,3000,3000,0,233,-349,0-20,0,0,0
100.215393,1.117188,-2.738281,0.000000,0.080000,0.309999,0.012873,-0.031278,0.034797,1.507722,-0.002441,-0.000732,0.000488,0,0,0,0,3000,3000,3000,3000,0,238,-349,0-20,0,0,0
100.217339,1.117188,-2.738281,0.000000,0.080000,0.309999,0.013071,-0.031278,0.034797,1.507722,0.010498,-0.005127,0.005371,0,0,0,0,3000,3000,3000,3000,0,229,-344,0-20,0,0,0
100.219292,1.117188,-2.738281,0.000000,0.080000,0.309999,0.013025,-0.031278,0.034797,1.507722,-0.000244,-0.000732,0.002197,0,0,0,0,3000,3000,3000,3000,0,236,-348,0-20,0,0,0
100.221245,1.117188,-2.738281,0.000000,0.080000,0.309999,0.012964,-0.031278,0.034797,1.507722,-0.002441,-0.001953,0.000977,0,0,0,0,3000,3000,3000,3000,0,237,-346,0-20,0,0,0
100.223198,1.117188,-2.738281,0.000000,0.080000,0.309999,0.012980,-0.031278,0.034797,1.507722,0.006104,-0.000244,0.004639,0,0,0,0,3000,3000,3000,3000,0,231,-348,0-20,0,0,0
100.225151,1.117188,-2.738281,0.000000,0.080000,0.309999,0.013033,-0.031278,0.034797,1.507722,-0.008301,0.002441,-0.001221,0,0,0,0,3000,3000,3000,3000,0,241,-350,0-20,0,0,0
100.227104,1.117188,-2.738281,0.000000,0.080000,0.309999,0.013309,-0.031278,0.034797,1.507722,0.005615,0.001953,0.002197,0,0,0,0,3000,3000,3000,3000,0,231,-350,0-20,0,0,0
100.229057,1.117188,-2.738281,0.000000,0.080000,0.309999,0.013376,-0.031278,0.034797,1.507722,-0.004395,0.002930,-0.000488,0,0,0,0,3000,3000,3000,3000,0,239,-352,0-20,0,0,0
100.231010,1.117188,-2.738281,0.000000,0.080000,0.309999,0.013458,-0.031278,0.034797,1.507722,-0.002930,0.002441,0.000488,0,0,0,0,3000,3000,3000,3000,0,238,-351,0-20,0,0,0
100.232964,1.117188,-2.738281,0.000000,0.080000,0.309999,0.013683,-0.031278,0.034797,1.507722,-0.000244,0.001953,0.000000,0,0,0,0,3000,3000,3000,3000,0,236,-351,0-20,0,0,0
100.234917,1.117188,-2.738281,0.000000,0.080000,0.309999,0.013786,-0.031278,0.034797,1.507722,-0.006592,0.002930,-0.002686,0,0,0,0,3000,3000,3000,3000,0,241,-352,0-20,0,0,0
100.236870,1.117188,-2.738281,0.000000,0.080000,0.309999,0.013779,-0.031278,0.034797,1.507722,0.006592,-0.000244,0.000000,0,0,0,0,3000,3000,3000,3000,0,232,-350,0-20,0,0,0
100.238831,1.117188,-2.738281,0.000000,0.080000,0.309999,0.013922,-0.031278,0.034797,1.507722,-0.001709,0.002441,-0.000732,0,0,0,0,3000,3000,3000,3000,0,237,-352,0-20,0,0,0
100.240776,1.117188,-2.738281,0.000000,0.080000,0.309999,0.014093,-0.031278,0.034797,1.507722,0.001465,0.001953,-0.000488,0,0,0,0,3000,3000,3000,3000,0,235,-352,0-20,0,0,0
100.242729,1.117188,-2.738281,0.000000,0.080000,0.309999,0.014338,-0.031278,0.034797,1.507722,0.004150,-0.000244,-0.001709,0,0,0,0,3000,3000,3000,3000,0,233,-350,0-20,0,0,0
100.244690,1.117188,-2.738281,0.000000,0.080000,0.309999,0.014387,-0.031278,0.034797,1.507722,-0.002930,-0.000244,-0.000732,0,0,0,0,3000,3000,3000,3000,0,237,-349,0-20,0,0,0
100.246635,1.117188,-2.738281,0.000000,0.080000,0.309999,0.014345,-0.031278,0.034797,1.507722,0.005127,-0.001221,-0.000732,0,0,0,0,3000,3000,3000,3000,0,232,-348,0-20,0,0,0
100.248596,1.117188,-2.738281,0.000000,0.080000,0.309999,0.014351,-0.031278,0.034797,1.507722,-0.006592,-0.000732,0.000977,0,0,0,0,3000,3000,3000,3000,0,240,-348,0-20,0,0,0
100.250542,1.117188,-2.738281,0.000000,0.080000,0.309999,0.014597,-0.031278,0.034797,1.507722,0.006592,-0.000244,0.004639,0,0,0,0,3000,3000,3000,3000,0,231,-348,0-20,0,0,0
100.252495,1.117188,-2.738281,0.000000,0.080000,0.309999,0.014658,-0.031278,0.034797,1.507722,-0.003418,-0.001221,-0.000488,0,0,0,0,3000,3000,3000,3000,0,238,-347,0-20,0,0,0
100.254448,1.117188,-2.738281,0.000000,0.080000,0.309999,0.014790,-0.031278,0.034797,1.507722,0.000977,0.000732,-0.002197,0,0,0,0,3000,3000,3000,3000,0,235,-349,0-20,0,0,0
100.256401,1.117188,-2.738281,0.000000,0.080000,0.309999,0.014837,-0.031278,0.034797,1.507722,0.001953,-0.004639,0.003174,0,0,0,0,3000,3000,3000,3000,0,234,-344,0-20,0,0,0
100.258362,1.117188,-2.738281,0.000000,0.080000,0.309999,0.014977,-0.031278,0.034797,1.507722,-0.005615,-0.001221,-0.001221,0,0,0,0,3000,3000,3000,3000,0,239,-346,0-20,0,0,0
100.260307,1.117188,-2.738281,0.000000,0.080000,0.309999,0.014965,-0.031278,0.034797,1.507722,0.006104,0.000244,0.000977,0,0,0,0,3000,3000,3000,3000,0,231,-348,0-20,0,0,0
100.262260,1.117188,-2.738281,0.000000,0.080000,0.309999,0.014990,-0.031278,0.034797,1.507722,0.000977,0.003418,0.000977,0,0,0,0,3000,3000,3000,3000,0,235,-351,0-20,0,0,0
100.264214,1.117188,-2.738281,0.000000,0.080000,0.309999,0.015146,-0.031278,0.034797,1.507722,0.002930,0.000732,0.003174,0,0,0,0,3000,3000,3000,3000,0,233,-349,0-20,0,0,0
100.266167,1.117188,-2.738281,0.000000,0.080000,0.309999,0.015255,-0.031278,0.034797,1.507722,0.006104,0.001221,0.003662,0,0,0,0,3000,3000,3000,3000,0,230,-349,0-20,0,0,0
100.268127,1.117188,-2.738281,0.000000,0.080000,0.309999,0.015255,-0.031278,0.034797,1.507722,-0.003906,0.000732,0.000488,0,0,0,0,3000,3000,3000,3000,0,237,-349,0-20,0,0,0
100.270081,1.117188,-2.738281,0.000000,0.080000,0.309999,0.015316,-0.031278,0.034797,1.507722,0.004639,0.001953,0.001465,0,0,0,0,3000,3000,3000,3000,0,231,-350,0-20,0,0,0
100.272041,1.117188,-2.738281,0.000000,0.080000,0.309999,0.015160,-0.031244,0.034773,1.507664,-0.004883,-0.000244,-0.001221,0,0,0,0,3000,3000,3000,3000,0,238,-348,0-20,0,0,0
100.273987,1.117188,-2.738281,0.000000,0.080000,0.309999,0.015207,-0.031276,0.034797,1.507726,0.005127,-0.000244,0.000488,0,0,0,0,3000,3000,3000,3000,0,231,-348,0-20,0,0,0
100.275940,1.117188,-2.738281,0.003906,0.080000,0.309999,0.018393,-0.031276,0.034797,1.507726,-0.001221,0.002930,0.000977,0,0,0,0,3000,3000,3000,3000,0,236,-351,0-20,0,0,0
100.277893,1.117188,-2.738281,0.003906,0.080000,0.309999,0.018578,-0.031276,0.034797,1.507726,-0.008301,-0.001221,-0.001709,0,0,0,0,3000,3000,3000,3000,0,241,-347,0-20,0,0,0
100.279846,1.117188,-2.738281,0.003906,0.080000,0.309999,0.018574,-0.031276,0.034797,1.507726,0.006104,-0.001221,-0.002686,0,0,0,0,3000,3000,3000,3000,0,231,-347,0-20,0,0,0
100.281799,1.117188,-2.738281,0.003906,0.080000,0.309999,0.018719,-0.031276,0.034797,1.507726,-0.011475,-0.000732,-0.002686,0,0,0,0,3000,3000,3000,3000,0,244,-348,0-20,0,0,0
100.283752,1.117188,-2.738281,0.003906,0.080000,0.309999,0.018738,-0.031276,0.034797,1.507726,0.002441,0.000732,-0.000488,0,0,0,0,3000,3000,3000,3000,0,235,-349,0-20,0,0,0
100.285706,1.117188,-2.738281,0.003906,0.080000,0.309999,0.019032,-0.031276,0.034797,1.507726,-0.002930,0.000244,-0.001709,0,0,0,0,3000,3000,3000,3000,0,239,-348,0-20,0,0,0
100.287659,1.117188,-2.738281,0.003906,0.080000,0.309999,0.018879,-0.031276,0.034797,1.507726,-0.000732,-0.000732,-0.001709,0,0,0,0,3000,3000,3000,3000,0,237,-347,0-20,0,0,0
100.289612,1.117188,-2.738281,0.003906,0.080000,0.309999,0.019091,-0.031244,0.034773,1.507664,0.005127,0.001221,-0.001221,0,0,0,0,3000,3000,3000,3000,0,233,-349,0-20,0,0,0
100.291565,1.117188,-2.738281,0.003906,0.080000,0.309999,0.018993,-0.031276,0.034797,1.507726,-0.007080,0.001221,-0.003174,0,0,0,0,3000,3000,3000,3000,0,241,-349,0-20,0,0,0
100.293518,1.117188,-2.738281,0.003906,0.080000,0.309999,0.019091,-0.031276,0.034797,1.507726,0.009277,0.004395,0.001465,0,0,0,0,3000,3000,3000,3000,0,230,-353,0-20,0,0,0
100.295471,1.117188,-2.738281,0.003906,0.080000,0.309999,0.019360,-0.031276,0.034797,1.507726,-0.004883,-0.001221,-0.000732,0,0,0,0,3000,3000,3000,3000,0,239,-348,0-20,0,0,0
100.297424,1.117188,-2.738281,0.003906,0.080000,0.309999,0.019518,-0.031276,0.034797,1.507726,0.003418,-0.001953,-0.000488,0,0,0,0,3000,3000,3000,3000,0,233,-347,0-20,0,0,0
100.299377,1.117188,-2.738281,0.003906,0.080000,0.309999,0.019651,-0.031276,0.034797,1.507726,0.003418,-0.000244,0.004639,0,0,0,0,3000,3000,3000,3000,0,233,-348,0-20,0,0,0
100.301331,1.117188,-2.738281,0.003906,0.080000,0.309999,0.019754,-0.031276,0.034797,1.507726,-0.008789,0.002441,-0.000732,0,0,0,0,3000,3000,3000,3000,0,242,-351,0-20,0,0,0
100.303284,1.117188,-2.738281,0.003906,0.080000,0.309999,0.019867,-0.031276,0.034797,1.507726,0.007324,-0.003906,0.003174,0,0,0,0,3000,3000,3000,3000,0,231,-345,0-20,0,0,0
100.305237,1.117188,-2.738281,0.003906,0.080000,0.309999,0.019783,-0.031276,0.034797,1.507726,-0.007080,0.000244,-0.000732,0,0,0,0,3000,3000,3000,3000,0,241,-348,0-20,0,0,0
100.307190,1.117188,-2.738281,0.003906,0.059999,0.150000,0.019836,-0.031276,0.034797,1.507726,0.000977,0.001221,0.003662,0,0,0,0,3000,3000,3000,3000,0,235,-349,0-20,0,0,0
100.309143,1.117188,-2.738281,0.000000,0.059999,0.150000,0.011253,-0.031276,0.034797,1.507726,0.002441,-0.001953,-0.000488,0,0,0,0,3000,3000,3000,3000,0,234,-346,0-20,0,0,0
100.311096,1.117188,-2.738281,0.000000,0.059999,0.150000,0.011267,-0.031276,0.034797,1.507726,-0.000244,-0.001953,-0.000488,0,0,0,0,3000,3000,3000,3000,0,236,-346,0-20,0,0,0
100.313049,1.117188,-2.738281,0.000000,0.059999,0.150000,0.011560,-0.031276,0.034797,1.507726,0.002930,-0.001221,0.003174,0,0,0,0,3000,3000,3000,3000,0,233,-346,0-20,0,0,0
100.315002,1.117188,-2.738281,0.000000,0.059999,0.150000,0.011551,-0.031276,0.034797,1.507726,-0.004883,0.002930,0.000488,0,0,0,0,3000,3000,3000,3000,0,239,-350,0-20,0,0,0
100.316956,1.117188,-2.738281,0.000000,0.059999,0.150000,0.011662,-0.031276,0.034797,1.507726,0.001953,-0.000244,-0.001221,0,0,0,0,3000,3000,3000,3000,0,234,-348,0-20,0,0,0
100.318909,1.117188,-2.738281,0.000000,0.059999,0.150000,0.011909,-0.031276,0.034797,1.507726,0.000977,0.001221,-0.001709,0,0,0,0,3000,3000,3000,3000,0,235,-349,0-20,0,0,0
100.320869,1.117188,-2.738281,0.000000,0.059999,0.150000,0.011948,-0.031276,0.034797,1.507726,-0.002441,0.000732,-0.003174,0,0,0,0,3000,3000,3000,3000,0,237,-349,0-20,0,0,0
100.322830,1.117188,-2.738281,0.000000,0.059999,0.150000,0.011877,-0.031289,0.034814,1.507664,-0.002441,0.003418,0.000000,0,0,0,0,3000,3000,3000,3000,0,237,-349,0-20,0,0,0
100.328697,1.117188,-2.738281,0.000000,0.059999,0.150000,0.011877,-0.031337,0.034797,1.507726,-0.006592,0.000244,-0.003174,0,0,0,0,3000,3000,3000,3000,0,241,-349,0-20,0,0,0
100.330635,1.117188,-2.738281,0.000000,0.059999,0.150000,0.012093,-0.031398,0.034858,1.507726,-0.001709,-0.001221,-0.001221,0,0,0,0,3000,3000,3000,3000,0,238,-348,0-20,0,0,0
100.332573,1.117188,-2.738281,0.000000,0.059999,0.150000,0.012218,-0.031398,0.034858,1.507726,0.005615,-0.000244,0.001465,0,0,0,0,3000,3000,3000,3000,0,233,-349,0-20,0,0,0
100.334549,1.117188,-2.738281,0.000000,0.059999,0.150000,0.012428,-0.031398,0.034858,1.507726,-0.008301,0.002441,-0.002197,0,0,0,0,3000,3000,3000,3000,0,243,-351,0-20,0,0,0
100.336494,1.117188,-2.738281,0.000000,0.059999,0.150000,0.012228,-0.031333,0.034856,1.507664,0.005615,-0.001953,0.001465,0,0,0,0,3000,3000,3000,3000,0,233,-347,0-20,0,0,0
100.338440,1.117188,-2.738281,0.000000,0.059999,0.150000,0.012245,-0.031398,0.034858,1.507726,0.000244,-0.002930,0.001465,0,0,0,0,3000,3000,3000,3000,0,237,-346,0-20,0,0,0
100.340385,1.117188,-2.738281,0.000000,0.059999,0.150000,0.012129,-0.031398,0.034858,1.507726,0.002930,-0.001221,-0.000732,0,0,0,0,3000,3000,3000,3000,0,234,-348,0-20,0,0,0
100.342339,1.117188,-2.738281,0.000000,0.059999,0.150000,0.012108,-0.031398,0.034858,1.507726,0.003418,0.001953,0.003174,0,0,0,0,3000,3000,3000,3000,0,234,-350,0-20,0,0,0
100.344292,1.117188,-2.738281,0.000000,0.059999,0.150000,0.012154,-0.031398,0.034858,1.507726,-0.004395,0.002930,0.000000,0,0,0,0,3000,3000,3000,3000,0,239,-352,0-20,0,0,0
100.346245,1.117188,-2.738281,0.000000,0.059999,0.150000,0.012287,-0.031398,0.034858,1.507726,0.010498,0.000732,0.002686,0,0,0,0,3000,3000,3000,3000,0,228,-350,0-20,0,0,0
100.348206,1.117188,-2.738281,0.000000,0.059999,0.150000,0.012407,-0.031398,0.034858,1.507726,-0.003418,0.000244,-0.002197,0,0,0,0,3000,3000,3000,3000,0,238,-350,0-20,0,0,0
100.350151,1.117188,-2.738281,0.000000,0.059999,0.150000,0.012640,-0.031398,0.034858,1.507726,0.003418,-0.000732,-0.000488,0,0,0,0,3000,3000,3000,3000,0,233,-349,0-20,0,0,0
100.352104,1.117188,-2.738281,0.000000,0.059999,0.150000,0.012594,-0.031398,0.034858,1.507726,-0.003906,-0.000244,0.000488,0,0,0,0,3000,3000,3000,3000,0,238,-349,0-20,0,0,0
100.354057,1.117188,-2.738281,0.000000,0.059999,0.150000,0.012838,-0.031398,0.034858,1.507726,-0.001709,-0.000244,-0.002197,0,0,0,0,3000,3000,3000,3000,0,237,-349,0-20,0,0,0
100.356010,1.117188,-2.738281,0.003906,0.059999,0.150000,0.019245,-0.031398,0.034858,1.507726,0.002930,0.002441,0.002197,0,0,0,0,3000,3000,3000,3000,0,234,-352,0-20,0,0,0
100.357964,1.117188,-2.738281,0.003906,0.059999,0.150000,0.019176,-0.031398,0.034858,1.507726,-0.006592,-0.001221,-0.001709,0,0,0,0,3000,3000,3000,3000,0,241,-348,0-20,0,0,0
100.359917,1.117188,-2.738281,0.003906,0.059999,0.150000,0.019228,-0.031398,0.034858,1.507726,0.000977,0.001953,-0.000488,0,0,0,0,3000,3000,3000,3000,0,236,-351,0-20,0,0,0
100.361870,1.117188,-2.738281,0.003906,0.059999,0.150000,0.019348,-0.031398,0.034858,1.507726,-0.003418,0.005127,0.000488,0,0,0,0,3000,3000,3000,3000,0,239,-354,0-20,0,0,0
100.363846,1.117188,-2.738281,0.003906,0.059999,0.150000,0.019428,-0.031398,0.034858,1.507726,0.000977,-0.000732,-0.001709,0,0,0,0,3000,3000,3000,3000,0,236,-349,0-20,0,0,0
100.365784,1.117188,-2.738281,0.003906,0.059999,0.150000,0.019533,-0.031398,0.034858,1.507726,0.000977,-0.001221,0.000000,0,0,0,0,3000,3000,3000,3000,0,236,-349,0-20,0,0,0
100.367737,1.117188,-2.738281,0.003906,0.059999,0.150000,0.019564,-0.031398,0.034858,1.507726,-0.006104,0.000244,-0.002686,0,0,0,0,3000,3000,3000,3000,0,241,-350,0-20,0,0,0
100.369690,1.117188,-2.738281,0.003906,0.059999,0.150000,0.019531,-0.031398,0.034858,1.507726,0.005615,-0.000244,0.001465,0,0,0,0,3000,3000,3000,3000,0,233,-349,0-20,0,0,0
100.371643,1.117188,-2.738281,0.003906,0.059999,0.150000,0.019333,-0.031398,0.034858,1.507726,-0.002441,0.001221,0.000977,0,0,0,0,3000,3000,3000,3000,0,238,-351,0-20,0,0,0
100.373589,1.117188,-2.738281,0.003906,0.059999,0.150000,0.019278,-0.031398,0.034858,1.507726,0.004639,0.003906,0.001465,0,0,0,0,3000,3000,3000,3000,0,233,-353,0-20,0,0,0
100.375549,1.117188,-2.738281,0.003906,0.059999,0.150000,0.019522,-0.031398,0.034858,1.507726,0.000977,0.000732,0.000977,0,0,0,0,3000,3000,3000,3000,0,235,-351,0-20,0,0,0
100.377510,1.117188,-2.738281,0.003906,0.059999,0.150000,0.019403,-0.031398,0.034858,1.507726,-0.003906,0.000244,0.000000,0,0,0,0,3000,3000,3000,3000,0,239,-350,0-20,0,0,0
100.379456,1.117188,-2.738281,0.003906,0.059999,0.150000,0.019548,-0.031398,0.034858,1.507726,0.005127,-0.002930,0.002197,0,0,0,0,3000,3000,3000,3000,0,232,-347,0-20,0,0,0
100.381401,1.117188,-2.738281,0.003906,0.059999,0.150000,0.019535,-0.031398,0.034858,1.507726,-0.006592,0.000732,-0.000732,0,0,0,0,3000,3000,3000,3000,0,241,-350,0-20,0,0,0
100.383362,1.117188,-2.738281,0.003906,0.059999,0.150000,0.019587,-0.031398,0.034858,1.507726,0.001953,-0.000732,0.001465,0,0,0,0,3000,3000,3000,3000,0,235,-349,0-20,0,0,0
100.385307,1.117188,-2.738281,0.003906,0.059999,0.150000,0.019627,-0.031398,0.034858,1.507726,0.001465,-0.001953,-0.000488,0,0,0,0,3000,3000,3000,3000,0,235,-347,0-20,0,0,0
100.387260,1.117188,-2.738281,0.003906,0.059999,0.150000,0.019772,-0.031398,0.034858,1.507726,-0.003906,0.000732,-0.002197,0,0,0,0,3000,3000,3000,3000,0,239,-350,0-20,0,0,0
100.389214,1.117188,-2.738281,0.003906,0.059999,0.150000,0.020031,-0.031398,0.034858,1.507726,0.005127,0.002930,0.002686,0,0,0,0,3000,3000,3000,3000,0,233,-352,0-20,0,0,0
100.391167,1.117188,-2.738281,0.003906,0.059999,0.150000,0.020208,-0.031398,0.034858,1.507726,-0.001709,0.002930,-0.001709,0,0,0,0,3000,3000,3000,3000,0,237,-352,0-20,0,0,0
100.393127,1.117188,-2.738281,0.003906,0.059999,0.150000,0.020313,-0.031398,0.034858,1.507726,0.004150,0.001953,0.001465,0,0,0,0,3000,3000,3000,3000,0,233,-351,0-20,0,0,0
100.395073,1.117188,-2.738281,0.003906,0.059999,0.150000,0.020386,-0.031398,0.034858,1.507726,-0.002930,-0.000732,0.000977,0,0,0,0,3000,3000,3000,3000,0,238,-349,0-20,0,0,0
100.397026,1.117188,-2.738281,0.003906,0.059999,0.150000,0.020576,-0.031398,0.034858,1.507726,-0.001709,-0.000244,-0.005371,0,0,0,0,3000,3000,3000,3000,0,237,-349,0-20,0,0,0
100.398987,1.117188,-2.738281,0.003906,0.059999,0.150000,0.020742,-0.031398,0.034858,1.507726,0.005615,-0.000244,0.001465,0,0,0,0,3000,3000,3000,3000,0,232,-349,0-20,0,0,0
100.400932,1.117188,-2.738281,0.003906,0.059999,0.150000,0.020845,-0.031398,0.034858,1.507726,-0.006104,0.001221,-0.001221,0,0,0,0,3000,3000,3000,3000,0,240,-350,0-20,0,0,0
100.402885,1.117188,-2.738281,0.003906,0.059999,0.150000,0.020971,-0.031398,0.034858,1.507726,0.006592,0.001221,0.000000,0,0,0,0,3000,3000,3000,3000,0,231,-350,0-20,0,0,0
100.404839,1.117188,-2.738281,0.003906,0.059999,0.150000,0.021044,-0.031398,0.034858,1.507726,-0.001709,0.000244,-0.000732,0,0,0,0,3000,3000,3000,3000,0,237,-350,0-20,0,0,0
100.406792,1.117188,-2.738281,0.003906,0.059999,0.150000,0.020975,-0.031398,0.034858,1.507726,0.003418,0.002930,-0.000732,0,0,0,0,3000,3000,3000,3000,0,233,-352,0-20,0,0,0
100.408752,1.117188,-2.738281,0.003906,0.059999,0.150000,0.021109,-0.031398,0.034858,1.507726,0.004639,-0.000732,0.000000,0,0,0,0,3000,3000,3000,3000,0,232,-349,0-20,0,0,0
100.410698,1.117188,-2.738281,0.003906,0.059999,0.150000,0.021116,-0.031398,0.034858,1.507726,-0.006592,0.000244,0.000000,0,0,0,0,3000,3000,3000,3000,0,240,-350,0-20,0,0,0
100.412651,1.117188,-2.738281,0.003906,0.059999,0.150000,0.021074,-0.031337,0.034919,1.507726,0.005127,0.002930,0.000488,0,0,0,0,3000,3000,3000,3000,0,232,-353,0-20,0,0,0
100.414604,1.117188,-2.738281,0.003906,0.059999,0.150000,0.021236,-0.031337,0.034919,1.507726,-0.004395,0.000244,-0.001709,0,0,0,0,3000,3000,3000,3000,0,239,-350,0-20,0,0,0
100.416557,1.117188,-2.738281,0.003906,0.059999,0.150000,0.021301,-0.031337,0.034919,1.507726,0.000977,-0.001953,0.002197,0,0,0,0,3000,3000,3000,3000,0,235,-348,0-20,0,0,0
100.418518,1.117188,-2.738281,0.003906,0.059999,0.150000,0.021418,-0.031337,0.034919,1.507726,0.000244,0.000244,0.002197,0,0,0,0,3000,3000,3000,3000,0,236,-350,0-20,0,0,0
100.420464,1.117188,-2.738281,0.003906,0.059999,0.150000,0.021629,-0.031337,0.034919,1.507726,-0.005615,-0.001221,0.000488,0,0,0,0,3000,3000,3000,3000,0,240,-348,0-20,0,0,0
100.422417,1.117188,-2.738281,0.003906,0.059999,0.150000,0.021614,-0.031337,0.034919,1.507726,0.006592,-0.001221,0.000488,0,0,0,0,3000,3000,3000,3000,0,231,-348,0-20,0,0,0
100.424370,1.117188,-2.738281,0.003906,0.059999,0.150000,0.021574,-0.031337,0.034919,1.507726,-0.007080,0.000244,0.001465,0,0,0,0,3000,3000,3000,3000,0,241,-349,0-20,0,0,0
100.426323,1.117188,-2.738281,0.003906,0.059999,0.150000,0.021740,-0.031337,0.034919,1.507726,0.002930,-0.001221,0.003174,0,0,0,0,3000,3000,3000,3000,0,234,-348,0-20,0,0,0
100.428284,1.117188,-2.738281,0.003906,0.059999,0.150000,0.021627,-0.031337,0.034919,1.507726,-0.000732,0.001953,-0.002197,0,0,0,0,3000,3000,3000,3000,0,237,-351,0-20,0,0,0
100.430229,1.117188,-2.738281,0.003906,0.059999,0.150000,0.021730,-0.031337,0.034919,1.507726,-0.000244,0.001953,-0.001221,0,0,0,0,3000,3000,3000,3000,0,236,-351,0-20,0,0,0
100.432182,1.117188,-2.738281,0.003906,0.059999,0.150000,0.021797,-0.031337,0.034919,1.507726,0.007324,0.001953,0.002197,0,0,0,0,3000,3000,3000,3000,0,231,-351,0-20,0,0,0
100.434135,1.117188,-2.738281,0.003906,0.059999,0.150000,0.022141,-0.031337,0.034919,1.507726,-0.002930,0.000244,0.000488,0,0,0,0,3000,3000,3000,3000,0,238,-350,0-20,0,0,0
100.436089,1.117188,-2.738281,0.003906,0.059999,0.150000,0.022152,-0.031337,0.034919,1.507726,0.004150,-0.000244,-0.000488,0,0,0,0,3000,3000,3000,3000,0,233,-349,0-20,0,0,0
100.438072,1.117188,-2.738281,0.003906,0.059999,0.150000,0.022326,-0.031337,0.034919,1.507726,-0.004883,0.001221,-0.000488,0,0,0,0,3000,3000,3000,3000,0,239,-351,0-20,0,0,0
100.440002,1.117188,-2.738281,0.003906,0.059999,0.150000,0.022547,-0.031337,0.034919,1.507726,0.001465,-0.001953,-0.001709,0,0,0,0,3000,3000,3000,3000,0,235,-348,0-20,0,0,0
100.441948,1.117188,-2.738281,0.003906,0.059999,0.150000,0.022713,-0.031337,0.034919,1.507726,0.003418,-0.000732,0.003174,0,0,0,0,3000,3000,3000,3000,0,233,-349,0-20,0,0,0
100.443901,1.117188,-2.738281,0.003906,0.059999,0.150000,0.022770,-0.031337,0.034919,1.507726,-0.004883,-0.001953,-0.002686,0,0,0,0,3000,3000,3000,3000,0,239,-347,0-20,0,0,0
100.445854,1.117188,-2.738281,0.003906,0.059999,0.150000,0.022867,-0.031337,0.034919,1.507726,0.007324,0.001221,0.001465,0,0,0,0,3000,3000,3000,3000,0,231,-350,0-20,0,0,0
100.447807,1.117188,-2.738281,0.003906,0.059999,0.150000,0.022749,-0.031337,0.034919,1.507726,-0.006104,0.000732,-0.002686,0,0,0,0,3000,3000,3000,3000,0,240,-350,0-20,0,0,0
100.449760,1.117188,-2.738281,0.003906,0.059999,0.150000,0.022848,-0.031337,0.034919,1.507726,0.002441,0.001953,0.002197,0,0,0,0,3000,3000,3000,3000,0,234,-351,0-20,0,0,0
100.451714,1.117188,-2.738281,0.003906,0.059999,0.150000,0.022970,-0.031337,0.034919,1.507726,-0.001709,0.000732,0.000000,0,0,0,0,3000,3000,3000,3000,0,237,-350,0-20,0,0,0
100.453667,1.117188,-2.738281,0.003906,0.059999,0.150000,0.023100,-0.031337,0.034919,1.507726,0.000244,0.000732,0.000488,0,0,0,0,3000,3000,3000,3000,0,236,-350,0-20,0,0,0
100.455620,1.117188,-2.738281,0.003906,0.059999,0.150000,0.023287,-0.031337,0.034919,1.507726,0.008789,-0.001221,-0.000732,0,0,0,0,3000,3000,3000,3000,0,230,-348,0-20,0,0,0
100.457573,1.117188,-2.738281,0.003906,0.059999,0.150000,0.023247,-0.031337,0.034919,1.507726,-0.004395,-0.001221,-0.001709,0,0,0,0,3000,3000,3000,3000,0,239,-348,0-20,0,0,0
100.459526,1.117188,-2.738281,0.003906,0.059999,0.150000,0.023350,-0.031337,0.034919,1.507726,0.001465,-0.001221,0.003662,0,0,0,0,3000,3000,3000,3000,0,234,-348,0-20,0,0,0
100.461479,1.117188,-2.738281,0.003906,0.059999,0.150000,0.023355,-0.031337,0.034919,1.507726,-0.000244,0.000244,0.000977,0,0,0,0,3000,3000,3000,3000,0,236,-349,0-20,0,0,0
100.463432,1.117188,-2.738281,0.003906,0.059999,0.150000,0.023317,-0.031337,0.034919,1.507726,0.000977,0.000244,-0.000732,0,0,0,0,3000,3000,3000,3000,0,235,-349,0-20,0,0,0
100.465385,1.117188,-2.738281,0.003906,0.059999,0.150000,0.023262,-0.031337,0.034919,1.507726,0.005127,-0.000244,0.002686,0,0,0,0,3000,3000,3000,3000,0,232,-349,0-20,0,0,0
100.467339,1.117188,-2.738281,0.003906,0.059999,0.150000,0.023256,-0.031337,0.034919,1.507726,-0.007080,0.002441,0.000977,0,0,0,0,3000,3000,3000,3000,0,241,-352,0-20,0,0,0
100.469292,1.117188,-2.738281,0.003906,0.059999,0.150000,0.023369,-0.031337,0.034919,1.507726,0.007324,0.003906,0.001465,0,0,0,0,3000,3000,3000,3000,0,231,-353,0-20,0,0,0
100.471245,1.117188,-2.738281,0.003906,0.059999,0.150000,0.023502,-0.031337,0.034919,1.507726,-0.001709,0.000732,0.000977,0,0,0,0,3000,3000,3000,3000,0,237,-351,0-20,0,0,0
100.473198,1.117188,-2.738281,0.003906,0.059999,0.150000,0.023535,-0.031337,0.034919,1.507726,-0.002930,-0.001221,-0.001221,0,0,0,0,3000,3000,3000,3000,0,238,-349,0-20,0,0,0
100.475151,1.117188,-2.738281,0.003906,0.059999,0.150000,0.023708,-0.031337,0.034919,1.507726,0.007812,0.001953,0.000000,0,0,0,0,3000,3000,3000,3000,0,230,-352,0-20,0,0,0
100.477104,1.117188,-2.738281,0.003906,0.059999,0.150000,0.023874,-0.031337,0.034919,1.507726,-0.006104,0.000244,-0.001221,0,0,0,0,3000,3000,3000,3000,0,240,-350,0-20,0,0,0
100.479057,1.117188,-2.738281,0.003906,0.059999,0.150000,0.024067,-0.031337,0.034919,1.507726,0.007812,0.003906,0.003662,0,0,0,0,3000,3000,3000,3000,0,230,-354,0-20,0,0,0
100.481018,1.117188,-2.738281,0.007812,0.059999,0.150000,0.024199,-0.031337,0.034919,1.507726,-0.006592,0.000244,-0.000732,0,0,0,0,3000,3000,3000,3000,0,240,-351,0-20,0,0,0
100.482964,1.117188,-2.738281,0.007812,0.059999,0.150000,0.024342,-0.031337,0.034919,1.507726,0.003418,-0.000244,-0.001221,0,0,0,0,3000,3000,3000,3000,0,233,-350,0-20,0,0,0
100.484917,1.117188,-2.738281,0.007812,0.059999,0.150000,0.024441,-0.031337,0.034919,1.507726,0.002441,0.000244,0.000977,0,0,0,0,3000,3000,3000,3000,0,234,-350,0-20,0,0,0
100.486870,1.117188,-2.738281,0.007812,0.059999,0.150000,0.024677,-0.031337,0.034919,1.507726,-0.005615,0.000732,-0.000488,0,0,0,0,3000,3000,3000,3000,0,240,-351,0-20,0,0,0
100.488831,1.117188,-2.738281,0.007812,0.059999,0.150000,0.024717,-0.031337,0.034919,1.507726,0.004150,0.000244,0.002197,0,0,0,0,3000,3000,3000,3000,0,233,-350,0-20,0,0,0
100.490776,1.117188,-2.738281,0.007812,0.059999,0.150000,0.024679,-0.031337,0.034919,1.507726,-0.004883,0.001221,-0.000732,0,0,0,0,3000,3000,3000,3000,0,240,-351,0-20,0,0,0
100.492729,1.117188,-2.738281,0.007812,0.059999,0.150000,0.024801,-0.031337,0.034919,1.507726,0.000977,0.000244,-0.000732,0,0,0,0,3000,3000,3000,3000,0,236,-350,0-20,0,0,0
100.494682,1.117188,-2.738281,0.007812,0.059999,0.150000,0.024845,-0.031337,0.034919,1.507726,0.003418,-0.003418,-0.001221,0,0,0,0,3000,3000,3000,3000,0,234,-347,0-20,0,0,0
100.496643,1.117188,-2.738281,0.007812,0.059999,0.150000,0.024820,-0.031337,0.034919,1.507726,-0.002441,-0.001953,-0.002197,0,0,0,0,3000,3000,3000,3000,0,238,-348,0-20,0,0,0
100.498596,1.117188,-2.738281,0.007812,0.059999,0.150000,0.025110,-0.031337,0.034919,1.507726,0.004150,0.001953,0.002197,0,0,0,0,3000,3000,3000,3000,0,233,-351,0-20,0,0,0
100.500542,1.117188,-2.738281,0.007812,0.059999,0.150000,0.025299,-0.031337,0.034919,1.507726,-0.004395,0.001221,-0.001709,0,0,0,0,3000,3000,3000,3000,0,239,-350,0-20,0,0,0
100.502502,1.117188,-2.750000,0.007812,-0.029999,-0.150000,0.025452,-0.031291,0.034901,1.507664,0.004639,-0.000732,0.003662,0,0,0,0,3000,3000,3000,3000,0,233,-349,0-20,0,0,0
100.504456,1.117188,-2.750000,0.000000,-0.029999,-0.150000,0.009903,-0.031337,0.034919,1.507726,-0.003418,-0.002930,0.000000,0,0,0,0,3000,3000,3000,3000,0,239,-346,0-20,0,0,0
100.506401,1.117188,-2.750000,0.000000,-0.109999,-0.289999,0.006550,-0.031339,0.034797,1.507783,-0.001709,-0.000732,0.002197,0,0,0,0,3000,3000,3000,3000,0,237,-347,0-20,0,0,0
100.508362,1.117188,-2.750000,0.000000,-0.109999,-0.289999,0.006588,-0.031339,0.034797,1.507783,0.000244,-0.000244,0.001465,0,0,0,0,3000,3000,3000,3000,0,236,-348,0-20,0,0,0
100.510307,1.117188,-2.750000,0.000000,-0.109999,-0.289999,0.006710,-0.031339,0.034797,1.507783,-0.002930,-0.000244,-0.003174,0,0,0,0,3000,3000,3000,3000,0,239,-348,0-20,0,0,0
100.512268,1.117188,-2.750000,0.000000,-0.109999,-0.289999,0.007561,-0.031339,0.034797,1.507783,0.006592,0.002441,0.003174,0,0,0,0,3000,3000,3000,3000,0,232,-350,0-20,0,0,0
100.514214,1.117188,-2.750000,0.000000,-0.109999,-0.289999,0.007614,-0.031339,0.034797,1.507783,-0.003418,0.000732,0.000977,0,0,0,0,3000,3000,3000,3000,0,239,-349,0-20,0,0,0
100.516167,1.117188,-2.750000,0.000000,-0.109999,-0.289999,0.007694,-0.031339,0.034797,1.507783,0.000244,-0.001221,0.002197,0,0,0,0,3000,3000,3000,3000,0,236,-347,0-20,0,0,0
100.518127,1.117188,-2.750000,0.000000,-0.109999,-0.289999,0.007675,-0.031339,0.034797,1.507783,0.004150,-0.001953,0.002686,0,0,0,0,3000,3000,3000,3000,0,233,-346,0-20,0,0,0
100.520073,1.117188,-2.750000,0.000000,-0.109999,-0.289999,0.007666,-0.031339,0.034797,1.507783,-0.008301,-0.001221,-0.001709,0,0,0,0,3000,3000,3000,3000,0,242,-347,0-20,0,0,0
100.522026,1.117188,-2.750000,0.000000,-0.109999,-0.289999,0.007889,-0.031339,0.034797,1.507783,0.006592,-0.000244,0.002197,0,0,0,0,3000,3000,3000,3000,0,232,-348,0-20,0,0,0
100.523979,1.117188,-2.750000,0.000000,-0.109999,-0.289999,0.007957,-0.031339,0.034797,1.507783,-0.001709,0.001221,-0.001221,0,0,0,0,3000,3000,3000,3000,0,237,-349,0-20,0,0,0
100.525932,1.117188,-2.750000,0.000000,-0.109999,-0.289999,0.007956,-0.031339,0.034797,1.507783,0.003418,-0.001953,-0.000732,0,0,0,0,3000,3000,3000,3000,0,234,-346,0-20,0,0,0
100.527885,1.117188,-2.750000,0.000000,-0.109999,-0.289999,0.008137,-0.031339,0.034797,1.507783,-0.002441,0.001953,0.000977,0,0,0,0,3000,3000,3000,3000,0,238,-350,0-20,0,0,0
100.529839,1.117188,-2.750000,0.000000,-0.109999,-0.289999,0.008032,-0.031339,0.034797,1.507783,-0.003906,-0.000732,-0.000732,0,0,0,0,3000,3000,3000,3000,0,239,-348,0-20,0,0,0
100.531792,1.117188,-2.750000,0.000000,-0.109999,-0.289999,0.008045,-0.031339,0.034797,1.507783,0.003418,0.000732,0.002197,0,0,0,0,3000,3000,3000,3000,0,234,-349,0-20,0,0,0
100.533745,1.117188,-2.750000,0.000000,-0.109999,-0.289999,0.007792,-0.031339,0.034797,1.507783,-0.007568,0.000244,-0.002197,0,0,0,0,3000,3000,3000,3000,0,242,-349,0-20,0,0,0
100.535698,1.117188,-2.750000,0.000000,-0.109999,-0.289999,0.007824,-0.031339,0.034797,1.507783,0.006592,0.002441,-0.000732,0,0,0,0,3000,3000,3000,3000,0,232,-351,0-20,0,0,0
100.537659,1.117188,-2.750000,0.000000,-0.109999,-0.289999,0.007931,-0.031339,0.034797,1.507783,0.001465,0.001221,0.000488,0,0,0,0,3000,3000,3000,3000,0,235,-350,0-20,0,0,0
100.539612,1.117188,-2.750000,0.000000,-0.109999,-0.289999,0.008020,-0.031287,0.034814,1.507661,-0.003418,0.000732,-0.001709,0,0,0,0,3000,3000,3000,3000,0,238,-350,0-20,0,0,0
100.541557,1.117188,-2.750000,0.000000,-0.109999,-0.289999,0.008177,-0.031339,0.034797,1.507783,0.002441,0.000244,0.000488,0,0,0,0,3000,3000,3000,3000,0,234,-349,0-20,0,0,0
100.543510,1.117188,-2.750000,0.000000,-0.109999,-0.289999,0.008350,-0.031339,0.034797,1.507783,-0.006592,0.001221,-0.002686,0,0,0,0,3000,3000,3000,3000,0,241,-350,0-20,0,0,0
100.545464,1.117188,-2.750000,0.000000,-0.109999,-0.289999,0.008484,-0.031339,0.034797,1.507783,0.006104,0.001221,0.003662,0,0,0,0,3000,3000,3000,3000,0,232,-351,0-20,0,0,0
100.547417,1.117188,-2.750000,0.000000,-0.109999,-0.289999,0.008512,-0.031339,0.034797,1.507783,-0.005615,-0.000732,-0.000732,0,0,0,0,3000,3000,3000,3000,0,240,-349,0-20,0,0,0
100.549370,1.117188,-2.750000,0.000000,-0.109999,-0.289999,0.008465,-0.031339,0.034797,1.507783,-0.001221,0.000244,-0.003174,0,0,0,0,3000,3000,3000,3000,0,237,-350,0-20,0,0,0
100.551323,1.117188,-2.750000,0.000000,-0.109999,-0.289999,0.008717,-0.031339,0.034797,1.507783,0.000244,-0.000732,0.002197,0,0,0,0,3000,3000,3000,3000,0,236,-348,0-20,0,0,0
100.553276,1.117188,-2.750000,0.000000,-0.109999,-0.289999,0.008781,-0.031339,0.034797,1.507783,-0.002930,-0.001953,-0.001221,0,0,0,0,3000,3000,3000,3000,0,239,-347,0-20,0,0,0
100.555229,1.117188,-2.750000,0.000000,-0.109999,-0.289999,0.008766,-0.031339,0.034797,1.507783,0.007324,-0.001221,-0.002197,0,0,0,0,3000,3000,3000,3000,0,231,-348,0-20,0,0,0
100.557182,1.117188,-2.750000,0.000000,-0.109999,-0.289999,0.008888,-0.031339,0.034797,1.507783,-0.004395,0.000244,-0.002686,0,0,0,0,3000,3000,3000,3000,0,239,-349,0-20,0,0,0
100.559135,1.117188,-2.750000,0.000000,-0.109999,-0.289999,0.009008,-0.031339,0.034797,1.507783,0.000977,-0.001953,-0.001221,0,0,0,0,3000,3000,3000,3000,0,235,-347,0-20,0,0,0
100.561089,1.117188,-2.750000,0.000000,-0.109999,-0.289999,0.009125,-0.031339,0.034797,1.507783,-0.001221,0.000732,-0.000732,0,0,0,0,3000,3000,3000,3000,0,237,-349,0-20,0,0,0
100.563042,1.117188,-2.750000,0.000000,-0.109999,-0.289999,0.009296,-0.031339,0.034797,1.507783,-0.001221,-0.001953,-0.000732,0,0,0,0,3000,3000,3000,3000,0,237,-346,0-20,0,0,0
100.564995,1.117188,-2.750000,0.000000,-0.109999,-0.289999,0.009554,-0.031339,0.034797,1.507783,0.002930,0.000732,0.000000,0,0,0,0,3000,3000,3000,3000,0,234,-349,0-20,0,0,0
100.566956,1.117188,-2.750000,0.000000,-0.109999,-0.289999,0.009491,-0.031339,0.034797,1.507783,-0.007568,0.001221,-0.001709,0,0,0,0,3000,3000,3000,3000,0,241,-349,0-20,0,0,0
100.568909,1.117188,-2.750000,0.000000,-0.109999,-0.289999,0.009474,-0.031339,0.034797,1.507783,0.006104,-0.001953,-0.001221,0,0,0,0,3000,3000,3000,3000,0,232,-347,0-20,0,0,0
100.570854,1.117188,-2.750000,0.000000,-0.109999,-0.289999,0.009579,-0.031339,0.034797,1.507783,0.001465,-0.001953,0.002686,0,0,0,0,3000,3000,3000,3000,0,235,-346,0-20,0,0,0
100.572807,1.117188,-2.750000,0.000000,-0.109999,-0.289999,0.009680,-0.031339,0.034797,1.507783,-0.003418,-0.002441,-0.002197,0,0,0,0,3000,3000,3000,3000,0,238,-346,0-20,0,0,0
100.574760,1.117188,-2.750000,0.000000,-0.109999,-0.289999,0.009659,-0.031339,0.034797,1.507783,0.005127,0.000244,-0.000732,0,0,0,0,3000,3000,3000,3000,0,232,-348,0-20,0,0,0
100.576714,1.117188,-2.750000,0.000000,-0.109999,-0.289999,0.009785,-0.031339,0.034797,1.507783,-0.003906,-0.000244,0.000488,0,0,0,0,3000,3000,3000,3000,0,238,-348,0-20,0,0,0
100.578674,1.117188,-2.750000,0.000000,-0.109999,-0.289999,0.009897,-0.031339,0.034797,1.507783,0.006104,-0.001953,0.003174,0,0,0,0,3000,3000,3000,3000,0,231,-346,0-20,0,0,0
100.580627,1.117188,-2.750000,0.000000,-0.109999,-0.289999,0.009939,-0.031339,0.034797,1.507783,-0.002441,-0.000244,0.000000,0,0,0,0,3000,3000,3000,3000,0,237,-348,0-20,0,0,0
100.582581,1.117188,-2.750000,0.000000,-0.109999,-0.289999,0.010162,-0.031339,0.034797,1.507783,0.002930,0.002441,-0.000732,0,0,0,0,3000,3000,3000,3000,0,233,-350,0-20,0,0,0
100.584526,1.117188,-2.750000,0.000000,-0.109999,-0.289999,0.010363,-0.031339,0.034797,1.507783,0.003418,-0.001953,-0.001709,0,0,0,0,3000,3000,3000,3000,0,233,-347,0-20,0,0,0
100.586487,1.117188,-2.750000,0.000000,-0.109999,-0.289999,0.010212,-0.031339,0.034797,1.507783,-0.002441,-0.000732,-0.002197,0,0,0,0,3000,3000,3000,3000,0,237,-348,0-20,0,0,0
100.588440,1.117188,-2.750000,0.000000,-0.109999,-0.289999,0.010265,-0.031339,0.034797,1.507783,0.004639,-0.000244,-0.000488,0,0,0,0,3000,3000,3000,3000,0,232,-348,0-20,0,0,0
100.590385,1.117188,-2.750000,0.000000,-0.109999,-0.289999,0.006090,-0.031339,0.034797,1.507783,-0.004395,-0.000732,0.000488,0,0,0,0,3000,3000,3000,3000,0,238,-348,0-20,0,0,0
100.592339,1.117188,-2.750000,0.000000,-0.109999,-0.289999,0.006203,-0.031339,0.034797,1.507783,0.005127,-0.002930,0.000488,0,0,0,0,3000,3000,3000,3000,0,232,-346,0-20,0,0,0
100.594292,1.117188,-2.750000,0.000000,-0.109999,-0.289999,0.006344,-0.031339,0.034797,1.507783,0.005615,0.001221,0.002197,0,0,0,0,3000,3000,3000,3000,0,231,-349,0-20,0,0,0
100.596245,1.117188,-2.750000,0.000000,-0.109999,-0.289999,0.006397,-0.031339,0.034797,1.507783,-0.004883,0.002441,-0.000732,0,0,0,0,3000,3000,3000,3000,0,238,-351,0-20,0,0,0
100.598206,1.117188,-2.750000,0.000000,-0.109999,-0.289999,0.006453,-0.031339,0.034797,1.507783,0.002441,0.000732,0.000000,0,0,0,0,3000,3000,3000,3000,0,233,-350,0-20,0,0,0
100.600159,1.117188,-2.750000,0.000000,-0.109999,-0.289999,0.006487,-0.031339,0.034797,1.507783,-0.006592,0.001953,-0.003174,0,0,0,0,3000,3000,3000,3000,0,240,-351,0-20,0,0,0
100.602112,1.117188,-2.750000,0.000000,-0.109999,-0.289999,0.006586,-0.031339,0.034797,1.507783,0.005615,0.000244,0.000000,0,0,0,0,3000,3000,3000,3000,0,232,-350,0-20,0,0,0
100.604065,1.117188,-2.750000,0.000000,-0.109999,-0.289999,0.006674,-0.031339,0.034797,1.507783,-0.000732,-0.001953,-0.003174,0,0,0,0,3000,3000,3000,3000,0,236,-348,0-20,0,0,0
100.606018,1.117188,-2.750000,0.000000,-0.109999,-0.289999,0.006866,-0.031339,0.034797,1.507783,0.002930,-0.000244,0.000977,0,0,0,0,3000,3000,3000,3000,0,233,-349,0-20,0,0,0
100.607971,1.117188,-2.750000,0.000000,-0.109999,-0.289999,0.006939,-0.031278,0.034858,1.507783,0.005127,0.000732,0.003662,0,0,0,0,3000,3000,3000,3000,0,231,-350,0-20,0,0,0
100.609917,1.117188,-2.750000,0.000000,-0.109999,-0.289999,0.007078,-0.031278,0.034858,1.507783,-0.004883,0.001953,0.000000,0,0,0,0,3000,3000,3000,3000,0,238,-352,0-20,0,0,0
100.611885,1.117188,-2.750000,0.000000,-0.109999,-0.289999,0.007263,-0.031278,0.034858,1.507783,0.002930,0.000244,0.000488,0,0,0,0,3000,3000,3000,3000,0,233,-350,0-20,0,0,0
100.613831,1.117188,-2.738281,0.000000,-0.019999,-0.070000,0.005087,-0.031278,0.034858,1.507783,0.001953,-0.001221,-0.000488,0,0,0,0,3000,3000,3000,3000,0,234,-349,0-20,0,0,0
100.615776,1.117188,-2.738281,0.000000,-0.019999,-0.070000,0.005314,-0.031278,0.034858,1.507783,-0.002930,0.000732,-0.001221,0,0,0,0,3000,3000,3000,3000,0,237,-350,0-20,0,0,0
100.617737,1.117188,-2.738281,0.000000,-0.019999,-0.070000,0.005371,-0.031278,0.034858,1.507783,0.000244,-0.001953,0.002197,0,0,0,0,3000,3000,3000,3000,0,235,-348,0-20,0,0,0
100.619690,1.117188,-2.738281,0.000000,-0.019999,-0.070000,0.005205,-0.031278,0.034858,1.507783,-0.004395,0.001221,-0.003906,0,0,0,0,3000,3000,3000,3000,0,239,-351,0-20,0,0,0
100.621635,1.117188,-2.738281,0.000000,-0.019999,-0.070000,0.005257,-0.031278,0.034858,1.507783,0.005127,-0.003418,-0.000488,0,0,0,0,3000,3000,3000,3000,0,232,-346,0-20,0,0,0
100.623589,1.117188,-2.738281,0.000000,-0.019999,-0.070000,0.005356,-0.031278,0.034858,1.507783,-0.003906,0.001221,0.000000,0,0,0,0,3000,3000,3000,3000,0,239,-350,0-20,0,0,0
100.625542,1.117188,-2.738281,0.000000,-0.019999,-0.070000,0.005558,-0.031278,0.034858,1.507783,0.005615,-0.003418,-0.000488,0,0,0,0,3000,3000,3000,3000,0,232,-346,0-20,0,0,0
100.627495,1.117188,-2.738281,0.000000,-0.019999,-0.070000,0.005680,-0.031278,0.034858,1.507783,0.004150,-0.001953,0.002197,0,0,0,0,3000,3000,3000,3000,0,233,-347,0-20,0,0,0
100.629448,1.117188,-2.738281,0.000000,-0.019999,-0.070000,0.005793,-0.031278,0.034858,1.507783,-0.002930,0.000732,0.000000,0,0,0,0,3000,3000,3000,3000,0,237,-349,0-20,0,0,0
100.631401,1.117188,-2.738281,0.000000,-0.019999,-0.070000,0.005945,-0.031278,0.034858,1.507783,0.006592,0.000244,0.000000,0,0,0,0,3000,3000,3000,3000,0,231,-349,0-20,0,0,0
100.633354,1.117188,-2.738281,0.000000,-0.019999,-0.070000,0.005978,-0.031278,0.034858,1.507783,-0.004395,0.001221,0.000000,0,0,0,0,3000,3000,3000,3000,0,238,-350,0-20,0,0,0
100.635307,1.117188,-2.738281,0.000000,-0.019999,-0.070000,0.006212,-0.031278,0.034858,1.507783,0.002930,-0.001953,0.000000,0,0,0,0,3000,3000,3000,3000,0,233,-347,0-20,0,0,0
100.637260,1.117188,-2.738281,0.000000,-0.019999,-0.070000,0.006363,-0.031278,0.034858,1.507783,0.001465,0.001953,0.002197,0,0,0,0,3000,3000,3000,3000,0,234,-351,0-20,0,0,0
100.639221,1.117188,-2.738281,0.000000,-0.019999,-0.070000,0.006369,-0.031278,0.034858,1.507783,-0.003418,0.003418,-0.000732,0,0,0,0,3000,3000,3000,3000,0,238,-353,0-20,0,0,0
100.641174,1.117188,-2.738281,0.000000,-0.019999,-0.070000,0.006371,-0.031278,0.034858,1.507783,0.002441,-0.000244,0.000000,0,0,0,0,3000,3000,3000,3000,0,234,-349,0-20,0,0,0
100.643127,1.117188,-2.738281,0.000000,-0.019999,-0.070000,0.006348,-0.031278,0.034858,1.507783,-0.005615,-0.000244,-0.002197,0,0,0,0,3000,3000,3000,3000,0,240,-350,0-20,0,0,0
100.645073,1.117188,-2.738281,0.000000,-0.019999,-0.070000,0.006336,-0.031278,0.034858,1.507783,0.007324,-0.000244,-0.001709,0,0,0,0,3000,3000,3000,3000,0,231,-349,0-20,0,0,0
100.647026,1.117188,-2.738281,0.000000,-0.019999,-0.070000,0.006262,-0.031278,0.034858,1.507783,-0.003418,0.000244,0.000977,0,0,0,0,3000,3000,3000,3000,0,238,-350,0-20,0,0,0
100.648987,1.117188,-2.738281,0.000000,-0.019999,-0.070000,0.006186,-0.031278,0.034858,1.507783,-0.001709,-0.002441,0.001465,0,0,0,0,3000,3000,3000,3000,0,237,-347,0-20,0,0,0
100.650932,1.117188,-2.738281,0.000000,-0.019999,-0.070000,0.006271,-0.031278,0.034858,1.507783,0.004150,-0.001221,0.004639,0,0,0,0,3000,3000,3000,3000,0,233,-348,0-20,0,0,0
100.652885,1.117188,-2.738281,0.000000,-0.019999,-0.070000,0.006163,-0.031278,0.034858,1.507783,-0.005615,0.001221,-0.002686,0,0,0,0,3000,3000,3000,3000,0,240,-350,0-20,0,0,0
100.654839,1.117188,-2.738281,0.000000,-0.019999,-0.070000,0.006325,-0.031278,0.034858,1.507783,0.005615,-0.000732,0.002197,0,0,0,0,3000,3000,3000,3000,0,232,-349,0-20,0,0,0
100.656792,1.117188,-2.738281,0.000000,-0.019999,-0.070000,0.006357,-0.031278,0.034858,1.507783,-0.006104,0.001953,-0.000488,0,0,0,0,3000,3000,3000,3000,0,240,-351,0-20,0,0,0
100.658752,1.117188,-2.738281,0.000000,-0.019999,-0.070000,0.006433,-0.031278,0.034858,1.507783,0.003418,0.000244,0.000488,0,0,0,0,3000,3000,3000,3000,0,234,-350,0-20,0,0,0
100.660706,1.117188,-2.738281,0.000000,-0.019999,-0.070000,0.006559,-0.031278,0.034858,1.507783,0.000244,-0.000244,0.000488,0,0,0,0,3000,3000,3000,3000,0,236,-349,0-20,0,0,0
100.662651,1.117188,-2.738281,0.000000,-0.019999,-0.070000,0.006546,-0.031278,0.034858,1.507783,-0.002441,0.001953,-0.003174,0,0,0,0,3000,3000,3000,3000,0,238,-351,0-20,0,0,0
100.664604,1.117188,-2.738281,0.000000,-0.019999,-0.070000,0.006517,-0.031278,0.034858,1.507783,0.008301,-0.001221,0.003662,0,0,0,0,3000,3000,3000,3000,0,230,-348,0-20,0,0,0
100.666557,1.117188,-2.738281,0.000000,-0.019999,-0.070000,0.006536,-0.031278,0.034858,1.507783,-0.000732,-0.001953,-0.000488,0,0,0,0,3000,3000,3000,3000,0,236,-348,0-20,0,0,0
100.668518,1.117188,-2.738281,0.000000,-0.019999,-0.070000,0.002310,-0.031278,0.034858,1.507783,-0.000244,-0.000732,0.000488,0,0,0,0,3000,3000,3000,3000,0,236,-349,0-20,0,0,0
100.670464,1.117188,-2.738281,0.000000,-0.019999,-0.070000,0.002230,-0.031278,0.034858,1.507783,0.003418,-0.001221,-0.000732,0,0,0,0,3000,3000,3000,3000,0,233,-348,0-20,0,0,0
100.672417,1.117188,-2.738281,0.000000,-0.019999,-0.070000,0.002285,-0.031278,0.034858,1.507783,0.000244,0.000244,-0.001221,0,0,0,0,3000,3000,3000,3000,0,235,-349,0-20,0,0,0
100.674370,1.117188,-2.738281,0.000000,-0.019999,-0.070000,0.002518,-0.031278,0.034858,1.507783,0.004639,-0.002930,0.003174,0,0,0,0,3000,3000,3000,3000,0,232,-346,0-20,0,0,0
100.676323,1.117188,-2.738281,0.000000,-0.019999,-0.070000,0.002670,-0.031278,0.034858,1.507783,-0.007080,-0.000732,-0.002197,0,0,0,0,3000,3000,3000,3000,0,240,-348,0-20,0,0,0
100.678284,1.117188,-2.738281,0.000000,-0.019999,-0.070000,0.002747,-0.031278,0.034858,1.507783,0.005615,0.000244,-0.000732,0,0,0,0,3000,3000,3000,3000,0,231,-349,0-20,0,0,0
100.680229,1.117188,-2.738281,0.000000,-0.019999,-0.070000,0.002810,-0.031278,0.034858,1.507783,-0.002441,-0.001953,0.000000,0,0,0,0,3000,3000,3000,3000,0,237,-347,0-20,0,0,0
100.682182,1.117188,-2.738281,0.000000,-0.019999,-0.070000,0.002798,-0.031278,0.034858,1.507783,-0.000732,0.005127,0.000488,0,0,0,0,3000,3000,3000,3000,0,236,-354,0-20,0,0,0
100.684135,1.117188,-2.738281,0.000000,-0.019999,-0.070000,0.003155,-0.031278,0.034858,1.507783,-0.000732,0.005127,0.002686,0,0,0,0,3000,3000,3000,3000,0,236,-354,0-20,0,0,0
100.686096,1.117188,-2.738281,0.000000,-0.019999,-0.070000,0.003042,-0.031278,0.034858,1.507783,-0.000732,-0.000732,-0.000732,0,0,0,0,3000,3000,3000,3000,0,236,-349,0-20,0,0,0
100.688057,1.117188,-2.738281,0.000000,-0.019999,-0.070000,0.003143,-0.031278,0.034858,1.507783,0.007324,0.001221,-0.000488,0,0,0,0,3000,3000,3000,3000,0,231,-351,0-20,0,0,0
100.690002,1.117188,-2.738281,0.000000,-0.019999,-0.070000,0.003355,-0.031245,0.034859,1.507661,0.004639,0.000244,-0.000732,0,0,0,0,3000,3000,3000,3000,0,232,-350,0-20,0,0,0
100.691948,1.117188,-2.738281,0.000000,-0.019999,-0.070000,0.003122,-0.031278,0.034858,1.507783,0.004150,-0.004639,-0.004395,0,0,0,0,3000,3000,3000,3000,0,232,-346,0-20,0,0,0
100.693901,1.117188,-2.738281,0.000000,-0.019999,-0.070000,0.003273,-0.031278,0.034858,1.507783,-0.005615,0.007812,0.004150,0,0,0,0,3000,3000,3000,3000,0,239,-357,0-20,0,0,0
100.695854,1.117188,-2.738281,0.000000,-0.019999,-0.070000,0.003073,-0.031278,0.034858,1.507783,0.006104,-0.008301,-0.000488,0,0,0,0,3000,3000,3000,3000,0,231,-342,0-20,0,0,0
100.697815,1.117188,-2.738281,0.000000,-0.009998,-0.009998,0.002998,-0.031278,0.034858,1.507783,-0.001221,0.002441,0.003662,0,0,0,0,3000,3000,3000,3000,0,236,-352,0-20,0,0,0
100.699760,1.117188,-2.738281,0.000000,-0.009998,-0.009998,0.003229,-0.031274,0.034858,1.507787,-0.008301,0.002930,-0.000488,0,0,0,0,3000,3000,3000,3000,0,241,-352,0-20,0,0,0
100.701714,1.117188,-2.738281,0.000000,-0.009998,-0.009998,0.003204,-0.031213,0.034858,1.507787,0.007812,-0.006104,-0.003174,0,0,0,0,3000,3000,3000,3000,0,230,-343,0-20,0,0,0
100.703667,1.117188,-2.738281,0.000000,-0.009998,-0.009998,0.003241,-0.031213,0.034858,1.507787,-0.004883,0.005127,0.001465,0,0,0,0,3000,3000,3000,3000,0,239,-354,0-20,0,0,0
100.705620,1.117188,-2.738281,0.000000,-0.009998,-0.009998,0.003458,-0.031213,0.034858,1.507787,-0.003418,-0.000244,-0.003906,0,0,0,0,3000,3000,3000,3000,0,238,-349,0-20,0,0,0
100.707573,1.117188,-2.738281,0.000000,-0.009998,-0.009998,0.003605,-0.031213,0.034858,1.507787,0.002441,-0.002930,-0.000732,0,0,0,0,3000,3000,3000,3000,0,234,-346,0-20,0,0,0
100.709526,1.117188,-2.738281,0.000000,-0.009998,-0.009998,0.003302,-0.031213,0.034858,1.507787,-0.015625,0.005127,-0.000488,0,0,0,0,3000,3000,3000,3000,0,247,-354,0-20,0,0,0
100.711479,1.117188,-2.738281,0.000000,-0.009998,-0.009998,0.003559,-0.031213,0.034858,1.507787,0.004150,-0.001221,-0.001709,0,0,0,0,3000,3000,3000,3000,0,234,-348,0-20,0,0,0
100.713432,1.117188,-2.738281,0.000000,-0.009998,-0.009998,0.003586,-0.031213,0.034858,1.507787,-0.001221,0.002441,0.001465,0,0,0,0,3000,3000,3000,3000,0,238,-352,0-20,0,0,0
100.715385,1.117188,-2.738281,0.000000,-0.009998,-0.009998,0.003496,-0.031213,0.034858,1.507787,-0.000732,0.006592,0.002197,0,0,0,0,3000,3000,3000,3000,0,237,-356,0-20,0,0,0
100.717339,1.117188,-2.738281,0.000000,-0.009998,-0.009998,0.003820,-0.031213,0.034858,1.507787,0.006592,-0.004639,-0.001221,0,0,0,0,3000,3000,3000,3000,0,232,-346,0-20,0,0,0
100.719292,1.117188,-2.738281,0.000000,-0.009998,-0.009998,0.003469,-0.031213,0.034858,1.507787,0.005127,0.000244,-0.000732,0,0,0,0,3000,3000,3000,3000,0,232,-350,0-20,0,0,0
100.721245,1.117188,-2.738281,0.000000,-0.009998,-0.009998,0.003771,-0.031213,0.034858,1.507787,0.010010,-0.002441,0.005859,0,0,0,0,3000,3000,3000,3000,0,228,-347,0-20,0,0,0
100.723198,1.117188,-2.738281,0.000000,-0.009998,-0.009998,0.003847,-0.031213,0.034858,1.507787,-0.005615,-0.003418,0.001465,0,0,0,0,3000,3000,3000,3000,0,238,-346,0-20,0,0,0
100.725151,1.117188,-2.738281,0.000000,-0.009998,-0.009998,0.003624,-0.031213,0.034858,1.507787,-0.007568,-0.002930,0.000000,0,0,0,0,3000,3000,3000,3000,0,240,-346,0-20,0,0,0
100.727104,1.117188,-2.738281,0.000000,-0.009998,-0.009998,0.004055,-0.031213,0.034858,1.507787,-0.000732,-0.000244,-0.000732,0,0,0,0,3000,3000,3000,3000,0,236,-348,0-20,0,0,0
100.729057,1.117188,-2.738281,0.000000,-0.009998,-0.009998,0.003887,-0.031213,0.034858,1.507787,-0.003418,-0.001221,-0.005371,0,0,0,0,3000,3000,3000,3000,0,238,-347,0-20,0,0,0
100.731010,1.117188,-2.738281,0.000000,-0.009998,-0.009998,0.004065,-0.031213,0.034858,1.507787,-0.004883,-0.002441,0.003174,0,0,0,0,3000,3000,3000,3000,0,240,-345,0-20,0,0,0
100.732964,1.117188,-2.738281,0.000000,-0.009998,-0.009998,0.004459,-0.031213,0.034858,1.507787,-0.006104,0.000244,-0.003174,0,0,0,0,3000,3000,3000,3000,0,241,-348,0-20,0,0,0
100.734917,1.117188,-2.738281,0.000000,-0.009998,-0.009998,0.004473,-0.031213,0.034858,1.507787,0.004639,0.002441,-0.003906,0,0,0,0,3000,3000,3000,3000,0,234,-350,0-20,0,0,0
100.736870,1.117188,-2.738281,0.000000,-0.009998,-0.009998,0.004669,-0.031213,0.034858,1.507787,-0.004883,0.001221,0.001465,0,0,0,0,3000,3000,3000,3000,0,240,-349,0-20,0,0,0
100.738831,1.117188,-2.738281,0.000000,-0.009998,-0.009998,0.004517,-0.031213,0.034858,1.507787,0.004639,0.002441,-0.000732,0,0,0,0,3000,3000,3000,3000,0,233,-351,0-20,0,0,0
100.740784,1.117188,-2.738281,0.000000,-0.009998,-0.009998,0.004568,-0.031213,0.034858,1.507787,0.004639,0.001953,0.002686,0,0,0,0,3000,3000,3000,3000,0,233,-351,0-20,0,0,0
100.742737,1.117188,-2.738281,0.000000,-0.009998,-0.009998,0.004585,-0.031213,0.034858,1.507787,-0.008789,0.002441,0.003662,0,0,0,0,3000,3000,3000,3000,0,242,-352,0-20,0,0,0
100.744698,1.117188,-2.738281,0.000000,-0.009998,-0.009998,0.004568,-0.031213,0.034858,1.507787,0.010498,0.003418,0.004150,0,0,0,0,3000,3000,3000,3000,0,228,-353,0-20,0,0,0
100.746635,1.117188,-2.738281,0.000000,-0.009998,-0.009998,0.006208,-0.031213,0.034858,1.507787,0.003418,-0.007080,0.001465,0,0,0,0,3000,3000,3000,3000,0,233,-343,0-20,0,0,0
100.748596,1.117188,-2.738281,0.000000,-0.009998,-0.009998,0.006245,-0.031213,0.034858,1.507787,0.004150,0.003906,-0.004883,0,0,0,0,3000,3000,3000,3000,0,231,-353,0-20,0,0,0
100.750542,1.117188,-2.738281,0.000000,-0.009998,-0.009998,0.006441,-0.031213,0.034858,1.507787,0.004150,-0.002441,0.004639,0,0,0,0,3000,3000,3000,3000,0,231,-347,0-20,0,0,0
100.752495,1.117188,-2.738281,0.000000,-0.009998,-0.009998,0.006556,-0.031213,0.034858,1.507787,-0.004883,-0.008789,-0.000488,0,0,0,0,3000,3000,3000,3000,0,237,-340,0-20,0,0,0
100.754448,1.117188,-2.738281,0.000000,-0.009998,-0.009998,0.006693,-0.031213,0.034858,1.507787,0.005127,-0.000732,0.000000,0,0,0,0,3000,3000,3000,3000,0,230,-347,0-20,0,0,0
100.756401,1.117188,-2.738281,0.000000,-0.009998,-0.009998,0.006863,-0.031213,0.034858,1.507787,-0.013428,-0.006592,0.000000,0,0,0,0,3000,3000,3000,3000,0,244,-341,0-20,0,0,0
100.758362,1.117188,-2.738281,0.000000,-0.009998,-0.009998,0.006784,-0.031213,0.034858,1.507787,0.002930,-0.007812,-0.002686,0,0,0,0,3000,3000,3000,3000,0,233,-339,0-20,0,0,0
100.760307,1.117188,-2.738281,0.000000,-0.009998,-0.009998,0.006832,-0.031213,0.034858,1.507787,-0.002441,0.002441,0.000977,0,0,0,0,3000,3000,3000,3000,0,237,-348,0-20,0,0,0
100.762260,1.117188,-2.738281,0.000000,-0.009998,-0.009998,0.006821,-0.031213,0.034858,1.507787,-0.009766,0.007080,-0.003174,0,0,0,0,3000,3000,3000,3000,0,243,-353,0-20,0,0,0
100.764214,1.117188,-2.738281,0.000000,-0.009998,-0.009998,0.006880,-0.031213,0.034858,1.507787,0.005615,-0.005127,-0.001221,0,0,0,0,3000,3000,3000,3000,0,232,-343,0-20,0,0,0
100.766167,1.117188,-2.738281,0.000000,-0.009998,-0.009998,0.006985,-0.031213,0.034858,1.507787,-0.001709,0.002930,-0.000732,0,0,0,0,3000,3000,3000,3000,0,237,-351,0-20,0,0,0
100.768127,1.117188,-2.738281,0.000000,-0.009998,-0.009998,0.006863,-0.031213,0.034858,1.507787,0.006592,-0.001221,0.001465,0,0,0,0,3000,3000,3000,3000,0,231,-347,0-20,0,0,0
100.770073,1.117188,-2.738281,0.000000,-0.009998,-0.009998,0.007113,-0.031213,0.034858,1.507787,-0.000244,-0.005615,0.003174,0,0,0,0,3000,3000,3000,3000,0,235,-343,0-20,0,0,0
100.772026,1.117188,-2.738281,0.000000,-0.009998,-0.009998,0.007223,-0.031213,0.034858,1.507787,-0.004395,0.001953,-0.002686,0,0,0,0,3000,3000,3000,3000,0,238,-350,0-20,0,0,0
100.773979,1.117188,-2.738281,0.000000,-0.009998,-0.009998,0.007336,-0.031213,0.034858,1.507787,0.008301,0.008301,0.004639,0,0,0,0,3000,3000,3000,3000,0,229,-356,0-20,0,0,0
100.775932,1.117188,-2.738281,0.000000,-0.009998,-0.009998,0.007301,-0.031213,0.034858,1.507787,-0.010742,-0.001221,0.000488,0,0,0,0,3000,3000,3000,3000,0,243,-348,0-20,0,0,0
100.777885,1.117188,-2.738281,0.000000,-0.009998,-0.009998,0.007198,-0.031213,0.034858,1.507787,0.006592,0.000244,-0.000732,0,0,0,0,3000,3000,3000,3000,0,231,-350,0-20,0,0,0
100.779839,1.117188,-2.738281,0.000000,-0.009998,-0.009998,0.007452,-0.031213,0.034858,1.507787,-0.005615,0.005127,-0.000488,0,0,0,0,3000,3000,3000,3000,0,239,-354,0-20,0,0,0
100.781792,1.117188,-2.738281,0.000000,-0.009998,-0.009998,0.007540,-0.031213,0.034858,1.507787,-0.011475,-0.010498,-0.003174,0,0,0,0,3000,3000,3000,3000,0,244,-340,0-20,0,0,0
100.783745,1.117188,-2.738281,0.000000,-0.009998,-0.009998,0.007608,-0.031213,0.034858,1.507787,0.012451,-0.004639,0.000488,0,0,0,0,3000,3000,3000,3000,0,227,-344,0-20,0,0,0
100.785698,1.117188,-2.738281,0.000000,-0.009998,-0.009998,0.007784,-0.031213,0.034858,1.507787,-0.015137,0.003906,-0.002197,0,0,0,0,3000,3000,3000,3000,0,247,-352,0-20,0,0,0
100.787651,1.117188,-2.738281,0.000000,-0.009998,-0.009998,0.007793,-0.031213,0.034858,1.507787,0.010498,0.001221,-0.000732,0,0,0,0,3000,3000,3000,3000,0,229,-350,0-20,0,0,0
100.789604,1.117188,-2.738281,0.000000,-0.009998,-0.009998,0.008074,-0.031213,0.034858,1.507787,-0.005615,-0.002930,0.001465,0,0,0,0,3000,3000,3000,3000,0,240,-346,0-20,0,0,0
100.791557,1.117188,-2.738281,0.000000,-0.009998,-0.009998,0.008097,-0.031213,0.034858,1.507787,0.002441,0.003906,0.000000,0,0,0,0,3000,3000,3000,3000,0,234,-353,0-20,0,0,0
100.793510,1.117188,-2.738281,0.000000,-0.009998,-0.009998,0.008116,-0.031213,0.034858,1.507787,0.010010,-0.000244,0.003662,0,0,0,0,3000,3000,3000,3000,0,228,-349,0-20,0,0,0
100.795464,1.117188,-2.738281,0.000000,-0.009998,-0.009998,0.008196,-0.031213,0.034858,1.507787,-0.007080,-0.000244,0.000977,0,0,0,0,3000,3000,3000,3000,0,240,-349,0-20,0,0,0
100.797424,1.117188,-2.738281,0.000000,-0.009998,-0.009998,0.008247,-0.031213,0.034858,1.507787,0.015137,0.009766,0.002197,0,0,0,0,3000,3000,3000,3000,0,224,-359,0-20,0,0,0
100.799370,1.117188,-2.738281,0.000000,-0.009998,-0.009998,0.008274,-0.031213,0.034858,1.507787,-0.004883,0.008301,0.002197,0,0,0,0,3000,3000,3000,3000,0,237,-359,0-20,0,0,0
100.801338,1.117188,-2.738281,0.000000,-0.009998,-0.009998,0.008224,-0.031201,0.034818,1.507748,0.004639,-0.002930,0.000488,0,0,0,0,3000,3000,3000,3000,0,231,-349,0-20,0,0,0
100.803291,1.117188,-2.738281,0.000000,-0.009998,0.009998,0.008230,-0.031200,0.034820,1.507834,0.000977,-0.001953,-0.002197,0,0,0,0,3000,3000,3000,3000,0,230,-348,0-20,0,0,0
100.805229,1.117188,-2.738281,0.000000,-0.009998,0.009998,0.006748,-0.031211,0.034858,1.507791,-0.011475,0.001953,-0.003174,0,0,0,0,3000,3000,3000,3000,0,242,-352,0-20,0,0,0
100.807182,1.117188,-2.738281,0.000000,-0.009998,0.009998,0.006765,-0.031211,0.034858,1.507791,0.004150,0.000732,-0.000732,0,0,0,0,3000,3000,3000,3000,0,231,-351,0-20,0,0,0
100.809143,1.117188,-2.738281,0.000000,-0.009998,0.009998,0.006868,-0.031211,0.034858,1.507791,-0.006104,-0.001221,-0.003174,0,0,0,0,3000,3000,3000,3000,0,239,-349,0-20,0,0,0
100.811089,1.117188,-2.738281,0.000000,-0.009998,0.009998,0.006937,-0.031211,0.034858,1.507791,-0.001221,-0.000732,0.000000,0,0,0,0,3000,3000,3000,3000,0,236,-349,0-20,0,0,0
100.813042,1.117188,-2.738281,0.000000,-0.009998,0.009998,0.006901,-0.031211,0.034858,1.507791,0.004639,-0.003418,-0.004883,0,0,0,0,3000,3000,3000,3000,0,232,-346,0-20,0,0,0
100.814995,1.117188,-2.738281,0.000000,-0.009998,0.009998,0.007040,-0.031211,0.034858,1.507791,-0.004395,-0.002441,0.000488,0,0,0,0,3000,3000,3000,3000,0,238,-347,0-20,0,0,0
100.816948,1.117188,-2.738281,0.000000,-0.009998,0.009998,0.007111,-0.031211,0.034858,1.507791,0.007324,-0.001221,0.002686,0,0,0,0,3000,3000,3000,3000,0,230,-347,0-20,0,0,0
100.818909,1.117188,-2.738281,0.000000,-0.009998,0.009998,0.007092,-0.031211,0.034858,1.507791,-0.003418,0.000244,0.000488,0,0,0,0,3000,3000,3000,3000,0,237,-349,0-20,0,0,0
100.820854,1.117188,-2.738281,0.000000,-0.009998,0.009998,0.006884,-0.031211,0.034858,1.507791,-0.000244,0.004395,0.002686,0,0,0,0,3000,3000,3000,3000,0,235,-353,0-20,0,0,0
100.822807,1.117188,-2.738281,0.000000,-0.009998,0.009998,0.006973,-0.031211,0.034858,1.507791,0.006592,0.000244,0.000000,0,0,0,0,3000,3000,3000,3000,0,230,-349,0-20,0,0,0
100.824760,1.117188,-2.738281,0.000000,-0.009998,0.009998,0.008858,-0.031211,0.034858,1.507791,-0.002930,-0.000244,0.000000,0,0,0,0,3000,3000,3000,3000,0,237,-349,0-20,0,0,0
100.826714,1.117188,-2.738281,0.000000,-0.009998,0.009998,0.008820,-0.031211,0.034858,1.507791,0.003418,0.002441,0.001465,0,0,0,0,3000,3000,3000,3000,0,232,-351,0-20,0,0,0
100.828674,1.117188,-2.738281,0.000000,-0.009998,0.009998,0.008915,-0.031211,0.034858,1.507791,-0.005615,0.001221,-0.002686,0,0,0,0,3000,3000,3000,3000,0,239,-350,0-20,0,0,0
100.830620,1.117188,-2.738281,0.000000,-0.009998,0.009998,0.009064,-0.031211,0.034858,1.507791,0.003418,-0.000732,-0.000732,0,0,0,0,3000,3000,3000,3000,0,233,-349,0-20,0,0,0
100.832573,1.117188,-2.738281,0.000000,-0.009998,0.009998,0.009220,-0.031211,0.034858,1.507791,-0.004395,-0.001221,-0.001221,0,0,0,0,3000,3000,3000,3000,0,238,-348,0-20,0,0,0
100.834526,1.117188,-2.738281,0.000000,-0.009998,0.009998,0.009249,-0.031211,0.034858,1.507791,0.001953,0.001221,-0.001709,0,0,0,0,3000,3000,3000,3000,0,234,-350,0-20,0,0,0
100.836479,1.117188,-2.738281,0.000000,-0.009998,0.009998,0.009315,-0.031211,0.034858,1.507791,-0.000732,0.002930,0.004150,0,0,0,0,3000,3000,3000,3000,0,236,-352,0-20,0,0,0
100.838440,1.117188,-2.738281,0.000000,-0.009998,0.009998,0.009350,-0.031211,0.034858,1.507791,-0.004883,0.002930,-0.000488,0,0,0,0,3000,3000,3000,3000,0,239,-352,0-20,0,0,0
100.840385,1.117188,-2.738281,0.000000,-0.009998,0.009998,0.009380,-0.031211,0.034858,1.507791,0.008301,-0.002441,0.003662,0,0,0,0,3000,3000,3000,3000,0,230,-347,0-20,0,0,0
100.842339,1.117188,-2.738281,0.000000,-0.009998,0.009998,0.009438,-0.031211,0.034858,1.507791,-0.003906,-0.002441,0.000488,0,0,0,0,3000,3000,3000,3000,0,238,-347,0-20,0,0,0
100.844292,1.117188,-2.738281,0.000000,-0.009998,0.009998,0.009567,-0.031211,0.034858,1.507791,0.002441,-0.000732,0.000977,0,0,0,0,3000,3000,3000,3000,0,234,-348,0-20,0,0,0
100.846245,1.117188,-2.738281,0.000000,-0.009998,0.009998,0.009548,-0.031211,0.034858,1.507791,-0.002441,-0.002930,-0.001221,0,0,0,0,3000,3000,3000,3000,0,237,-346,0-20,0,0,0
100.848206,1.117188,-2.738281,0.000000,-0.009998,0.009998,0.009640,-0.031211,0.034858,1.507791,-0.001221,0.000244,-0.002686,0,0,0,0,3000,3000,3000,3000,0,236,-348,0-20,0,0,0
100.850151,1.117188,-2.738281,0.000000,-0.009998,0.009998,0.009689,-0.031211,0.034858,1.507791,0.001465,-0.003418,0.002197,0,0,0,0,3000,3000,3000,3000,0,234,-345,0-20,0,0,0
100.852104,1.117188,-2.738281,0.000000,-0.009998,0.009998,0.009665,-0.031211,0.034858,1.507791,-0.006104,0.002441,-0.000732,0,0,0,0,3000,3000,3000,3000,0,240,-350,0-20,0,0,0
100.854057,1.117188,-2.738281,0.000000,-0.009998,0.009998,0.009684,-0.031211,0.034858,1.507791,0.002930,0.003418,0.000000,0,0,0,0,3000,3000,3000,3000,0,234,-351,0-20,0,0,0
100.856010,1.117188,-2.738281,0.000000,-0.009998,0.009998,0.009611,-0.031211,0.034858,1.507791,-0.002930,0.001953,-0.000488,0,0,0,0,3000,3000,3000,3000,0,238,-350,0-20,0,0,0
100.857964,1.117188,-2.738281,0.000000,-0.009998,0.009998,0.009674,-0.031272,0.034858,1.507791,-0.005615,0.003906,-0.003906,0,0,0,0,3000,3000,3000,3000,0,240,-353,0-20,0,0,0
100.859924,1.117188,-2.738281,0.000000,-0.009998,0.009998,0.009779,-0.031272,0.034858,1.507791,0.000244,0.002441,0.000488,0,0,0,0,3000,3000,3000,3000,0,236,-352,0-20,0,0,0
100.861877,1.117188,-2.738281,0.000000,-0.009998,0.009998,0.009842,-0.031272,0.034858,1.507791,-0.001709,-0.000244,-0.001221,0,0,0,0,3000,3000,3000,3000,0,238,-350,0-20,0,0,0
100.863831,1.117188,-2.738281,0.000000,-0.009998,0.009998,0.009647,-0.031272,0.034858,1.507791,0.003418,-0.000732,-0.001221,0,0,0,0,3000,3000,3000,3000,0,234,-349,0-20,0,0,0
100.865791,1.117188,-2.738281,0.000000,-0.009998,0.009998,0.009623,-0.031272,0.034858,1.507791,0.000244,0.001221,0.000488,0,0,0,0,3000,3000,3000,3000,0,236,-351,0-20,0,0,0
100.867737,1.117188,-2.738281,0.000000,-0.009998,0.009998,0.009909,-0.031272,0.034858,1.507791,0.001465,-0.002441,0.000977,0,0,0,0,3000,3000,3000,3000,0,235,-347,0-20,0,0,0
100.869690,1.117188,-2.738281,0.000000,-0.009998,0.009998,0.009939,-0.031272,0.034858,1.507791,0.003418,0.001221,0.003174,0,0,0,0,3000,3000,3000,3000,0,233,-351,0-20,0,0,0
100.871635,1.117188,-2.738281,0.000000,-0.009998,0.009998,0.010101,-0.031272,0.034858,1.507791,-0.004395,-0.005127,-0.002686,0,0,0,0,3000,3000,3000,3000,0,239,-344,0-20,0,0,0
100.873589,1.117188,-2.738281,0.000000,-0.009998,0.009998,0.010242,-0.031272,0.034858,1.507791,0.006104,-0.001221,0.002686,0,0,0,0,3000,3000,3000,3000,0,231,-348,0-20,0,0,0
100.875542,1.117188,-2.738281,0.000000,-0.009998,0.009998,0.010258,-0.031272,0.034858,1.507791,-0.005615,-0.003418,-0.000732,0,0,0,0,3000,3000,3000,3000,0,239,-345,0-20,0,0,0
100.877495,1.117188,-2.738281,0.000000,-0.009998,0.009998,0.010319,-0.031272,0.034858,1.507791,0.006104,-0.003418,0.000000,0,0,0,0,3000,3000,3000,3000,0,231,-345,0-20,0,0,0
100.879448,1.117188,-2.738281,0.000000,-0.009998,0.009998,0.010284,-0.031272,0.034858,1.507791,0.004150,-0.000244,0.004639,0,0,0,0,3000,3000,3000,3000,0,232,-347,0-20,0,0,0
100.881401,1.117188,-2.738281,0.000000,-0.009998,0.009998,0.010332,-0.031272,0.034858,1.507791,-0.005615,-0.000732,-0.001221,0,0,0,0,3000,3000,3000,3000,0,239,-347,0-20,0,0,0
100.883362,1.117188,-2.738281,0.000000,-0.009998,0.009998,0.010288,-0.031272,0.034858,1.507791,0.007324,0.000732,0.001465,0,0,0,0,3000,3000,3000,3000,0,230,-348,0-20,0,0,0
100.885307,1.117188,-2.738281,0.000000,-0.009998,0.009998,0.010256,-0.031272,0.034858,1.507791,-0.006104,0.002930,-0.003174,0,0,0,0,3000,3000,3000,3000,0,239,-351,0-20,0,0,0
100.887260,1.117188,-2.738281,0.000000,-0.009998,0.009998,0.010347,-0.031272,0.034858,1.507791,0.005615,0.001953,0.000488,0,0,0,0,3000,3000,3000,3000,0,231,-350,0-20,0,0,0
100.889221,1.117188,-2.738281,0.000000,-0.009998,0.009998,0.010294,-0.031272,0.034858,1.507791,0.001465,0.002930,0.000000,0,0,0,0,3000,3000,3000,3000,0,234,-352,0-20,0,0,0
100.891174,1.117188,-2.738281,0.000000,-0.009998,0.009998,0.010353,-0.031272,0.034858,1.507791,-0.002441,0.001221,-0.001221,0,0,0,0,3000,3000,3000,3000,0,236,-351,0-20,0,0,0
100.893120,1.117188,-2.738281,0.000000,-0.009998,0.009998,0.010534,-0.031272,0.034858,1.507791,0.004639,0.001953,0.002686,0,0,0,0,3000,3000,3000,3000,0,232,-352,0-20,0,0,0
100.895081,1.117188,-2.738281,0.000000,-0.009998,0.009998,0.010698,-0.031272,0.034858,1.507791,-0.005615,-0.000244,-0.000732,0,0,0,0,3000,3000,3000,3000,0,239,-350,0-20,0,0,0
100.897026,1.117188,-2.738281,0.000000,-0.009998,0.009998,0.010715,-0.031272,0.034858,1.507791,0.005615,0.000244,0.000977,0,0,0,0,3000,3000,3000,3000,0,231,-350,0-20,0,0,0
100.898987,1.117188,-2.738281,0.000000,-0.009998,0.009998,0.010702,-0.031272,0.034858,1.507791,-0.000244,0.000244,0.000977,0,0,0,0,3000,3000,3000,3000,0,235,-350,0-20,0,0,0
100.900932,1.117188,-2.738281,0.000000,-0.009998,0.009998,0.010672,-0.031272,0.034858,1.507791,-0.002930,-0.001953,-0.002197,0,0,0,0,3000,3000,3000,3000,0,237,-348,0-20,0,0,0
100.902885,1.117188,-2.738281,0.000000,-0.009998,0.009998,0.010334,-0.031272,0.034858,1.507791,0.003418,-0.002930,0.000977,0,0,0,0,3000,3000,3000,3000,0,233,-347,0-20,0,0,0
100.904839,1.117188,-2.738281,0.000000,-0.009998,0.009998,0.010244,-0.031272,0.034858,1.507791,-0.007568,0.000732,-0.000732,0,0,0,0,3000,3000,3000,3000,0,241,-350,0-20,0,0,0
100.906792,1.117188,-2.738281,0.000000,-0.009998,0.009998,0.010359,-0.031272,0.034858,1.507791,0.004150,-0.003418,0.000488,0,0,0,0,3000,3000,3000,3000,0,233,-346,0-20,0,0,0
100.908752,1.117188,-2.738281,0.000000,-0.009998,0.009998,0.010439,-0.031272,0.034858,1.507791,-0.004883,0.001221,-0.000732,0,0,0,0,3000,3000,3000,3000,0,239,-350,0-20,0,0,0
100.910698,1.117188,-2.738281,0.000000,-0.009998,0.009998,0.010733,-0.031272,0.034858,1.507791,-0.001709,0.000732,0.003174,0,0,0,0,3000,3000,3000,3000,0,237,-349,0-20,0,0,0
100.912651,1.117188,-2.738281,0.000000,-0.009998,0.009998,0.010662,-0.031272,0.034858,1.507791,0.001465,0.003418,0.000977,0,0,0,0,3000,3000,3000,3000,0,235,-352,0-20,0,0,0
100.914604,1.117188,-2.738281,0.000000,-0.009998,0.009998,0.010786,-0.031272,0.034858,1.507791,-0.005615,0.001953,-0.001221,0,0,0,0,3000,3000,3000,3000,0,240,-351,0-20,0,0,0
100.916557,1.117188,-2.738281,0.000000,-0.009998,0.009998,0.010887,-0.031272,0.034858,1.507791,0.005127,-0.000244,0.001465,0,0,0,0,3000,3000,3000,3000,0,233,-349,0-20,0,0,0
100.918518,1.117188,-2.738281,0.000000,-0.009998,0.009998,0.010925,-0.031272,0.034858,1.507791,-0.001709,0.001953,-0.001709,0,0,0,0,3000,3000,3000,3000,0,237,-352,0-20,0,0,0
100.920464,1.117188,-2.738281,0.000000,-0.009998,0.009998,0.011047,-0.031272,0.034858,1.507791,0.002441,-0.001221,0.000000,0,0,0,0,3000,3000,3000,3000,0,234,-349,0-20,0,0,0
100.922417,1.117188,-2.738281,0.000000,-0.009998,0.009998,0.011152,-0.031272,0.034858,1.507791,0.000244,0.001221,0.000000,0,0,0,0,3000,3000,3000,3000,0,236,-351,0-20,0,0,0
100.924370,1.117188,-2.738281,0.000000,-0.009998,0.009998,0.011229,-0.031272,0.034858,1.507791,-0.001709,0.001221,-0.000732,0,0,0,0,3000,3000,3000,3000,0,237,-351,0-20,0,0,0
100.926323,1.117188,-2.738281,0.000000,-0.009998,0.009998,0.011292,-0.031272,0.034858,1.507791,0.004639,-0.000732,0.000000,0,0,0,0,3000,3000,3000,3000,0,232,-349,0-20,0,0,0
100.928291,1.117188,-2.738281,0.000000,-0.009998,0.009998,0.011345,-0.031272,0.034858,1.507791,-0.008301,0.001953,-0.002197,0,0,0,0,3000,3000,3000,3000,0,242,-352,0-20,0,0,0
100.930237,1.117188,-2.738281,0.000000,0.070000,0.169998,0.011419,-0.031272,0.034858,1.507791,0.005615,-0.001953,0.001465,0,0,0,0,3000,3000,3000,3000,0,232,-348,0-20,0,0,0
100.932182,1.117188,-2.738281,0.000000,0.070000,0.169998,0.007961,-0.031272,0.034858,1.507791,-0.003418,-0.002441,-0.002197,0,0,0,0,3000,3000,3000,3000,0,238,-347,0-20,0,0,0
100.934135,1.117188,-2.738281,0.000000,0.070000,0.169998,0.008167,-0.031272,0.034858,1.507791,0.000244,0.000244,0.002686,0,0,0,0,3000,3000,3000,3000,0,236,-349,0-20,0,0,0
100.936089,1.117188,-2.738281,0.000000,0.070000,0.169998,0.008272,-0.031272,0.034858,1.507791,0.005127,0.000244,0.006348,0,0,0,0,3000,3000,3000,3000,0,232,-349,0-20,0,0,0
100.938057,1.117188,-2.738281,0.000000,0.070000,0.169998,0.008410,-0.031272,0.034858,1.507791,-0.006104,-0.001221,-0.000732,0,0,0,0,3000,3000,3000,3000,0,240,-348,0-20,0,0,0
100.939995,1.117188,-2.738281,0.000000,0.070000,0.169998,0.008490,-0.031272,0.034858,1.507791,0.005127,0.001953,-0.000488,0,0,0,0,3000,3000,3000,3000,0,232,-351,0-20,0,0,0
100.941948,1.117188,-2.738281,0.000000,0.070000,0.169998,0.008606,-0.031272,0.034858,1.507791,-0.005615,0.001221,0.000488,0,0,0,0,3000,3000,3000,3000,0,240,-350,0-20,0,0,0
100.943901,1.117188,-2.738281,0.000000,0.070000,0.169998,0.008745,-0.031272,0.034858,1.507791,0.002930,0.000732,-0.002686,0,0,0,0,3000,3000,3000,3000,0,234,-350,0-20,0,0,0
100.945854,1.117188,-2.738281,0.000000,0.070000,0.169998,0.009035,-0.031272,0.034858,1.507791,0.004150,0.002930,0.000488,0,0,0,0,3000,3000,3000,3000,0,233,-352,0-20,0,0,0
100.947807,1.117188,-2.738281,0.000000,0.070000,0.169998,0.009169,-0.031272,0.034858,1.507791,-0.004395,0.002441,-0.001221,0,0,0,0,3000,3000,3000,3000,0,238,-352,0-20,0,0,0
100.949760,1.117188,-2.738281,0.000000,0.070000,0.169998,0.009043,-0.031272,0.034858,1.507791,0.005615,-0.000244,0.000488,0,0,0,0,3000,3000,3000,3000,0,231,-350,0-20,0,0,0
100.951714,1.117188,-2.738281,0.000000,0.070000,0.169998,0.009211,-0.031272,0.034858,1.507791,-0.004883,-0.000732,-0.001221,0,0,0,0,3000,3000,3000,3000,0,239,-349,0-20,0,0,0
100.953667,1.117188,-2.738281,0.000000,0.070000,0.169998,0.009409,-0.031272,0.034858,1.507791,0.000244,-0.001221,-0.000488,0,0,0,0,3000,3000,3000,3000,0,235,-348,0-20,0,0,0
100.955620,1.117188,-2.738281,0.000000,0.070000,0.169998,0.009478,-0.031272,0.034858,1.507791,0.002441,-0.000244,0.000000,0,0,0,0,3000,3000,3000,3000,0,234,-349,0-20,0,0,0
100.957581,1.117188,-2.738281,0.000000,0.070000,0.169998,0.009289,-0.031272,0.034858,1.507791,-0.002930,0.001953,-0.000488,0,0,0,0,3000,3000,3000,3000,0,237,-351,0-20,0,0,0
100.959526,1.117188,-2.738281,0.000000,0.070000,0.169998,0.009258,-0.031272,0.034858,1.507791,0.008789,-0.000244,0.001465,0,0,0,0,3000,3000,3000,3000,0,229,-349,0-20,0,0,0
100.961479,1.117188,-2.738281,0.000000,0.070000,0.169998,0.009403,-0.031272,0.034858,1.507791,-0.006592,0.000244,-0.001709,0,0,0,0,3000,3000,3000,3000,0,240,-350,0-20,0,0,0
100.963432,1.117188,-2.738281,0.000000,0.070000,0.169998,0.009531,-0.031272,0.034858,1.507791,0.001953,0.000732,0.000488,0,0,0,0,3000,3000,3000,3000,0,234,-350,0-20,0,0,0
100.965385,1.117188,-2.738281,0.000000,0.070000,0.169998,0.009636,-0.031272,0.034858,1.507791,0.001465,0.002930,-0.001709,0,0,0,0,3000,3000,3000,3000,0,234,-352,0-20,0,0,0
100.967339,1.117188,-2.738281,0.000000,0.070000,0.169998,0.009684,-0.031272,0.034858,1.507791,-0.005615,0.001221,-0.001709,0,0,0,0,3000,3000,3000,3000,0,239,-351,0-20,0,0,0
100.969292,1.117188,-2.738281,0.000000,0.070000,0.169998,0.009680,-0.031272,0.034858,1.507791,0.004150,0.001953,0.003662,0,0,0,0,3000,3000,3000,3000,0,233,-352,0-20,0,0,0
100.971245,1.117188,-2.738281,0.000000,0.070000,0.169998,0.009592,-0.031272,0.034858,1.507791,-0.006592,-0.000244,-0.001221,0,0,0,0,3000,3000,3000,3000,0,240,-350,0-20,0,0,0
100.973198,1.117188,-2.738281,0.000000,0.070000,0.169998,0.009644,-0.031272,0.034858,1.507791,0.005127,-0.000244,0.000000,0,0,0,0,3000,3000,3000,3000,0,232,-349,0-20,0,0,0
100.975151,1.117188,-2.738281,0.000000,0.070000,0.169998,0.009602,-0.031272,0.034858,1.507791,-0.004395,0.002930,-0.001709,0,0,0,0,3000,3000,3000,3000,0,239,-352,0-20,0,0,0
100.977104,1.117188,-2.738281,0.000000,0.070000,0.169998,0.009436,-0.031272,0.034858,1.507791,-0.000244,0.001953,-0.000488,0,0,0,0,3000,3000,3000,3000,0,236,-352,0-20,0,0,0
100.979057,1.117188,-2.738281,0.000000,0.070000,0.169998,0.009577,-0.031272,0.034858,1.507791,0.005615,0.001953,0.004150,0,0,0,0,3000,3000,3000,3000,0,232,-352,0-20,0,0,0
100.981010,1.117188,-2.738281,0.000000,0.070000,0.169998,0.010040,-0.031272,0.034858,1.507791,-0.007080,-0.000732,-0.001709,0,0,0,0,3000,3000,3000,3000,0,241,-349,0-20,0,0,0
100.982971,1.117188,-2.738281,0.000000,0.070000,0.169998,0.010017,-0.031272,0.034858,1.507791,0.006104,-0.001221,0.000488,0,0,0,0,3000,3000,3000,3000,0,231,-349,0-20,0,0,0
100.984917,1.117188,-2.738281,0.000000,0.070000,0.169998,0.010157,-0.031272,0.034858,1.507791,-0.004395,-0.000244,0.000000,0,0,0,0,3000,3000,3000,3000,0,239,-349,0-20,0,0,0
100.986870,1.117188,-2.738281,0.000000,0.070000,0.169998,0.010429,-0.031272,0.034858,1.507791,0.002930,-0.001221,0.000000,0,0,0,0,3000,3000,3000,3000,0,234,-348,0-20,0,0,0
100.988831,1.117188,-2.738281,0.000000,0.070000,0.169998,0.010443,-0.031272,0.034858,1.507791,-0.003418,0.001221,-0.000732,0,0,0,0,3000,3000,3000,3000,0,238,-350,0-20,0,0,0
100.990776,1.117188,-2.738281,0.000000,0.070000,0.169998,0.010540,-0.031272,0.034858,1.507791,-0.002930,0.001221,-0.001221,0,0,0,0,3000,3000,3000,3000,0,238,-350,0-20,0,0,0
100.992729,1.117188,-2.738281,0.000000,0.070000,0.169998,0.010761,-0.031272,0.034858,1.507791,0.007324,-0.002930,-0.001221,0,0,0,0,3000,3000,3000,3000,0,231,-346,0-20,0,0,0
100.994682,1.117188,-2.738281,0.000000,0.070000,0.169998,0.010900,-0.031272,0.034858,1.507791,-0.006592,-0.001221,0.002686,0,0,0,0,3000,3000,3000,3000,0,240,-348,0-20,0,0,0
100.996643,1.117188,-2.738281,0.000000,0.070000,0.169998,0.011057,-0.031272,0.034858,1.507791,0.003418,-0.001221,0.000488,0,0,0,0,3000,3000,3000,3000,0,233,-347,0-20,0,0,0
100.998596,1.117188,-2.738281,0.000000,0.070000,0.169998,0.010979,-0.031272,0.034858,1.507791,0.000244,0.000732,0.000977,0,0,0,0,3000,3000,3000,3000,0,235,-349,0-20,0,0,0
101.000542,1.117188,-2.738281,0.000000,0.070000,0.169998,0.010996,-0.031245,0.034862,1.507834,-0.002441,-0.001953,-0.000732,0,0,0,0,3000,3000,3000,3000,0,237,-346,0-20,0,0,0
101.002495,1.117188,-2.738281,0.000000,0.070000,0.169998,0.011047,-0.031245,0.034862,1.507834,0.005615,-0.000732,-0.000732,0,0,0,0,3000,3000,3000,3000,0,232,-347,0-20,0,0,0
101.004448,1.117188,-2.750000,0.000000,-0.099998,-0.309999,0.011135,-0.031272,0.034858,1.507791,-0.003906,0.000244,0.001465,0,0,0,0,3000,3000,3000,3000,0,238,-348,0-20,0,0,0
101.006401,1.117188,-2.750000,0.000000,-0.099998,-0.309999,0.008482,-0.031272,0.034858,1.507791,0.005615,-0.000244,0.000000,0,0,0,0,3000,3000,3000,3000,0,231,-348,0-20,0,0,0
101.008362,1.117188,-2.750000,0.000000,-0.099998,-0.309999,0.008411,-0.031272,0.034858,1.507791,-0.002930,0.000244,0.001465,0,0,0,0,3000,3000,3000,3000,0,237,-348,0-20,0,0,0
101.010307,1.117188,-2.750000,0.000000,-0.099998,-0.309999,0.008528,-0.031272,0.034858,1.507791,0.000244,0.000732,0.000000,0,0,0,0,3000,3000,3000,3000,0,235,-349,0-20,0,0,0
101.012268,1.117188,-2.750000,0.000000,-0.099998,-0.309999,0.008343,-0.031272,0.034858,1.507791,0.005127,0.000732,-0.000732,0,0,0,0,3000,3000,3000,3000,0,232,-349,0-20,0,0,0
101.014214,1.117188,-2.750000,0.000000,-0.099998,-0.309999,0.008326,-0.031272,0.034858,1.507791,-0.006592,0.004395,-0.000732,0,0,0,0,3000,3000,3000,3000,0,240,-353,0-20,0,0,0
101.016167,1.117188,-2.750000,0.000000,-0.099998,-0.309999,0.008280,-0.031272,0.034858,1.507791,0.006104,0.001221,0.001465,0,0,0,0,3000,3000,3000,3000,0,231,-350,0-20,0,0,0
101.018127,1.117188,-2.750000,0.000000,-0.099998,-0.309999,0.008453,-0.031272,0.034858,1.507791,-0.003906,-0.000732,-0.001709,0,0,0,0,3000,3000,3000,3000,0,238,-349,0-20,0,0,0
101.020073,1.117188,-2.750000,0.000000,-0.099998,-0.309999,0.008516,-0.031272,0.034858,1.507791,0.002441,-0.000732,-0.000732,0,0,0,0,3000,3000,3000,3000,0,234,-349,0-20,0,0,0
101.022026,1.117188,-2.750000,0.000000,-0.099998,-0.309999,0.008846,-0.031272,0.034858,1.507791,0.001465,-0.000732,0.000977,0,0,0,0,3000,3000,3000,3000,0,234,-349,0-20,0,0,0
101.023979,1.117188,-2.750000,0.000000,-0.099998,-0.309999,0.008858,-0.031272,0.034858,1.507791,-0.004395,0.000244,-0.002197,0,0,0,0,3000,3000,3000,3000,0,238,-349,0-20,0,0,0
101.025932,1.117188,-2.750000,0.000000,-0.099998,-0.309999,0.009058,-0.031272,0.034858,1.507791,0.007812,0.000244,0.002686,0,0,0,0,3000,3000,3000,3000,0,230,-349,0-20,0,0,0
101.027885,1.117188,-2.750000,0.000000,-0.099998,-0.309999,0.009129,-0.031272,0.034858,1.507791,-0.006104,-0.001953,-0.000488,0,0,0,0,3000,3000,3000,3000,0,240,-347,0-20,0,0,0
101.029839,1.117188,-2.750000,0.000000,-0.099998,-0.309999,0.009262,-0.031272,0.034858,1.507791,0.003418,0.000244,0.000488,0,0,0,0,3000,3000,3000,3000,0,233,-349,0-20,0,0,0
101.031792,1.117188,-2.750000,0.000000,-0.099998,-0.309999,0.009529,-0.031272,0.034858,1.507791,0.000977,0.001953,0.001465,0,0,0,0,3000,3000,3000,3000,0,235,-351,0-20,0,0,0
101.033745,1.117188,-2.750000,0.000000,-0.099998,-0.309999,0.009550,-0.031272,0.034858,1.507791,-0.001709,-0.000732,-0.001221,0,0,0,0,3000,3000,3000,3000,0,236,-348,0-20,0,0,0
101.035698,1.117188,-2.750000,0.000000,-0.099998,-0.309999,0.009541,-0.031272,0.034858,1.507791,0.002930,0.000244,-0.001709,0,0,0,0,3000,3000,3000,3000,0,233,-349,0-20,0,0,0
101.037651,1.117188,-2.750000,0.000000,-0.099998,-0.309999,0.009497,-0.031272,0.034858,1.507791,-0.002441,0.000244,0.000977,0,0,0,0,3000,3000,3000,3000,0,237,-349,0-20,0,0,0
101.039604,1.117188,-2.750000,0.000000,-0.099998,-0.309999,0.009699,-0.031272,0.034858,1.507791,0.004639,-0.001953,0.002197,0,0,0,0,3000,3000,3000,3000,0,232,-347,0-20,0,0,0
101.041557,1.117188,-2.750000,0.000000,-0.099998,-0.309999,0.009741,-0.031272,0.034858,1.507791,-0.001709,0.000244,0.000488,0,0,0,0,3000,3000,3000,3000,0,236,-349,0-20,0,0,0
101.043510,1.117188,-2.750000,0.000000,-0.099998,-0.309999,0.009769,-0.031272,0.034858,1.507791,-0.001221,0.002930,-0.001709,0,0,0,0,3000,3000,3000,3000,0,236,-352,0-20,0,0,0
101.045464,1.117188,-2.750000,0.000000,-0.099998,-0.309999,0.009962,-0.031272,0.034858,1.507791,0.004150,0.000732,-0.000488,0,0,0,0,3000,3000,3000,3000,0,232,-350,0-20,0,0,0
101.047424,1.117188,-2.750000,0.000000,-0.099998,-0.309999,0.010099,-0.031272,0.034858,1.507791,-0.008789,-0.001221,-0.000488,0,0,0,0,3000,3000,3000,3000,0,242,-348,0-20,0,0,0
101.049370,1.117188,-2.750000,0.000000,-0.099998,-0.309999,0.010275,-0.031272,0.034858,1.507791,0.006104,-0.001221,0.000488,0,0,0,0,3000,3000,3000,3000,0,231,-348,0-20,0,0,0
101.051323,1.117188,-2.750000,0.000000,-0.099998,-0.309999,0.010271,-0.031272,0.034858,1.507791,-0.003906,0.000244,0.000977,0,0,0,0,3000,3000,3000,3000,0,239,-349,0-20,0,0,0
101.053276,1.117188,-2.750000,0.000000,-0.099998,-0.309999,0.010231,-0.031272,0.034858,1.507791,-0.004883,-0.000732,-0.000488,0,0,0,0,3000,3000,3000,3000,0,239,-348,0-20,0,0,0
101.055229,1.117188,-2.750000,0.000000,-0.099998,-0.309999,0.010374,-0.031272,0.034858,1.507791,0.000977,-0.000244,0.001465,0,0,0,0,3000,3000,3000,3000,0,236,-349,0-20,0,0,0
101.057182,1.117188,-2.750000,0.000000,-0.099998,-0.309999,0.010445,-0.031272,0.034858,1.507791,-0.003906,0.001221,-0.003174,0,0,0,0,3000,3000,3000,3000,0,239,-350,0-20,0,0,0
101.059135,1.117188,-2.750000,0.000000,-0.099998,-0.309999,0.009377,-0.031272,0.034858,1.507791,0.005127,-0.001221,0.000977,0,0,0,0,3000,3000,3000,3000,0,233,-348,0-20,0,0,0
101.061096,1.117188,-2.750000,0.000000,-0.099998,-0.309999,0.009359,-0.031272,0.034858,1.507791,-0.005615,-0.000244,-0.002686,0,0,0,0,3000,3000,3000,3000,0,240,-349,0-20,0,0,0
101.063049,1.117188,-2.750000,0.000000,-0.099998,-0.309999,0.009436,-0.031272,0.034858,1.507791,0.002441,0.000732,0.000488,0,0,0,0,3000,3000,3000,3000,0,235,-350,0-20,0,0,0
101.064995,1.117188,-2.750000,0.000000,-0.099998,-0.309999,0.009483,-0.031272,0.034858,1.507791,-0.000732,0.000244,0.001465,0,0,0,0,3000,3000,3000,3000,0,237,-349,0-20,0,0,0
101.066948,1.117188,-2.750000,0.000000,-0.099998,-0.309999,0.009661,-0.031272,0.034858,1.507791,-0.003418,0.000244,-0.001709,0,0,0,0,3000,3000,3000,3000,0,239,-349,0-20,0,0,0
101.068909,1.117188,-2.750000,0.000000,-0.099998,-0.309999,0.009842,-0.031272,0.034858,1.507791,0.005127,-0.001221,0.000977,0,0,0,0,3000,3000,3000,3000,0,233,-348,0-20,0,0,0
101.070854,1.117188,-2.750000,0.000000,-0.099998,-0.309999,0.009874,-0.031272,0.034858,1.507791,-0.008301,0.002441,-0.002197,0,0,0,0,3000,3000,3000,3000,0,242,-351,0-20,0,0,0
101.072807,1.117188,-2.750000,0.000000,-0.099998,-0.309999,0.009954,-0.031272,0.034858,1.507791,0.007812,-0.000732,-0.002197,0,0,0,0,3000,3000,3000,3000,0,231,-349,0-20,0,0,0
101.074760,1.117188,-2.750000,0.000000,-0.099998,-0.309999,0.010061,-0.031272,0.034858,1.507791,0.000244,0.000244,0.000977,0,0,0,0,3000,3000,3000,3000,0,236,-350,0-20,0,0,0
101.076714,1.117188,-2.750000,0.000000,-0.099998,-0.309999,0.010284,-0.031272,0.034858,1.507791,-0.002930,-0.002441,-0.000488,0,0,0,0,3000,3000,3000,3000,0,238,-347,0-20,0,0,0
101.078674,1.117188,-2.750000,0.000000,-0.099998,-0.309999,0.010557,-0.031272,0.034858,1.507791,0.005127,-0.000244,0.002197,0,0,0,0,3000,3000,3000,3000,0,232,-349,0-20,0,0,0
101.080620,1.117188,-2.750000,0.000000,-0.099998,-0.309999,0.010742,-0.031272,0.034858,1.507791,-0.007568,0.001953,0.000000,0,0,0,0,3000,3000,3000,3000,0,241,-351,0-20,0,0,0
101.082573,1.117188,-2.750000,0.000000,-0.099998,-0.309999,0.010811,-0.031272,0.034858,1.507791,0.004150,-0.000732,0.000488,0,0,0,0,3000,3000,3000,3000,0,233,-348,0-20,0,0,0
101.084526,1.117188,-2.750000,0.000000,-0.099998,-0.309999,0.010860,-0.031272,0.034858,1.507791,-0.004395,0.000732,0.001465,0,0,0,0,3000,3000,3000,3000,0,239,-350,0-20,0,0,0
101.086479,1.117188,-2.750000,0.000000,-0.099998,-0.309999,0.011028,-0.031272,0.034858,1.507791,0.001465,0.001953,-0.001221,0,0,0,0,3000,3000,3000,3000,0,235,-351,0-20,0,0,0
101.088440,1.117188,-2.750000,0.000000,-0.099998,-0.309999,0.011040,-0.031272,0.034858,1.507791,0.002441,-0.000732,0.003174,0,0,0,0,3000,3000,3000,3000,0,234,-349,0-20,0,0,0
101.090385,1.117188,-2.750000,0.000000,-0.099998,-0.309999,0.011053,-0.031272,0.034858,1.507791,-0.006104,-0.000244,-0.002197,0,0,0,0,3000,3000,3000,3000,0,240,-349,0-20,0,0,0
101.092339,1.117188,-2.750000,0.000000,-0.099998,-0.309999,0.011253,-0.031272,0.034858,1.507791,0.004639,0.001221,0.001465,0,0,0,0,3000,3000,3000,3000,0,232,-351,0-20,0,0,0
101.094292,1.117188,-2.750000,0.000000,-0.099998,-0.309999,0.011337,-0.031272,0.034858,1.507791,-0.004883,-0.001221,0.000488,0,0,0,0,3000,3000,3000,3000,0,239,-348,0-20,0,0,0
101.096252,1.117188,-2.750000,0.000000,-0.099998,-0.309999,0.011448,-0.031272,0.034858,1.507791,0.002441,0.001953,-0.001709,0,0,0,0,3000,3000,3000,3000,0,234,-351,0-20,0,0,0
101.098206,1.117188,-2.750000,0.000000,-0.099998,-0.309999,0.011578,-0.031272,0.034858,1.507791,0.001465,0.001953,0.005371,0,0,0,0,3000,3000,3000,3000,0,235,-351,0-20,0,0,0
101.100151,1.117188,-2.750000,0.000000,-0.099998,-0.309999,0.011610,-0.031272,0.034858,1.507791,-0.006104,-0.000244,0.001465,0,0,0,0,3000,3000,3000,3000,0,240,-349,0-20,0,0,0
101.102104,1.117188,-2.750000,0.000000,-0.099998,-0.309999,0.011759,-0.031272,0.034858,1.507791,0.007324,-0.001221,0.003174,0,0,0,0,3000,3000,3000,3000,0,230,-348,0-20,0,0,0
101.104057,1.117188,-2.750000,0.000000,-0.099998,-0.309999,0.011688,-0.031272,0.034858,1.507791,-0.005615,0.000244,-0.000488,0,0,0,0,3000,3000,3000,3000,0,239,-350,0-20,0,0,0
101.106026,1.117188,-2.750000,0.000000,-0.099998,-0.309999,0.011677,-0.031272,0.034858,1.507791,0.005615,-0.001953,0.000977,0,0,0,0,3000,3000,3000,3000,0,231,-347,0-20,0,0,0
101.107971,1.117188,-2.750000,0.000000,-0.099998,-0.309999,0.011871,-0.031272,0.034858,1.507791,-0.002930,-0.000244,0.001465,0,0,0,0,3000,3000,3000,3000,0,237,-349,0-20,0,0,0
101.109924,1.117188,-2.750000,0.000000,-0.099998,-0.309999,0.011997,-0.031272,0.034858,1.507791,-0.002930,0.001953,-0.001221,0,0,0,0,3000,3000,3000,3000,0,237,-351,0-20,0,0,0
101.111870,1.117188,-2.750000,0.000000,-0.099998,-0.309999,0.012131,-0.031272,0.034858,1.507791,0.001953,0.001953,0.000000,0,0,0,0,3000,3000,3000,3000,0,234,-351,0-20,0,0,0
101.113831,1.117188,-2.750000,0.000000,-0.099998,-0.309999,0.012280,-0.031272,0.034858,1.507791,-0.007080,-0.001221,-0.001709,0,0,0,0,3000,3000,3000,3000,0,241,-348,0-20,0,0,0
101.115776,1.117188,-2.750000,0.000000,-0.099998,-0.309999,0.012306,-0.031272,0.034858,1.507791,0.004150,-0.001953,0.002686,0,0,0,0,3000,3000,3000,3000,0,233,-347,0-20,0,0,0
101.117737,1.117188,-2.750000,0.000000,-0.099998,-0.309999,0.012459,-0.031272,0.034858,1.507791,-0.004883,-0.000244,0.000000,0,0,0,0,3000,3000,3000,3000,0,239,-349,0-20,0,0,0
101.119682,1.117188,-2.750000,0.000000,-0.099998,-0.309999,0.012402,-0.031272,0.034858,1.507791,-0.000732,-0.000732,0.003174,0,0,0,0,3000,3000,3000,3000,0,237,-348,0-20,0,0,0
101.121635,1.117188,-2.750000,0.000000,-0.099998,-0.309999,0.012293,-0.031272,0.034858,1.507791,0.002930,-0.001221,0.006348,0,0,0,0,3000,3000,3000,3000,0,234,-348,0-20,0,0,0
101.123596,1.117188,-2.750000,0.000000,-0.099998,-0.309999,0.012409,-0.031272,0.034858,1.507791,-0.004395,0.001953,-0.000488,0,0,0,0,3000,3000,3000,3000,0,239,-351,0-20,0,0,0
101.125542,1.117188,-2.750000,0.000000,-0.099998,-0.309999,0.012466,-0.031272,0.034858,1.507791,0.002930,0.001221,-0.001221,0,0,0,0,3000,3000,3000,3000,0,234,-350,0-20,0,0,0
101.127495,1.117188,-2.750000,0.000000,-0.099998,-0.309999,0.012590,-0.031272,0.034858,1.507791,-0.005615,0.002441,0.002686,0,0,0,0,3000,3000,3000,3000,0,240,-352,0-20,0,0,0
101.129448,1.117188,-2.750000,0.000000,-0.099998,-0.309999,0.012512,-0.031333,0.034919,1.507791,-0.002441,-0.000244,0.000488,0,0,0,0,3000,3000,3000,3000,0,238,-350,0-20,0,0,0
101.131401,1.117188,-2.750000,0.000000,-0.099998,-0.309999,0.012527,-0.031333,0.034919,1.507791,0.002441,-0.002441,0.001465,0,0,0,0,3000,3000,3000,3000,0,235,-348,0-20,0,0,0
101.133354,1.117188,-2.750000,0.000000,-0.099998,-0.309999,0.012360,-0.031333,0.034919,1.507791,-0.003906,-0.000732,-0.001221,0,0,0,0,3000,3000,3000,3000,0,239,-349,0-20,0,0,0
101.135307,1.117188,-2.750000,0.000000,-0.099998,-0.309999,0.012344,-0.031333,0.034919,1.507791,0.004639,-0.000732,0.002197,0,0,0,0,3000,3000,3000,3000,0,233,-349,0-20,0,0,0
101.137260,1.117188,-2.750000,0.000000,-0.099998,-0.309999,0.015661,-0.031333,0.034919,1.507791,-0.004883,0.003906,0.001465,0,0,0,0,3000,3000,3000,3000,0,240,-353,0-20,0,0,0
101.139214,1.117188,-2.750000,0.000000,-0.099998,-0.309999,0.015694,-0.031333,0.034919,1.507791,0.004150,-0.001221,-0.002686,0,0,0,0,3000,3000,3000,3000,0,233,-349,0-20,0,0,0
101.141167,1.117188,-2.750000,0.000000,-0.099998,-0.309999,0.015713,-0.031333,0.034919,1.507791,0.000244,-0.000244,0.001465,0,0,0,0,3000,3000,3000,3000,0,236,-349,0-20,0,0,0
101.143120,1.117188,-2.750000,0.000000,-0.099998,-0.309999,0.015894,-0.031333,0.034919,1.507791,-0.003418,0.000244,-0.002686,0,0,0,0,3000,3000,3000,3000,0,238,-350,0-20,0,0,0
101.145073,1.117188,-2.750000,0.000000,-0.099998,-0.309999,0.016081,-0.031333,0.034919,1.507791,0.005127,0.001221,0.003174,0,0,0,0,3000,3000,3000,3000,0,232,-351,0-20,0,0,0
101.147026,1.117188,-2.750000,0.000000,-0.099998,-0.309999,0.016090,-0.031333,0.034919,1.507791,-0.006104,-0.001221,-0.000732,0,0,0,0,3000,3000,3000,3000,0,240,-349,0-20,0,0,0
101.148987,1.117188,-2.750000,0.000000,-0.099998,-0.309999,0.016064,-0.031333,0.034919,1.507791,0.009277,-0.001221,0.003662,0,0,0,0,3000,3000,3000,3000,0,229,-348,0-20,0,0,0
101.150932,1.117188,-2.750000,0.000000,-0.099998,-0.309999,0.016111,-0.031333,0.034919,1.507791,-0.002441,0.000732,0.001465,0,0,0,0,3000,3000,3000,3000,0,237,-350,0-20,0,0,0
101.152885,1.117188,-2.750000,0.000000,-0.099998,-0.309999,0.016151,-0.031333,0.034919,1.507791,-0.002930,-0.000244,-0.000732,0,0,0,0,3000,3000,3000,3000,0,237,-349,0-20,0,0,0
101.154839,1.117188,-2.750000,0.000000,-0.099998,-0.309999,0.016167,-0.031333,0.034919,1.507791,0.006104,-0.001221,0.002686,0,0,0,0,3000,3000,3000,3000,0,231,-348,0-20,0,0,0
101.156792,1.117188,-2.750000,0.000000,-0.099998,-0.309999,0.016130,-0.031333,0.034919,1.507791,-0.003906,0.001221,0.000000,0,0,0,0,3000,3000,3000,3000,0,238,-351,0-20,0,0,0
101.158752,1.117188,-2.750000,0.000000,-0.099998,-0.309999,0.016386,-0.031333,0.034919,1.507791,0.005615,-0.000244,-0.001221,0,0,0,0,3000,3000,3000,3000,0,231,-349,0-20,0,0,0
101.160698,1.117188,-2.750000,0.000000,-0.099998,-0.309999,0.016432,-0.031333,0.034919,1.507791,-0.006104,-0.000244,-0.000732,0,0,0,0,3000,3000,3000,3000,0,239,-349,0-20,0,0,0
101.162651,1.117188,-2.750000,0.000000,-0.099998,-0.309999,0.016720,-0.031333,0.034919,1.507791,0.007812,-0.001953,-0.000488,0,0,0,0,3000,3000,3000,3000,0,230,-348,0-20,0,0,0
101.164604,1.117188,-2.750000,0.000000,-0.099998,-0.309999,0.016813,-0.031333,0.034919,1.507791,0.000977,0.000732,0.000977,0,0,0,0,3000,3000,3000,3000,0,234,-350,0-20,0,0,0
101.166557,1.117188,-2.750000,0.000000,-0.099998,-0.309999,0.016794,-0.031333,0.034919,1.507791,-0.002930,-0.000244,-0.002686,0,0,0,0,3000,3000,3000,3000,0,237,-349,0-20,0,0,0
101.168518,1.117188,-2.750000,0.000000,-0.099998,-0.309999,0.016815,-0.031333,0.034919,1.507791,0.004150,-0.001953,0.002197,0,0,0,0,3000,3000,3000,3000,0,232,-347,0-20,0,0,0
101.170464,1.117188,-2.750000,0.000000,-0.099998,-0.309999,0.016953,-0.031333,0.034919,1.507791,-0.007568,-0.001221,-0.000488,0,0,0,0,3000,3000,3000,3000,0,240,-348,0-20,0,0,0
101.172417,1.117188,-2.750000,0.000000,-0.099998,-0.309999,0.017109,-0.031333,0.034919,1.507791,0.001953,-0.002441,-0.000732,0,0,0,0,3000,3000,3000,3000,0,234,-347,0-20,0,0,0
101.174370,1.117188,-2.750000,0.000000,-0.099998,-0.309999,0.017214,-0.031333,0.034919,1.507791,0.000244,0.000732,-0.001709,0,0,0,0,3000,3000,3000,3000,0,235,-350,0-20,0,0,0
101.176323,1.117188,-2.750000,0.000000,-0.099998,-0.309999,0.017286,-0.031333,0.034919,1.507791,-0.004395,-0.000244,-0.000488,0,0,0,0,3000,3000,3000,3000,0,239,-349,0-20,0,0,0
101.178284,1.117188,-2.750000,0.000000,-0.099998,-0.309999,0.017397,-0.031333,0.034919,1.507791,0.008301,-0.001953,0.002686,0,0,0,0,3000,3000,3000,3000,0,230,-347,0-20,0,0,0
101.180229,1.117188,-2.750000,0.000000,-0.099998,-0.309999,0.017473,-0.031333,0.034919,1.507791,-0.006592,-0.001221,-0.003174,0,0,0,0,3000,3000,3000,3000,0,240,-348,0-20,0,0,0
101.182182,1.117188,-2.750000,0.000000,-0.099998,-0.309999,0.017408,-0.031333,0.034919,1.507791,0.006104,-0.001221,0.000000,0,0,0,0,3000,3000,3000,3000,0,231,-348,0-20,0,0,0
101.184135,1.117188,-2.750000,0.000000,-0.099998,-0.309999,0.017429,-0.031333,0.034919,1.507791,-0.003906,0.003906,-0.001221,0,0,0,0,3000,3000,3000,3000,0,238,-353,0-20,0,0,0
101.186089,1.117188,-2.750000,0.000000,-0.099998,-0.309999,0.017530,-0.031333,0.034919,1.507791,-0.001221,0.002930,-0.000488,0,0,0,0,3000,3000,3000,3000,0,237,-352,0-20,0,0,0
101.188065,1.117188,-2.750000,0.003906,-0.099998,-0.309999,0.017679,-0.031333,0.034919,1.507791,0.000977,0.001953,0.000488,0,0,0,0,3000,3000,3000,3000,0,235,-352,0-20,0,0,0
101.189995,1.117188,-2.750000,0.003906,-0.099998,-0.309999,0.017626,-0.031333,0.034919,1.507791,-0.006104,0.000244,0.000977,0,0,0,0,3000,3000,3000,3000,0,240,-351,0-20,0,0,0
101.191948,1.117188,-2.750000,0.003906,-0.099998,-0.309999,0.017601,-0.031333,0.034919,1.507791,0.004639,0.001221,0.001465,0,0,0,0,3000,3000,3000,3000,0,233,-352,0-20,0,0,0
101.193901,1.117188,-2.750000,0.003906,-0.099998,-0.309999,0.017487,-0.031333,0.034919,1.507791,-0.004395,-0.001221,0.000977,0,0,0,0,3000,3000,3000,3000,0,239,-349,0-20,0,0,0
101.195854,1.117188,-2.750000,0.003906,-0.099998,-0.309999,0.017494,-0.031333,0.034919,1.507791,0.000244,0.000732,0.000000,0,0,0,0,3000,3000,3000,3000,0,236,-351,0-20,0,0,0
101.197807,1.117188,-2.750000,0.003906,-0.099998,-0.309999,0.017630,-0.031333,0.034919,1.507791,0.001953,0.000244,0.001465,0,0,0,0,3000,3000,3000,3000,0,235,-350,0-20,0,0,0
101.199760,1.117188,-2.750000,0.003906,-0.099998,-0.309999,0.017551,-0.031333,0.034919,1.507791,-0.001221,0.000244,-0.000732,0,0,0,0,3000,3000,3000,3000,0,237,-350,0-20,0,0,0
101.201714,1.117188,-2.750000,0.003906,-0.099998,-0.309999,0.017534,-0.031333,0.034919,1.507791,0.005127,-0.000732,0.000000,0,0,0,0,3000,3000,3000,3000,0,232,-349,0-20,0,0,0
101.203667,1.117188,-2.750000,0.003906,-0.099998,-0.309999,0.017611,-0.031333,0.034919,1.507791,-0.007568,-0.000732,-0.003174,0,0,0,0,3000,3000,3000,3000,0,241,-349,0-20,0,0,0
101.205620,1.117188,-2.750000,0.003906,-0.099998,-0.309999,0.017895,-0.031333,0.034919,1.507791,0.005127,0.000732,0.003174,0,0,0,0,3000,3000,3000,3000,0,232,-351,0-20,0,0,0
101.207573,1.117188,-2.750000,0.003906,-0.099998,-0.309999,0.018040,-0.031333,0.034919,1.507791,0.001465,0.000244,0.000977,0,0,0,0,3000,3000,3000,3000,0,235,-350,0-20,0,0,0
101.209526,1.117188,-2.750000,0.003906,-0.099998,-0.309999,0.018076,-0.031333,0.034919,1.507791,-0.003906,0.003418,-0.000732,0,0,0,0,3000,3000,3000,3000,0,239,-353,0-20,0,0,0
101.211479,1.117188,-2.750000,0.003906,-0.099998,-0.309999,0.018175,-0.031333,0.034919,1.507791,0.005127,-0.002441,0.000488,0,0,0,0,3000,3000,3000,3000,0,232,-348,0-20,0,0,0
101.213440,1.117188,-2.750000,0.003906,-0.099998,-0.309999,0.018349,-0.031333,0.034919,1.507791,-0.007080,0.000244,-0.000732,0,0,0,0,3000,3000,3000,3000,0,241,-350,0-20,0,0,0
101.215385,1.117188,-2.750000,0.000000,-0.099998,-0.309999,0.011633,-0.031333,0.034919,1.507791,0.004150,0.001953,0.001465,0,0,0,0,3000,3000,3000,3000,0,233,-352,0-20,0,0,0
101.217339,1.117188,-2.750000,0.000000,-0.099998,-0.309999,0.011709,-0.031333,0.034919,1.507791,-0.003906,0.002441,0.003662,0,0,0,0,3000,3000,3000,3000,0,239,-352,0-20,0,0,0
101.219299,1.117188,-2.750000,0.000000,-0.099998,-0.309999,0.011642,-0.031333,0.034919,1.507791,0.000977,0.001953,0.000488,0,0,0,0,3000,3000,3000,3000,0,235,-352,0-20,0,0,0
101.221252,1.117188,-2.750000,0.000000,-0.070000,-0.160000,0.011652,-0.031333,0.034919,1.507791,0.005127,0.003906,0.000977,0,0,0,0,3000,3000,3000,3000,0,232,-354,0-20,0,0,0
101.223198,1.117188,-2.750000,0.000000,-0.070000,-0.160000,0.007677,-0.031335,0.034919,1.507913,-0.004883,-0.000732,-0.001709,0,0,0,0,3000,3000,3000,3000,0,239,-350,0-20,0,0,0
101.225159,1.117188,-2.750000,0.000000,-0.070000,-0.160000,0.007761,-0.031335,0.034919,1.507913,0.005615,-0.000732,0.001465,0,0,0,0,3000,3000,3000,3000,0,232,-350,0-20,0,0,0
101.227104,1.117188,-2.738281,0.000000,0.009998,0.039999,0.006947,-0.031335,0.034919,1.507913,-0.004883,-0.001953,-0.002197,0,0,0,0,3000,3000,3000,3000,0,239,-349,0-20,0,0,0
101.229065,1.117188,-2.738281,0.000000,0.009998,0.039999,0.006945,-0.031335,0.034919,1.507913,0.000244,0.001953,-0.001221,0,0,0,0,3000,3000,3000,3000,0,236,-352,0-20,0,0,0
101.231018,1.117188,-2.738281,0.000000,0.009998,0.039999,0.007017,-0.031335,0.034919,1.507913,0.002930,-0.003418,0.002686,0,0,0,0,3000,3000,3000,3000,0,234,-347,0-20,0,0,0
101.232964,1.117188,-2.738281,0.000000,0.009998,0.039999,0.007027,-0.031335,0.034919,1.507913,-0.006104,0.001953,-0.002686,0,0,0,0,3000,3000,3000,3000,0,240,-352,0-20,0,0,0
101.234917,1.117188,-2.738281,0.000000,0.009998,0.039999,0.007185,-0.031335,0.034919,1.507913,0.006592,0.000244,0.002197,0,0,0,0,3000,3000,3000,3000,0,231,-350,0-20,0,0,0
101.236870,1.117188,-2.738281,0.000000,0.009998,0.039999,0.007215,-0.031335,0.034919,1.507913,-0.004395,-0.002930,0.002197,0,0,0,0,3000,3000,3000,3000,0,239,-347,0-20,0,0,0
101.238831,1.117188,-2.738281,0.000000,0.009998,0.039999,0.007389,-0.031335,0.034919,1.507913,0.004639,-0.000244,0.002686,0,0,0,0,3000,3000,3000,3000,0,232,-349,0-20,0,0,0
101.240776,1.117188,-2.738281,0.000000,0.009998,0.039999,0.007420,-0.031335,0.034919,1.507913,-0.003418,0.001221,-0.000732,0,0,0,0,3000,3000,3000,3000,0,238,-350,0-20,0,0,0
101.242729,1.117188,-2.738281,0.000000,0.009998,0.039999,0.007427,-0.031335,0.034919,1.507913,-0.004883,-0.000244,-0.003174,0,0,0,0,3000,3000,3000,3000,0,239,-349,0-20,0,0,0
101.244690,1.117188,-2.738281,0.000000,0.009998,0.039999,0.007502,-0.031335,0.034919,1.507913,0.005615,0.001221,0.003662,0,0,0,0,3000,3000,3000,3000,0,232,-350,0-20,0,0,0
101.246635,1.117188,-2.738281,0.000000,0.009998,0.039999,0.007635,-0.031335,0.034919,1.507913,-0.004883,-0.000732,-0.000732,0,0,0,0,3000,3000,3000,3000,0,240,-349,0-20,0,0,0
101.248596,1.117188,-2.738281,0.000000,0.009998,0.039999,0.007711,-0.031335,0.034919,1.507913,0.004639,-0.000732,-0.002686,0,0,0,0,3000,3000,3000,3000,0,233,-349,0-20,0,0,0
101.250542,1.117188,-2.738281,0.000000,0.009998,0.039999,0.007776,-0.031335,0.034919,1.507913,-0.000244,0.000732,0.002686,0,0,0,0,3000,3000,3000,3000,0,236,-350,0-20,0,0,0
101.252495,1.117188,-2.738281,0.000000,0.009998,0.039999,0.007832,-0.031335,0.034919,1.507913,-0.000244,0.000244,0.000000,0,0,0,0,3000,3000,3000,3000,0,236,-350,0-20,0,0,0
101.254456,1.117188,-2.738281,0.000000,0.009998,0.039999,0.007975,-0.031335,0.034919,1.507913,0.004639,0.000732,0.000977,0,0,0,0,3000,3000,3000,3000,0,232,-350,0-20,0,0,0
101.256401,1.117188,-2.738281,0.000000,0.009998,0.039999,0.008011,-0.031335,0.034919,1.507913,-0.007080,-0.000244,-0.001709,0,0,0,0,3000,3000,3000,3000,0,241,-349,0-20,0,0,0
101.258362,1.117188,-2.738281,0.000000,0.009998,0.039999,0.008110,-0.031335,0.034919,1.507913,0.007812,0.000244,0.002686,0,0,0,0,3000,3000,3000,3000,0,230,-350,0-20,0,0,0
101.260307,1.117188,-2.738281,0.000000,0.009998,0.039999,0.008253,-0.031335,0.034919,1.507913,-0.007568,0.000732,0.000488,0,0,0,0,3000,3000,3000,3000,0,241,-350,0-20,0,0,0
101.262260,1.117188,-2.738281,0.000000,0.009998,0.039999,0.008322,-0.031335,0.034919,1.507913,-0.000732,0.000732,-0.000488,0,0,0,0,3000,3000,3000,3000,0,236,-350,0-20,0,0,0
101.264214,1.117188,-2.738281,0.000000,0.009998,0.039999,0.008253,-0.031335,0.034919,1.507913,0.002441,-0.001221,0.002197,0,0,0,0,3000,3000,3000,3000,0,234,-348,0-20,0,0,0
101.266174,1.117188,-2.738281,0.000000,0.009998,0.039999,0.008263,-0.031335,0.034919,1.507913,-0.003906,0.002930,-0.002197,0,0,0,0,3000,3000,3000,3000,0,239,-352,0-20,0,0,0
101.268127,1.117188,-2.738281,0.000000,0.009998,0.039999,0.008488,-0.031335,0.034919,1.507913,0.003418,-0.000244,0.004639,0,0,0,0,3000,3000,3000,3000,0,234,-349,0-20,0,0,0
101.270073,1.117188,-2.738281,0.000000,0.009998,0.039999,0.008272,-0.031335,0.034919,1.507913,-0.006104,0.000244,-0.000488,0,0,0,0,3000,3000,3000,3000,0,240,-350,0-20,0,0,0
101.272026,1.117188,-2.738281,0.000000,0.009998,0.039999,0.008270,-0.031335,0.034919,1.507913,0.001953,0.000732,0.000977,0,0,0,0,3000,3000,3000,3000,0,235,-350,0-20,0,0,0
101.273979,1.117188,-2.738281,0.000000,0.009998,0.039999,0.008211,-0.031335,0.034919,1.507913,0.000977,0.000244,0.002686,0,0,0,0,3000,3000,3000,3000,0,236,-350,0-20,0,0,0
101.275932,1.117188,-2.738281,0.000000,0.009998,0.039999,0.008081,-0.031335,0.034919,1.507913,-0.007568,-0.001221,-0.000732,0,0,0,0,3000,3000,3000,3000,0,242,-349,0-20,0,0,0
101.277885,1.117188,-2.738281,0.000000,0.009998,0.039999,0.008236,-0.031335,0.034919,1.507913,0.006104,-0.002930,-0.000488,0,0,0,0,3000,3000,3000,3000,0,232,-347,0-20,0,0,0
101.279839,1.117188,-2.738281,0.000000,0.009998,0.039999,0.008383,-0.031335,0.034919,1.507913,-0.003906,-0.000732,-0.000732,0,0,0,0,3000,3000,3000,3000,0,239,-348,0-20,0,0,0
101.281792,1.117188,-2.738281,0.000000,0.009998,0.039999,0.008635,-0.031335,0.034919,1.507913,0.006104,0.001953,0.002197,0,0,0,0,3000,3000,3000,3000,0,232,-351,0-20,0,0,0
101.283745,1.117188,-2.738281,0.000000,0.009998,0.039999,0.008718,-0.031335,0.034919,1.507913,-0.002441,0.001953,0.000977,0,0,0,0,3000,3000,3000,3000,0,238,-351,0-20,0,0,0
101.285698,1.117188,-2.738281,0.000000,0.009998,0.039999,0.008604,-0.031335,0.034919,1.507913,-0.004883,-0.000244,-0.004395,0,0,0,0,3000,3000,3000,3000,0,239,-349,0-20,0,0,0
101.287651,1.117188,-2.738281,0.000000,0.009998,0.039999,0.008907,-0.031335,0.034919,1.507913,0.006104,-0.000244,0.003174,0,0,0,0,3000,3000,3000,3000,0,232,-349,0-20,0,0,0
101.289604,1.117188,-2.738281,0.000000,0.009998,0.039999,0.008953,-0.031335,0.034919,1.507913,-0.006104,0.001221,0.000488,0,0,0,0,3000,3000,3000,3000,0,240,-351,0-20,0,0,0
101.291557,1.117188,-2.738281,0.000000,0.009998,0.039999,0.008924,-0.031335,0.034919,1.507913,0.006592,0.000244,0.002686,0,0,0,0,3000,3000,3000,3000,0,231,-350,0-20,0,0,0
101.293518,1.117188,-2.738281,0.000000,0.009998,0.039999,0.010145,-0.031335,0.034919,1.507913,-0.002441,0.000244,0.003174,0,0,0,0,3000,3000,3000,3000,0,237,-350,0-20,0,0,0
101.295464,1.117188,-2.738281,0.000000,0.009998,0.039999,0.010143,-0.031335,0.034919,1.507913,-0.000244,0.000732,0.002197,0,0,0,0,3000,3000,3000,3000,0,236,-350,0-20,0,0,0
101.297424,1.117188,-2.738281,0.000000,0.009998,0.039999,0.010187,-0.031335,0.034919,1.507913,0.004150,-0.003418,0.004150,0,0,0,0,3000,3000,3000,3000,0,233,-346,0-20,0,0,0
101.299370,1.117188,-2.738281,0.000000,0.009998,0.039999,0.010208,-0.031335,0.034919,1.507913,-0.003906,-0.001953,-0.002197,0,0,0,0,3000,3000,3000,3000,0,238,-347,0-20,0,0,0
101.301323,1.117188,-2.738281,0.000000,0.009998,0.039999,0.010271,-0.031335,0.034919,1.507913,0.006592,0.001953,0.002686,0,0,0,0,3000,3000,3000,3000,0,231,-351,0-20,0,0,0
101.303276,1.117188,-2.738281,0.000000,0.009998,0.039999,0.010248,-0.031335,0.034919,1.507913,-0.008789,-0.001953,-0.000488,0,0,0,0,3000,3000,3000,3000,0,242,-347,0-20,0,0,0
101.305237,1.117188,-2.738281,0.000000,0.009998,0.039999,0.010416,-0.031335,0.034919,1.507913,0.001465,0.007812,0.002197,0,0,0,0,3000,3000,3000,3000,0,235,-357,0-20,0,0,0
101.307190,1.117188,-2.738281,0.000000,0.009998,0.039999,0.010523,-0.031335,0.034919,1.507913,-0.002930,0.002441,0.003174,0,0,0,0,3000,3000,3000,3000,0,238,-352,0-20,0,0,0
101.309143,1.117188,-2.738281,0.000000,0.009998,0.039999,0.010225,-0.031335,0.034919,1.507913,0.004150,-0.005127,-0.007080,0,0,0,0,3000,3000,3000,3000,0,233,-345,0-20,0,0,0
101.311096,1.117188,-2.738281,0.000000,0.009998,0.039999,0.010529,-0.031335,0.034919,1.507913,0.009277,-0.000732,0.005371,0,0,0,0,3000,3000,3000,3000,0,229,-349,0-20,0,0,0
101.313049,1.117188,-2.738281,0.000000,0.009998,0.039999,0.010775,-0.031335,0.034919,1.507913,-0.001221,-0.002441,-0.000488,0,0,0,0,3000,3000,3000,3000,0,236,-347,0-20,0,0,0
101.315002,1.117188,-2.738281,0.000000,0.009998,0.039999,0.010914,-0.031335,0.034919,1.507913,0.006104,-0.007080,-0.000488,0,0,0,0,3000,3000,3000,3000,0,230,-342,0-20,0,0,0
101.316956,1.117188,-2.738281,0.000000,-0.029999,-0.029999,0.011126,-0.031333,0.034919,1.507974,-0.008789,0.005127,0.003662,0,0,0,0,3000,3000,3000,3000,0,241,-353,0-20,0,0,0
101.318909,1.117188,-2.738281,0.000000,-0.029999,-0.029999,0.008844,-0.031333,0.034919,1.507974,0.008301,-0.007080,-0.004395,0,0,0,0,3000,3000,3000,3000,0,229,-342,0-20,0,0,0
101.320854,1.117188,-2.738281,0.000000,-0.029999,-0.029999,0.008661,-0.031333,0.034919,1.507974,-0.006592,-0.004639,0.000000,0,0,0,0,3000,3000,3000,3000,0,240,-344,0-20,0,0,0
101.322807,1.117188,-2.738281,0.000000,-0.029999,-0.029999,0.008675,-0.031333,0.034919,1.507974,-0.004883,0.001953,-0.001221,0,0,0,0,3000,3000,3000,3000,0,239,-350,0-20,0,0,0
101.324760,1.117188,-2.738281,0.000000,-0.029999,-0.029999,0.008881,-0.031333,0.034919,1.507974,0.015137,-0.007080,-0.007080,0,0,0,0,3000,3000,3000,3000,0,225,-341,0-20,0,0,0
101.326714,1.117188,-2.738281,0.000000,-0.029999,-0.029999,0.008768,-0.031333,0.034919,1.507974,-0.008301,0.006104,0.004150,0,0,0,0,3000,3000,3000,3000,0,241,-354,0-20,0,0,0
101.328674,1.117188,-2.738281,0.000000,-0.029999,-0.029999,0.008841,-0.031333,0.034919,1.507974,0.000977,0.004395,-0.000488,0,0,0,0,3000,3000,3000,3000,0,235,-353,0-20,0,0,0
101.330620,1.117188,-2.738281,0.000000,-0.029999,-0.029999,0.009096,-0.031333,0.034919,1.507974,0.006104,-0.003418,-0.000488,0,0,0,0,3000,3000,3000,3000,0,231,-346,0-20,0,0,0
101.332573,1.117188,-2.738281,0.000000,-0.029999,-0.029999,0.009048,-0.031333,0.034919,1.507974,-0.015137,0.007812,-0.001221,0,0,0,0,3000,3000,3000,3000,0,246,-357,0-20,0,0,0
101.334526,1.117188,-2.738281,0.000000,-0.029999,-0.029999,0.009230,-0.031333,0.034919,1.507974,0.010986,-0.000732,0.000488,0,0,0,0,3000,3000,3000,3000,0,228,-349,0-20,0,0,0
101.336487,1.117188,-2.738281,0.000000,-0.029999,-0.029999,0.009531,-0.031333,0.034919,1.507974,-0.007080,0.002441,0.000488,0,0,0,0,3000,3000,3000,3000,0,241,-353,0-20,0,0,0
101.338440,1.117188,-2.738281,0.000000,-0.029999,-0.029999,0.009348,-0.031333,0.034919,1.507974,0.008789,0.011475,0.002686,0,0,0,0,3000,3000,3000,3000,0,230,-362,0-20,0,0,0
101.340385,1.117188,-2.738281,0.000000,-0.029999,-0.029999,0.010103,-0.031333,0.034919,1.507974,-0.002441,-0.004639,0.000977,0,0,0,0,3000,3000,3000,3000,0,237,-347,0-20,0,0,0
101.342339,1.117188,-2.738281,0.000000,-0.029999,-0.029999,0.009974,-0.031333,0.034919,1.507974,0.003418,-0.002441,0.000977,0,0,0,0,3000,3000,3000,3000,0,233,-349,0-20,0,0,0
101.344299,1.117188,-2.738281,0.000000,-0.029999,-0.029999,0.010197,-0.031333,0.034919,1.507974,0.016846,-0.000244,0.001465,0,0,0,0,3000,3000,3000,3000,0,223,-351,0-20,0,0,0
101.346245,1.117188,-2.738281,0.000000,-0.029999,-0.029999,0.010424,-0.031333,0.034919,1.507974,-0.011963,-0.003906,0.000000,0,0,0,0,3000,3000,3000,3000,0,243,-347,0-20,0,0,0
101.348206,1.117188,-2.738281,0.000000,-0.029999,-0.029999,0.010071,-0.031333,0.034919,1.507974,-0.002930,-0.001953,0.000977,0,0,0,0,3000,3000,3000,3000,0,237,-348,0-20,0,0,0
101.350151,1.117188,-2.738281,0.000000,-0.029999,-0.029999,0.010590,-0.031333,0.034919,1.507974,-0.006592,0.002930,0.002197,0,0,0,0,3000,3000,3000,3000,0,241,-352,0-20,0,0,0
101.352104,1.117188,-2.738281,0.000000,-0.029999,-0.029999,0.010481,-0.031333,0.034919,1.507974,-0.000732,-0.002441,-0.005371,0,0,0,0,3000,3000,3000,3000,0,237,-348,0-20,0,0,0
101.354057,1.117188,-2.738281,0.000000,-0.029999,-0.029999,0.010571,-0.031333,0.034919,1.507974,-0.006592,-0.005127,0.000488,0,0,0,0,3000,3000,3000,3000,0,242,-345,0-20,0,0,0
101.356018,1.117188,-2.738281,0.000000,-0.029999,-0.029999,0.010672,-0.031333,0.034919,1.507974,-0.003906,-0.000244,-0.004883,0,0,0,0,3000,3000,3000,3000,0,240,-349,0-20,0,0,0
101.357964,1.117188,-2.738281,0.000000,-0.029999,-0.029999,0.010704,-0.031333,0.034919,1.507974,0.010986,-0.001221,-0.002686,0,0,0,0,3000,3000,3000,3000,0,230,-348,0-20,0,0,0
101.359917,1.117188,-2.738281,0.000000,-0.029999,-0.029999,0.010817,-0.031333,0.034919,1.507974,-0.009766,0.004395,-0.000488,0,0,0,0,3000,3000,3000,3000,0,244,-353,0-20,0,0,0
101.361870,1.117188,-2.738281,0.000000,-0.029999,-0.029999,0.010748,-0.031333,0.034919,1.507974,0.008789,0.002930,-0.001221,0,0,0,0,3000,3000,3000,3000,0,231,-352,0-20,0,0,0
101.363823,1.117188,-2.738281,0.000000,-0.029999,-0.029999,0.010836,-0.031333,0.034919,1.507974,0.009277,0.005615,0.001465,0,0,0,0,3000,3000,3000,3000,0,230,-355,0-20,0,0,0
101.365776,1.117188,-2.738281,0.000000,-0.029999,-0.029999,0.010887,-0.031333,0.034919,1.507974,-0.008789,0.005615,-0.000732,0,0,0,0,3000,3000,3000,3000,0,242,-356,0-20,0,0,0
101.367737,1.117188,-2.738281,0.000000,-0.029999,-0.029999,0.010891,-0.031333,0.034919,1.507974,0.013672,0.002441,-0.000732,0,0,0,0,3000,3000,3000,3000,0,226,-354,0-20,0,0,0
101.369682,1.117188,-2.738281,0.000000,-0.029999,-0.029999,0.011118,-0.031333,0.034919,1.507974,-0.003418,-0.001953,0.002197,0,0,0,0,3000,3000,3000,3000,0,238,-350,0-20,0,0,0
101.371635,1.117188,-2.738281,0.000000,-0.029999,-0.029999,0.009199,-0.031333,0.034919,1.507974,0.001953,0.004395,0.000000,0,0,0,0,3000,3000,3000,3000,0,233,-356,0-20,0,0,0
101.373589,1.117188,-2.738281,0.000000,-0.029999,-0.029999,0.009348,-0.031333,0.034919,1.507974,-0.006592,-0.007080,0.005371,0,0,0,0,3000,3000,3000,3000,0,240,-345,0-20,0,0,0
101.375542,1.117188,-2.738281,0.000000,-0.029999,-0.029999,0.009521,-0.031333,0.034919,1.507974,-0.002441,-0.001221,-0.004395,0,0,0,0,3000,3000,3000,3000,0,237,-350,0-20,0,0,0
101.377495,1.117188,-2.738281,0.000000,-0.029999,-0.029999,0.009340,-0.031333,0.034919,1.507974,0.002930,-0.000732,0.000977,0,0,0,0,3000,3000,3000,3000,0,234,-350,0-20,0,0,0
101.379448,1.117188,-2.738281,0.000000,-0.029999,-0.029999,0.009460,-0.031333,0.034919,1.507974,-0.016113,-0.005127,-0.000488,0,0,0,0,3000,3000,3000,3000,0,248,-345,0-20,0,0,0
101.381401,1.117188,-2.738281,0.000000,-0.029999,-0.029999,0.009342,-0.031333,0.034919,1.507974,0.011963,0.000732,0.000000,0,0,0,0,3000,3000,3000,3000,0,228,-350,0-20,0,0,0
101.383354,1.117188,-2.738281,0.000000,-0.029999,-0.029999,0.009560,-0.031333,0.034919,1.507974,0.005615,0.006592,0.006348,0,0,0,0,3000,3000,3000,3000,0,232,-356,0-20,0,0,0
101.385307,1.117188,-2.738281,0.000000,-0.029999,-0.029999,0.009706,-0.031333,0.034919,1.507974,-0.004395,0.004395,0.000000,0,0,0,0,3000,3000,3000,3000,0,239,-354,0-20,0,0,0
101.387260,1.117188,-2.738281,0.000000,-0.029999,-0.029999,0.009758,-0.031333,0.034919,1.507974,0.012451,0.001221,-0.000488,0,0,0,0,3000,3000,3000,3000,0,226,-352,0-20,0,0,0
101.389214,1.117188,-2.738281,0.000000,-0.029999,-0.029999,0.009876,-0.031333,0.034919,1.507974,-0.006104,0.006104,0.004150,0,0,0,0,3000,3000,3000,3000,0,239,-357,0-20,0,0,0
101.391167,1.117188,-2.738281,0.000000,-0.029999,-0.029999,0.010136,-0.031333,0.034919,1.507974,0.011475,0.001953,0.000000,0,0,0,0,3000,3000,3000,3000,0,227,-353,0-20,0,0,0
101.393127,1.117188,-2.738281,0.000000,-0.029999,-0.029999,0.010155,-0.031333,0.034919,1.507974,-0.007080,0.001953,0.002686,0,0,0,0,3000,3000,3000,3000,0,240,-354,0-20,0,0,0
101.395073,1.117188,-2.738281,0.000000,-0.029999,-0.029999,0.010399,-0.031333,0.034919,1.507974,-0.001709,0.006592,0.000488,0,0,0,0,3000,3000,3000,3000,0,236,-358,0-20,0,0,0
101.397026,1.117188,-2.738281,0.000000,-0.029999,-0.029999,0.010487,-0.031333,0.034919,1.507974,0.004639,0.001221,-0.001221,0,0,0,0,3000,3000,3000,3000,0,232,-353,0-20,0,0,0
101.398987,1.117188,-2.738281,0.000000,-0.029999,-0.029999,0.010412,-0.031333,0.034919,1.507974,-0.014648,-0.002441,-0.001709,0,0,0,0,3000,3000,3000,3000,0,246,-350,0-20,0,0,0
101.400932,1.117188,-2.738281,0.000000,-0.029999,-0.029999,0.010328,-0.031333,0.034919,1.507974,0.001465,-0.005615,-0.002686,0,0,0,0,3000,3000,3000,3000,0,235,-346,0-20,0,0,0
101.402893,1.117188,-2.738281,0.000000,-0.029999,-0.029999,0.010370,-0.031333,0.034919,1.507974,-0.002441,0.002930,-0.002686,0,0,0,0,3000,3000,3000,3000,0,238,-353,0-20,0,0,0
101.404846,1.117188,-2.738281,0.000000,-0.029999,-0.029999,0.010384,-0.031333,0.034919,1.507974,-0.010742,-0.004639,0.000977,0,0,0,0,3000,3000,3000,3000,0,244,-346,0-20,0,0,0
101.406792,1.117188,-2.738281,0.000000,-0.029999,-0.029999,0.010305,-0.031333,0.034919,1.507974,0.005615,-0.005127,-0.003174,0,0,0,0,3000,3000,3000,3000,0,233,-345,0-20,0,0,0
101.408752,1.117188,-2.738281,0.000000,-0.029999,-0.029999,0.010448,-0.031333,0.034919,1.507974,-0.008789,0.001953,-0.000732,0,0,0,0,3000,3000,3000,3000,0,243,-351,0-20,0,0,0
101.410698,1.117188,-2.738281,0.000000,-0.029999,-0.029999,0.010550,-0.031333,0.034919,1.507974,0.008301,0.000244,-0.000732,0,0,0,0,3000,3000,3000,3000,0,231,-349,0-20,0,0,0
101.412651,1.117188,-2.738281,0.000000,-0.029999,-0.029999,0.010612,-0.031333,0.034919,1.507974,-0.004395,-0.007812,-0.000488,0,0,0,0,3000,3000,3000,3000,0,240,-341,0-20,0,0,0
101.414604,1.117188,-2.738281,0.000000,-0.029999,-0.029999,0.010651,-0.031333,0.034919,1.507974,0.005127,-0.000244,0.004639,0,0,0,0,3000,3000,3000,3000,0,233,-348,0-20,0,0,0
101.416557,1.117188,-2.738281,0.000000,-0.029999,-0.029999,0.010666,-0.031333,0.034919,1.507974,0.006592,0.004395,0.002686,0,0,0,0,3000,3000,3000,3000,0,231,-352,0-20,0,0,0
101.418518,1.117188,-2.738281,0.000000,-0.029999,-0.029999,0.010712,-0.031333,0.034919,1.507974,-0.006104,-0.001221,0.003662,0,0,0,0,3000,3000,3000,3000,0,240,-347,0-20,0,0,0
101.420464,1.117188,-2.738281,0.000000,-0.029999,-0.029999,0.010929,-0.031333,0.034919,1.507974,0.009277,0.005615,0.005859,0,0,0,0,3000,3000,3000,3000,0,229,-354,0-20,0,0,0
101.422417,1.117188,-2.738281,0.000000,0.000000,-0.019999,0.008787,-0.031333,0.034919,1.507974,-0.004395,0.003418,0.003174,0,0,0,0,3000,3000,3000,3000,0,238,-353,0-20,0,0,0
101.424370,1.117188,-2.738281,0.000000,0.000000,-0.019999,0.008741,-0.031333,0.034919,1.507974,0.004150,-0.003906,0.001465,0,0,0,0,3000,3000,3000,3000,0,232,-346,0-20,0,0,0
101.426323,1.117188,-2.738281,0.000000,0.000000,-0.019999,0.008682,-0.031333,0.034919,1.507974,-0.001221,-0.001953,0.003174,0,0,0,0,3000,3000,3000,3000,0,236,-348,0-20,0,0,0
101.428284,1.117188,-2.738281,0.000000,0.000000,-0.019999,0.008734,-0.031333,0.034919,1.507974,-0.005615,0.003418,-0.002197,0,0,0,0,3000,3000,3000,3000,0,239,-353,0-20,0,0,0
101.430229,1.117188,-2.738281,0.000000,0.000000,-0.019999,0.008844,-0.031333,0.034919,1.507974,-0.000244,-0.001221,0.000488,0,0,0,0,3000,3000,3000,3000,0,236,-348,0-20,0,0,0
101.432182,1.117188,-2.738281,0.000000,0.000000,-0.019999,0.008900,-0.031333,0.034919,1.507974,-0.004395,-0.001953,-0.002197,0,0,0,0,3000,3000,3000,3000,0,239,-348,0-20,0,0,0
101.434135,1.117188,-2.738281,0.000000,0.000000,-0.019999,0.008955,-0.031333,0.034919,1.507974,0.002930,-0.000244,0.003662,0,0,0,0,3000,3000,3000,3000,0,234,-349,0-20,0,0,0
101.436089,1.117188,-2.738281,0.000000,0.000000,-0.019999,0.008942,-0.031333,0.034919,1.507974,-0.000732,-0.002930,-0.001709,0,0,0,0,3000,3000,3000,3000,0,236,-346,0-20,0,0,0
101.438057,1.117188,-2.738281,0.000000,0.000000,-0.019999,0.009020,-0.031333,0.034919,1.507974,0.005615,-0.002441,-0.000488,0,0,0,0,3000,3000,3000,3000,0,232,-347,0-20,0,0,0
101.439995,1.117188,-2.738281,0.000000,0.000000,-0.019999,0.008909,-0.031333,0.034919,1.507974,0.005127,0.000732,0.000977,0,0,0,0,3000,3000,3000,3000,0,231,-350,0-20,0,0,0
101.441948,1.117188,-2.738281,0.000000,0.000000,-0.019999,0.009048,-0.031333,0.034919,1.507974,0.000244,0.002441,-0.002197,0,0,0,0,3000,3000,3000,3000,0,234,-351,0-20,0,0,0
101.443901,1.117188,-2.738281,0.000000,0.000000,-0.019999,0.009233,-0.031333,0.034919,1.507974,0.000244,-0.000732,0.001465,0,0,0,0,3000,3000,3000,3000,0,234,-349,0-20,0,0,0
101.445854,1.117188,-2.738281,0.000000,0.000000,-0.019999,0.009073,-0.031333,0.034919,1.507974,0.000244,0.004395,-0.001221,0,0,0,0,3000,3000,3000,3000,0,234,-354,0-20,0,0,0
101.447807,1.117188,-2.738281,0.000000,0.000000,-0.019999,0.009134,-0.031333,0.034919,1.507974,-0.000732,-0.001221,-0.003174,0,0,0,0,3000,3000,3000,3000,0,235,-349,0-20,0,0,0
101.449760,1.117188,-2.738281,0.000000,0.000000,-0.019999,0.006096,-0.031333,0.034919,1.507974,-0.002441,0.002441,-0.000488,0,0,0,0,3000,3000,3000,3000,0,237,-352,0-20,0,0,0
101.451714,1.117188,-2.738281,0.000000,0.000000,-0.019999,0.006149,-0.031333,0.034919,1.507974,-0.004883,0.000732,-0.003174,0,0,0,0,3000,3000,3000,3000,0,239,-351,0-20,0,0,0
101.453667,1.117188,-2.738281,0.000000,0.000000,-0.019999,0.006248,-0.031333,0.034919,1.507974,0.001465,-0.000732,-0.000732,0,0,0,0,3000,3000,3000,3000,0,235,-350,0-20,0,0,0
101.455620,1.117188,-2.738281,0.000000,0.000000,-0.019999,0.006180,-0.031333,0.034919,1.507974,-0.004883,0.001221,-0.003174,0,0,0,0,3000,3000,3000,3000,0,239,-352,0-20,0,0,0
101.457573,1.117188,-2.738281,0.000000,0.000000,-0.019999,0.006205,-0.031333,0.034919,1.507974,0.003418,-0.002441,0.001465,0,0,0,0,3000,3000,3000,3000,0,234,-348,0-20,0,0,0
101.459526,1.117188,-2.738281,0.000000,0.000000,-0.019999,0.006376,-0.031333,0.034919,1.507974,-0.001221,0.000244,0.000000,0,0,0,0,3000,3000,3000,3000,0,237,-350,0-20,0,0,0
101.461479,1.117188,-2.738281,0.000000,0.000000,-0.019999,0.006491,-0.031333,0.034919,1.507974,0.001465,-0.001221,0.000000,0,0,0,0,3000,3000,3000,3000,0,235,-349,0-20,0,0,0
101.463432,1.117188,-2.738281,0.000000,0.000000,-0.019999,0.006655,-0.031333,0.034919,1.507974,0.010010,-0.002930,0.002197,0,0,0,0,3000,3000,3000,3000,0,228,-347,0-20,0,0,0
101.465385,1.117188,-2.738281,0.000000,0.000000,-0.019999,0.006935,-0.031333,0.034919,1.507974,-0.001221,-0.002930,0.003662,0,0,0,0,3000,3000,3000,3000,0,236,-347,0-20,0,0,0
101.467346,1.117188,-2.738281,0.000000,0.000000,-0.019999,0.006987,-0.031245,0.034951,1.508001,0.010010,-0.001953,0.001465,0,0,0,0,3000,3000,3000,3000,0,227,-347,0-20,0,0,0
101.469292,1.117188,-2.738281,0.000000,0.000000,-0.019999,0.007088,-0.031333,0.034919,1.507974,-0.003418,-0.002441,0.000977,0,0,0,0,3000,3000,3000,3000,0,237,-347,0-20,0,0,0
101.471245,1.117188,-2.738281,0.000000,0.000000,-0.019999,0.007103,-0.031333,0.034919,1.507974,0.003418,-0.002930,0.000000,0,0,0,0,3000,3000,3000,3000,0,232,-346,0-20,0,0,0
101.473198,1.117188,-2.738281,0.000000,0.000000,-0.019999,0.007088,-0.031333,0.034919,1.507974,-0.003418,0.000244,0.005859,0,0,0,0,3000,3000,3000,3000,0,237,-349,0-20,0,0,0
101.475151,1.117188,-2.738281,0.000000,0.000000,-0.019999,0.007132,-0.031333,0.034919,1.507974,-0.004395,0.000244,0.000000,0,0,0,0,3000,3000,3000,3000,0,238,-349,0-20,0,0,0
101.477104,1.117188,-2.738281,0.000000,0.000000,-0.019999,0.007299,-0.031333,0.034919,1.507974,0.005127,-0.000244,-0.001221,0,0,0,0,3000,3000,3000,3000,0,232,-349,0-20,0,0,0
101.479057,1.117188,-2.738281,0.000000,0.000000,-0.019999,0.007416,-0.031333,0.034919,1.507974,-0.006592,0.003906,-0.002197,0,0,0,0,3000,3000,3000,3000,0,240,-353,0-20,0,0,0
101.481010,1.117188,-2.738281,0.000000,0.000000,-0.019999,0.007401,-0.031333,0.034919,1.507974,0.000244,0.002930,-0.002197,0,0,0,0,3000,3000,3000,3000,0,235,-353,0-20,0,0,0
101.482964,1.117188,-2.738281,0.000000,0.000000,-0.019999,0.007568,-0.031333,0.034919,1.507974,-0.002441,0.001221,-0.001221,0,0,0,0,3000,3000,3000,3000,0,238,-352,0-20,0,0,0
101.484917,1.117188,-2.738281,0.000000,0.000000,-0.019999,0.007633,-0.031333,0.034919,1.507974,-0.006592,0.003418,-0.004883,0,0,0,0,3000,3000,3000,3000,0,241,-354,0-20,0,0,0
101.486870,1.117188,-2.738281,0.000000,0.000000,-0.019999,0.007742,-0.031333,0.034919,1.507974,0.006104,0.000244,-0.000488,0,0,0,0,3000,3000,3000,3000,0,232,-351,0-20,0,0,0
101.488831,1.117188,-2.738281,0.000000,0.000000,-0.019999,0.007889,-0.031333,0.034919,1.507974,-0.006592,0.003418,-0.001709,0,0,0,0,3000,3000,3000,3000,0,241,-355,0-20,0,0,0
101.490776,1.117188,-2.738281,0.000000,0.000000,-0.019999,0.007965,-0.031333,0.034919,1.507974,0.007324,-0.000244,0.005371,0,0,0,0,3000,3000,3000,3000,0,231,-351,0-20,0,0,0
101.492729,1.117188,-2.738281,0.000000,0.000000,-0.019999,0.008074,-0.031333,0.034919,1.507974,-0.003906,-0.003906,-0.000488,0,0,0,0,3000,3000,3000,3000,0,239,-348,0-20,0,0,0
101.494682,1.117188,-2.738281,0.000000,0.000000,-0.019999,0.008133,-0.031333,0.034919,1.507974,-0.000244,-0.003418,0.000000,0,0,0,0,3000,3000,3000,3000,0,236,-348,0-20,0,0,0
101.496651,1.117188,-2.738281,0.000000,0.000000,-0.019999,0.008198,-0.031245,0.034951,1.508001,0.005615,-0.002441,0.002197,0,0,0,0,3000,3000,3000,3000,0,232,-348,0-20,0,0,0
101.498596,1.117188,-2.738281,0.000000,0.000000,-0.019999,0.008333,-0.031333,0.034919,1.507974,-0.003906,-0.001953,-0.004883,0,0,0,0,3000,3000,3000,3000,0,239,-348,0-20,0,0,0
101.500549,1.117188,-2.738281,0.000000,0.000000,-0.019999,0.008448,-0.031333,0.034919,1.507974,0.005127,-0.004639,0.000488,0,0,0,0,3000,3000,3000,3000,0,232,-345,0-20,0,0,0
101.502502,1.117188,-2.738281,0.000000,0.000000,-0.019999,0.008266,-0.031333,0.034919,1.507974,-0.006104,-0.000732,-0.000732,0,0,0,0,3000,3000,3000,3000,0,240,-348,0-20,0,0,0
101.504448,1.117188,-2.738281,0.000000,0.000000,-0.019999,0.008379,-0.031333,0.034919,1.507974,-0.002441,-0.000732,-0.002197,0,0,0,0,3000,3000,3000,3000,0,238,-348,0-20,0,0,0
101.506401,1.117188,-2.738281,0.000000,0.000000,-0.019999,0.008606,-0.031333,0.034919,1.507974,0.004639,0.000244,0.000000,0,0,0,0,3000,3000,3000,3000,0,233,-349,0-20,0,0,0
101.508362,1.117188,-2.738281,0.000000,0.000000,-0.019999,0.008684,-0.031333,0.034919,1.507974,-0.007080,0.002441,-0.000488,0,0,0,0,3000,3000,3000,3000,0,241,-352,0-20,0,0,0
101.510307,1.117188,-2.738281,0.000000,0.000000,-0.019999,0.008574,-0.031333,0.034919,1.507974,0.007324,0.000732,0.003174,0,0,0,0,3000,3000,3000,3000,0,231,-350,0-20,0,0,0
101.512260,1.117188,-2.738281,0.000000,0.000000,-0.019999,0.008650,-0.031333,0.034919,1.507974,-0.002930,0.002930,0.000977,0,0,0,0,3000,3000,3000,3000,0,238,-353,0-20,0,0,0
101.514214,1.117188,-2.738281,0.000000,0.000000,-0.019999,0.008842,-0.031333,0.034919,1.507974,0.006104,0.001221,-0.001709,0,0,0,0,3000,3000,3000,3000,0,231,-352,0-20,0,0,0
101.516167,1.117188,-2.738281,0.000000,0.000000,-0.019999,0.008892,-0.031333,0.034919,1.507974,0.001465,0.001953,0.002197,0,0,0,0,3000,3000,3000,3000,0,234,-353,0-20,0,0,0
101.518127,1.117188,-2.738281,0.000000,0.000000,-0.019999,0.009001,-0.031333,0.034919,1.507974,-0.000732,0.000244,0.001465,0,0,0,0,3000,3000,3000,3000,0,236,-351,0-20,0,0,0
101.520073,1.117188,-2.738281,0.000000,0.000000,-0.019999,0.009148,-0.031333,0.034919,1.507974,0.007812,0.001953,-0.000488,0,0,0,0,3000,3000,3000,3000,0,229,-353,0-20,0,0,0
101.522026,1.117188,-2.738281,0.000000,0.000000,-0.019999,0.009296,-0.031333,0.034919,1.507974,-0.009277,-0.001953,0.001465,0,0,0,0,3000,3000,3000,3000,0,241,-349,0-20,0,0,0
101.523979,1.117188,-2.738281,0.000000,0.000000,-0.019999,0.009474,-0.031333,0.034919,1.507974,0.001953,-0.004639,-0.000732,0,0,0,0,3000,3000,3000,3000,0,234,-346,0-20,0,0,0
101.525932,1.117188,-2.738281,0.000000,0.000000,-0.019999,0.009644,-0.031333,0.034919,1.507974,-0.006104,-0.002441,-0.003906,0,0,0,0,3000,3000,3000,3000,0,240,-348,0-20,0,0,0
101.527893,1.117188,-2.738281,0.000000,0.000000,-0.019999,0.018776,-0.031333,0.034919,1.507974,-0.000732,0.000244,-0.002686,0,0,0,0,3000,3000,3000,3000,0,236,-350,0-20,0,0,0
101.529839,1.117188,-2.738281,0.000000,0.000000,-0.019999,0.019003,-0.031333,0.034919,1.507974,0.000977,0.001953,0.000488,0,0,0,0,3000,3000,3000,3000,0,235,-352,0-20,0,0,0
101.531792,1.117188,-2.738281,0.000000,0.000000,-0.019999,0.019066,-0.031333,0.034919,1.507974,-0.007568,-0.000244,-0.001709,0,0,0,0,3000,3000,3000,3000,0,242,-350,0-20,0,0,0
101.533745,1.117188,-2.738281,0.000000,0.000000,-0.019999,0.019291,-0.031333,0.034919,1.507974,0.001953,0.000244,0.002686,0,0,0,0,3000,3000,3000,3000,0,235,-350,0-20,0,0,0
101.535698,1.117188,-2.738281,0.000000,0.000000,-0.019999,0.019321,-0.031333,0.034919,1.507974,-0.003418,0.003906,-0.002686,0,0,0,0,3000,3000,3000,3000,0,239,-354,0-20,0,0,0
101.537651,1.117188,-2.738281,0.000000,0.000000,-0.019999,0.019449,-0.031333,0.034919,1.507974,0.004639,-0.000732,-0.000732,0,0,0,0,3000,3000,3000,3000,0,233,-350,0-20,0,0,0
101.539612,1.117188,-2.738281,0.000000,0.000000,-0.019999,0.019444,-0.031333,0.034919,1.507974,0.001953,-0.000732,-0.001221,0,0,0,0,3000,3000,3000,3000,0,235,-350,0-20,0,0,0
101.541557,1.117188,-2.738281,0.000000,0.000000,-0.019999,0.019615,-0.031333,0.034919,1.507974,-0.003906,0.002930,-0.002197,0,0,0,0,3000,3000,3000,3000,0,239,-353,0-20,0,0,0
101.543510,1.117188,-2.738281,0.000000,-0.009998,-0.009998,0.019758,-0.031333,0.034919,1.507974,0.006104,0.001953,0.002686,0,0,0,0,3000,3000,3000,3000,0,231,-353,0-20,0,0,0
101.545464,1.117188,-2.738281,0.000000,-0.009998,-0.009998,0.013096,-0.031333,0.034919,1.507974,-0.002930,0.002441,-0.000732,0,0,0,0,3000,3000,3000,3000,0,238,-353,0-20,0,0,0
101.547417,1.117188,-2.738281,0.000000,-0.009998,-0.009998,0.013311,-0.031333,0.034919,1.507974,0.004639,-0.001221,-0.000488,0,0,0,0,3000,3000,3000,3000,0,232,-350,0-20,0,0,0
101.549370,1.117188,-2.738281,0.000000,-0.009998,-0.009998,0.013348,-0.031333,0.034919,1.507974,0.002441,-0.000244,0.002197,0,0,0,0,3000,3000,3000,3000,0,233,-351,0-20,0,0,0
101.551338,1.117188,-2.738281,0.000000,-0.009998,-0.009998,0.013416,-0.031333,0.034919,1.507974,-0.002930,0.002441,-0.001221,0,0,0,0,3000,3000,3000,3000,0,237,-353,0-20,0,0,0
101.553284,1.117188,-2.738281,0.000000,-0.009998,-0.009998,0.013491,-0.031333,0.034919,1.507974,0.003418,0.000244,0.002686,0,0,0,0,3000,3000,3000,3000,0,233,-351,0-20,0,0,0
101.555229,1.117188,-2.738281,0.000000,-0.009998,-0.009998,0.013765,-0.031333,0.034919,1.507974,-0.006104,0.000732,-0.000732,0,0,0,0,3000,3000,3000,3000,0,239,-352,0-20,0,0,0
101.557182,1.117188,-2.738281,0.000000,-0.009998,-0.009998,0.013853,-0.031333,0.034919,1.507974,0.003418,-0.001953,0.000000,0,0,0,0,3000,3000,3000,3000,0,233,-349,0-20,0,0,0
101.559135,1.117188,-2.738281,0.000000,-0.009998,-0.009998,0.013960,-0.031333,0.034919,1.507974,0.000977,0.001221,0.000488,0,0,0,0,3000,3000,3000,3000,0,235,-352,0-20,0,0,0
101.561096,1.117188,-2.738281,0.000000,-0.009998,-0.009998,0.013874,-0.031333,0.034919,1.507974,-0.003906,0.000732,-0.000732,0,0,0,0,3000,3000,3000,3000,0,238,-351,0-20,0,0,0
101.563042,1.117188,-2.738281,0.000000,-0.009998,-0.009998,0.013872,-0.031333,0.034919,1.507974,0.007324,-0.001221,0.000488,0,0,0,0,3000,3000,3000,3000,0,230,-349,0-20,0,0,0
101.565010,1.117188,-2.738281,0.000000,-0.009998,-0.009998,0.013882,-0.031333,0.034919,1.507974,-0.005615,0.000244,-0.001709,0,0,0,0,3000,3000,3000,3000,0,239,-351,0-20,0,0,0
101.566948,1.117188,-2.738281,0.000000,-0.009998,-0.009998,0.013943,-0.031333,0.034919,1.507974,0.006592,0.002441,0.000000,0,0,0,0,3000,3000,3000,3000,0,230,-353,0-20,0,0,0
101.568909,1.117188,-2.738281,0.000000,-0.009998,-0.009998,0.014069,-0.031333,0.034919,1.507974,-0.001709,-0.001953,-0.001709,0,0,0,0,3000,3000,3000,3000,0,236,-348,0-20,0,0,0
101.570854,1.117188,-2.738281,0.000000,-0.009998,-0.009998,0.014032,-0.031333,0.034919,1.507974,0.001953,0.001221,-0.004883,0,0,0,0,3000,3000,3000,3000,0,234,-351,0-20,0,0,0
101.572807,1.117188,-2.738281,0.000000,-0.009998,-0.009998,0.014021,-0.031333,0.034919,1.507974,-0.000244,-0.000732,-0.001709,0,0,0,0,3000,3000,3000,3000,0,235,-349,0-20,0,0,0
101.574760,1.117188,-2.738281,0.000000,-0.009998,-0.009998,0.014061,-0.031337,0.034919,1.507970,-0.003906,0.002441,-0.003174,0,0,0,0,3000,3000,3000,3000,0,238,-352,0-20,0,0,0
101.576714,1.117188,-2.738281,0.000000,-0.009998,-0.009998,0.014103,-0.031337,0.034919,1.507970,0.004639,0.001221,0.000488,0,0,0,0,3000,3000,3000,3000,0,232,-351,0-20,0,0,0
101.578674,1.117188,-2.738281,0.000000,-0.009998,-0.009998,0.014233,-0.031337,0.034919,1.507970,-0.001709,-0.000244,0.000488,0,0,0,0,3000,3000,3000,3000,0,236,-350,0-20,0,0,0
101.580620,1.117188,-2.738281,0.000000,-0.009998,-0.009998,0.014252,-0.031335,0.034919,1.507913,0.001465,-0.000732,-0.002197,0,0,0,0,3000,3000,3000,3000,0,234,-350,0-20,0,0,0
101.582588,1.117188,-2.738281,0.000000,-0.009998,-0.009998,0.014334,-0.031335,0.034919,1.507913,0.005615,-0.000732,0.005371,0,0,0,0,3000,3000,3000,3000,0,231,-349,0-20,0,0,0
101.584534,1.117188,-2.738281,0.000000,-0.009998,-0.009998,0.014179,-0.031335,0.034919,1.507913,-0.002930,-0.000244,-0.001709,0,0,0,0,3000,3000,3000,3000,0,237,-350,0-20,0,0,0
101.586487,1.117188,-2.738281,0.000000,-0.009998,-0.009998,0.014204,-0.031335,0.034919,1.507913,0.007324,-0.001953,0.000488,0,0,0,0,3000,3000,3000,3000,0,230,-348,0-20,0,0,0
101.588440,1.117188,-2.738281,0.000000,-0.009998,-0.009998,0.014162,-0.031335,0.034919,1.507913,-0.004883,0.000244,-0.001221,0,0,0,0,3000,3000,3000,3000,0,238,-350,0-20,0,0,0
101.590385,1.117188,-2.738281,0.000000,-0.009998,-0.009998,0.014278,-0.031335,0.034919,1.507913,0.004639,-0.001953,0.000488,0,0,0,0,3000,3000,3000,3000,0,232,-348,0-20,0,0,0
101.592354,1.117188,-2.738281,0.000000,-0.009998,-0.009998,0.014380,-0.031335,0.034919,1.507913,-0.002930,-0.000732,0.000488,0,0,0,0,3000,3000,3000,3000,0,237,-349,0-20,0,0,0
101.594299,1.117188,-2.738281,0.000000,-0.009998,-0.009998,0.014368,-0.031335,0.034919,1.507913,0.001953,0.003906,0.000977,0,0,0,0,3000,3000,3000,3000,0,234,-353,0-20,0,0,0
101.596252,1.117188,-2.738281,0.000000,-0.009998,-0.009998,0.014332,-0.031335,0.034919,1.507913,0.005127,0.002930,0.001465,0,0,0,0,3000,3000,3000,3000,0,231,-353,0-20,0,0,0
101.598206,1.117188,-2.738281,0.000000,-0.009998,-0.009998,0.014465,-0.031335,0.034919,1.507913,-0.005615,0.001953,0.000977,0,0,0,0,3000,3000,3000,3000,0,239,-352,0-20,0,0,0
101.600151,1.117188,-2.738281,0.000000,-0.009998,-0.009998,0.014570,-0.031335,0.034919,1.507913,0.005127,0.002441,0.003662,0,0,0,0,3000,3000,3000,3000,0,232,-353,0-20,0,0,0
101.602104,1.117188,-2.738281,0.000000,-0.009998,-0.009998,0.014727,-0.031335,0.034919,1.507913,-0.004395,0.004395,-0.001709,0,0,0,0,3000,3000,3000,3000,0,238,-355,0-20,0,0,0
101.604057,1.117188,-2.738281,0.000000,-0.009998,-0.009998,0.014845,-0.031335,0.034919,1.507913,-0.002930,0.000244,-0.000732,0,0,0,0,3000,3000,3000,3000,0,238,-351,0-20,0,0,0
101.606018,1.117188,-2.738281,0.000000,-0.009998,-0.009998,0.018127,-0.031335,0.034919,1.507913,0.002930,0.003418,0.002197,0,0,0,0,3000,3000,3000,3000,0,234,-354,0-20,0,0,0
101.607964,1.117188,-2.738281,0.000000,-0.009998,-0.009998,0.018145,-0.031335,0.034919,1.507913,-0.006592,-0.001953,0.000977,0,0,0,0,3000,3000,3000,3000,0,241,-349,0-20,0,0,0
101.609917,1.117188,-2.738281,0.000000,-0.009998,-0.009998,0.018085,-0.031335,0.034919,1.507913,0.002441,-0.001953,-0.000488,0,0,0,0,3000,3000,3000,3000,0,235,-349,0-20,0,0,0
101.611870,1.117188,-2.738281,0.000000,-0.009998,-0.009998,0.018114,-0.031335,0.034919,1.507913,-0.006104,0.001953,-0.001709,0,0,0,0,3000,3000,3000,3000,0,241,-352,0-20,0,0,0
101.613823,1.117188,-2.738281,0.000000,-0.009998,-0.009998,0.018164,-0.031335,0.034919,1.507913,0.000977,-0.002930,-0.000488,0,0,0,0,3000,3000,3000,3000,0,236,-348,0-20,0,0,0
101.615776,1.117188,-2.738281,0.003906,-0.009998,-0.009998,0.018280,-0.031335,0.034919,1.507913,0.002441,-0.001221,0.001465,0,0,0,0,3000,3000,3000,3000,0,235,-349,0-20,0,0,0
101.617729,1.117188,-2.738281,0.003906,-0.009998,-0.009998,0.018244,-0.031335,0.034919,1.507913,-0.007080,-0.000244,-0.001709,0,0,0,0,3000,3000,3000,3000,0,242,-350,0-20,0,0,0
101.619690,1.117188,-2.738281,0.003906,-0.009998,-0.009998,0.018332,-0.031335,0.034919,1.507913,0.009277,-0.002441,0.000977,0,0,0,0,3000,3000,3000,3000,0,230,-347,0-20,0,0,0
101.621635,1.117188,-2.738281,0.003906,-0.009998,-0.009998,0.018379,-0.031335,0.034919,1.507913,-0.006104,0.000244,0.000000,0,0,0,0,3000,3000,3000,3000,0,241,-350,0-20,0,0,0
101.623589,1.117188,-2.738281,0.003906,-0.009998,-0.009998,0.018459,-0.031335,0.034919,1.507913,0.002441,-0.000244,0.000488,0,0,0,0,3000,3000,3000,3000,0,234,-349,0-20,0,0,0
101.625542,1.117188,-2.738281,0.003906,-0.009998,-0.009998,0.018616,-0.031335,0.034919,1.507913,-0.000732,0.001953,-0.002197,0,0,0,0,3000,3000,3000,3000,0,237,-351,0-20,0,0,0
101.627495,1.117188,-2.738281,0.003906,-0.009998,-0.009998,0.018677,-0.031335,0.034919,1.507913,-0.006104,0.001221,-0.001221,0,0,0,0,3000,3000,3000,3000,0,241,-351,0-20,0,0,0
101.629448,1.117188,-2.738281,0.003906,-0.009998,-0.009998,0.018866,-0.031335,0.034919,1.507913,0.001465,0.001221,0.002197,0,0,0,0,3000,3000,3000,3000,0,235,-351,0-20,0,0,0
101.631401,1.117188,-2.738281,0.003906,-0.009998,-0.009998,0.018946,-0.031335,0.034919,1.507913,-0.006592,-0.000732,0.001465,0,0,0,0,3000,3000,3000,3000,0,241,-349,0-20,0,0,0
101.633354,1.117188,-2.738281,0.003906,-0.009998,-0.009998,0.019104,-0.031335,0.034919,1.507913,0.005127,0.002441,0.000000,0,0,0,0,3000,3000,3000,3000,0,233,-352,0-20,0,0,0
101.635307,1.117188,-2.738281,0.003906,-0.009998,-0.009998,0.019026,-0.031335,0.034919,1.507913,-0.002441,0.000732,0.002197,0,0,0,0,3000,3000,3000,3000,0,238,-351,0-20,0,0,0
101.637260,1.117188,-2.738281,0.003906,-0.009998,-0.009998,0.019091,-0.031335,0.034919,1.507913,-0.000732,0.002441,-0.001709,0,0,0,0,3000,3000,3000,3000,0,237,-353,0-20,0,0,0
101.639221,1.117188,-2.738281,0.003906,-0.009998,-0.009998,0.019224,-0.031335,0.034919,1.507913,0.006592,0.001953,0.000977,0,0,0,0,3000,3000,3000,3000,0,231,-352,0-20,0,0,0
101.641167,1.117188,-2.738281,0.003906,-0.009998,-0.009998,0.019234,-0.031335,0.034919,1.507913,-0.008301,-0.000244,0.000488,0,0,0,0,3000,3000,3000,3000,0,242,-350,0-20,0,0,0
101.643120,1.117188,-2.738281,0.003906,-0.009998,-0.009998,0.019157,-0.031335,0.034919,1.507913,0.006592,-0.000244,0.000488,0,0,0,0,3000,3000,3000,3000,0,231,-350,0-20,0,0,0
101.645073,1.117188,-2.738281,0.003906,-0.009998,-0.009998,0.019167,-0.031335,0.034919,1.507913,-0.002441,-0.001221,-0.001221,0,0,0,0,3000,3000,3000,3000,0,237,-349,0-20,0,0,0
101.647026,1.117188,-2.738281,0.003906,-0.009998,-0.009998,0.019251,-0.031335,0.034919,1.507913,0.000977,0.000244,0.000488,0,0,0,0,3000,3000,3000,3000,0,235,-350,0-20,0,0,0
101.648987,1.117188,-2.738281,0.003906,-0.009998,-0.009998,0.019220,-0.031335,0.034919,1.507913,0.003418,-0.003418,0.001465,0,0,0,0,3000,3000,3000,3000,0,233,-347,0-20,0,0,0
101.650932,1.117188,-2.738281,0.003906,-0.009998,-0.009998,0.019093,-0.031335,0.034919,1.507913,-0.003418,0.000732,-0.007568,0,0,0,0,3000,3000,3000,3000,0,238,-350,0-20,0,0,0
101.652885,1.117188,-2.738281,0.003906,-0.009998,-0.009998,0.019289,-0.031335,0.034919,1.507913,0.005127,-0.000244,-0.000488,0,0,0,0,3000,3000,3000,3000,0,232,-349,0-20,0,0,0
101.654839,1.117188,-2.738281,0.003906,-0.009998,-0.009998,0.019157,-0.031335,0.034919,1.507913,-0.004883,0.000732,-0.000488,0,0,0,0,3000,3000,3000,3000,0,239,-350,0-20,0,0,0
101.656792,1.117188,-2.738281,0.003906,-0.009998,-0.009998,0.019192,-0.031335,0.034919,1.507913,0.000977,0.002930,-0.000488,0,0,0,0,3000,3000,3000,3000,0,235,-352,0-20,0,0,0
101.658752,1.117188,-2.738281,0.003906,-0.009998,-0.009998,0.019192,-0.031335,0.034919,1.507913,0.001953,0.000244,0.000977,0,0,0,0,3000,3000,3000,3000,0,234,-350,0-20,0,0,0
101.660698,1.117188,-2.738281,0.003906,-0.009998,-0.009998,0.019278,-0.031335,0.034919,1.507913,-0.003906,0.000732,-0.002686,0,0,0,0,3000,3000,3000,3000,0,238,-351,0-20,0,0,0
101.662651,1.117188,-2.738281,0.003906,-0.009998,-0.009998,0.019478,-0.031335,0.034919,1.507913,0.006592,0.002441,0.003174,0,0,0,0,3000,3000,3000,3000,0,231,-353,0-20,0,0,0
101.664604,1.117188,-2.738281,0.003906,-0.009998,-0.009998,0.019468,-0.031335,0.034919,1.507913,-0.005615,-0.001221,-0.000732,0,0,0,0,3000,3000,3000,3000,0,239,-349,0-20,0,0,0
101.666557,1.117188,-2.738281,0.003906,-0.009998,-0.009998,0.019531,-0.031335,0.034919,1.507913,0.004639,-0.001221,0.000000,0,0,0,0,3000,3000,3000,3000,0,232,-349,0-20,0,0,0
101.668518,1.117188,-2.738281,0.003906,-0.009998,-0.009998,0.019445,-0.031335,0.034919,1.507913,-0.003418,-0.002441,0.003662,0,0,0,0,3000,3000,3000,3000,0,238,-348,0-20,0,0,0
101.670464,1.117188,-2.738281,0.003906,-0.009998,-0.009998,0.019524,-0.031335,0.034919,1.507913,0.001465,-0.000732,0.001465,0,0,0,0,3000,3000,3000,3000,0,234,-349,0-20,0,0,0
101.672417,1.117188,-2.738281,0.003906,-0.009998,-0.009998,0.019644,-0.031335,0.034919,1.507913,0.006104,-0.001221,0.005371,0,0,0,0,3000,3000,3000,3000,0,231,-348,0-20,0,0,0
101.674370,1.117188,-2.738281,0.003906,-0.009998,-0.009998,0.019648,-0.031335,0.034919,1.507913,-0.008789,0.000244,-0.000732,0,0,0,0,3000,3000,3000,3000,0,241,-350,0-20,0,0,0
101.676323,1.117188,-2.738281,0.003906,-0.009998,-0.009998,0.019808,-0.031335,0.034919,1.507913,0.006104,-0.003906,0.002686,0,0,0,0,3000,3000,3000,3000,0,231,-346,0-20,0,0,0
101.678284,1.117188,-2.738281,0.003906,-0.009998,-0.009998,0.019926,-0.031335,0.034919,1.507913,-0.002930,-0.000732,0.000977,0,0,0,0,3000,3000,3000,3000,0,237,-348,0-20,0,0,0
101.680229,1.117188,-2.738281,0.003906,-0.009998,-0.009998,0.019947,-0.031335,0.034919,1.507913,-0.000244,-0.000732,-0.002686,0,0,0,0,3000,3000,3000,3000,0,235,-348,0-20,0,0,0
101.682182,1.117188,-2.738281,0.003906,-0.009998,-0.009998,0.020090,-0.031335,0.034919,1.507913,0.001465,0.000244,0.000000,0,0,0,0,3000,3000,3000,3000,0,234,-349,0-20,0,0,0
101.684135,1.117188,-2.738281,0.003906,-0.009998,-0.009998,0.019190,-0.031335,0.034919,1.507913,-0.004883,-0.001221,-0.001709,0,0,0,0,3000,3000,3000,3000,0,239,-348,0-20,0,0,0
101.686089,1.117188,-2.738281,0.003906,-0.009998,-0.009998,0.019382,-0.031335,0.034919,1.507913,0.002930,-0.000732,0.001465,0,0,0,0,3000,3000,3000,3000,0,234,-348,0-20,0,0,0
101.688049,1.117188,-2.738281,0.003906,-0.009998,-0.009998,0.019506,-0.031335,0.034919,1.507913,-0.005615,0.003906,-0.003906,0,0,0,0,3000,3000,3000,3000,0,240,-353,0-20,0,0,0
101.690002,1.117188,-2.738281,0.003906,-0.009998,-0.009998,0.019567,-0.031335,0.034919,1.507913,0.002930,0.000732,-0.002686,0,0,0,0,3000,3000,3000,3000,0,234,-350,0-20,0,0,0
101.691948,1.117188,-2.738281,0.003906,-0.009998,-0.009998,0.019484,-0.031335,0.034919,1.507913,-0.003418,0.003906,0.002197,0,0,0,0,3000,3000,3000,3000,0,238,-354,0-20,0,0,0
101.693901,1.117188,-2.738281,0.003906,-0.009998,-0.009998,0.019493,-0.031335,0.034919,1.507913,-0.007568,0.001953,-0.001221,0,0,0,0,3000,3000,3000,3000,0,242,-352,0-20,0,0,0
101.695854,1.117188,-2.738281,0.003906,-0.009998,-0.009998,0.019638,-0.031335,0.034919,1.507913,0.005127,-0.000244,0.001465,0,0,0,0,3000,3000,3000,3000,0,233,-351,0-20,0,0,0
101.697807,1.117188,-2.738281,0.003906,-0.009998,-0.009998,0.019478,-0.031335,0.034919,1.507913,-0.005615,-0.000244,-0.003174,0,0,0,0,3000,3000,3000,3000,0,240,-351,0-20,0,0,0
101.699768,1.117188,-2.738281,0.003906,-0.009998,-0.009998,0.019684,-0.031335,0.034919,1.507913,0.006104,-0.000244,-0.000488,0,0,0,0,3000,3000,3000,3000,0,232,-350,0-20,0,0,0
101.701714,1.117188,-2.738281,0.003906,-0.009998,-0.009998,0.019653,-0.031335,0.034919,1.507913,0.000977,0.001221,-0.001221,0,0,0,0,3000,3000,3000,3000,0,235,-352,0-20,0,0,0
101.703667,1.117188,-2.738281,0.003906,-0.009998,-0.009998,0.019712,-0.031335,0.034919,1.507913,-0.001221,-0.002441,-0.001221,0,0,0,0,3000,3000,3000,3000,0,237,-348,0-20,0,0,0
101.705620,1.117188,-2.738281,0.003906,-0.009998,-0.009998,0.019903,-0.031335,0.034919,1.507913,0.007324,-0.002930,0.003174,0,0,0,0,3000,3000,3000,3000,0,230,-347,0-20,0,0,0
101.707573,1.117188,-2.738281,0.003906,-0.009998,-0.009998,0.019926,-0.031335,0.034919,1.507913,-0.004395,-0.002930,-0.000488,0,0,0,0,3000,3000,3000,3000,0,238,-347,0-20,0,0,0
101.709526,1.117188,-2.738281,0.003906,-0.009998,-0.009998,0.020042,-0.031335,0.034919,1.507913,0.005615,-0.000732,0.000488,0,0,0,0,3000,3000,3000,3000,0,231,-349,0-20,0,0,0
101.711479,1.117188,-2.738281,0.003906,-0.009998,-0.009998,0.020153,-0.031335,0.034919,1.507913,-0.000732,0.000244,0.000488,0,0,0,0,3000,3000,3000,3000,0,235,-350,0-20,0,0,0
101.713432,1.117188,-2.738281,0.003906,-0.009998,-0.009998,0.020201,-0.031335,0.034919,1.507913,-0.002930,0.002930,0.000000,0,0,0,0,3000,3000,3000,3000,0,237,-352,0-20,0,0,0
101.715393,1.117188,-2.738281,0.003906,-0.009998,-0.009998,0.020155,-0.031335,0.034919,1.507913,0.006592,-0.000244,0.000977,0,0,0,0,3000,3000,3000,3000,0,230,-350,0-20,0,0,0
101.717346,1.117188,-2.738281,0.003906,-0.009998,-0.009998,0.020271,-0.031335,0.034919,1.507913,-0.004395,-0.000244,-0.001709,0,0,0,0,3000,3000,3000,3000,0,238,-350,0-20,0,0,0
101.719292,1.117188,-2.738281,0.003906,-0.009998,-0.009998,0.020388,-0.031335,0.034919,1.507913,0.006104,0.002930,0.000977,0,0,0,0,3000,3000,3000,3000,0,231,-353,0-20,0,0,0
101.721245,1.117188,-2.738281,0.003906,-0.009998,-0.009998,0.020624,-0.031335,0.034919,1.507913,-0.004395,-0.001953,-0.001221,0,0,0,0,3000,3000,3000,3000,0,238,-348,0-20,0,0,0
101.723198,1.117188,-2.738281,0.003906,-0.009998,-0.009998,0.020794,-0.031335,0.034919,1.507913,0.005615,-0.000732,-0.002197,0,0,0,0,3000,3000,3000,3000,0,231,-350,0-20,0,0,0
101.725151,1.117188,-2.738281,0.003906,-0.009998,-0.009998,0.020758,-0.031335,0.034919,1.507913,0.000244,-0.000244,0.000977,0,0,0,0,3000,3000,3000,3000,0,235,-350,0-20,0,0,0
101.727104,1.117188,-2.738281,0.003906,-0.009998,-0.009998,0.020805,-0.031335,0.034919,1.507913,-0.002930,0.001221,-0.004395,0,0,0,0,3000,3000,3000,3000,0,237,-351,0-20,0,0,0
101.729057,1.117188,-2.738281,0.003906,-0.009998,-0.009998,0.020887,-0.031335,0.034919,1.507913,0.002441,0.000732,0.000488,0,0,0,0,3000,3000,3000,3000,0,233,-351,0-20,0,0,0
101.731010,1.117188,-2.738281,0.003906,-0.009998,-0.009998,0.020952,-0.031335,0.034919,1.507913,-0.008301,-0.000244,0.000000,0,0,0,0,3000,3000,3000,3000,0,241,-350,0-20,0,0,0
101.732964,1.117188,-2.738281,0.003906,-0.009998,-0.009998,0.021067,-0.031335,0.034919,1.507913,0.003418,-0.000244,-0.000488,0,0,0,0,3000,3000,3000,3000,0,233,-350,0-20,0,0,0
101.734917,1.117188,-2.738281,0.003906,-0.009998,-0.009998,0.021141,-0.031335,0.034919,1.507913,0.001953,0.002441,0.000000,0,0,0,0,3000,3000,3000,3000,0,234,-353,0-20,0,0,0
101.736870,1.117188,-2.738281,0.003906,-0.009998,-0.009998,0.021193,-0.031335,0.034919,1.507913,-0.002930,0.000244,-0.001221,0,0,0,0,3000,3000,3000,3000,0,238,-351,0-20,0,0,0
101.738831,1.117188,-2.738281,0.003906,-0.009998,-0.009998,0.021301,-0.031335,0.034919,1.507913,0.007812,0.002441,0.000000,0,0,0,0,3000,3000,3000,3000,0,230,-353,0-20,0,0,0
101.740776,1.117188,-2.738281,0.003906,-0.009998,-0.009998,0.021238,-0.031335,0.034919,1.507913,-0.009277,-0.000244,-0.001709,0,0,0,0,3000,3000,3000,3000,0,242,-351,0-20,0,0,0
101.742729,1.117188,-2.738281,0.003906,-0.009998,-0.009998,0.021385,-0.031335,0.034919,1.507913,0.006592,-0.003906,-0.000732,0,0,0,0,3000,3000,3000,3000,0,231,-347,0-20,0,0,0
101.744682,1.117188,-2.738281,0.003906,-0.009998,-0.009998,0.021347,-0.031335,0.034919,1.507913,-0.003906,-0.000244,0.000000,0,0,0,0,3000,3000,3000,3000,0,238,-350,0-20,0,0,0
101.746635,1.117188,-2.738281,0.003906,-0.009998,-0.009998,0.021315,-0.031335,0.034919,1.507913,0.002441,0.000244,-0.001709,0,0,0,0,3000,3000,3000,3000,0,234,-350,0-20,0,0,0
101.748604,1.117188,-2.738281,0.003906,-0.009998,-0.009998,0.021338,-0.031335,0.034919,1.507913,0.000244,-0.000244,0.001465,0,0,0,0,3000,3000,3000,3000,0,235,-350,0-20,0,0,0
101.750557,1.117188,-2.738281,0.003906,-0.009998,-0.009998,0.021397,-0.031335,0.034919,1.507913,-0.003418,-0.000244,-0.000732,0,0,0,0,3000,3000,3000,3000,0,238,-350,0-20,0,0,0
101.752502,1.117188,-2.738281,0.003906,-0.009998,-0.009998,0.021589,-0.031335,0.034919,1.507913,0.006104,0.001221,-0.000488,0,0,0,0,3000,3000,3000,3000,0,231,-351,0-20,0,0,0
101.754448,1.117188,-2.738281,0.003906,-0.009998,-0.009998,0.021719,-0.031335,0.034919,1.507913,-0.001709,0.001953,-0.001709,0,0,0,0,3000,3000,3000,3000,0,237,-352,0-20,0,0,0
101.756401,1.117188,-2.738281,0.003906,-0.009998,-0.009998,0.021826,-0.031335,0.034919,1.507913,0.000244,-0.002441,0.000488,0,0,0,0,3000,3000,3000,3000,0,235,-348,0-20,0,0,0
101.758362,1.117188,-2.738281,0.003906,-0.009998,-0.009998,0.021946,-0.031335,0.034919,1.507913,0.001953,0.002441,0.000977,0,0,0,0,3000,3000,3000,3000,0,234,-352,0-20,0,0,0
101.760307,1.117188,-2.738281,0.003906,-0.009998,-0.009998,0.021975,-0.031335,0.034919,1.507913,-0.006592,0.000732,-0.002686,0,0,0,0,3000,3000,3000,3000,0,240,-351,0-20,0,0,0
101.762260,1.117188,-2.738281,0.003906,-0.009998,-0.009998,0.018553,-0.031335,0.034919,1.507913,0.004150,-0.002441,0.002197,0,0,0,0,3000,3000,3000,3000,0,233,-348,0-20,0,0,0
101.764214,1.117188,-2.738281,0.003906,-0.009998,-0.009998,0.018711,-0.031335,0.034919,1.507913,-0.005615,-0.002930,-0.001709,0,0,0,0,3000,3000,3000,3000,0,240,-347,0-20,0,0,0
101.766174,1.117188,-2.738281,0.003906,-0.009998,-0.009998,0.018808,-0.031335,0.034919,1.507913,0.004639,0.002441,0.000000,0,0,0,0,3000,3000,3000,3000,0,233,-352,0-20,0,0,0
101.768127,1.117188,-2.738281,0.003906,-0.009998,-0.009998,0.018843,-0.031335,0.034919,1.507913,-0.000732,-0.000732,-0.002197,0,0,0,0,3000,3000,3000,3000,0,236,-349,0-20,0,0,0
101.770073,1.117188,-2.738281,0.003906,-0.009998,-0.009998,0.018986,-0.031335,0.034919,1.507913,-0.000732,-0.000732,-0.001709,0,0,0,0,3000,3000,3000,3000,0,236,-349,0-20,0,0,0
101.772026,1.117188,-2.738281,0.003906,-0.009998,-0.009998,0.019053,-0.031335,0.034919,1.507913,0.006104,-0.002441,0.002197,0,0,0,0,3000,3000,3000,3000,0,231,-347,0-20,0,0,0
101.773979,1.117188,-2.738281,0.003906,-0.009998,-0.009998,0.019012,-0.031335,0.034919,1.507913,-0.001709,0.003906,-0.000732,0,0,0,0,3000,3000,3000,3000,0,237,-353,0-20,0,0,0
101.775932,1.117188,-2.738281,0.003906,-0.009998,-0.009998,0.018951,-0.031335,0.034919,1.507913,0.006104,-0.000732,0.000000,0,0,0,0,3000,3000,3000,3000,0,231,-349,0-20,0,0,0
101.777885,1.117188,-2.738281,0.003906,-0.009998,-0.009998,0.019011,-0.031335,0.034919,1.507913,-0.003418,0.000244,0.000977,0,0,0,0,3000,3000,3000,3000,0,237,-350,0-20,0,0,0
101.779839,1.117188,-2.738281,0.003906,-0.009998,-0.009998,0.018988,-0.031335,0.034919,1.507913,-0.000244,-0.001221,0.000488,0,0,0,0,3000,3000,3000,3000,0,235,-349,0-20,0,0,0
101.781792,1.117188,-2.738281,0.003906,-0.009998,-0.009998,0.018965,-0.031335,0.034919,1.507913,0.002930,-0.001221,0.000000,0,0,0,0,3000,3000,3000,3000,0,233,-349,0-20,0,0,0
101.783745,1.117188,-2.738281,0.003906,-0.009998,-0.009998,0.019234,-0.031335,0.034919,1.507913,-0.008301,0.000732,-0.000732,0,0,0,0,3000,3000,3000,3000,0,241,-350,0-20,0,0,0
101.785698,1.117188,-2.738281,0.003906,-0.009998,-0.009998,0.019279,-0.031335,0.034919,1.507913,0.010010,-0.001953,0.002197,0,0,0,0,3000,3000,3000,3000,0,229,-348,0-20,0,0,0
101.787651,1.117188,-2.738281,0.003906,-0.009998,-0.009998,0.019258,-0.031335,0.034919,1.507913,-0.005615,0.001221,-0.003174,0,0,0,0,3000,3000,3000,3000,0,239,-351,0-20,0,0,0
101.789612,1.117188,-2.738281,0.003906,-0.009998,-0.009998,0.019268,-0.031335,0.034919,1.507913,0.000244,0.002441,0.000000,0,0,0,0,3000,3000,3000,3000,0,235,-352,0-20,0,0,0
101.791557,1.117188,-2.738281,0.003906,-0.009998,-0.009998,0.019335,-0.031335,0.034919,1.507913,0.001465,-0.001221,0.003662,0,0,0,0,3000,3000,3000,3000,0,235,-349,0-20,0,0,0
101.793510,1.117188,-2.738281,0.003906,-0.009998,-0.009998,0.019447,-0.031335,0.034919,1.507913,-0.004395,-0.001221,0.000488,0,0,0,0,3000,3000,3000,3000,0,239,-349,0-20,0,0,0
101.795471,1.117188,-2.738281,0.003906,-0.009998,-0.009998,0.019463,-0.031335,0.034919,1.507913,0.007324,-0.000244,-0.002197,0,0,0,0,3000,3000,3000,3000,0,231,-350,0-20,0,0,0
101.797417,1.117188,-2.738281,0.003906,-0.009998,-0.009998,0.019497,-0.031335,0.034919,1.507913,-0.003418,-0.000244,-0.000732,0,0,0,0,3000,3000,3000,3000,0,238,-350,0-20,0,0,0
101.799377,1.117188,-2.738281,0.003906,-0.009998,-0.009998,0.019564,-0.031335,0.034919,1.507913,0.003418,-0.002441,-0.001709,0,0,0,0,3000,3000,3000,3000,0,233,-348,0-20,0,0,0
101.801331,1.117188,-2.738281,0.003906,-0.009998,-0.009998,0.019691,-0.031335,0.034919,1.507913,-0.001709,0.002441,0.000000,0,0,0,0,3000,3000,3000,3000,0,237,-352,0-20,0,0,0
101.803291,1.117188,-2.738281,0.003906,0.009998,0.039999,0.019655,-0.031335,0.034919,1.507913,-0.003418,-0.002930,0.001465,0,0,0,0,3000,3000,3000,3000,0,238,-347,0-20,0,0,0
101.805237,1.117188,-2.738281,0.000000,0.009998,0.039999,0.008379,-0.031335,0.034919,1.507913,0.004150,0.000244,0.004150,0,0,0,0,3000,3000,3000,3000,0,233,-350,0-20,0,0,0
101.807198,1.117188,-2.750000,0.000000,0.000000,-0.009998,0.006586,-0.031246,0.034949,1.507918,-0.002930,-0.000732,-0.003906,0,0,0,0,3000,3000,3000,3000,0,238,-349,0-20,0,0,0
101.810143,1.117188,-2.750000,0.000000,0.000000,-0.009998,0.006756,-0.031335,0.034919,1.507913,0.004639,-0.001221,0.001465,0,0,0,0,3000,3000,3000,3000,0,232,-349,0-20,0,0,0
101.811096,1.117188,-2.750000,0.000000,0.000000,-0.009998,0.006756,-0.031335,0.034919,1.507913,0.004639,-0.001221,0.001465,0,0,0,0,3000,3000,3000,3000,0,232,-348,0-20,0,0,0
101.813049,1.117188,-2.750000,0.000000,0.000000,-0.009998,0.007029,-0.031274,0.034980,1.507913,-0.000244,-0.001953,-0.001221,0,0,0,0,3000,3000,3000,3000,0,235,-348,0-20,0,0,0
101.815002,1.117188,-2.750000,0.000000,0.000000,-0.009998,0.007090,-0.031274,0.034980,1.507913,0.004150,0.000244,-0.001221,0,0,0,0,3000,3000,3000,3000,0,232,-350,0-20,0,0,0
101.816956,1.117188,-2.750000,0.000000,0.000000,-0.009998,0.007177,-0.031274,0.034980,1.507913,-0.005615,0.002930,-0.004395,0,0,0,0,3000,3000,3000,3000,0,239,-353,0-20,0,0,0
101.818909,1.117188,-2.750000,0.000000,0.000000,-0.009998,0.007246,-0.031274,0.034980,1.507913,0.006104,0.002930,0.000000,0,0,0,0,3000,3000,3000,3000,0,230,-353,0-20,0,0,0
101.820862,1.117188,-2.750000,0.000000,0.000000,-0.009998,0.007210,-0.031274,0.034980,1.507913,-0.005615,-0.000244,-0.000488,0,0,0,0,3000,3000,3000,3000,0,239,-351,0-20,0,0,0
101.822815,1.117188,-2.750000,0.000000,0.000000,-0.009998,0.007359,-0.031274,0.034980,1.507913,0.004150,-0.002930,0.001465,0,0,0,0,3000,3000,3000,3000,0,232,-348,0-20,0,0,0
101.824768,1.117188,-2.750000,0.000000,0.000000,-0.009998,0.007513,-0.031274,0.034980,1.507913,0.002441,0.000732,-0.001709,0,0,0,0,3000,3000,3000,3000,0,233,-351,0-20,0,0,0
101.826721,1.117188,-2.750000,0.000000,0.000000,-0.009998,0.007652,-0.031274,0.034980,1.507913,-0.002930,-0.000244,-0.001221,0,0,0,0,3000,3000,3000,3000,0,237,-350,0-20,0,0,0
101.828674,1.117188,-2.750000,0.000000,-0.080000,-0.169998,0.006777,-0.031274,0.034980,1.507913,0.007812,-0.002441,0.004150,0,0,0,0,3000,3000,3000,3000,0,229,-348,0-20,0,0,0
101.830627,1.117188,-2.750000,0.000000,-0.080000,-0.169998,0.006645,-0.031274,0.034980,1.507913,-0.006104,0.000244,-0.001221,0,0,0,0,3000,3000,3000,3000,0,239,-351,0-20,0,0,0
101.832581,1.117188,-2.750000,0.000000,-0.080000,-0.169998,0.006702,-0.031274,0.034980,1.507913,0.000977,0.002441,-0.002686,0,0,0,0,3000,3000,3000,3000,0,234,-353,0-20,0,0,0
101.834534,1.117188,-2.750000,0.000000,-0.080000,-0.169998,0.006773,-0.031274,0.034980,1.507913,-0.000732,-0.000732,0.000000,0,0,0,0,3000,3000,3000,3000,0,236,-350,0-20,0,0,0
101.836487,1.117188,-2.750000,0.000000,-0.080000,-0.169998,0.006830,-0.031274,0.034980,1.507913,-0.003418,-0.002930,-0.000488,0,0,0,0,3000,3000,3000,3000,0,238,-348,0-20,0,0,0
101.838440,1.117188,-2.750000,0.000000,-0.080000,-0.169998,0.006815,-0.031274,0.034980,1.507913,0.004150,-0.000244,0.001465,0,0,0,0,3000,3000,3000,3000,0,233,-350,0-20,0,0,0
101.840393,1.117188,-2.750000,0.000000,-0.080000,-0.169998,0.007086,-0.031274,0.034980,1.507913,-0.008301,-0.001953,-0.004883,0,0,0,0,3000,3000,3000,3000,0,242,-348,0-20,0,0,0
101.842346,1.117188,-2.750000,0.000000,-0.080000,-0.169998,0.006952,-0.031274,0.034980,1.507913,0.004639,0.000244,-0.000732,0,0,0,0,3000,3000,3000,3000,0,233,-350,0-20,0,0,0
101.844299,1.117188,-2.750000,0.000000,-0.080000,-0.169998,0.006954,-0.031274,0.034980,1.507913,-0.002441,0.001221,-0.001709,0,0,0,0,3000,3000,3000,3000,0,238,-351,0-20,0,0,0
101.846252,1.117188,-2.750000,0.000000,-0.080000,-0.169998,0.007076,-0.031274,0.034980,1.507913,0.000244,-0.000244,-0.001221,0,0,0,0,3000,3000,3000,3000,0,236,-350,0-20,0,0,0
101.848206,1.117188,-2.750000,0.000000,-0.080000,-0.169998,0.007221,-0.031205,0.034994,1.507918,0.006104,-0.000732,0.002197,0,0,0,0,3000,3000,3000,3000,0,231,-350,0-20,0,0,0
101.850159,1.117188,-2.750000,0.000000,-0.080000,-0.169998,0.007147,-0.031274,0.034980,1.507913,-0.004395,0.003906,0.000000,0,0,0,0,3000,3000,3000,3000,0,239,-354,0-20,0,0,0
101.852112,1.117188,-2.750000,0.000000,-0.080000,-0.169998,0.007347,-0.031274,0.034980,1.507913,0.005127,-0.000732,0.002686,0,0,0,0,3000,3000,3000,3000,0,232,-350,0-20,0,0,0
101.854065,1.117188,-2.750000,0.000000,-0.080000,-0.169998,0.007534,-0.031274,0.034980,1.507913,-0.002441,0.000244,0.000488,0,0,0,0,3000,3000,3000,3000,0,237,-351,0-20,0,0,0
101.856018,1.117188,-2.750000,0.000000,-0.080000,-0.169998,0.007669,-0.031274,0.034980,1.507913,0.003418,0.000244,-0.001221,0,0,0,0,3000,3000,3000,3000,0,233,-351,0-20,0,0,0
101.857971,1.117188,-2.750000,0.000000,-0.080000,-0.169998,0.007643,-0.031274,0.034980,1.507913,0.002441,0.001221,0.003662,0,0,0,0,3000,3000,3000,3000,0,233,-352,0-20,0,0,0
101.859924,1.117188,-2.750000,0.000000,-0.080000,-0.169998,0.007601,-0.031274,0.034980,1.507913,-0.004395,-0.000732,0.000000,0,0,0,0,3000,3000,3000,3000,0,238,-350,0-20,0,0,0
101.861877,1.117188,-2.750000,0.000000,-0.080000,-0.169998,0.007627,-0.031274,0.034980,1.507913,0.005127,-0.003418,0.000977,0,0,0,0,3000,3000,3000,3000,0,232,-348,0-20,0,0,0
101.863831,1.117188,-2.750000,0.000000,-0.080000,-0.169998,0.007607,-0.031274,0.034980,1.507913,-0.009277,0.002441,-0.000488,0,0,0,0,3000,3000,3000,3000,0,242,-353,0-20,0,0,0
101.865784,1.117188,-2.750000,0.000000,-0.080000,-0.169998,0.007662,-0.031274,0.034980,1.507913,0.000244,0.001221,-0.000732,0,0,0,0,3000,3000,3000,3000,0,236,-352,0-20,0,0,0
101.867737,1.117188,-2.750000,0.000000,-0.080000,-0.169998,0.007708,-0.031274,0.034980,1.507913,0.003418,-0.000244,0.001465,0,0,0,0,3000,3000,3000,3000,0,233,-351,0-20,0,0,0
101.869690,1.117188,-2.750000,0.000000,-0.080000,-0.169998,0.007738,-0.031274,0.034980,1.507913,-0.003418,-0.001953,-0.001221,0,0,0,0,3000,3000,3000,3000,0,238,-349,0-20,0,0,0
101.871643,1.117188,-2.750000,0.000000,-0.080000,-0.169998,0.007818,-0.031274,0.034980,1.507913,0.004639,-0.000732,0.001465,0,0,0,0,3000,3000,3000,3000,0,232,-350,0-20,0,0,0
101.873596,1.117188,-2.750000,0.000000,-0.080000,-0.169998,0.008066,-0.031274,0.034980,1.507913,-0.005615,0.001221,0.002197,0,0,0,0,3000,3000,3000,3000,0,240,-352,0-20,0,0,0
101.875549,1.117188,-2.750000,0.000000,-0.080000,-0.169998,0.008102,-0.031274,0.034980,1.507913,0.003418,0.000732,0.000000,0,0,0,0,3000,3000,3000,3000,0,233,-351,0-20,0,0,0
101.877502,1.117188,-2.750000,0.000000,-0.080000,-0.169998,0.008190,-0.031274,0.034980,1.507913,0.000977,0.000732,0.003174,0,0,0,0,3000,3000,3000,3000,0,235,-351,0-20,0,0,0
101.879456,1.117188,-2.750000,0.000000,-0.080000,-0.169998,0.008348,-0.031274,0.034980,1.507913,0.000977,0.000244,-0.004395,0,0,0,0,3000,3000,3000,3000,0,235,-351,0-20,0,0,0
101.881409,1.117188,-2.750000,0.000000,-0.080000,-0.169998,0.008307,-0.031274,0.034980,1.507913,0.002441,0.001953,0.001465,0,0,0,0,3000,3000,3000,3000,0,233,-353,0-20,0,0,0
101.883362,1.117188,-2.750000,0.000000,-0.080000,-0.169998,0.008190,-0.031274,0.034980,1.507913,-0.000732,0.001221,0.002197,0,0,0,0,3000,3000,3000,3000,0,236,-352,0-20,0,0,0
101.885315,1.117188,-2.750000,0.000000,-0.080000,-0.169998,0.008240,-0.031274,0.034980,1.507913,0.004150,0.001953,0.002197,0,0,0,0,3000,3000,3000,3000,0,232,-353,0-20,0,0,0
101.887268,1.117188,-2.750000,0.000000,-0.080000,-0.169998,0.008333,-0.031274,0.034980,1.507913,-0.003418,0.001953,-0.001221,0,0,0,0,3000,3000,3000,3000,0,237,-353,0-20,0,0,0
101.889221,1.117188,-2.750000,0.000000,-0.080000,-0.169998,0.008526,-0.031274,0.034980,1.507913,-0.002930,0.000244,-0.001221,0,0,0,0,3000,3000,3000,3000,0,237,-352,0-20,0,0,0
101.891174,1.117188,-2.750000,0.000000,-0.080000,-0.169998,0.008596,-0.031274,0.034980,1.507913,0.001953,-0.001953,0.000977,0,0,0,0,3000,3000,3000,3000,0,234,-350,0-20,0,0,0
101.893127,1.117188,-2.750000,0.000000,-0.080000,-0.169998,0.008568,-0.031274,0.034980,1.507913,-0.008301,-0.001221,-0.001709,0,0,0,0,3000,3000,3000,3000,0,241,-350,0-20,0,0,0
101.895081,1.117188,-2.750000,0.000000,-0.080000,-0.169998,0.008642,-0.031274,0.034980,1.507913,0.005615,-0.001221,0.000488,0,0,0,0,3000,3000,3000,3000,0,232,-350,0-20,0,0,0
101.897034,1.117188,-2.750000,0.000000,-0.080000,-0.169998,0.008615,-0.031274,0.034980,1.507913,-0.002441,0.000732,-0.000732,0,0,0,0,3000,3000,3000,3000,0,237,-351,0-20,0,0,0
101.898994,1.117188,-2.750000,0.000000,-0.080000,-0.169998,0.008495,-0.031274,0.034980,1.507913,0.005127,0.001953,0.002197,0,0,0,0,3000,3000,3000,3000,0,232,-352,0-20,0,0,0
101.900940,1.117188,-2.750000,0.000000,-0.080000,-0.169998,0.008545,-0.031274,0.034980,1.507913,-0.003418,0.003418,0.000977,0,0,0,0,3000,3000,3000,3000,0,238,-354,0-20,0,0,0
101.902893,1.117188,-2.750000,0.000000,-0.080000,-0.169998,0.008747,-0.031274,0.034980,1.507913,-0.004395,0.002441,-0.001221,0,0,0,0,3000,3000,3000,3000,0,239,-353,0-20,0,0,0
101.904846,1.117188,-2.750000,0.000000,-0.080000,-0.169998,0.008892,-0.031274,0.034980,1.507913,0.005127,0.000244,-0.001709,0,0,0,0,3000,3000,3000,3000,0,232,-352,0-20,0,0,0
101.906799,1.117188,-2.750000,0.000000,-0.080000,-0.169998,0.008825,-0.031274,0.034980,1.507913,-0.005615,0.000244,-0.000732,0,0,0,0,3000,3000,3000,3000,0,240,-352,0-20,0,0,0
101.908752,1.117188,-2.750000,0.000000,-0.080000,-0.169998,0.008814,-0.031274,0.034980,1.507913,0.002441,-0.000732,0.002197,0,0,0,0,3000,3000,3000,3000,0,234,-350,0-20,0,0,0
101.910706,1.117188,-2.750000,0.000000,-0.080000,-0.169998,0.008787,-0.031274,0.034980,1.507913,-0.000244,0.000732,-0.002686,0,0,0,0,3000,3000,3000,3000,0,236,-352,0-20,0,0,0
101.912659,1.117188,-2.750000,0.000000,-0.080000,-0.169998,0.008801,-0.031274,0.034980,1.507913,-0.005615,-0.000732,0.003662,0,0,0,0,3000,3000,3000,3000,0,240,-350,0-20,0,0,0
101.914612,1.117188,-2.750000,0.000000,-0.080000,-0.169998,0.008726,-0.031274,0.034980,1.507913,0.003418,-0.000732,0.003174,0,0,0,0,3000,3000,3000,3000,0,233,-350,0-20,0,0,0
101.916565,1.117188,-2.750000,0.000000,-0.080000,-0.169998,0.008865,-0.031274,0.034980,1.507913,-0.010254,0.001221,-0.001709,0,0,0,0,3000,3000,3000,3000,0,243,-352,0-20,0,0,0
101.918526,1.117188,-2.750000,0.000000,-0.080000,-0.169998,0.009975,-0.031274,0.034980,1.507913,0.006592,0.001953,0.000000,0,0,0,0,3000,3000,3000,3000,0,232,-352,0-20,0,0,0
101.920471,1.117188,-2.750000,0.000000,-0.080000,-0.169998,0.010031,-0.031274,0.034980,1.507913,-0.003906,-0.000244,0.001465,0,0,0,0,3000,3000,3000,3000,0,239,-350,0-20,0,0,0
101.922424,1.117188,-2.750000,0.000000,-0.080000,-0.169998,0.010170,-0.031274,0.034980,1.507913,0.003418,0.002441,0.000000,0,0,0,0,3000,3000,3000,3000,0,233,-353,0-20,0,0,0
101.924377,1.117188,-2.750000,0.000000,-0.080000,-0.169998,0.010300,-0.031274,0.034980,1.507913,0.001465,0.001953,0.004150,0,0,0,0,3000,3000,3000,3000,0,235,-353,0-20,0,0,0
101.926331,1.117188,-2.750000,0.000000,-0.080000,-0.169998,0.010315,-0.031274,0.034980,1.507913,-0.006104,0.000244,-0.002197,0,0,0,0,3000,3000,3000,3000,0,240,-351,0-20,0,0,0
101.928284,1.117188,-2.750000,0.000000,-0.080000,-0.169998,0.010353,-0.031274,0.034980,1.507913,0.008301,0.002930,0.000977,0,0,0,0,3000,3000,3000,3000,0,230,-354,0-20,0,0,0
101.930237,1.117188,-2.750000,0.000000,-0.080000,-0.169998,0.010300,-0.031274,0.034980,1.507913,-0.011475,0.003418,0.000977,0,0,0,0,3000,3000,3000,3000,0,243,-354,0-20,0,0,0
101.932190,1.117188,-2.750000,0.000000,-0.080000,-0.169998,0.010408,-0.031335,0.035041,1.507913,0.002441,0.001953,-0.000732,0,0,0,0,3000,3000,3000,3000,0,234,-354,0-20,0,0,0
101.934143,1.117188,-2.738281,0.000000,-0.009998,-0.029999,0.010288,-0.031335,0.035041,1.507913,0.008301,-0.004639,0.003662,0,0,0,0,3000,3000,3000,3000,0,230,-347,0-20,0,0,0
101.936096,1.117188,-2.738281,0.000000,-0.009998,-0.029999,0.007757,-0.031335,0.035041,1.507913,-0.006104,0.000732,-0.002197,0,0,0,0,3000,3000,3000,3000,0,240,-352,0-20,0,0,0
101.938057,1.117188,-2.738281,0.000000,-0.009998,-0.029999,0.007702,-0.031335,0.035041,1.507913,0.012451,-0.006592,0.000977,0,0,0,0,3000,3000,3000,3000,0,226,-345,0-20,0,0,0
101.940002,1.117188,-2.738281,0.000000,-0.009998,-0.029999,0.007822,-0.031335,0.035041,1.507913,-0.011475,-0.000732,-0.003906,0,0,0,0,3000,3000,3000,3000,0,243,-349,0-20,0,0,0
101.941956,1.117188,-2.738281,0.000000,-0.009998,-0.029999,0.008179,-0.031335,0.035041,1.507913,0.007812,-0.001221,-0.000732,0,0,0,0,3000,3000,3000,3000,0,229,-349,0-20,0,0,0
101.943909,1.117188,-2.738281,0.000000,-0.009998,-0.029999,0.007711,-0.031335,0.035041,1.507913,-0.001221,-0.007812,-0.001221,0,0,0,0,3000,3000,3000,3000,0,236,-342,0-20,0,0,0
101.945862,1.117188,-2.738281,0.000000,-0.009998,-0.029999,0.007515,-0.031335,0.035041,1.507913,-0.015625,0.001953,0.002686,0,0,0,0,3000,3000,3000,3000,0,246,-351,0-20,0,0,0
101.947815,1.117188,-2.738281,0.000000,-0.009998,-0.029999,0.007711,-0.031335,0.035041,1.507913,0.015869,-0.004639,-0.000732,0,0,0,0,3000,3000,3000,3000,0,225,-344,0-20,0,0,0
101.949768,1.117188,-2.738281,0.000000,-0.009998,-0.029999,0.007582,-0.031335,0.035041,1.507913,-0.008301,0.001221,-0.003174,0,0,0,0,3000,3000,3000,3000,0,241,-350,0-20,0,0,0
101.951721,1.117188,-2.738281,0.000000,-0.009998,-0.029999,0.007551,-0.031335,0.035041,1.507913,-0.000244,0.001953,0.000000,0,0,0,0,3000,3000,3000,3000,0,236,-351,0-20,0,0,0
101.953674,1.117188,-2.738281,0.000000,-0.009998,-0.029999,0.007856,-0.031335,0.035041,1.507913,0.006592,-0.000244,-0.001221,0,0,0,0,3000,3000,3000,3000,0,231,-349,0-20,0,0,0
101.955627,1.117188,-2.738281,0.000000,-0.009998,-0.029999,0.007816,-0.031335,0.035041,1.507913,-0.006104,0.004395,0.000977,0,0,0,0,3000,3000,3000,3000,0,240,-354,0-20,0,0,0
101.957581,1.117188,-2.738281,0.000000,-0.009998,-0.029999,0.007896,-0.031335,0.035041,1.507913,0.003418,-0.000732,0.002686,0,0,0,0,3000,3000,3000,3000,0,233,-350,0-20,0,0,0
101.959534,1.117188,-2.738281,0.000000,-0.009998,-0.029999,0.008011,-0.031335,0.035041,1.507913,0.001953,0.000732,-0.000732,0,0,0,0,3000,3000,3000,3000,0,234,-351,0-20,0,0,0
101.961487,1.117188,-2.738281,0.000000,-0.009998,-0.029999,0.007982,-0.031335,0.035041,1.507913,0.006592,0.008301,0.003662,0,0,0,0,3000,3000,3000,3000,0,230,-359,0-20,0,0,0
101.963440,1.117188,-2.738281,0.000000,-0.009998,-0.029999,0.008125,-0.031335,0.035041,1.507913,-0.004883,0.000732,0.003662,0,0,0,0,3000,3000,3000,3000,0,238,-352,0-20,0,0,0
101.965393,1.117188,-2.738281,0.000000,-0.009998,-0.029999,0.008385,-0.031335,0.035041,1.507913,0.000244,-0.006104,0.000000,0,0,0,0,3000,3000,3000,3000,0,235,-346,0-20,0,0,0
101.967346,1.117188,-2.738281,0.000000,-0.009998,-0.029999,0.008366,-0.031335,0.035041,1.507913,0.013184,-0.001953,0.006348,0,0,0,0,3000,3000,3000,3000,0,225,-349,0-20,0,0,0
101.969299,1.117188,-2.738281,0.000000,-0.009998,-0.029999,0.008673,-0.031335,0.035041,1.507913,-0.009766,-0.002441,0.000000,0,0,0,0,3000,3000,3000,3000,0,241,-348,0-20,0,0,0
101.971252,1.117188,-2.738281,0.000000,-0.009998,-0.029999,0.008574,-0.031335,0.035041,1.507913,0.002930,-0.001953,0.004639,0,0,0,0,3000,3000,3000,3000,0,232,-348,0-20,0,0,0
101.973206,1.117188,-2.738281,0.000000,-0.009998,-0.029999,0.008459,-0.031335,0.035041,1.507913,-0.015625,0.000732,0.002686,0,0,0,0,3000,3000,3000,3000,0,246,-351,0-20,0,0,0
101.975159,1.117188,-2.738281,0.000000,-0.009998,-0.029999,0.008831,-0.031335,0.035041,1.507913,0.003418,-0.003906,-0.000488,0,0,0,0,3000,3000,3000,3000,0,234,-346,0-20,0,0,0
101.977112,1.117188,-2.738281,0.000000,-0.009998,-0.029999,0.008562,-0.031335,0.035041,1.507913,-0.000732,0.000732,-0.003174,0,0,0,0,3000,3000,3000,3000,0,237,-351,0-20,0,0,0
101.979065,1.117188,-2.738281,0.000000,-0.009998,-0.029999,0.008717,-0.031335,0.035041,1.507913,-0.011963,0.002930,-0.002197,0,0,0,0,3000,3000,3000,3000,0,245,-353,0-20,0,0,0
101.981018,1.117188,-2.738281,0.000000,-0.009998,-0.029999,0.008820,-0.031335,0.035041,1.507913,0.015869,0.002441,-0.002686,0,0,0,0,3000,3000,3000,3000,0,225,-353,0-20,0,0,0
101.982971,1.117188,-2.738281,0.000000,-0.009998,-0.029999,0.008823,-0.031335,0.035041,1.507913,-0.002441,0.001221,-0.004883,0,0,0,0,3000,3000,3000,3000,0,238,-352,0-20,0,0,0
101.984924,1.117188,-2.738281,0.000000,-0.009998,-0.029999,0.008978,-0.031335,0.035041,1.507913,0.000244,0.000244,-0.000732,0,0,0,0,3000,3000,3000,3000,0,235,-352,0-20,0,0,0
101.986877,1.117188,-2.738281,0.000000,-0.009998,-0.029999,0.008959,-0.031335,0.035041,1.507913,0.005615,0.003906,0.001465,0,0,0,0,3000,3000,3000,3000,0,232,-355,0-20,0,0,0
101.988831,1.117188,-2.738281,0.000000,-0.009998,-0.029999,0.009125,-0.031335,0.035041,1.507913,-0.002441,0.006104,0.000488,0,0,0,0,3000,3000,3000,3000,0,237,-358,0-20,0,0,0
101.990784,1.117188,-2.738281,0.000000,-0.009998,-0.029999,0.009111,-0.031335,0.035041,1.507913,0.006592,-0.000244,0.002686,0,0,0,0,3000,3000,3000,3000,0,230,-352,0-20,0,0,0
101.992737,1.117188,-2.738281,0.000000,-0.009998,-0.029999,0.009197,-0.031335,0.035041,1.507913,-0.001221,-0.000732,0.000000,0,0,0,0,3000,3000,3000,3000,0,236,-352,0-20,0,0,0
101.994690,1.117188,-2.738281,0.000000,-0.009998,-0.029999,0.009401,-0.031335,0.035041,1.507913,0.007812,-0.002441,0.000488,0,0,0,0,3000,3000,3000,3000,0,229,-350,0-20,0,0,0
101.996643,1.117188,-2.738281,0.000000,-0.009998,-0.029999,0.009600,-0.031335,0.035041,1.507913,-0.004883,-0.003418,0.000977,0,0,0,0,3000,3000,3000,3000,0,238,-348,0-20,0,0,0
101.998596,1.117188,-2.738281,0.000000,-0.009998,-0.029999,0.009747,-0.031335,0.035041,1.507913,-0.002930,-0.003906,0.002197,0,0,0,0,3000,3000,3000,3000,0,237,-347,0-20,0,0,0
102.000549,1.117188,-2.738281,0.000000,-0.009998,-0.029999,0.009727,-0.031335,0.035041,1.507913,0.001465,0.001221,0.000977,0,0,0,0,3000,3000,3000,3000,0,234,-352,0-20,0,0,0
102.002502,1.117188,-2.738281,0.000000,-0.009998,-0.029999,0.009846,-0.031335,0.035041,1.507913,-0.015137,-0.009766,0.000000,0,0,0,0,3000,3000,3000,3000,0,246,-341,0-20,0,0,0
102.004456,1.117188,-2.738281,0.000000,-0.009998,-0.029999,0.010132,-0.031335,0.035041,1.507913,-0.002930,-0.007812,0.000488,0,0,0,0,3000,3000,3000,3000,0,239,-342,0-20,0,0,0
102.006409,1.117188,-2.738281,0.000000,-0.009998,-0.029999,0.010075,-0.031335,0.035041,1.507913,0.005127,0.008789,0.002686,0,0,0,0,3000,3000,3000,3000,0,233,-357,0-20,0,0,0
102.008362,1.117188,-2.738281,0.000000,-0.009998,-0.029999,0.010216,-0.031335,0.035041,1.507913,0.000244,0.001221,0.000977,0,0,0,0,3000,3000,3000,3000,0,236,-351,0-20,0,0,0
102.010315,1.117188,-2.738281,0.000000,-0.009998,-0.029999,0.010221,-0.031335,0.035041,1.507913,0.004150,-0.003418,0.003174,0,0,0,0,3000,3000,3000,3000,0,233,-347,0-20,0,0,0
102.012268,1.117188,-2.738281,0.000000,-0.009998,-0.029999,0.010225,-0.031335,0.035041,1.507913,-0.000244,0.001221,0.002686,0,0,0,0,3000,3000,3000,3000,0,236,-351,0-20,0,0,0
102.014221,1.117188,-2.738281,0.000000,-0.009998,-0.029999,0.010328,-0.031335,0.035041,1.507913,0.008301,-0.000732,0.005371,0,0,0,0,3000,3000,3000,3000,0,230,-349,0-20,0,0,0
102.016174,1.117188,-2.738281,0.000000,-0.009998,-0.029999,0.010366,-0.031335,0.035041,1.507913,0.002441,-0.005127,0.002197,0,0,0,0,3000,3000,3000,3000,0,233,-345,0-20,0,0,0
102.018127,1.117188,-2.738281,0.000000,-0.009998,-0.029999,0.010553,-0.031335,0.035041,1.507913,0.000244,0.001221,-0.000732,0,0,0,0,3000,3000,3000,3000,0,234,-351,0-20,0,0,0
102.020081,1.117188,-2.738281,0.000000,-0.009998,-0.029999,0.010586,-0.031335,0.035041,1.507913,0.001953,0.010254,0.000000,0,0,0,0,3000,3000,3000,3000,0,233,-360,0-20,0,0,0
102.022034,1.117188,-2.738281,0.000000,-0.009998,-0.029999,0.010723,-0.031335,0.035041,1.507913,-0.002930,-0.002930,-0.002197,0,0,0,0,3000,3000,3000,3000,0,237,-349,0-20,0,0,0
102.023987,1.117188,-2.738281,0.000000,-0.009998,-0.029999,0.010996,-0.031335,0.035041,1.507913,-0.003906,-0.005615,0.000000,0,0,0,0,3000,3000,3000,3000,0,238,-346,0-20,0,0,0
102.025940,1.117188,-2.738281,0.000000,-0.009998,-0.029999,0.010906,-0.031335,0.035041,1.507913,-0.007080,-0.001953,-0.006348,0,0,0,0,3000,3000,3000,3000,0,241,-349,0-20,0,0,0
102.027893,1.117188,-2.738281,0.000000,-0.009998,-0.029999,0.011259,-0.031335,0.035041,1.507913,0.000977,-0.005615,0.000488,0,0,0,0,3000,3000,3000,3000,0,236,-345,0-20,0,0,0
102.029846,1.117188,-2.738281,0.000000,-0.009998,-0.029999,0.011295,-0.031335,0.035041,1.507913,-0.006592,-0.001221,-0.002686,0,0,0,0,3000,3000,3000,3000,0,241,-349,0-20,0,0,0
102.031799,1.117188,-2.738281,0.000000,-0.009998,-0.029999,0.011253,-0.031335,0.035041,1.507913,0.003418,0.002930,0.000000,0,0,0,0,3000,3000,3000,3000,0,234,-353,0-20,0,0,0
102.033752,1.117188,-2.738281,0.000000,-0.009998,-0.029999,0.011524,-0.031335,0.035041,1.507913,-0.001709,-0.006104,0.000488,0,0,0,0,3000,3000,3000,3000,0,238,-344,0-20,0,0,0
102.035706,1.117188,-2.738281,0.000000,-0.009998,-0.029999,0.011393,-0.031335,0.035041,1.507913,0.001953,0.000244,-0.004395,0,0,0,0,3000,3000,3000,3000,0,235,-350,0-20,0,0,0
102.037659,1.117188,-2.738281,0.000000,-0.009998,-0.029999,0.011713,-0.031335,0.035041,1.507913,-0.000244,0.001221,0.003174,0,0,0,0,3000,3000,3000,3000,0,236,-351,0-20,0,0,0
102.039612,1.117188,-2.738281,0.000000,-0.009998,-0.029999,0.011654,-0.031335,0.035041,1.507913,0.000244,0.001953,0.000000,0,0,0,0,3000,3000,3000,3000,0,236,-352,0-20,0,0,0
102.041565,1.117188,-2.738281,0.000000,-0.009998,-0.029999,0.011713,-0.031335,0.035041,1.507913,0.004639,0.002441,0.000488,0,0,0,0,3000,3000,3000,3000,0,233,-353,0-20,0,0,0
102.046448,1.117188,-2.738281,0.000000,-0.009998,-0.029999,0.011873,-0.031335,0.035041,1.507913,0.002930,0.000244,0.004150,0,0,0,0,3000,3000,3000,3000,0,233,-352,0-20,0,0,0
102.047432,1.117188,-2.738281,0.000000,-0.009998,-0.029999,0.012217,-0.031158,0.034953,1.508001,-0.002930,-0.001953,0.002197,0,0,0,0,3000,3000,3000,3000,0,233,-352,0-20,0,0,0
102.049377,1.117188,-2.738281,0.000000,-0.009998,-0.029999,0.012268,-0.031211,0.034980,1.507974,-0.006592,0.000732,0.000488,0,0,0,0,3000,3000,3000,3000,0,239,-352,0-20,0,0,0
102.051331,1.117188,-2.738281,0.000000,-0.009998,-0.029999,0.012457,-0.031211,0.034980,1.507974,0.005615,0.005127,-0.004395,0,0,0,0,3000,3000,3000,3000,0,231,-356,0-20,0,0,0
102.053284,1.117188,-2.738281,0.000000,-0.009998,-0.029999,0.012459,-0.031211,0.034980,1.507974,-0.007080,-0.009277,0.001465,0,0,0,0,3000,3000,3000,3000,0,240,-342,0-20,0,0,0
102.055237,1.117188,-2.738281,0.000000,-0.009998,-0.029999,0.012409,-0.031211,0.034980,1.507974,0.001465,-0.001221,0.000977,0,0,0,0,3000,3000,3000,3000,0,234,-349,0-20,0,0,0
102.057190,1.117188,-2.738281,0.000000,-0.009998,-0.029999,0.012556,-0.031211,0.034980,1.507974,0.000244,-0.000732,0.000977,0,0,0,0,3000,3000,3000,3000,0,235,-349,0-20,0,0,0
102.059143,1.117188,-2.738281,0.000000,0.000000,0.000000,0.008207,-0.031158,0.034953,1.508001,-0.006104,-0.001221,-0.004395,0,0,0,0,3000,3000,3000,3000,0,239,-349,0-20,0,0,0
102.061096,1.117188,-2.738281,0.000000,0.000000,0.000000,0.008339,-0.031211,0.034980,1.507974,0.010986,0.001221,-0.000732,0,0,0,0,3000,3000,3000,3000,0,227,-351,0-20,0,0,0
102.063049,1.117188,-2.738281,0.000000,0.000000,0.000000,0.008383,-0.031211,0.034980,1.507974,-0.005615,-0.000732,0.000000,0,0,0,0,3000,3000,3000,3000,0,239,-350,0-20,0,0,0
102.065010,1.117188,-2.738281,0.000000,0.000000,0.000000,0.008413,-0.031211,0.034980,1.507974,0.005615,-0.000244,-0.000732,0,0,0,0,3000,3000,3000,3000,0,231,-350,0-20,0,0,0
102.066956,1.117188,-2.738281,0.000000,0.000000,0.000000,0.008543,-0.031211,0.034980,1.507974,0.002441,-0.000244,0.001465,0,0,0,0,3000,3000,3000,3000,0,233,-350,0-20,0,0,0
102.068909,1.117188,-2.738281,0.000000,0.000000,0.000000,0.008366,-0.031211,0.034980,1.507974,-0.004395,-0.000732,0.000488,0,0,0,0,3000,3000,3000,3000,0,237,-350,0-20,0,0,0
102.070862,1.117188,-2.738281,0.000000,0.000000,0.000000,0.008387,-0.031211,0.034980,1.507974,0.009277,0.002930,-0.000488,0,0,0,0,3000,3000,3000,3000,0,228,-353,0-20,0,0,0
102.072815,1.117188,-2.738281,0.000000,0.000000,0.000000,0.008551,-0.031211,0.034980,1.507974,-0.013428,0.001221,-0.000488,0,0,0,0,3000,3000,3000,3000,0,244,-352,0-20,0,0,0
102.074768,1.117188,-2.738281,0.000000,0.000000,0.000000,0.008482,-0.031211,0.034980,1.507974,0.002441,0.002930,-0.002686,0,0,0,0,3000,3000,3000,3000,0,233,-354,0-20,0,0,0
102.076721,1.117188,-2.738281,0.000000,0.000000,0.000000,0.010229,-0.031211,0.034980,1.507974,-0.005615,-0.000244,0.002197,0,0,0,0,3000,3000,3000,3000,0,239,-351,0-20,0,0,0
102.078674,1.117188,-2.738281,0.000000,0.000000,0.000000,0.010124,-0.031211,0.034980,1.507974,-0.003418,0.000244,-0.004883,0,0,0,0,3000,3000,3000,3000,0,238,-352,0-20,0,0,0
102.080627,1.117188,-2.738281,0.000000,0.000000,0.000000,0.010267,-0.031211,0.034980,1.507974,0.000244,0.001953,-0.000488,0,0,0,0,3000,3000,3000,3000,0,236,-353,0-20,0,0,0
102.082581,1.117188,-2.738281,0.000000,0.000000,0.000000,0.010511,-0.031211,0.034980,1.507974,-0.008301,0.001221,0.000488,0,0,0,0,3000,3000,3000,3000,0,242,-353,0-20,0,0,0
102.084534,1.117188,-2.738281,0.000000,0.000000,0.000000,0.010454,-0.031211,0.034980,1.507974,0.003418,-0.002930,0.000977,0,0,0,0,3000,3000,3000,3000,0,234,-349,0-20,0,0,0
102.086487,1.117188,-2.738281,0.000000,0.000000,0.000000,0.010588,-0.031211,0.034980,1.507974,0.004639,-0.001221,0.000488,0,0,0,0,3000,3000,3000,3000,0,233,-350,0-20,0,0,0
102.088440,1.117188,-2.738281,0.000000,0.000000,0.000000,0.010559,-0.031211,0.034980,1.507974,-0.000732,-0.002441,0.000488,0,0,0,0,3000,3000,3000,3000,0,236,-348,0-20,0,0,0
102.090393,1.117188,-2.738281,0.000000,0.000000,0.000000,0.010569,-0.031211,0.034980,1.507974,0.010498,0.000244,0.002197,0,0,0,0,3000,3000,3000,3000,0,228,-351,0-20,0,0,0
102.092346,1.117188,-2.738281,0.000000,0.000000,0.000000,0.010761,-0.031211,0.034980,1.507974,-0.000732,0.001221,0.000000,0,0,0,0,3000,3000,3000,3000,0,235,-351,0-20,0,0,0
102.094299,1.117188,-2.738281,0.000000,0.000000,0.000000,0.010988,-0.031211,0.034980,1.507974,0.004639,-0.001953,0.001465,0,0,0,0,3000,3000,3000,3000,0,231,-348,0-20,0,0,0
102.096252,1.117188,-2.738281,0.000000,0.000000,0.000000,0.011047,-0.031211,0.034980,1.507974,-0.003906,-0.000732,-0.002197,0,0,0,0,3000,3000,3000,3000,0,237,-349,0-20,0,0,0
102.098206,1.117188,-2.738281,0.000000,0.000000,0.000000,0.011143,-0.031211,0.034980,1.507974,-0.006104,0.000244,0.000488,0,0,0,0,3000,3000,3000,3000,0,239,-350,0-20,0,0,0
102.100159,1.117188,-2.738281,0.000000,0.000000,0.000000,0.011312,-0.031211,0.034980,1.507974,0.001465,0.002441,0.000488,0,0,0,0,3000,3000,3000,3000,0,234,-352,0-20,0,0,0
102.102112,1.117188,-2.738281,0.000000,0.000000,0.000000,0.011486,-0.031211,0.034980,1.507974,-0.008301,0.002441,0.000000,0,0,0,0,3000,3000,3000,3000,0,241,-353,0-20,0,0,0
102.104065,1.117188,-2.738281,0.000000,0.000000,0.000000,0.011583,-0.031211,0.034980,1.507974,0.006104,0.002930,-0.002686,0,0,0,0,3000,3000,3000,3000,0,231,-354,0-20,0,0,0
102.106018,1.117188,-2.738281,0.000000,0.000000,0.000000,0.011726,-0.031211,0.034980,1.507974,-0.006104,-0.002441,-0.001709,0,0,0,0,3000,3000,3000,3000,0,240,-349,0-20,0,0,0
102.107971,1.117188,-2.738281,0.000000,0.000000,0.000000,0.011732,-0.031211,0.034980,1.507974,-0.000732,0.002930,-0.000732,0,0,0,0,3000,3000,3000,3000,0,236,-354,0-20,0,0,0
102.109924,1.117188,-2.738281,0.000000,0.000000,0.000000,0.011879,-0.031211,0.034980,1.507974,0.001465,0.001953,-0.001709,0,0,0,0,3000,3000,3000,3000,0,234,-353,0-20,0,0,0
102.111877,1.117188,-2.738281,0.000000,0.000000,0.000000,0.011852,-0.031211,0.034980,1.507974,-0.003906,-0.000732,-0.004883,0,0,0,0,3000,3000,3000,3000,0,238,-350,0-20,0,0,0
102.113831,1.117188,-2.738281,0.000000,0.000000,0.000000,0.012005,-0.031211,0.034980,1.507974,0.004639,-0.002441,0.000000,0,0,0,0,3000,3000,3000,3000,0,232,-349,0-20,0,0,0
102.115784,1.117188,-2.738281,0.000000,0.000000,0.000000,0.012100,-0.031211,0.034980,1.507974,-0.005615,-0.001953,-0.000488,0,0,0,0,3000,3000,3000,3000,0,239,-349,0-20,0,0,0
102.117737,1.117188,-2.738281,0.000000,0.000000,0.000000,0.012121,-0.031211,0.034980,1.507974,0.007812,-0.001953,0.002686,0,0,0,0,3000,3000,3000,3000,0,230,-348,0-20,0,0,0
102.119698,1.117188,-2.738281,0.000000,0.000000,0.000000,0.012255,-0.031211,0.034980,1.507974,-0.001709,-0.001953,-0.001221,0,0,0,0,3000,3000,3000,3000,0,236,-348,0-20,0,0,0
102.121658,1.117188,-2.738281,0.000000,0.000000,0.000000,0.012148,-0.031211,0.034980,1.507974,-0.003418,-0.000244,-0.002197,0,0,0,0,3000,3000,3000,3000,0,237,-349,0-20,0,0,0
102.123596,1.117188,-2.738281,0.000000,0.000000,0.000000,0.012314,-0.031211,0.034980,1.507974,0.004150,-0.001953,0.000000,0,0,0,0,3000,3000,3000,3000,0,232,-348,0-20,0,0,0
102.125549,1.117188,-2.738281,0.000000,0.000000,0.000000,0.012388,-0.031211,0.034980,1.507974,-0.006592,0.000244,-0.000488,0,0,0,0,3000,3000,3000,3000,0,240,-350,0-20,0,0,0
102.127502,1.117188,-2.738281,0.000000,0.000000,0.000000,0.012688,-0.031211,0.034980,1.507974,0.005615,-0.001953,0.000488,0,0,0,0,3000,3000,3000,3000,0,231,-347,0-20,0,0,0
102.129456,1.117188,-2.738281,0.000000,0.000000,0.000000,0.012705,-0.031211,0.034980,1.507974,-0.002441,-0.003418,0.004150,0,0,0,0,3000,3000,3000,3000,0,237,-346,0-20,0,0,0
102.131409,1.117188,-2.738281,0.000000,0.000000,0.000000,0.012642,-0.031211,0.034980,1.507974,0.000244,0.001221,-0.001709,0,0,0,0,3000,3000,3000,3000,0,235,-350,0-20,0,0,0
102.133362,1.117188,-2.738281,0.000000,0.000000,0.000000,0.012671,-0.031211,0.034980,1.507974,0.005127,0.000244,0.000977,0,0,0,0,3000,3000,3000,3000,0,231,-349,0-20,0,0,0
102.135315,1.117188,-2.738281,0.000000,0.000000,0.000000,0.012693,-0.031211,0.034980,1.507974,-0.002930,0.001953,-0.000732,0,0,0,0,3000,3000,3000,3000,0,236,-351,0-20,0,0,0
102.137276,1.117188,-2.738281,0.000000,0.000000,0.000000,0.012730,-0.031211,0.034980,1.507974,0.005127,-0.000732,0.001465,0,0,0,0,3000,3000,3000,3000,0,231,-349,0-20,0,0,0
102.139221,1.117188,-2.738281,0.000000,0.000000,0.000000,0.008549,-0.031211,0.034980,1.507974,0.000244,-0.000244,0.000488,0,0,0,0,3000,3000,3000,3000,0,234,-350,0-20,0,0,0
102.141174,1.117188,-2.738281,0.000000,0.000000,0.000000,0.008711,-0.031211,0.034980,1.507974,0.000977,0.002930,0.000000,0,0,0,0,3000,3000,3000,3000,0,233,-353,0-20,0,0,0
102.143127,1.117188,-2.738281,0.000000,0.000000,0.000000,0.008665,-0.031211,0.034980,1.507974,0.004639,0.004395,0.000000,0,0,0,0,3000,3000,3000,3000,0,231,-354,0-20,0,0,0
102.145081,1.117188,-2.738281,0.000000,0.000000,0.000000,0.008636,-0.031211,0.034980,1.507974,-0.007080,-0.000244,-0.002197,0,0,0,0,3000,3000,3000,3000,0,239,-351,0-20,0,0,0
102.147034,1.117188,-2.738281,0.000000,0.000000,0.000000,0.008717,-0.031211,0.034980,1.507974,0.006592,0.002930,0.000000,0,0,0,0,3000,3000,3000,3000,0,229,-354,0-20,0,0,0
102.149017,1.117188,-2.738281,0.000000,0.000000,0.000000,0.008738,-0.031211,0.034980,1.507974,-0.008301,-0.000244,-0.004395,0,0,0,0,3000,3000,3000,3000,0,240,-351,0-20,0,0,0
102.150940,1.117188,-2.738281,0.000000,0.000000,0.000000,0.008678,-0.031211,0.034980,1.507974,-0.000732,-0.000244,-0.003174,0,0,0,0,3000,3000,3000,3000,0,235,-351,0-20,0,0,0
102.152893,1.117188,-2.738281,0.000000,0.000000,0.000000,0.008617,-0.031211,0.034980,1.507974,-0.004395,-0.000732,-0.002686,0,0,0,0,3000,3000,3000,3000,0,238,-350,0-20,0,0,0
102.154846,1.117188,-2.738281,0.000000,0.000000,0.000000,0.007566,-0.031211,0.034980,1.507974,-0.006104,-0.000244,-0.003906,0,0,0,0,3000,3000,3000,3000,0,240,-351,0-20,0,0,0
102.156799,1.117188,-2.738281,0.000000,0.000000,0.000000,0.007662,-0.031211,0.034980,1.507974,0.003418,-0.000244,-0.000732,0,0,0,0,3000,3000,3000,3000,0,233,-350,0-20,0,0,0
102.158752,1.117188,-2.738281,0.000000,0.000000,0.000000,0.007702,-0.031211,0.034980,1.507974,-0.004395,-0.000244,-0.000732,0,0,0,0,3000,3000,3000,3000,0,239,-350,0-20,0,0,0
102.160706,1.117188,-2.738281,0.000000,0.000000,0.000000,0.007721,-0.031211,0.034980,1.507974,0.001953,-0.002441,0.002197,0,0,0,0,3000,3000,3000,3000,0,234,-348,0-20,0,0,0
102.162659,1.117188,-2.738281,0.000000,0.000000,0.000000,0.007854,-0.031211,0.034980,1.507974,-0.000732,-0.000732,0.003662,0,0,0,0,3000,3000,3000,3000,0,236,-349,0-20,0,0,0
102.164612,1.117188,-2.738281,0.000000,0.000000,0.000000,0.008034,-0.031211,0.034980,1.507974,0.001465,-0.001953,0.002197,0,0,0,0,3000,3000,3000,3000,0,234,-348,0-20,0,0,0
102.166565,1.117188,-2.738281,0.000000,0.000000,0.000000,0.008173,-0.031211,0.034980,1.507974,0.007324,-0.000244,0.005371,0,0,0,0,3000,3000,3000,3000,0,230,-349,0-20,0,0,0
102.168518,1.117188,-2.738281,0.000000,0.000000,0.000000,0.008181,-0.031211,0.034980,1.507974,-0.002930,0.000244,0.000488,0,0,0,0,3000,3000,3000,3000,0,237,-350,0-20,0,0,0
102.170471,1.117188,-2.738281,0.000000,0.000000,0.000000,0.008268,-0.031211,0.034980,1.507974,0.008301,-0.000244,0.002686,0,0,0,0,3000,3000,3000,3000,0,229,-349,0-20,0,0,0
102.172424,1.117188,-2.738281,0.000000,0.000000,0.000000,0.008272,-0.031211,0.034980,1.507974,-0.001221,-0.000244,0.002686,0,0,0,0,3000,3000,3000,3000,0,235,-349,0-20,0,0,0
102.174377,1.117188,-2.738281,0.000000,0.000000,0.000000,0.008434,-0.031211,0.034980,1.507974,0.005127,0.000732,0.000488,0,0,0,0,3000,3000,3000,3000,0,230,-350,0-20,0,0,0
102.176331,1.117188,-2.738281,0.000000,0.000000,0.000000,0.008694,-0.031211,0.034980,1.507974,0.006104,0.001221,0.002686,0,0,0,0,3000,3000,3000,3000,0,229,-351,0-20,0,0,0
102.178284,1.117188,-2.738281,0.000000,0.000000,0.000000,0.008612,-0.031211,0.034980,1.507974,-0.009766,0.000244,0.000000,0,0,0,0,3000,3000,3000,3000,0,240,-350,0-20,0,0,0
102.180237,1.117188,-2.738281,0.000000,0.000000,0.000000,0.008713,-0.031211,0.034980,1.507974,0.004150,-0.000244,-0.000732,0,0,0,0,3000,3000,3000,3000,0,231,-350,0-20,0,0,0
102.182190,1.117188,-2.738281,0.000000,0.000000,0.000000,0.008854,-0.031211,0.034980,1.507974,-0.005615,0.000732,0.002197,0,0,0,0,3000,3000,3000,3000,0,238,-351,0-20,0,0,0
102.184143,1.117188,-2.738281,0.000000,0.000000,0.000000,0.008923,-0.031211,0.034980,1.507974,-0.002441,0.001221,-0.001221,0,0,0,0,3000,3000,3000,3000,0,236,-351,0-20,0,0,0
102.186096,1.117188,-2.738281,0.000000,0.000000,0.000000,0.008905,-0.031211,0.034980,1.507974,0.002441,-0.000732,-0.000732,0,0,0,0,3000,3000,3000,3000,0,233,-350,0-20,0,0,0
102.188057,1.117188,-2.738281,0.000000,0.000000,0.000000,0.009090,-0.031211,0.034980,1.507974,-0.004883,-0.000732,-0.004883,0,0,0,0,3000,3000,3000,3000,0,238,-350,0-20,0,0,0
102.190002,1.117188,-2.738281,0.000000,0.000000,0.000000,0.009094,-0.031211,0.034980,1.507974,0.008789,-0.001953,-0.000488,0,0,0,0,3000,3000,3000,3000,0,229,-348,0-20,0,0,0
102.191956,1.117188,-2.738281,0.000000,0.000000,0.000000,0.009148,-0.031211,0.034980,1.507974,-0.006592,0.001953,-0.001709,0,0,0,0,3000,3000,3000,3000,0,239,-352,0-20,0,0,0
102.193909,1.117188,-2.738281,0.000000,0.000000,0.000000,0.009056,-0.031211,0.034980,1.507974,0.005127,0.000732,-0.000488,0,0,0,0,3000,3000,3000,3000,0,231,-351,0-20,0,0,0
102.195862,1.117188,-2.738281,0.000000,0.000000,0.000000,0.009214,-0.031211,0.034980,1.507974,-0.003418,-0.000244,-0.001221,0,0,0,0,3000,3000,3000,3000,0,237,-350,0-20,0,0,0
102.197815,1.117188,-2.738281,0.000000,0.000000,0.000000,0.009169,-0.031211,0.034980,1.507974,-0.004883,-0.000244,0.000000,0,0,0,0,3000,3000,3000,3000,0,239,-350,0-20,0,0,0
102.199768,1.117188,-2.738281,0.000000,0.000000,0.000000,0.009094,-0.031211,0.034980,1.507974,0.007812,-0.000244,-0.000488,0,0,0,0,3000,3000,3000,3000,0,230,-350,0-20,0,0,0
102.201721,1.117188,-2.738281,0.000000,0.000000,0.000000,0.009233,-0.031211,0.034980,1.507974,-0.006592,0.000732,0.000000,0,0,0,0,3000,3000,3000,3000,0,240,-351,0-20,0,0,0
102.203674,1.117188,-2.738281,0.000000,0.000000,0.000000,0.009491,-0.031211,0.034980,1.507974,0.004150,-0.001221,0.002197,0,0,0,0,3000,3000,3000,3000,0,232,-349,0-20,0,0,0
102.205627,1.117188,-2.738281,0.000000,0.000000,0.000000,0.009611,-0.031211,0.034980,1.507974,-0.002930,-0.000244,0.005859,0,0,0,0,3000,3000,3000,3000,0,237,-350,0-20,0,0,0
102.207581,1.117188,-2.738281,0.000000,0.000000,0.000000,0.009636,-0.031211,0.034980,1.507974,-0.000244,-0.002441,-0.000488,0,0,0,0,3000,3000,3000,3000,0,235,-348,0-20,0,0,0
102.209534,1.117188,-2.738281,0.000000,0.000000,0.000000,0.009630,-0.031211,0.034980,1.507974,0.005615,0.001953,0.002197,0,0,0,0,3000,3000,3000,3000,0,231,-352,0-20,0,0,0
102.211487,1.117188,-2.738281,0.000000,0.000000,0.000000,0.009880,-0.031211,0.034980,1.507974,-0.001221,0.000732,0.003174,0,0,0,0,3000,3000,3000,3000,0,236,-351,0-20,0,0,0
102.213440,1.117188,-2.738281,0.000000,0.000000,0.000000,0.009953,-0.031211,0.034980,1.507974,0.006104,0.002441,0.001465,0,0,0,0,3000,3000,3000,3000,0,230,-353,0-20,0,0,0
102.215393,1.117188,-2.738281,0.000000,0.000000,0.000000,0.009998,-0.031211,0.034980,1.507974,-0.002930,0.002930,0.000000,0,0,0,0,3000,3000,3000,3000,0,236,-353,0-20,0,0,0
102.217346,1.117188,-2.738281,0.000000,0.000000,0.000000,0.009989,-0.031211,0.034980,1.507974,-0.000732,0.001221,-0.000732,0,0,0,0,3000,3000,3000,3000,0,235,-352,0-20,0,0,0
102.219299,1.117188,-2.738281,0.000000,0.000000,0.000000,0.010082,-0.031211,0.034980,1.507974,0.002930,-0.000244,0.002197,0,0,0,0,3000,3000,3000,3000,0,233,-351,0-20,0,0,0
102.221252,1.117188,-2.738281,0.000000,0.000000,0.000000,0.010031,-0.031211,0.034980,1.507974,-0.005615,0.000732,-0.000488,0,0,0,0,3000,3000,3000,3000,0,239,-352,0-20,0,0,0
102.223206,1.117188,-2.738281,0.000000,0.000000,0.000000,0.010160,-0.031211,0.034980,1.507974,0.010010,0.000244,0.000977,0,0,0,0,3000,3000,3000,3000,0,228,-351,0-20,0,0,0
102.225159,1.117188,-2.738281,0.000000,0.000000,0.000000,0.010132,-0.031211,0.034980,1.507974,-0.006592,0.000244,-0.002686,0,0,0,0,3000,3000,3000,3000,0,239,-351,0-20,0,0,0
102.227112,1.117188,-2.738281,0.000000,0.000000,0.000000,0.010056,-0.031211,0.034980,1.507974,0.002441,0.001953,-0.001221,0,0,0,0,3000,3000,3000,3000,0,233,-353,0-20,0,0,0
102.229065,1.117188,-2.738281,0.000000,0.000000,0.000000,0.010050,-0.031211,0.034980,1.507974,-0.002930,0.002441,0.000977,0,0,0,0,3000,3000,3000,3000,0,237,-353,0-20,0,0,0
102.231018,1.117188,-2.738281,0.000000,0.000000,0.000000,0.010174,-0.031211,0.034980,1.507974,-0.002441,-0.000244,-0.002686,0,0,0,0,3000,3000,3000,3000,0,237,-351,0-20,0,0,0
102.232971,1.117188,-2.738281,0.000000,0.000000,0.000000,0.015951,-0.031211,0.034980,1.507974,0.001465,-0.001953,-0.000488,0,0,0,0,3000,3000,3000,3000,0,234,-349,0-20,0,0,0
102.234924,1.117188,-2.738281,0.000000,0.000000,0.000000,0.015999,-0.031211,0.034980,1.507974,-0.005615,0.000732,-0.005371,0,0,0,0,3000,3000,3000,3000,0,239,-351,0-20,0,0,0
102.236877,1.117188,-2.738281,0.000000,0.000000,0.000000,0.016098,-0.031211,0.034980,1.507974,0.002441,0.001221,0.000977,0,0,0,0,3000,3000,3000,3000,0,234,-352,0-20,0,0,0
102.238831,1.117188,-2.738281,0.000000,0.000000,0.000000,0.016035,-0.031211,0.034980,1.507974,-0.000244,-0.001953,0.000488,0,0,0,0,3000,3000,3000,3000,0,236,-349,0-20,0,0,0
102.240784,1.117188,-2.738281,0.000000,0.000000,0.000000,0.016140,-0.031211,0.034980,1.507974,-0.002930,-0.000732,-0.001709,0,0,0,0,3000,3000,3000,3000,0,238,-349,0-20,0,0,0
102.242737,1.117188,-2.738281,0.000000,0.000000,0.000000,0.016043,-0.031211,0.034980,1.507974,0.004150,0.000732,-0.000488,0,0,0,0,3000,3000,3000,3000,0,233,-351,0-20,0,0,0
102.244690,1.117188,-2.738281,0.000000,0.019999,0.039999,0.016081,-0.031211,0.034980,1.507974,-0.002441,0.000732,-0.000732,0,0,0,0,3000,3000,3000,3000,0,237,-351,0-20,0,0,0
102.246643,1.117188,-2.738281,0.000000,0.019999,0.039999,0.009911,-0.031211,0.034980,1.507974,0.006592,0.000732,-0.000732,0,0,0,0,3000,3000,3000,3000,0,230,-351,0-20,0,0,0
102.248596,1.117188,-2.738281,0.000000,0.019999,0.039999,0.009836,-0.031211,0.034980,1.507974,-0.004883,0.001953,0.000977,0,0,0,0,3000,3000,3000,3000,0,238,-352,0-20,0,0,0
102.250549,1.117188,-2.738281,0.000000,0.019999,0.039999,0.009903,-0.031158,0.034953,1.508001,0.004639,-0.000732,0.000977,0,0,0,0,3000,3000,3000,3000,0,232,-350,0-20,0,0,0
102.252502,1.117188,-2.738281,0.000000,0.019999,0.039999,0.009926,-0.031211,0.034980,1.507974,0.000977,0.000732,0.000488,0,0,0,0,3000,3000,3000,3000,0,234,-351,0-20,0,0,0
102.254456,1.117188,-2.738281,0.000000,0.019999,0.039999,0.010096,-0.031211,0.034980,1.507974,-0.004883,0.001953,0.002197,0,0,0,0,3000,3000,3000,3000,0,238,-352,0-20,0,0,0
102.256409,1.117188,-2.738281,0.000000,0.019999,0.039999,0.010374,-0.031211,0.034980,1.507974,0.010010,0.003418,0.000000,0,0,0,0,3000,3000,3000,3000,0,228,-354,0-20,0,0,0
102.258362,1.117188,-2.738281,0.000000,0.019999,0.039999,0.010344,-0.031211,0.034980,1.507974,-0.004883,0.000244,0.003174,0,0,0,0,3000,3000,3000,3000,0,238,-351,0-20,0,0,0
102.260315,1.117188,-2.738281,0.000000,0.019999,0.039999,0.010477,-0.031211,0.034980,1.507974,0.002441,-0.001953,0.002197,0,0,0,0,3000,3000,3000,3000,0,233,-349,0-20,0,0,0
102.262268,1.117188,-2.738281,0.000000,0.019999,0.039999,0.010359,-0.031211,0.034980,1.507974,-0.000244,-0.001953,0.005859,0,0,0,0,3000,3000,3000,3000,0,235,-348,0-20,0,0,0
102.264221,1.117188,-2.738281,0.000000,0.019999,0.039999,0.010342,-0.031211,0.034980,1.507974,-0.001709,-0.000244,-0.005859,0,0,0,0,3000,3000,3000,3000,0,236,-350,0-20,0,0,0
102.266174,1.117188,-2.738281,0.000000,0.019999,0.039999,0.010277,-0.031211,0.034980,1.507974,0.006104,-0.003418,0.001465,0,0,0,0,3000,3000,3000,3000,0,230,-346,0-20,0,0,0
102.268127,1.117188,-2.738281,0.000000,0.019999,0.039999,0.010231,-0.031211,0.034980,1.507974,-0.003906,-0.001221,-0.001709,0,0,0,0,3000,3000,3000,3000,0,237,-348,0-20,0,0,0
102.270081,1.117188,-2.738281,0.000000,0.019999,0.039999,0.010427,-0.031211,0.034980,1.507974,0.004150,0.000244,-0.001709,0,0,0,0,3000,3000,3000,3000,0,232,-349,0-20,0,0,0
102.272034,1.117188,-2.738281,0.000000,0.019999,0.039999,0.010706,-0.031211,0.034980,1.507974,-0.001221,0.000244,0.003662,0,0,0,0,3000,3000,3000,3000,0,235,-349,0-20,0,0,0
102.273987,1.117188,-2.738281,0.000000,0.019999,0.039999,0.010696,-0.031211,0.034980,1.507974,0.000977,0.002930,-0.002197,0,0,0,0,3000,3000,3000,3000,0,234,-352,0-20,0,0,0
102.275940,1.117188,-2.738281,0.000000,0.019999,0.039999,0.010742,-0.031211,0.034980,1.507974,0.006104,-0.001221,-0.000732,0,0,0,0,3000,3000,3000,3000,0,230,-348,0-20,0,0,0
102.277901,1.117188,-2.738281,0.000000,0.019999,0.039999,0.010780,-0.031211,0.034980,1.507974,-0.008301,0.001953,-0.000732,0,0,0,0,3000,3000,3000,3000,0,240,-352,0-20,0,0,0
102.279846,1.117188,-2.738281,0.000000,0.019999,0.039999,0.010817,-0.031211,0.034980,1.507974,0.003418,-0.000732,0.000977,0,0,0,0,3000,3000,3000,3000,0,232,-349,0-20,0,0,0
102.281799,1.117188,-2.738281,0.000000,0.019999,0.039999,0.010839,-0.031211,0.034980,1.507974,-0.006592,0.002441,0.003174,0,0,0,0,3000,3000,3000,3000,0,240,-352,0-20,0,0,0
102.283752,1.117188,-2.738281,0.000000,0.019999,0.039999,0.010828,-0.031211,0.034980,1.507974,0.000977,-0.000244,0.000977,0,0,0,0,3000,3000,3000,3000,0,235,-350,0-20,0,0,0
102.285706,1.117188,-2.738281,0.000000,0.019999,0.039999,0.010967,-0.031211,0.034980,1.507974,0.006104,-0.001953,0.002197,0,0,0,0,3000,3000,3000,3000,0,231,-348,0-20,0,0,0
102.287659,1.117188,-2.738281,0.000000,0.019999,0.039999,0.010990,-0.031211,0.034980,1.507974,-0.003906,0.000732,0.000000,0,0,0,0,3000,3000,3000,3000,0,238,-351,0-20,0,0,0
102.292542,1.117188,-2.738281,0.000000,0.019999,0.039999,0.011145,-0.031211,0.034980,1.507974,0.004150,0.002441,0.002197,0,0,0,0,3000,3000,3000,3000,0,232,-353,0-20,0,0,0
102.293518,1.117188,-2.738281,0.000000,0.019999,0.039999,0.011475,-0.031117,0.034996,1.507915,0.004639,-0.001221,0.002197,0,0,0,0,3000,3000,3000,3000,0,232,-353,0-20,0,0,0
102.295471,1.117188,-2.738281,0.000000,0.019999,0.039999,0.011539,-0.031154,0.034980,1.507970,0.001953,-0.000732,0.002197,0,0,0,0,3000,3000,3000,3000,0,233,-350,0-20,0,0,0
102.297424,1.117188,-2.738281,0.000000,0.019999,0.039999,0.011675,-0.031154,0.034980,1.507970,-0.000732,0.001221,-0.001709,0,0,0,0,3000,3000,3000,3000,0,234,-352,0-20,0,0,0
102.299377,1.117188,-2.738281,0.000000,0.019999,0.039999,0.011766,-0.031154,0.034980,1.507970,0.005127,0.002441,0.003174,0,0,0,0,3000,3000,3000,3000,0,230,-353,0-20,0,0,0
102.301331,1.117188,-2.738281,0.000000,0.019999,0.039999,0.011755,-0.031154,0.034980,1.507970,-0.006592,-0.001953,-0.000488,0,0,0,0,3000,3000,3000,3000,0,239,-349,0-20,0,0,0
102.303291,1.117188,-2.738281,0.000000,0.019999,0.039999,0.011889,-0.031154,0.034980,1.507970,0.004639,0.000244,-0.000488,0,0,0,0,3000,3000,3000,3000,0,231,-351,0-20,0,0,0
102.305237,1.117188,-2.738281,0.000000,0.019999,0.039999,0.012079,-0.031154,0.034980,1.507970,-0.001709,0.001221,-0.002197,0,0,0,0,3000,3000,3000,3000,0,236,-352,0-20,0,0,0
102.307190,1.117188,-2.738281,0.000000,0.019999,0.039999,0.012077,-0.031154,0.034980,1.507970,-0.000732,-0.002441,-0.000732,0,0,0,0,3000,3000,3000,3000,0,235,-348,0-20,0,0,0
102.309143,1.117188,-2.738281,0.000000,0.019999,0.039999,0.012245,-0.031154,0.034980,1.507970,0.000977,0.003906,0.000977,0,0,0,0,3000,3000,3000,3000,0,234,-354,0-20,0,0,0
102.311096,1.117188,-2.738281,0.000000,0.019999,0.039999,0.012337,-0.031154,0.034980,1.507970,-0.007568,0.000244,-0.001709,0,0,0,0,3000,3000,3000,3000,0,240,-351,0-20,0,0,0
102.313057,1.117188,-2.738281,0.000000,0.019999,0.039999,0.008654,-0.031154,0.034980,1.507970,0.008301,-0.001221,0.000000,0,0,0,0,3000,3000,3000,3000,0,229,-350,0-20,0,0,0
102.315002,1.117188,-2.738281,0.000000,0.019999,0.039999,0.008686,-0.031154,0.034980,1.507970,-0.002441,0.000732,0.002197,0,0,0,0,3000,3000,3000,3000,0,237,-351,0-20,0,0,0
102.316956,1.117188,-2.738281,0.000000,0.019999,0.039999,0.008751,-0.031154,0.034980,1.507970,-0.001709,0.001221,-0.000732,0,0,0,0,3000,3000,3000,3000,0,236,-352,0-20,0,0,0
102.318909,1.117188,-2.738281,0.000000,0.019999,0.039999,0.008877,-0.031154,0.034980,1.507970,0.001465,-0.002441,0.002197,0,0,0,0,3000,3000,3000,3000,0,234,-348,0-20,0,0,0
102.320862,1.117188,-2.738281,0.000000,0.019999,0.039999,0.008957,-0.031154,0.034980,1.507970,-0.003418,-0.000732,-0.004395,0,0,0,0,3000,3000,3000,3000,0,237,-350,0-20,0,0,0
102.322815,1.117188,-2.738281,0.000000,0.019999,0.039999,0.008873,-0.031154,0.034980,1.507970,0.006104,-0.005127,0.002686,0,0,0,0,3000,3000,3000,3000,0,231,-345,0-20,0,0,0
102.324768,1.117188,-2.738281,0.000000,0.019999,0.039999,0.009094,-0.031154,0.034980,1.507970,-0.005615,-0.001953,-0.000732,0,0,0,0,3000,3000,3000,3000,0,239,-348,0-20,0,0,0
102.326721,1.117188,-2.738281,0.000000,0.019999,0.039999,0.009222,-0.031154,0.034980,1.507970,0.003418,0.000244,-0.000732,0,0,0,0,3000,3000,3000,3000,0,233,-350,0-20,0,0,0
102.328674,1.117188,-2.738281,0.000000,0.019999,0.039999,0.009205,-0.031154,0.034980,1.507970,0.000977,-0.001221,0.000000,0,0,0,0,3000,3000,3000,3000,0,234,-348,0-20,0,0,0
102.330627,1.117188,-2.738281,0.000000,0.019999,0.039999,0.009161,-0.031154,0.034980,1.507970,-0.001221,-0.001953,-0.001709,0,0,0,0,3000,3000,3000,3000,0,236,-347,0-20,0,0,0
102.332581,1.117188,-2.738281,0.000000,0.019999,0.039999,0.009228,-0.031154,0.034980,1.507970,0.004150,-0.000732,0.002197,0,0,0,0,3000,3000,3000,3000,0,232,-349,0-20,0,0,0
102.334534,1.117188,-2.738281,0.000000,0.019999,0.039999,0.009232,-0.031154,0.034980,1.507970,-0.006104,-0.001221,-0.002197,0,0,0,0,3000,3000,3000,3000,0,239,-348,0-20,0,0,0
102.336487,1.117188,-2.738281,0.000000,0.019999,0.039999,0.009306,-0.031154,0.034980,1.507970,0.002930,-0.000244,0.002197,0,0,0,0,3000,3000,3000,3000,0,233,-349,0-20,0,0,0
102.338440,1.117188,-2.738281,0.000000,0.019999,0.039999,0.009209,-0.031154,0.034980,1.507970,-0.003418,0.000244,0.002197,0,0,0,0,3000,3000,3000,3000,0,237,-350,0-20,0,0,0
102.340393,1.117188,-2.738281,0.000000,0.019999,0.039999,0.009270,-0.031154,0.034980,1.507970,-0.002930,0.002441,-0.001709,0,0,0,0,3000,3000,3000,3000,0,237,-352,0-20,0,0,0
102.342346,1.117188,-2.738281,0.000000,0.019999,0.039999,0.009266,-0.031154,0.034980,1.507970,0.006592,0.002930,0.000000,0,0,0,0,3000,3000,3000,3000,0,231,-353,0-20,0,0,0
102.344299,1.117188,-2.738281,0.000000,0.019999,0.039999,0.009323,-0.031154,0.034980,1.507970,-0.005615,-0.000244,0.000488,0,0,0,0,3000,3000,3000,3000,0,239,-350,0-20,0,0,0
102.346252,1.117188,-2.738281,0.000000,0.019999,0.039999,0.009199,-0.031154,0.034980,1.507970,0.006592,0.002441,0.000000,0,0,0,0,3000,3000,3000,3000,0,230,-353,0-20,0,0,0
102.348206,1.117188,-2.738281,0.000000,0.019999,0.039999,0.009203,-0.031154,0.034980,1.507970,-0.003418,0.000732,-0.000488,0,0,0,0,3000,3000,3000,3000,0,237,-352,0-20,0,0,0
102.350159,1.117188,-2.738281,0.000000,0.019999,0.039999,0.009344,-0.031154,0.034980,1.507970,0.001953,-0.002441,-0.001221,0,0,0,0,3000,3000,3000,3000,0,233,-349,0-20,0,0,0
102.352112,1.117188,-2.738281,0.000000,0.019999,0.039999,0.009554,-0.031154,0.034980,1.507970,0.001465,0.001953,0.000977,0,0,0,0,3000,3000,3000,3000,0,234,-353,0-20,0,0,0
102.354065,1.117188,-2.738281,0.000000,0.019999,0.039999,0.009584,-0.031154,0.034980,1.507970,-0.008301,0.000732,-0.002197,0,0,0,0,3000,3000,3000,3000,0,241,-352,0-20,0,0,0
102.356018,1.117188,-2.738281,0.000000,0.019999,0.039999,0.009624,-0.031154,0.034980,1.507970,0.002441,-0.000244,-0.000488,0,0,0,0,3000,3000,3000,3000,0,233,-351,0-20,0,0,0
102.357971,1.117188,-2.738281,0.000000,0.019999,0.039999,0.009562,-0.031154,0.034980,1.507970,-0.006104,-0.002930,0.000977,0,0,0,0,3000,3000,3000,3000,0,240,-348,0-20,0,0,0
102.359924,1.117188,-2.738281,0.000000,0.019999,0.039999,0.009785,-0.031154,0.034980,1.507970,0.002441,0.000732,-0.000732,0,0,0,0,3000,3000,3000,3000,0,234,-351,0-20,0,0,0
102.361877,1.117188,-2.738281,0.000000,0.019999,0.039999,0.009888,-0.031154,0.034980,1.507970,0.001465,0.002441,0.000000,0,0,0,0,3000,3000,3000,3000,0,234,-353,0-20,0,0,0
102.363831,1.117188,-2.738281,0.000000,0.019999,0.039999,0.010077,-0.031154,0.034980,1.507970,-0.004395,-0.001221,-0.000732,0,0,0,0,3000,3000,3000,3000,0,238,-350,0-20,0,0,0
102.365784,1.117188,-2.738281,0.000000,0.019999,0.039999,0.010080,-0.031154,0.034980,1.507970,0.007324,-0.003418,-0.001221,0,0,0,0,3000,3000,3000,3000,0,230,-348,0-20,0,0,0
102.367737,1.117188,-2.738281,0.000000,0.019999,0.039999,0.010197,-0.031154,0.034980,1.507970,-0.005615,0.000244,0.000000,0,0,0,0,3000,3000,3000,3000,0,239,-351,0-20,0,0,0
102.369690,1.117188,-2.738281,0.000000,0.019999,0.039999,0.010355,-0.031154,0.034980,1.507970,0.005615,-0.002930,-0.001221,0,0,0,0,3000,3000,3000,3000,0,231,-348,0-20,0,0,0
102.371643,1.117188,-2.738281,0.000000,0.019999,0.039999,0.010330,-0.031154,0.034980,1.507970,0.001465,0.001953,0.000488,0,0,0,0,3000,3000,3000,3000,0,233,-352,0-20,0,0,0
102.373596,1.117188,-2.738281,0.000000,0.019999,0.039999,0.010412,-0.031154,0.034980,1.507970,-0.002441,-0.000244,-0.002686,0,0,0,0,3000,3000,3000,3000,0,236,-350,0-20,0,0,0
102.375549,1.117188,-2.738281,0.000000,0.019999,0.039999,0.010532,-0.031154,0.034980,1.507970,0.005127,-0.002441,0.004150,0,0,0,0,3000,3000,3000,3000,0,231,-348,0-20,0,0,0
102.377502,1.117188,-2.738281,0.000000,0.019999,0.039999,0.010477,-0.031154,0.034980,1.507970,-0.008789,0.000732,-0.000488,0,0,0,0,3000,3000,3000,3000,0,240,-351,0-20,0,0,0
102.379456,1.117188,-2.738281,0.000000,0.019999,0.039999,0.010399,-0.031154,0.034980,1.507970,0.006104,0.001221,0.000488,0,0,0,0,3000,3000,3000,3000,0,230,-351,0-20,0,0,0
102.381416,1.117188,-2.738281,0.000000,0.019999,0.039999,0.010475,-0.031154,0.034980,1.507970,-0.002930,0.001221,-0.001709,0,0,0,0,3000,3000,3000,3000,0,237,-352,0-20,0,0,0
102.383362,1.117188,-2.738281,0.000000,0.009998,-0.009998,0.006836,-0.031154,0.034980,1.507970,-0.001709,-0.001953,-0.002197,0,0,0,0,3000,3000,3000,3000,0,236,-349,0-20,0,0,0
102.385315,1.117188,-2.738281,0.000000,0.009998,-0.009998,0.006952,-0.031154,0.034980,1.507970,0.000977,0.000732,-0.000488,0,0,0,0,3000,3000,3000,3000,0,234,-351,0-20,0,0,0
102.387268,1.117188,-2.738281,0.000000,0.009998,-0.009998,0.007147,-0.031154,0.034980,1.507970,-0.001709,0.002441,-0.001709,0,0,0,0,3000,3000,3000,3000,0,236,-353,0-20,0,0,0
102.389221,1.117188,-2.738281,0.000000,0.009998,-0.009998,0.007347,-0.031154,0.034980,1.507970,0.005615,0.001221,-0.001709,0,0,0,0,3000,3000,3000,3000,0,231,-352,0-20,0,0,0
102.391174,1.117188,-2.738281,0.000000,0.009998,-0.009998,0.007654,-0.031154,0.034980,1.507970,-0.006104,-0.002930,-0.001709,0,0,0,0,3000,3000,3000,3000,0,239,-348,0-20,0,0,0
102.393127,1.117188,-2.738281,0.000000,0.009998,-0.009998,0.007669,-0.031154,0.034980,1.507970,0.002441,-0.000732,-0.001709,0,0,0,0,3000,3000,3000,3000,0,233,-350,0-20,0,0,0
102.395081,1.117188,-2.738281,0.000000,0.009998,-0.009998,0.007624,-0.031154,0.034980,1.507970,0.001465,0.002930,-0.000488,0,0,0,0,3000,3000,3000,3000,0,234,-353,0-20,0,0,0
102.397034,1.117188,-2.738281,0.000000,0.009998,-0.009998,0.007519,-0.031154,0.034980,1.507970,-0.004395,0.000244,-0.000732,0,0,0,0,3000,3000,3000,3000,0,238,-351,0-20,0,0,0
102.398987,1.117188,-2.738281,0.000000,0.009998,-0.009998,0.007593,-0.031154,0.034980,1.507970,0.005615,-0.000244,0.000488,0,0,0,0,3000,3000,3000,3000,0,231,-351,0-20,0,0,0
102.400940,1.117188,-2.738281,0.000000,0.009998,-0.009998,0.007835,-0.031154,0.034980,1.507970,-0.006592,0.000244,0.000977,0,0,0,0,3000,3000,3000,3000,0,239,-351,0-20,0,0,0
102.402893,1.117188,-2.738281,0.000000,0.009998,-0.009998,0.008091,-0.031154,0.034980,1.507970,0.005127,-0.000244,-0.000732,0,0,0,0,3000,3000,3000,3000,0,231,-351,0-20,0,0,0
102.404846,1.117188,-2.738281,0.000000,0.009998,-0.009998,0.008247,-0.031154,0.034980,1.507970,-0.000244,-0.000244,0.000977,0,0,0,0,3000,3000,3000,3000,0,235,-351,0-20,0,0,0
102.406799,1.117188,-2.738281,0.000000,0.009998,-0.009998,0.008249,-0.031154,0.034980,1.507970,-0.000732,-0.000732,0.000977,0,0,0,0,3000,3000,3000,3000,0,235,-350,0-20,0,0,0
102.408752,1.117188,-2.738281,0.000000,0.009998,-0.009998,0.008282,-0.031154,0.034980,1.507970,0.004639,0.000244,0.002686,0,0,0,0,3000,3000,3000,3000,0,231,-351,0-20,0,0,0
102.410706,1.117188,-2.738281,0.000000,0.009998,-0.009998,0.008253,-0.031154,0.034980,1.507970,-0.003906,0.000732,-0.002686,0,0,0,0,3000,3000,3000,3000,0,237,-351,0-20,0,0,0
102.412659,1.117188,-2.738281,0.000000,0.009998,-0.009998,0.008360,-0.031154,0.034980,1.507970,0.001953,-0.000244,0.000000,0,0,0,0,3000,3000,3000,3000,0,233,-351,0-20,0,0,0
102.414612,1.117188,-2.738281,0.000000,0.009998,-0.009998,0.008554,-0.031154,0.034980,1.507970,-0.000244,0.000732,0.004639,0,0,0,0,3000,3000,3000,3000,0,234,-351,0-20,0,0,0
102.416565,1.117188,-2.738281,0.000000,0.009998,-0.009998,0.008448,-0.031154,0.034980,1.507970,-0.002441,-0.001221,-0.000488,0,0,0,0,3000,3000,3000,3000,0,236,-350,0-20,0,0,0
102.418526,1.117188,-2.738281,0.000000,0.009998,-0.009998,0.008644,-0.031154,0.034980,1.507970,0.006104,0.001953,0.001465,0,0,0,0,3000,3000,3000,3000,0,230,-353,0-20,0,0,0
102.420471,1.117188,-2.738281,0.000000,0.009998,-0.009998,0.008661,-0.031154,0.034980,1.507970,-0.005615,0.000244,-0.000732,0,0,0,0,3000,3000,3000,3000,0,238,-351,0-20,0,0,0
102.422424,1.117188,-2.738281,0.000000,0.009998,-0.009998,0.008846,-0.031154,0.034980,1.507970,0.005615,0.000732,0.000000,0,0,0,0,3000,3000,3000,3000,0,230,-352,0-20,0,0,0
102.424377,1.117188,-2.738281,0.000000,0.009998,-0.009998,0.008802,-0.031154,0.034980,1.507970,-0.006104,0.000732,0.000977,0,0,0,0,3000,3000,3000,3000,0,239,-352,0-20,0,0,0
102.426331,1.117188,-2.738281,0.000000,0.009998,-0.009998,0.008993,-0.031154,0.034980,1.507970,0.001953,0.001953,-0.000488,0,0,0,0,3000,3000,3000,3000,0,233,-353,0-20,0,0,0
102.428284,1.117188,-2.738281,0.000000,0.009998,-0.009998,0.009104,-0.031154,0.034980,1.507970,-0.000244,0.002441,0.002197,0,0,0,0,3000,3000,3000,3000,0,235,-354,0-20,0,0,0
102.430237,1.117188,-2.738281,0.000000,0.009998,-0.009998,0.009155,-0.031154,0.034980,1.507970,-0.000732,0.001953,-0.002686,0,0,0,0,3000,3000,3000,3000,0,235,-353,0-20,0,0,0
102.432190,1.117188,-2.738281,0.000000,0.009998,-0.009998,0.009254,-0.031154,0.034980,1.507970,0.006104,0.000732,0.002197,0,0,0,0,3000,3000,3000,3000,0,230,-352,0-20,0,0,0
102.434143,1.117188,-2.738281,0.000000,0.009998,-0.009998,0.009436,-0.031154,0.034980,1.507970,-0.005615,0.000732,0.000977,0,0,0,0,3000,3000,3000,3000,0,238,-352,0-20,0,0,0
102.436096,1.117188,-2.738281,0.000000,0.009998,-0.009998,0.009411,-0.031154,0.034980,1.507970,0.000977,-0.000244,0.001465,0,0,0,0,3000,3000,3000,3000,0,234,-351,0-20,0,0,0
102.438057,1.117188,-2.738281,0.000000,0.009998,-0.009998,0.009361,-0.031154,0.034980,1.507970,-0.003418,0.001221,-0.000488,0,0,0,0,3000,3000,3000,3000,0,237,-352,0-20,0,0,0
102.440002,1.117188,-2.738281,0.000000,0.009998,-0.009998,0.009302,-0.031154,0.034980,1.507970,-0.001221,-0.001221,-0.002197,0,0,0,0,3000,3000,3000,3000,0,236,-350,0-20,0,0,0
102.441956,1.117188,-2.738281,0.000000,0.009998,-0.009998,0.009497,-0.031154,0.034980,1.507970,0.002930,0.002441,0.004639,0,0,0,0,3000,3000,3000,3000,0,233,-353,0-20,0,0,0
102.443909,1.117188,-2.738281,0.000000,0.009998,-0.009998,0.009460,-0.031154,0.034980,1.507970,-0.006104,-0.001221,0.001465,0,0,0,0,3000,3000,3000,3000,0,239,-350,0-20,0,0,0
102.445862,1.117188,-2.738281,0.000000,0.009998,-0.009998,0.009405,-0.031154,0.034980,1.507970,0.006592,-0.002930,-0.000488,0,0,0,0,3000,3000,3000,3000,0,230,-348,0-20,0,0,0
102.447815,1.117188,-2.738281,0.000000,0.009998,-0.009998,0.009356,-0.031154,0.034980,1.507970,-0.002441,-0.000244,-0.001221,0,0,0,0,3000,3000,3000,3000,0,237,-350,0-20,0,0,0
102.449768,1.117188,-2.738281,0.000000,0.009998,-0.009998,0.009315,-0.031154,0.034980,1.507970,-0.002441,-0.000244,-0.002686,0,0,0,0,3000,3000,3000,3000,0,237,-350,0-20,0,0,0
102.451721,1.117188,-2.738281,0.000000,0.009998,-0.009998,0.009388,-0.031154,0.034980,1.507970,0.004639,0.000244,0.002197,0,0,0,0,3000,3000,3000,3000,0,232,-350,0-20,0,0,0
102.453674,1.117188,-2.738281,0.000000,0.009998,-0.009998,0.009403,-0.031154,0.034980,1.507970,-0.005615,-0.001953,-0.003906,0,0,0,0,3000,3000,3000,3000,0,239,-348,0-20,0,0,0
102.455627,1.117188,-2.738281,0.000000,0.009998,-0.009998,0.009418,-0.031154,0.034980,1.507970,0.005127,0.000732,-0.000488,0,0,0,0,3000,3000,3000,3000,0,231,-351,0-20,0,0,0
102.457581,1.117188,-2.738281,0.000000,0.009998,-0.009998,0.009560,-0.031154,0.034980,1.507970,-0.004883,0.001953,-0.001221,0,0,0,0,3000,3000,3000,3000,0,238,-352,0-20,0,0,0
102.459541,1.117188,-2.738281,0.000000,0.009998,-0.009998,0.009586,-0.031154,0.034980,1.507970,-0.000244,-0.000244,-0.003174,0,0,0,0,3000,3000,3000,3000,0,235,-350,0-20,0,0,0
102.461487,1.117188,-2.738281,0.000000,0.000000,0.000000,0.009794,-0.031154,0.034980,1.507970,-0.001709,0.003906,0.003174,0,0,0,0,3000,3000,3000,3000,0,236,-354,0-20,0,0,0
102.463440,1.117188,-2.738281,0.000000,0.000000,0.000000,0.007162,-0.031154,0.034980,1.507970,-0.003906,0.001221,-0.000732,0,0,0,0,3000,3000,3000,3000,0,238,-352,0-20,0,0,0
102.465393,1.117188,-2.738281,0.000000,0.000000,0.000000,0.007492,-0.031154,0.034980,1.507970,0.005615,-0.003906,0.002197,0,0,0,0,3000,3000,3000,3000,0,231,-347,0-20,0,0,0
102.467346,1.117188,-2.738281,0.000000,0.000000,0.000000,0.007322,-0.031154,0.034980,1.507970,-0.006592,-0.001221,-0.000732,0,0,0,0,3000,3000,3000,3000,0,240,-349,0-20,0,0,0
102.469299,1.117188,-2.738281,0.000000,0.000000,0.000000,0.004200,-0.031154,0.034980,1.507970,0.005615,-0.000244,0.001465,0,0,0,0,3000,3000,3000,3000,0,231,-350,0-20,0,0,0
102.471252,1.117188,-2.738281,0.000000,0.000000,0.000000,0.004227,-0.031154,0.034980,1.507970,0.001465,0.000244,0.001465,0,0,0,0,3000,3000,3000,3000,0,234,-350,0-20,0,0,0
102.473206,1.117188,-2.738281,0.000000,0.000000,0.000000,0.004448,-0.031154,0.034980,1.507970,-0.000244,0.000732,-0.001221,0,0,0,0,3000,3000,3000,3000,0,235,-351,0-20,0,0,0
102.475159,1.117188,-2.738281,0.000000,0.000000,0.000000,0.004705,-0.031154,0.034980,1.507970,0.004150,-0.001221,0.002197,0,0,0,0,3000,3000,3000,3000,0,231,-349,0-20,0,0,0
102.477112,1.117188,-2.738281,0.000000,0.000000,0.000000,0.004967,-0.031154,0.034980,1.507970,-0.005615,-0.000244,-0.003906,0,0,0,0,3000,3000,3000,3000,0,238,-350,0-20,0,0,0
102.479065,1.117188,-2.738281,0.000000,0.000000,0.000000,0.004927,-0.031154,0.034980,1.507970,0.008789,-0.001221,-0.000488,0,0,0,0,3000,3000,3000,3000,0,228,-349,0-20,0,0,0
102.481018,1.117188,-2.738281,0.000000,0.000000,0.000000,0.004816,-0.031154,0.034980,1.507970,-0.003418,0.001221,0.000977,0,0,0,0,3000,3000,3000,3000,0,236,-351,0-20,0,0,0
102.482971,1.117188,-2.738281,0.000000,0.000000,0.000000,0.004759,-0.031154,0.034980,1.507970,0.001465,0.000732,-0.002197,0,0,0,0,3000,3000,3000,3000,0,233,-351,0-20,0,0,0
102.484924,1.117188,-2.738281,0.000000,0.000000,0.000000,0.004784,-0.031152,0.034980,1.507913,0.001953,-0.000732,-0.000488,0,0,0,0,3000,3000,3000,3000,0,233,-350,0-20,0,0,0
102.486877,1.117188,-2.738281,0.000000,0.000000,0.000000,0.004761,-0.031152,0.034980,1.507913,-0.006104,-0.002930,0.000977,0,0,0,0,3000,3000,3000,3000,0,238,-347,0-20,0,0,0
102.488831,1.117188,-2.738281,0.000000,0.000000,0.000000,0.004883,-0.031152,0.034980,1.507913,0.007324,0.000244,0.000488,0,0,0,0,3000,3000,3000,3000,0,229,-350,0-20,0,0,0
102.490791,1.117188,-2.738281,0.000000,0.000000,0.000000,0.004789,-0.031152,0.034980,1.507913,-0.004395,0.000244,-0.001221,0,0,0,0,3000,3000,3000,3000,0,237,-350,0-20,0,0,0
102.492737,1.117188,-2.738281,0.000000,0.000000,0.000000,0.004673,-0.031152,0.034980,1.507913,0.000244,0.000244,-0.001221,0,0,0,0,3000,3000,3000,3000,0,234,-350,0-20,0,0,0
102.494698,1.117188,-2.738281,0.000000,0.000000,0.000000,0.004946,-0.031152,0.034980,1.507913,0.001953,0.000732,0.002197,0,0,0,0,3000,3000,3000,3000,0,233,-351,0-20,0,0,0
102.496643,1.117188,-2.738281,0.000000,0.000000,0.000000,0.004818,-0.031152,0.034980,1.507913,-0.001709,-0.000244,-0.000488,0,0,0,0,3000,3000,3000,3000,0,236,-350,0-20,0,0,0
102.498596,1.117188,-2.738281,0.000000,0.000000,0.000000,0.004984,-0.031152,0.034980,1.507913,0.006104,-0.002441,0.004639,0,0,0,0,3000,3000,3000,3000,0,230,-348,0-20,0,0,0
102.500549,1.117188,-2.738281,0.000000,0.000000,0.000000,0.005016,-0.031152,0.034980,1.507913,-0.004883,0.001953,-0.000732,0,0,0,0,3000,3000,3000,3000,0,238,-352,0-20,0,0,0
102.502502,1.117188,-2.738281,0.000000,0.000000,0.000000,0.005138,-0.031152,0.034980,1.507913,0.005615,-0.002441,0.000000,0,0,0,0,3000,3000,3000,3000,0,230,-348,0-20,0,0,0
102.504456,1.117188,-2.738281,0.000000,0.000000,0.000000,0.005140,-0.031152,0.034980,1.507913,-0.000244,-0.001953,0.000488,0,0,0,0,3000,3000,3000,3000,0,234,-348,0-20,0,0,0
102.506409,1.117188,-2.738281,0.000000,0.000000,0.000000,0.005342,-0.031152,0.034980,1.507913,-0.003418,0.000244,-0.002197,0,0,0,0,3000,3000,3000,3000,0,236,-350,0-20,0,0,0
102.508362,1.117188,-2.738281,0.000000,0.000000,0.000000,0.005264,-0.031152,0.034980,1.507913,0.004639,0.000244,0.000977,0,0,0,0,3000,3000,3000,3000,0,231,-350,0-20,0,0,0
102.510315,1.117188,-2.738281,0.000000,0.000000,0.000000,0.005171,-0.031152,0.034980,1.507913,-0.007568,0.000732,-0.002197,0,0,0,0,3000,3000,3000,3000,0,240,-351,0-20,0,0,0
102.512268,1.117188,-2.738281,0.000000,0.000000,0.000000,0.005150,-0.031152,0.034980,1.507913,0.002441,-0.000244,0.000000,0,0,0,0,3000,3000,3000,3000,0,233,-350,0-20,0,0,0
102.514221,1.117188,-2.738281,0.000000,0.000000,0.000000,0.005247,-0.031152,0.034980,1.507913,-0.003906,0.000244,-0.000488,0,0,0,0,3000,3000,3000,3000,0,238,-351,0-20,0,0,0
102.516174,1.117188,-2.738281,0.000000,0.000000,0.000000,0.005369,-0.031152,0.034980,1.507913,-0.002441,0.000244,0.000000,0,0,0,0,3000,3000,3000,3000,0,237,-351,0-20,0,0,0
102.518127,1.117188,-2.738281,0.000000,0.000000,0.000000,0.005497,-0.031152,0.034980,1.507913,0.005127,0.002441,-0.000488,0,0,0,0,3000,3000,3000,3000,0,232,-353,0-20,0,0,0
102.520081,1.117188,-2.738281,0.000000,0.000000,0.000000,0.005468,-0.031152,0.034980,1.507913,-0.004395,0.000244,-0.004395,0,0,0,0,3000,3000,3000,3000,0,238,-351,0-20,0,0,0
102.522034,1.117188,-2.738281,0.000000,0.000000,0.000000,0.005861,-0.031152,0.034980,1.507913,0.005615,-0.003418,0.000977,0,0,0,0,3000,3000,3000,3000,0,231,-348,0-20,0,0,0
102.523987,1.117188,-2.738281,0.000000,0.000000,0.000000,0.005705,-0.031152,0.034980,1.507913,-0.003418,0.000244,-0.002197,0,0,0,0,3000,3000,3000,3000,0,237,-351,0-20,0,0,0
102.525940,1.117188,-2.738281,0.000000,0.000000,0.000000,0.005634,-0.031152,0.034980,1.507913,0.000244,0.000244,-0.000732,0,0,0,0,3000,3000,3000,3000,0,235,-351,0-20,0,0,0
102.527893,1.117188,-2.738281,0.000000,0.000000,0.000000,0.005840,-0.031152,0.034980,1.507913,0.002441,-0.000244,0.003174,0,0,0,0,3000,3000,3000,3000,0,233,-350,0-20,0,0,0
102.529846,1.117188,-2.738281,0.000000,0.000000,0.000000,0.005922,-0.031152,0.034980,1.507913,-0.004883,-0.000244,-0.003906,0,0,0,0,3000,3000,3000,3000,0,238,-350,0-20,0,0,0
102.531799,1.117188,-2.738281,0.000000,0.000000,0.000000,0.005970,-0.031152,0.034980,1.507913,0.005615,0.000244,0.003662,0,0,0,0,3000,3000,3000,3000,0,231,-351,0-20,0,0,0
102.533752,1.117188,-2.738281,0.000000,0.000000,0.000000,0.005938,-0.031152,0.034980,1.507913,-0.001221,-0.002441,-0.000488,0,0,0,0,3000,3000,3000,3000,0,236,-348,0-20,0,0,0
102.545471,1.117188,-2.738281,0.000000,0.000000,0.000000,0.006041,-0.031152,0.034980,1.507913,-0.000244,0.000732,0.000977,0,0,0,0,3000,3000,3000,3000,0,235,-351,0-20,0,0,0
102.547424,1.117188,-2.738281,0.000000,0.000000,0.000000,0.006838,-0.031276,0.035102,1.507726,-0.003418,0.002441,-0.001709,0,0,0,0,3000,3000,3000,3000,0,238,-354,0-20,0,0,0
102.549377,1.117188,-2.738281,0.000000,0.000000,0.000000,0.006956,-0.031276,0.035102,1.507726,0.000977,0.001221,0.000000,0,0,0,0,3000,3000,3000,3000,0,235,-353,0-20,0,0,0
102.551331,1.117188,-2.738281,0.000000,0.000000,0.000000,0.007122,-0.031276,0.035102,1.507726,0.005615,0.000244,0.003662,0,0,0,0,3000,3000,3000,3000,0,231,-352,0-20,0,0,0
102.553284,1.117188,-2.738281,0.000000,0.000000,0.000000,0.007107,-0.031276,0.035102,1.507726,-0.000732,-0.007812,-0.004883,0,0,0,0,3000,3000,3000,3000,0,236,-344,0-20,0,0,0
102.555237,1.117188,-2.738281,0.000000,0.000000,0.000000,0.007378,-0.031276,0.035102,1.507726,0.004150,0.003418,0.000977,0,0,0,0,3000,3000,3000,3000,0,232,-354,0-20,0,0,0
102.557190,1.117188,-2.738281,0.000000,0.000000,0.000000,0.009901,-0.031276,0.035102,1.507726,-0.009277,0.001221,0.004150,0,0,0,0,3000,3000,3000,3000,0,242,-352,0-20,0,0,0
102.559143,1.117188,-2.738281,0.000000,0.000000,0.000000,0.009857,-0.031276,0.035102,1.507726,0.003418,0.000244,-0.003174,0,0,0,0,3000,3000,3000,3000,0,233,-352,0-20,0,0,0
102.561104,1.117188,-2.738281,0.000000,0.000000,0.000000,0.010090,-0.031276,0.035102,1.507726,-0.005615,0.007080,0.004639,0,0,0,0,3000,3000,3000,3000,0,240,-359,0-20,0,0,0
102.563049,1.117188,-2.738281,0.000000,0.000000,0.000000,0.010038,-0.031276,0.035102,1.507726,0.004150,0.002441,-0.002197,0,0,0,0,3000,3000,3000,3000,0,233,-355,0-20,0,0,0
102.565002,1.117188,-2.738281,0.000000,0.000000,0.000000,0.009945,-0.031276,0.035102,1.507726,0.007324,-0.002441,-0.000732,0,0,0,0,3000,3000,3000,3000,0,230,-350,0-20,0,0,0
102.566956,1.117188,-2.738281,0.000000,0.000000,0.000000,0.010088,-0.031276,0.035102,1.507726,-0.009766,0.009277,0.002686,0,0,0,0,3000,3000,3000,3000,0,242,-361,0-20,0,0,0
102.568909,1.117188,-2.738281,0.000000,0.000000,0.000000,0.010332,-0.031276,0.035102,1.507726,0.017822,-0.008301,-0.003174,0,0,0,0,3000,3000,3000,3000,0,222,-345,0-20,0,0,0
102.570862,1.117188,-2.738281,0.000000,0.000000,0.000000,0.010004,-0.031276,0.035102,1.507726,-0.003418,0.002441,0.002197,0,0,0,0,3000,3000,3000,3000,0,237,-355,0-20,0,0,0
102.572815,1.117188,-2.738281,0.000000,0.000000,0.000000,0.010286,-0.031276,0.035102,1.507726,-0.003906,0.002441,0.000000,0,0,0,0,3000,3000,3000,3000,0,237,-355,0-20,0,0,0
102.574768,1.117188,-2.738281,0.000000,0.000000,0.000000,0.010387,-0.031276,0.035102,1.507726,0.011963,-0.007812,0.000000,0,0,0,0,3000,3000,3000,3000,0,226,-345,0-20,0,0,0
102.576721,1.117188,-2.738281,0.000000,0.000000,0.000000,0.010263,-0.031276,0.035102,1.507726,-0.013428,0.002930,0.003662,0,0,0,0,3000,3000,3000,3000,0,244,-354,0-20,0,0,0
102.578674,1.117188,-2.738281,0.000000,0.000000,0.000000,0.010370,-0.031276,0.035102,1.507726,0.017334,-0.008301,-0.002686,0,0,0,0,3000,3000,3000,3000,0,222,-343,0-20,0,0,0
102.580627,1.117188,-2.738281,0.000000,0.000000,0.000000,0.010361,-0.031276,0.035102,1.507726,-0.004395,-0.002441,-0.001221,0,0,0,0,3000,3000,3000,3000,0,237,-348,0-20,0,0,0
102.582581,1.117188,-2.738281,0.000000,0.000000,0.000000,0.010351,-0.031276,0.035102,1.507726,-0.004395,0.002441,-0.001709,0,0,0,0,3000,3000,3000,3000,0,237,-352,0-20,0,0,0
102.584534,1.117188,-2.738281,0.000000,0.000000,0.000000,0.010765,-0.031276,0.035102,1.507726,-0.000244,-0.011475,-0.003174,0,0,0,0,3000,3000,3000,3000,0,235,-339,0-20,0,0,0
102.586487,1.117188,-2.738281,0.000000,0.000000,0.000000,0.010620,-0.031276,0.035102,1.507726,-0.010254,-0.002930,-0.003906,0,0,0,0,3000,3000,3000,3000,0,243,-346,0-20,0,0,0
102.588440,1.117188,-2.738281,0.000000,0.000000,0.000000,0.010695,-0.031276,0.035102,1.507726,0.005127,0.009277,0.000488,0,0,0,0,3000,3000,3000,3000,0,232,-358,0-20,0,0,0
102.590393,1.117188,-2.738281,0.000000,0.000000,0.000000,0.010855,-0.031276,0.035102,1.507726,-0.014160,0.000732,-0.001709,0,0,0,0,3000,3000,3000,3000,0,246,-351,0-20,0,0,0
102.592346,1.117188,-2.738281,0.000000,0.000000,0.000000,0.010515,-0.031276,0.035102,1.507726,0.007812,0.003418,-0.003906,0,0,0,0,3000,3000,3000,3000,0,231,-354,0-20,0,0,0
102.594299,1.117188,-2.738281,0.000000,0.000000,0.000000,0.011013,-0.031276,0.035102,1.507726,0.010986,0.001221,-0.000732,0,0,0,0,3000,3000,3000,3000,0,228,-352,0-20,0,0,0
102.596252,1.117188,-2.738281,0.000000,0.000000,0.000000,0.010902,-0.031276,0.035102,1.507726,0.004150,0.001221,-0.003906,0,0,0,0,3000,3000,3000,3000,0,232,-353,0-20,0,0,0
102.598206,1.117188,-2.738281,0.000000,0.000000,0.000000,0.010798,-0.031276,0.035102,1.507726,0.004150,0.002441,-0.001709,0,0,0,0,3000,3000,3000,3000,0,232,-354,0-20,0,0,0
102.600159,1.117188,-2.738281,0.000000,0.000000,0.000000,0.011303,-0.031276,0.035102,1.507726,-0.005615,0.002930,0.001465,0,0,0,0,3000,3000,3000,3000,0,238,-355,0-20,0,0,0
102.602112,1.117188,-2.738281,0.000000,0.000000,0.000000,0.011198,-0.031276,0.035102,1.507726,0.013672,-0.000732,0.003174,0,0,0,0,3000,3000,3000,3000,0,225,-352,0-20,0,0,0
102.604065,1.117188,-2.738281,0.000000,0.000000,0.000000,0.011267,-0.031276,0.035102,1.507726,-0.005615,-0.001221,0.005371,0,0,0,0,3000,3000,3000,3000,0,238,-351,0-20,0,0,0
102.606018,1.117188,-2.738281,0.000000,0.000000,0.000000,0.011486,-0.031276,0.035102,1.507726,-0.005615,-0.000244,0.000000,0,0,0,0,3000,3000,3000,3000,0,238,-352,0-20,0,0,0
102.607971,1.117188,-2.738281,0.000000,0.000000,0.000000,0.011402,-0.031276,0.035102,1.507726,0.007812,0.000732,-0.000488,0,0,0,0,3000,3000,3000,3000,0,229,-353,0-20,0,0,0
102.609924,1.117188,-2.738281,0.000000,0.000000,0.000000,0.011454,-0.031276,0.035102,1.507726,-0.013428,-0.003418,0.001465,0,0,0,0,3000,3000,3000,3000,0,245,-349,0-20,0,0,0
102.611877,1.117188,-2.738281,0.000000,0.000000,0.000000,0.011499,-0.031276,0.035102,1.507726,0.010010,-0.002930,0.002197,0,0,0,0,3000,3000,3000,3000,0,228,-349,0-20,0,0,0
102.613831,1.117188,-2.738281,0.000000,0.000000,0.000000,0.011599,-0.031276,0.035102,1.507726,-0.004883,0.000244,-0.002197,0,0,0,0,3000,3000,3000,3000,0,239,-351,0-20,0,0,0
102.615784,1.117188,-2.738281,0.000000,0.000000,0.000000,0.011463,-0.031276,0.035102,1.507726,-0.006592,-0.000244,-0.000732,0,0,0,0,3000,3000,3000,3000,0,240,-351,0-20,0,0,0
102.617737,1.117188,-2.738281,0.000000,0.000000,0.000000,0.011488,-0.031276,0.035102,1.507726,0.005127,-0.001953,0.000000,0,0,0,0,3000,3000,3000,3000,0,233,-349,0-20,0,0,0
102.619690,1.117188,-2.738281,0.000000,0.000000,0.000000,0.011414,-0.031276,0.035102,1.507726,-0.002930,-0.002441,0.000000,0,0,0,0,3000,3000,3000,3000,0,238,-348,0-20,0,0,0
102.621643,1.117188,-2.738281,0.000000,0.000000,0.000000,0.011177,-0.031276,0.035102,1.507726,0.013184,0.005615,0.000488,0,0,0,0,3000,3000,3000,3000,0,226,-356,0-20,0,0,0
102.623596,1.117188,-2.738281,0.000000,0.000000,0.000000,0.011585,-0.031276,0.035102,1.507726,-0.009277,-0.001221,0.000977,0,0,0,0,3000,3000,3000,3000,0,242,-350,0-20,0,0,0
102.625549,1.117188,-2.738281,0.000000,0.000000,0.000000,0.011654,-0.031276,0.035102,1.507726,0.004150,-0.001221,-0.002197,0,0,0,0,3000,3000,3000,3000,0,232,-350,0-20,0,0,0
102.627502,1.117188,-2.738281,0.000000,0.000000,0.000000,0.011806,-0.031276,0.035102,1.507726,0.009277,0.004395,-0.000732,0,0,0,0,3000,3000,3000,3000,0,229,-355,0-20,0,0,0
102.629456,1.117188,-2.738281,0.000000,0.000000,0.000000,0.011944,-0.031276,0.035102,1.507726,-0.015137,0.000244,-0.002686,0,0,0,0,3000,3000,3000,3000,0,246,-352,0-20,0,0,0
102.631409,1.117188,-2.738281,0.000000,0.000000,0.000000,0.012022,-0.031276,0.035102,1.507726,0.008301,-0.003906,0.000000,0,0,0,0,3000,3000,3000,3000,0,230,-348,0-20,0,0,0
102.633362,1.117188,-2.738281,0.000000,0.000000,0.000000,0.012163,-0.031276,0.035102,1.507726,-0.010254,-0.004639,-0.001709,0,0,0,0,3000,3000,3000,3000,0,243,-347,0-20,0,0,0
102.635315,1.117188,-2.738281,0.003906,0.000000,0.000000,0.019234,-0.031276,0.035102,1.507726,-0.001221,0.000244,-0.001709,0,0,0,0,3000,3000,3000,3000,0,237,-351,0-20,0,0,0
102.637268,1.117188,-2.738281,0.003906,0.000000,0.000000,0.019186,-0.031276,0.035102,1.507726,-0.005615,-0.003418,0.002197,0,0,0,0,3000,3000,3000,3000,0,241,-347,0-20,0,0,0
102.639221,1.117188,-2.738281,0.003906,0.000000,0.000000,0.019257,-0.031276,0.035102,1.507726,-0.006592,0.006104,-0.002686,0,0,0,0,3000,3000,3000,3000,0,242,-356,0-20,0,0,0
102.641174,1.117188,-2.738281,0.003906,0.000000,0.000000,0.019251,-0.031276,0.035102,1.507726,0.007324,0.003418,-0.001221,0,0,0,0,3000,3000,3000,3000,0,232,-354,0-20,0,0,0
102.643127,1.117188,-2.738281,0.003906,0.000000,0.000000,0.019232,-0.031276,0.035102,1.507726,-0.003906,-0.004639,-0.000488,0,0,0,0,3000,3000,3000,3000,0,240,-347,0-20,0,0,0
102.645081,1.117188,-2.738281,0.003906,0.000000,0.000000,0.019230,-0.031276,0.035102,1.507726,0.002930,-0.005615,0.002686,0,0,0,0,3000,3000,3000,3000,0,234,-346,0-20,0,0,0
102.647034,1.117188,-2.738281,0.003906,0.000000,0.000000,0.019238,-0.031276,0.035102,1.507726,0.006104,0.005615,0.000977,0,0,0,0,3000,3000,3000,3000,0,232,-356,0-20,0,0,0
102.648987,1.117188,-2.738281,0.003906,0.000000,0.000000,0.019241,-0.031276,0.035102,1.507726,-0.003418,-0.001953,0.000977,0,0,0,0,3000,3000,3000,3000,0,238,-349,0-20,0,0,0
102.650940,1.117188,-2.738281,0.003906,0.000000,0.000000,0.019167,-0.031276,0.035102,1.507726,0.013672,0.008789,0.000977,0,0,0,0,3000,3000,3000,3000,0,226,-360,0-20,0,0,0
102.652893,1.117188,-2.738281,0.003906,0.000000,0.000000,0.019306,-0.031276,0.035102,1.507726,-0.002441,0.015625,0.003662,0,0,0,0,3000,3000,3000,3000,0,236,-367,0-20,0,0,0
102.654846,1.117188,-2.738281,0.003906,0.000000,0.000000,0.019361,-0.031276,0.035102,1.507726,0.002441,-0.000244,0.003174,0,0,0,0,3000,3000,3000,3000,0,233,-354,0-20,0,0,0
102.656807,1.117188,-2.738281,0.003906,-0.009998,0.000000,0.019608,-0.031276,0.035102,1.507726,-0.000244,-0.003906,0.004639,0,0,0,0,3000,3000,3000,3000,0,235,-351,0-20,0,0,0
102.658752,1.117188,-2.738281,0.000000,-0.009998,0.000000,0.011044,-0.031276,0.035102,1.507726,-0.005615,0.005615,-0.002197,0,0,0,0,3000,3000,3000,3000,0,239,-359,0-20,0,0,0
102.660706,1.117188,-2.738281,0.000000,-0.009998,0.000000,0.011063,-0.031276,0.035102,1.507726,0.004150,0.005615,-0.001221,0,0,0,0,3000,3000,3000,3000,0,232,-359,0-20,0,0,0
102.662659,1.117188,-2.738281,0.000000,-0.009998,0.000000,0.011349,-0.031276,0.035102,1.507726,-0.012939,-0.003418,-0.000732,0,0,0,0,3000,3000,3000,3000,0,244,-351,0-20,0,0,0
102.664612,1.117188,-2.738281,0.000000,-0.009998,0.000000,0.011372,-0.031276,0.035102,1.507726,0.008301,0.008789,0.002197,0,0,0,0,3000,3000,3000,3000,0,230,-362,0-20,0,0,0
102.666565,1.117188,-2.738281,0.000000,-0.009998,0.000000,0.011511,-0.031276,0.035102,1.507726,-0.003418,0.002930,-0.001709,0,0,0,0,3000,3000,3000,3000,0,238,-357,0-20,0,0,0
102.668518,1.117188,-2.738281,0.000000,-0.009998,0.000000,0.011440,-0.031276,0.035102,1.507726,-0.001709,-0.006104,-0.003906,0,0,0,0,3000,3000,3000,3000,0,237,-348,0-20,0,0,0
102.670471,1.117188,-2.738281,0.000000,-0.009998,0.000000,0.011547,-0.031276,0.035102,1.507726,0.007324,0.002441,0.000000,0,0,0,0,3000,3000,3000,3000,0,230,-355,0-20,0,0,0
102.672424,1.117188,-2.738281,0.000000,-0.009998,0.000000,0.011637,-0.031276,0.035102,1.507726,0.001465,-0.000732,-0.000732,0,0,0,0,3000,3000,3000,3000,0,234,-352,0-20,0,0,0
102.674377,1.117188,-2.738281,0.000000,-0.009998,0.000000,0.011673,-0.031276,0.035163,1.507726,0.007324,-0.001221,0.000977,0,0,0,0,3000,3000,3000,3000,0,229,-352,0-20,0,0,0
102.676331,1.117188,-2.738281,0.000000,-0.009998,0.000000,0.011677,-0.031276,0.035163,1.507726,-0.001221,0.006104,0.002686,0,0,0,0,3000,3000,3000,3000,0,235,-358,0-20,0,0,0
102.678284,1.117188,-2.738281,0.000000,-0.009998,0.000000,0.011810,-0.031276,0.035163,1.507726,0.007324,0.001953,0.002686,0,0,0,0,3000,3000,3000,3000,0,229,-355,0-20,0,0,0
102.680237,1.117188,-2.738281,0.000000,-0.009998,0.000000,0.011801,-0.031276,0.035163,1.507726,0.001465,0.001221,-0.003906,0,0,0,0,3000,3000,3000,3000,0,232,-354,0-20,0,0,0
102.682190,1.117188,-2.738281,0.000000,-0.009998,0.000000,0.011911,-0.031276,0.035163,1.507726,-0.001221,0.001953,-0.002197,0,0,0,0,3000,3000,3000,3000,0,234,-355,0-20,0,0,0
102.684143,1.117188,-2.738281,0.000000,-0.009998,0.000000,0.011930,-0.031276,0.035163,1.507726,-0.000244,0.000244,0.004639,0,0,0,0,3000,3000,3000,3000,0,234,-353,0-20,0,0,0
102.686096,1.117188,-2.738281,0.000000,-0.009998,0.000000,0.012056,-0.031276,0.035163,1.507726,-0.004883,0.000244,-0.002197,0,0,0,0,3000,3000,3000,3000,0,238,-353,0-20,0,0,0
102.688057,1.117188,-2.738281,0.000000,-0.009998,0.000000,0.012222,-0.031276,0.035163,1.507726,-0.000732,-0.000732,0.001465,0,0,0,0,3000,3000,3000,3000,0,235,-351,0-20,0,0,0
102.690002,1.117188,-2.738281,0.000000,-0.009998,0.000000,0.012310,-0.031276,0.035163,1.507726,0.001953,-0.001953,0.001465,0,0,0,0,3000,3000,3000,3000,0,233,-350,0-20,0,0,0
102.691956,1.117188,-2.738281,0.000000,-0.009998,0.000000,0.012333,-0.031276,0.035163,1.507726,0.004150,-0.001221,0.002686,0,0,0,0,3000,3000,3000,3000,0,232,-350,0-20,0,0,0
102.693909,1.117188,-2.738281,0.000000,-0.009998,0.000000,0.012558,-0.031276,0.035163,1.507726,-0.001221,-0.002441,0.002197,0,0,0,0,3000,3000,3000,3000,0,235,-349,0-20,0,0,0
102.695862,1.117188,-2.738281,0.000000,-0.009998,0.000000,0.012529,-0.031276,0.035163,1.507726,0.002441,0.001953,-0.001709,0,0,0,0,3000,3000,3000,3000,0,233,-352,0-20,0,0,0
102.697815,1.117188,-2.738281,0.000000,-0.009998,0.000000,0.012630,-0.031276,0.035163,1.507726,0.004639,-0.002441,0.002197,0,0,0,0,3000,3000,3000,3000,0,231,-348,0-20,0,0,0
102.699768,1.117188,-2.738281,0.000000,-0.009998,0.000000,0.012520,-0.031276,0.035163,1.507726,-0.001709,0.001221,0.002686,0,0,0,0,3000,3000,3000,3000,0,236,-351,0-20,0,0,0
102.701721,1.117188,-2.738281,0.000000,-0.009998,0.000000,0.012674,-0.031276,0.035163,1.507726,0.005127,0.000732,0.001465,0,0,0,0,3000,3000,3000,3000,0,231,-351,0-20,0,0,0
102.703674,1.117188,-2.738281,0.000000,-0.009998,0.000000,0.012823,-0.031276,0.035163,1.507726,0.001953,0.000732,-0.001709,0,0,0,0,3000,3000,3000,3000,0,233,-351,0-20,0,0,0
102.705627,1.117188,-2.738281,0.000000,-0.009998,0.000000,0.013023,-0.031276,0.035163,1.507726,-0.003906,-0.000244,-0.003174,0,0,0,0,3000,3000,3000,3000,0,237,-350,0-20,0,0,0
102.707581,1.117188,-2.738281,0.000000,-0.009998,0.000000,0.013029,-0.031276,0.035163,1.507726,0.005127,0.000244,-0.000488,0,0,0,0,3000,3000,3000,3000,0,231,-351,0-20,0,0,0
102.709534,1.117188,-2.738281,0.000000,-0.009998,0.000000,0.012783,-0.031276,0.035163,1.507726,-0.011963,0.002930,-0.001709,0,0,0,0,3000,3000,3000,3000,0,243,-353,0-20,0,0,0
102.711487,1.117188,-2.738281,0.000000,-0.009998,0.000000,0.012777,-0.031276,0.035163,1.507726,0.002441,0.000732,-0.003906,0,0,0,0,3000,3000,3000,3000,0,234,-352,0-20,0,0,0
102.713440,1.117188,-2.738281,0.000000,-0.009998,0.000000,0.007387,-0.031276,0.035163,1.507726,-0.009277,0.001221,-0.000732,0,0,0,0,3000,3000,3000,3000,0,243,-352,0-20,0,0,0
102.715393,1.117188,-2.738281,0.000000,-0.009998,0.000000,0.007273,-0.031276,0.035163,1.507726,-0.001709,0.004395,-0.000488,0,0,0,0,3000,3000,3000,3000,0,238,-356,0-20,0,0,0
102.717346,1.117188,-2.738281,0.000000,-0.009998,0.000000,0.007305,-0.031276,0.035163,1.507726,0.002441,0.001953,-0.003174,0,0,0,0,3000,3000,3000,3000,0,235,-354,0-20,0,0,0
102.719299,1.117188,-2.738281,0.000000,-0.009998,0.000000,0.007353,-0.031276,0.035163,1.507726,-0.007568,-0.000732,-0.002197,0,0,0,0,3000,3000,3000,3000,0,242,-351,0-20,0,0,0
102.721252,1.117188,-2.738281,0.000000,-0.009998,0.000000,0.007456,-0.031276,0.035163,1.507726,0.010010,-0.002930,0.005371,0,0,0,0,3000,3000,3000,3000,0,230,-349,0-20,0,0,0
102.723206,1.117188,-2.738281,0.000000,-0.009998,0.000000,0.007763,-0.031276,0.035163,1.507726,-0.000244,-0.000244,0.004639,0,0,0,0,3000,3000,3000,3000,0,236,-351,0-20,0,0,0
102.725159,1.117188,-2.738281,0.000000,-0.009998,0.000000,0.007572,-0.031276,0.035163,1.507726,0.002930,-0.003418,0.002686,0,0,0,0,3000,3000,3000,3000,0,234,-348,0-20,0,0,0
102.727112,1.117188,-2.738281,0.000000,-0.009998,0.000000,0.007637,-0.031276,0.035163,1.507726,0.008301,-0.002930,0.005859,0,0,0,0,3000,3000,3000,3000,0,229,-348,0-20,0,0,0
102.729065,1.117188,-2.738281,0.000000,-0.009998,0.000000,0.007620,-0.031276,0.035163,1.507726,-0.003906,-0.001221,-0.000488,0,0,0,0,3000,3000,3000,3000,0,237,-349,0-20,0,0,0
102.731018,1.117188,-2.738281,0.000000,-0.009998,0.000000,0.007740,-0.031276,0.035163,1.507726,0.006104,-0.002930,0.003174,0,0,0,0,3000,3000,3000,3000,0,230,-347,0-20,0,0,0
102.734924,1.117188,-2.738281,0.000000,-0.009998,0.000000,0.007904,-0.031276,0.035163,1.507726,-0.006592,-0.000732,-0.001709,0,0,0,0,3000,3000,3000,3000,0,239,-349,0-20,0,0,0
102.736877,1.117188,-2.738281,0.000000,-0.009998,0.000000,0.007534,-0.031276,0.035163,1.507726,-0.004395,-0.001221,-0.000488,0,0,0,0,3000,3000,3000,3000,0,239,-349,0-20,0,0,0
102.738831,1.117188,-2.738281,0.000000,-0.009998,0.000000,0.007633,-0.031276,0.035163,1.507726,-0.002441,0.002441,-0.000488,0,0,0,0,3000,3000,3000,3000,0,238,-352,0-20,0,0,0
102.740784,1.117188,-2.738281,0.000000,-0.009998,0.000000,0.007769,-0.031276,0.035163,1.507726,0.003418,-0.000732,-0.000732,0,0,0,0,3000,3000,3000,3000,0,234,-350,0-20,0,0,0
102.742737,1.117188,-2.738281,0.000000,-0.009998,0.000000,0.007853,-0.031276,0.035163,1.507726,-0.006104,0.004395,-0.003906,0,0,0,0,3000,3000,3000,3000,0,240,-355,0-20,0,0,0
102.744690,1.117188,-2.738281,0.000000,-0.009998,0.000000,0.008102,-0.031276,0.035163,1.507726,0.002441,0.001221,-0.001221,0,0,0,0,3000,3000,3000,3000,0,234,-353,0-20,0,0,0
102.746643,1.117188,-2.738281,0.000000,-0.009998,0.000000,0.008110,-0.031276,0.035163,1.507726,-0.000732,0.000732,0.000488,0,0,0,0,3000,3000,3000,3000,0,237,-352,0-20,0,0,0
102.748604,1.117188,-2.738281,0.000000,-0.009998,0.000000,0.008221,-0.031276,0.035163,1.507726,-0.003906,0.002441,-0.002197,0,0,0,0,3000,3000,3000,3000,0,239,-354,0-20,0,0,0
102.750549,1.117188,-2.738281,0.000000,-0.009998,0.000000,0.008335,-0.031276,0.035163,1.507726,0.003418,-0.001953,-0.000732,0,0,0,0,3000,3000,3000,3000,0,234,-350,0-20,0,0,0
102.752502,1.117188,-2.738281,0.000000,-0.009998,0.000000,0.008287,-0.031276,0.035163,1.507726,-0.006104,-0.000732,-0.003906,0,0,0,0,3000,3000,3000,3000,0,240,-351,0-20,0,0,0
102.754456,1.117188,-2.738281,0.000000,-0.009998,0.000000,0.008396,-0.031276,0.035163,1.507726,0.007812,0.001953,-0.003174,0,0,0,0,3000,3000,3000,3000,0,230,-354,0-20,0,0,0
102.756416,1.117188,-2.738281,0.000000,-0.009998,0.000000,0.008324,-0.031276,0.035163,1.507726,-0.005615,-0.000732,0.000000,0,0,0,0,3000,3000,3000,3000,0,239,-351,0-20,0,0,0
102.758362,1.117188,-2.738281,0.000000,-0.009998,0.000000,0.008360,-0.031276,0.035163,1.507726,-0.002930,-0.001221,0.000488,0,0,0,0,3000,3000,3000,3000,0,238,-351,0-20,0,0,0
102.760315,1.117188,-2.738281,0.000000,-0.009998,0.000000,0.008554,-0.031276,0.035163,1.507726,0.002930,-0.002441,-0.000732,0,0,0,0,3000,3000,3000,3000,0,234,-349,0-20,0,0,0
102.762268,1.117188,-2.738281,0.000000,-0.009998,0.000000,0.008705,-0.031276,0.035163,1.507726,-0.009277,0.000732,-0.003174,0,0,0,0,3000,3000,3000,3000,0,242,-352,0-20,0,0,0
102.764221,1.117188,-2.738281,0.000000,-0.009998,0.000000,0.008743,-0.031276,0.035163,1.507726,0.009277,0.001953,-0.000488,0,0,0,0,3000,3000,3000,3000,0,229,-353,0-20,0,0,0
102.766174,1.117188,-2.738281,0.000000,-0.009998,0.000000,0.008970,-0.031276,0.035163,1.507726,-0.004395,-0.000244,0.001465,0,0,0,0,3000,3000,3000,3000,0,238,-352,0-20,0,0,0
102.768127,1.117188,-2.738281,0.000000,-0.009998,0.000000,0.008808,-0.031276,0.035163,1.507726,0.002930,0.000244,0.002686,0,0,0,0,3000,3000,3000,3000,0,233,-352,0-20,0,0,0
102.770081,1.117188,-2.738281,0.000000,-0.009998,0.000000,0.008972,-0.031276,0.035163,1.507726,0.001465,0.000732,0.002686,0,0,0,0,3000,3000,3000,3000,0,234,-353,0-20,0,0,0
102.772034,1.117188,-2.738281,0.000000,-0.009998,0.000000,0.008978,-0.031276,0.035163,1.507726,0.000977,0.002930,-0.000732,0,0,0,0,3000,3000,3000,3000,0,234,-355,0-20,0,0,0
102.773987,1.117188,-2.738281,0.000000,-0.009998,0.000000,0.009233,-0.031276,0.035163,1.507726,0.004639,-0.000244,0.004150,0,0,0,0,3000,3000,3000,3000,0,231,-352,0-20,0,0,0
102.775940,1.117188,-2.738281,0.000000,-0.009998,0.000000,0.009197,-0.031276,0.035163,1.507726,-0.003418,0.003906,0.000488,0,0,0,0,3000,3000,3000,3000,0,237,-356,0-20,0,0,0
102.777893,1.117188,-2.738281,0.000000,-0.009998,0.000000,0.009096,-0.031276,0.035163,1.507726,0.010498,-0.000244,0.000488,0,0,0,0,3000,3000,3000,3000,0,227,-352,0-20,0,0,0
102.779846,1.117188,-2.738281,0.000000,-0.009998,0.000000,0.009102,-0.031276,0.035163,1.507726,0.000977,-0.002930,-0.000732,0,0,0,0,3000,3000,3000,3000,0,233,-350,0-20,0,0,0
102.781799,1.117188,-2.738281,0.000000,-0.009998,0.000000,0.008930,-0.031276,0.035163,1.507726,-0.003418,0.000732,-0.002197,0,0,0,0,3000,3000,3000,3000,0,236,-353,0-20,0,0,0
102.783752,1.117188,-2.738281,0.000000,-0.009998,0.000000,0.008926,-0.031276,0.035163,1.507726,0.004150,-0.003418,-0.002197,0,0,0,0,3000,3000,3000,3000,0,231,-349,0-20,0,0,0
102.785706,1.117188,-2.738281,0.000000,-0.009998,0.000000,0.009027,-0.031276,0.035163,1.507726,-0.007080,0.000732,-0.002686,0,0,0,0,3000,3000,3000,3000,0,239,-352,0-20,0,0,0
102.787659,1.117188,-2.738281,0.000000,-0.009998,0.000000,0.009151,-0.031276,0.035163,1.507726,0.000244,0.001221,-0.001221,0,0,0,0,3000,3000,3000,3000,0,234,-353,0-20,0,0,0
102.789612,1.117188,-2.738281,0.000000,-0.009998,0.000000,0.008986,-0.031276,0.035163,1.507726,-0.001709,-0.000732,-0.001709,0,0,0,0,3000,3000,3000,3000,0,236,-351,0-20,0,0,0
102.791565,1.117188,-2.738281,0.000000,-0.009998,0.000000,0.009348,-0.031276,0.035163,1.507726,-0.002930,-0.001221,-0.001221,0,0,0,0,3000,3000,3000,3000,0,237,-351,0-20,0,0,0
102.793518,1.117188,-2.738281,0.000000,-0.009998,0.000000,0.002918,-0.031276,0.035163,1.507726,-0.000732,-0.001221,0.000977,0,0,0,0,3000,3000,3000,3000,0,236,-350,0-20,0,0,0
102.795471,1.117188,-2.738281,0.000000,-0.009998,0.000000,0.002935,-0.031276,0.035163,1.507726,-0.001709,-0.002930,-0.002686,0,0,0,0,3000,3000,3000,3000,0,236,-349,0-20,0,0,0
102.797424,1.117188,-2.738281,0.000000,-0.009998,0.000000,0.002920,-0.031276,0.035163,1.507726,0.004639,-0.000244,0.000000,0,0,0,0,3000,3000,3000,3000,0,232,-351,0-20,0,0,0
102.799377,1.117188,-2.738281,0.000000,-0.009998,0.000000,0.003048,-0.031276,0.035163,1.507726,-0.001709,0.001953,0.003174,0,0,0,0,3000,3000,3000,3000,0,236,-353,0-20,0,0,0
102.801331,1.117188,-2.738281,0.000000,-0.009998,0.000000,0.003353,-0.031276,0.035163,1.507726,0.001465,0.001221,0.003174,0,0,0,0,3000,3000,3000,3000,0,234,-353,0-20,0,0,0
102.803284,1.117188,-2.738281,0.000000,-0.009998,0.000000,0.003597,-0.031276,0.035163,1.507726,0.001465,0.001953,0.000488,0,0,0,0,3000,3000,3000,3000,0,234,-354,0-20,0,0,0
102.805237,1.117188,-2.738281,0.000000,-0.009998,0.000000,0.003605,-0.031276,0.035163,1.507726,-0.000732,0.000732,-0.000732,0,0,0,0,3000,3000,3000,3000,0,235,-353,0-20,0,0,0
102.807190,1.117188,-2.738281,0.000000,-0.009998,0.000000,0.003613,-0.031276,0.035163,1.507726,0.007324,0.001221,0.002197,0,0,0,0,3000,3000,3000,3000,0,229,-353,0-20,0,0,0
102.809143,1.117188,-2.738281,0.000000,-0.009998,0.000000,0.003609,-0.031276,0.035163,1.507726,-0.004883,-0.000244,0.002197,0,0,0,0,3000,3000,3000,3000,0,238,-352,0-20,0,0,0
102.811096,1.117188,-2.738281,0.000000,-0.009998,0.000000,0.003557,-0.031276,0.035163,1.507726,0.004150,0.000732,0.003174,0,0,0,0,3000,3000,3000,3000,0,231,-353,0-20,0,0,0
102.813057,1.117188,-2.738281,0.000000,0.000000,-0.009998,0.003716,-0.031169,0.035121,1.507665,-0.002930,-0.000732,0.002686,0,0,0,0,3000,3000,3000,3000,0,237,-351,0-20,0,0,0
102.815002,1.117188,-2.738281,0.000000,0.000000,-0.009998,0.005693,-0.031276,0.035163,1.507726,-0.000244,0.000244,-0.003174,0,0,0,0,3000,3000,3000,3000,0,235,-352,0-20,0,0,0
102.816956,1.117188,-2.738281,0.000000,0.000000,-0.009998,0.005913,-0.031276,0.035163,1.507726,0.004150,0.001221,0.000488,0,0,0,0,3000,3000,3000,3000,0,232,-353,0-20,0,0,0
102.818916,1.117188,-2.750000,0.000000,-0.049999,-0.169998,0.006239,-0.031276,0.035163,1.507726,-0.007568,0.000244,-0.001709,0,0,0,0,3000,3000,3000,3000,0,240,-352,0-20,0,0,0
102.820862,1.117188,-2.750000,0.000000,-0.049999,-0.169998,0.006294,-0.031276,0.035163,1.507726,0.003418,-0.001221,-0.000732,0,0,0,0,3000,3000,3000,3000,0,233,-351,0-20,0,0,0
102.822815,1.117188,-2.750000,0.000000,-0.049999,-0.169998,0.006481,-0.031276,0.035163,1.507726,-0.001709,-0.000732,-0.000732,0,0,0,0,3000,3000,3000,3000,0,236,-351,0-20,0,0,0
102.824768,1.117188,-2.750000,0.000000,-0.049999,-0.169998,0.006462,-0.031276,0.035163,1.507726,-0.002441,0.001953,-0.004883,0,0,0,0,3000,3000,3000,3000,0,237,-354,0-20,0,0,0
102.826721,1.117188,-2.750000,0.000000,-0.049999,-0.169998,0.006468,-0.031276,0.035163,1.507726,0.000244,0.000732,0.000488,0,0,0,0,3000,3000,3000,3000,0,235,-353,0-20,0,0,0
102.828674,1.117188,-2.750000,0.000000,-0.049999,-0.169998,0.006445,-0.031276,0.035163,1.507726,-0.010742,0.002930,-0.004395,0,0,0,0,3000,3000,3000,3000,0,243,-355,0-20,0,0,0
102.830627,1.117188,-2.750000,0.000000,-0.049999,-0.169998,0.006672,-0.031276,0.035163,1.507726,0.007812,0.000732,-0.000488,0,0,0,0,3000,3000,3000,3000,0,230,-353,0-20,0,0,0
102.832581,1.117188,-2.750000,0.000000,-0.049999,-0.169998,0.006512,-0.031276,0.035163,1.507726,-0.007080,-0.002441,0.000000,0,0,0,0,3000,3000,3000,3000,0,241,-350,0-20,0,0,0
102.834534,1.117188,-2.750000,0.000000,-0.049999,-0.169998,0.006626,-0.031276,0.035163,1.507726,0.000977,-0.001221,0.001465,0,0,0,0,3000,3000,3000,3000,0,235,-351,0-20,0,0,0
102.836487,1.117188,-2.750000,0.000000,-0.049999,-0.169998,0.006802,-0.031276,0.035163,1.507726,0.006104,0.002930,0.000977,0,0,0,0,3000,3000,3000,3000,0,231,-355,0-20,0,0,0
102.838440,1.117188,-2.750000,0.000000,-0.049999,-0.169998,0.006830,-0.031276,0.035163,1.507726,-0.003418,0.000244,-0.002197,0,0,0,0,3000,3000,3000,3000,0,238,-352,0-20,0,0,0
102.840393,1.117188,-2.750000,0.000000,-0.049999,-0.169998,0.006975,-0.031276,0.035163,1.507726,0.005615,-0.000244,-0.000732,0,0,0,0,3000,3000,3000,3000,0,231,-352,0-20,0,0,0
102.842346,1.117188,-2.750000,0.000000,-0.049999,-0.169998,0.006969,-0.031276,0.035163,1.507726,-0.002930,0.000732,0.003174,0,0,0,0,3000,3000,3000,3000,0,237,-353,0-20,0,0,0
102.844299,1.117188,-2.750000,0.000000,-0.049999,-0.169998,0.007101,-0.031276,0.035163,1.507726,0.003418,0.002441,0.000488,0,0,0,0,3000,3000,3000,3000,0,232,-354,0-20,0,0,0
102.846252,1.117188,-2.750000,0.000000,-0.049999,-0.169998,0.007250,-0.031276,0.035163,1.507726,0.002930,-0.002930,0.003174,0,0,0,0,3000,3000,3000,3000,0,233,-349,0-20,0,0,0
102.848206,1.117188,-2.750000,0.000000,-0.049999,-0.169998,0.007233,-0.031276,0.035163,1.507726,-0.002441,-0.001953,-0.002197,0,0,0,0,3000,3000,3000,3000,0,236,-350,0-20,0,0,0
102.850159,1.117188,-2.750000,0.000000,-0.049999,-0.169998,0.007410,-0.031276,0.035163,1.507726,0.004639,-0.000244,0.001465,0,0,0,0,3000,3000,3000,3000,0,231,-351,0-20,0,0,0
102.852112,1.117188,-2.750000,0.000000,-0.049999,-0.169998,0.007521,-0.031276,0.035163,1.507726,-0.004883,0.001221,0.000977,0,0,0,0,3000,3000,3000,3000,0,238,-353,0-20,0,0,0
102.854065,1.117188,-2.750000,0.000000,-0.049999,-0.169998,0.007587,-0.031276,0.035163,1.507726,0.005127,-0.001221,0.000000,0,0,0,0,3000,3000,3000,3000,0,231,-350,0-20,0,0,0
102.856018,1.117188,-2.750000,0.000000,-0.049999,-0.169998,0.007673,-0.031276,0.035163,1.507726,-0.004883,0.001953,-0.000732,0,0,0,0,3000,3000,3000,3000,0,238,-353,0-20,0,0,0
102.857971,1.117188,-2.750000,0.000000,-0.049999,-0.169998,0.007824,-0.031169,0.035121,1.507665,-0.001709,0.002441,-0.001221,0,0,0,0,3000,3000,3000,3000,0,236,-354,0-20,0,0,0
102.859924,1.117188,-2.750000,0.000000,-0.049999,-0.169998,0.008156,-0.031276,0.035163,1.507726,0.003418,-0.000732,0.000977,0,0,0,0,3000,3000,3000,3000,0,233,-351,0-20,0,0,0
102.861877,1.117188,-2.750000,0.000000,-0.049999,-0.169998,0.008324,-0.031276,0.035163,1.507726,-0.009277,0.000732,0.000488,0,0,0,0,3000,3000,3000,3000,0,242,-353,0-20,0,0,0
102.863831,1.117188,-2.750000,0.000000,-0.049999,-0.169998,0.008329,-0.031276,0.035163,1.507726,0.005615,0.001953,0.000977,0,0,0,0,3000,3000,3000,3000,0,231,-354,0-20,0,0,0
102.865784,1.117188,-2.750000,0.000000,-0.049999,-0.169998,0.008259,-0.031276,0.035163,1.507726,-0.006104,-0.001221,-0.004395,0,0,0,0,3000,3000,3000,3000,0,240,-351,0-20,0,0,0
102.867737,1.117188,-2.750000,0.000000,-0.049999,-0.169998,0.008259,-0.031276,0.035163,1.507726,0.002441,-0.000244,-0.000732,0,0,0,0,3000,3000,3000,3000,0,234,-352,0-20,0,0,0
102.869690,1.117188,-2.750000,0.000000,-0.049999,-0.169998,0.008381,-0.031276,0.035163,1.507726,-0.001709,0.000732,0.000977,0,0,0,0,3000,3000,3000,3000,0,237,-353,0-20,0,0,0
102.871643,1.117188,-2.750000,0.000000,-0.049999,-0.169998,0.008772,-0.031276,0.035163,1.507726,-0.003906,0.000732,-0.002686,0,0,0,0,3000,3000,3000,3000,0,238,-353,0-20,0,0,0
102.873596,1.117188,-2.750000,0.000000,-0.049999,-0.169998,0.008877,-0.031276,0.035163,1.507726,0.006104,0.000244,0.000977,0,0,0,0,3000,3000,3000,3000,0,231,-352,0-20,0,0,0
102.875549,1.117188,-2.750000,0.000000,-0.049999,-0.169998,0.008970,-0.031276,0.035163,1.507726,-0.002441,-0.000732,-0.002197,0,0,0,0,3000,3000,3000,3000,0,237,-351,0-20,0,0,0
102.877502,1.117188,-2.750000,0.000000,-0.049999,-0.169998,0.009008,-0.031276,0.035163,1.507726,0.001465,0.003906,-0.001221,0,0,0,0,3000,3000,3000,3000,0,234,-356,0-20,0,0,0
102.879456,1.117188,-2.750000,0.000000,-0.049999,-0.169998,0.009022,-0.031276,0.035163,1.507726,0.000244,-0.001221,0.000977,0,0,0,0,3000,3000,3000,3000,0,235,-351,0-20,0,0,0
102.881409,1.117188,-2.750000,0.000000,-0.049999,-0.169998,0.009218,-0.031276,0.035163,1.507726,-0.003906,0.000732,-0.000732,0,0,0,0,3000,3000,3000,3000,0,238,-353,0-20,0,0,0
102.883362,1.117188,-2.750000,0.000000,-0.049999,-0.169998,0.009411,-0.031276,0.035163,1.507726,0.003418,-0.001221,-0.001221,0,0,0,0,3000,3000,3000,3000,0,233,-351,0-20,0,0,0
102.885315,1.117188,-2.750000,0.000000,-0.049999,-0.169998,0.009413,-0.031276,0.035163,1.507726,-0.002441,0.001221,0.002197,0,0,0,0,3000,3000,3000,3000,0,237,-353,0-20,0,0,0
102.887268,1.117188,-2.750000,0.000000,-0.049999,-0.169998,0.009352,-0.031276,0.035163,1.507726,0.002930,-0.001221,0.000488,0,0,0,0,3000,3000,3000,3000,0,233,-351,0-20,0,0,0
102.889221,1.117188,-2.750000,0.000000,-0.049999,-0.169998,0.009441,-0.031276,0.035163,1.507726,-0.004395,0.001221,0.002197,0,0,0,0,3000,3000,3000,3000,0,238,-353,0-20,0,0,0
102.891174,1.117188,-2.750000,0.000000,-0.049999,-0.169998,0.009411,-0.031276,0.035163,1.507726,0.000977,-0.000244,0.000488,0,0,0,0,3000,3000,3000,3000,0,234,-352,0-20,0,0,0
102.893127,1.117188,-2.750000,0.000000,-0.049999,-0.169998,0.009518,-0.031276,0.035163,1.507726,0.000244,-0.000244,0.005371,0,0,0,0,3000,3000,3000,3000,0,235,-351,0-20,0,0,0
102.895081,1.117188,-2.750000,0.000000,-0.049999,-0.169998,0.009604,-0.031276,0.035163,1.507726,-0.001709,0.000244,-0.002197,0,0,0,0,3000,3000,3000,3000,0,236,-352,0-20,0,0,0
102.897034,1.117188,-2.750000,0.000000,-0.049999,-0.169998,0.009783,-0.031276,0.035163,1.507726,0.006104,-0.001221,-0.000488,0,0,0,0,3000,3000,3000,3000,0,231,-350,0-20,0,0,0
102.898987,1.117188,-2.750000,0.000000,-0.049999,-0.169998,0.009802,-0.031276,0.035163,1.507726,-0.004395,-0.001221,-0.000732,0,0,0,0,3000,3000,3000,3000,0,238,-350,0-20,0,0,0
102.900940,1.117188,-2.750000,0.000000,-0.049999,-0.169998,0.009865,-0.031276,0.035163,1.507726,-0.000732,-0.000732,-0.000488,0,0,0,0,3000,3000,3000,3000,0,235,-351,0-20,0,0,0
102.902893,1.117188,-2.750000,0.000000,-0.049999,-0.169998,0.009806,-0.031276,0.035163,1.507726,0.004639,-0.000244,-0.000488,0,0,0,0,3000,3000,3000,3000,0,232,-351,0-20,0,0,0
102.904846,1.117188,-2.750000,0.000000,-0.049999,-0.169998,0.009920,-0.031276,0.035163,1.507726,-0.005615,-0.000244,-0.004395,0,0,0,0,3000,3000,3000,3000,0,239,-351,0-20,0,0,0
102.906799,1.117188,-2.750000,0.000000,-0.049999,-0.169998,0.010080,-0.031276,0.035163,1.507726,0.006592,-0.001953,0.002197,0,0,0,0,3000,3000,3000,3000,0,230,-349,0-20,0,0,0
102.908752,1.117188,-2.750000,0.000000,-0.049999,-0.169998,0.010128,-0.031276,0.035163,1.507726,-0.004395,0.001221,-0.000732,0,0,0,0,3000,3000,3000,3000,0,238,-352,0-20,0,0,0
102.910706,1.117188,-2.750000,0.000000,-0.049999,-0.169998,0.010250,-0.031276,0.035163,1.507726,0.003418,-0.000732,0.002197,0,0,0,0,3000,3000,3000,3000,0,232,-350,0-20,0,0,0
102.912659,1.117188,-2.750000,0.000000,-0.049999,-0.169998,0.010357,-0.031276,0.035163,1.507726,0.001953,0.002441,-0.003174,0,0,0,0,3000,3000,3000,3000,0,233,-354,0-20,0,0,0
102.914612,1.117188,-2.750000,0.000000,-0.049999,-0.169998,0.010496,-0.031276,0.035163,1.507726,-0.000732,0.001221,-0.001709,0,0,0,0,3000,3000,3000,3000,0,235,-353,0-20,0,0,0
102.916565,1.117188,-2.750000,0.000000,-0.049999,-0.169998,0.010668,-0.031276,0.035163,1.507726,0.006104,-0.001221,0.003662,0,0,0,0,3000,3000,3000,3000,0,230,-351,0-20,0,0,0
102.918518,1.117188,-2.750000,0.000000,-0.049999,-0.169998,0.010700,-0.031276,0.035163,1.507726,-0.004883,0.000732,-0.000732,0,0,0,0,3000,3000,3000,3000,0,238,-352,0-20,0,0,0
102.920471,1.117188,-2.750000,0.000000,-0.049999,-0.169998,0.010752,-0.031276,0.035163,1.507726,0.002930,-0.000732,-0.001221,0,0,0,0,3000,3000,3000,3000,0,232,-351,0-20,0,0,0
102.922424,1.117188,-2.750000,0.000000,-0.049999,-0.169998,0.010798,-0.031276,0.035163,1.507726,-0.004395,-0.000244,0.000000,0,0,0,0,3000,3000,3000,3000,0,238,-351,0-20,0,0,0
102.924377,1.117188,-2.750000,0.000000,-0.049999,-0.169998,0.010948,-0.031276,0.035163,1.507726,-0.002441,-0.001953,-0.001221,0,0,0,0,3000,3000,3000,3000,0,237,-350,0-20,0,0,0
102.926331,1.117188,-2.750000,0.000000,-0.049999,-0.169998,0.011147,-0.031276,0.035163,1.507726,0.005127,-0.002441,-0.000488,0,0,0,0,3000,3000,3000,3000,0,231,-349,0-20,0,0,0
102.928284,1.117188,-2.750000,0.000000,-0.049999,-0.169998,0.011164,-0.031276,0.035163,1.507726,-0.004395,-0.000244,-0.000732,0,0,0,0,3000,3000,3000,3000,0,238,-351,0-20,0,0,0
102.932190,1.117188,-2.750000,0.000000,-0.049999,-0.169998,0.011133,-0.031276,0.035163,1.507726,0.008301,-0.003418,0.002686,0,0,0,0,3000,3000,3000,3000,0,229,-348,0-20,0,0,0
102.934143,1.117188,-2.750000,0.000000,-0.049999,-0.169998,0.011250,-0.031213,0.035163,1.507604,0.002930,0.000244,-0.002197,0,0,0,0,3000,3000,3000,3000,0,231,-351,0-20,0,0,0
102.936104,1.117188,-2.750000,0.000000,-0.049999,-0.169998,0.011408,-0.031213,0.035163,1.507604,0.005615,-0.001221,-0.001221,0,0,0,0,3000,3000,3000,3000,0,229,-350,0-20,0,0,0
102.938065,1.117188,-2.750000,0.000000,-0.049999,-0.169998,0.011595,-0.031213,0.035163,1.507604,-0.005615,0.001221,-0.003906,0,0,0,0,3000,3000,3000,3000,0,237,-352,0-20,0,0,0
102.940002,1.117188,-2.750000,0.000000,-0.049999,-0.169998,0.011770,-0.031213,0.035163,1.507604,0.006104,0.002441,-0.000488,0,0,0,0,3000,3000,3000,3000,0,229,-354,0-20,0,0,0
102.941956,1.117188,-2.750000,0.000000,-0.049999,-0.169998,0.011728,-0.031213,0.035163,1.507604,-0.005615,0.000732,-0.002197,0,0,0,0,3000,3000,3000,3000,0,237,-353,0-20,0,0,0
102.943909,1.117188,-2.750000,0.000000,-0.049999,-0.169998,0.011848,-0.031213,0.035163,1.507604,0.001465,0.001953,0.000977,0,0,0,0,3000,3000,3000,3000,0,233,-354,0-20,0,0,0
102.945862,1.117188,-2.750000,0.000000,-0.049999,-0.169998,0.011808,-0.031213,0.035163,1.507604,0.001465,-0.001221,-0.002686,0,0,0,0,3000,3000,3000,3000,0,233,-351,0-20,0,0,0
102.947815,1.117188,-2.750000,0.000000,-0.049999,-0.169998,0.011993,-0.031213,0.035163,1.507604,-0.004395,0.000244,-0.002197,0,0,0,0,3000,3000,3000,3000,0,237,-353,0-20,0,0,0
102.949768,1.117188,-2.750000,0.000000,-0.049999,-0.169998,0.012199,-0.031213,0.035163,1.507604,0.005615,-0.001953,0.001465,0,0,0,0,3000,3000,3000,3000,0,230,-351,0-20,0,0,0
102.951721,1.117188,-2.750000,0.000000,-0.049999,-0.169998,0.008663,-0.031213,0.035163,1.507604,-0.006104,0.001221,0.000000,0,0,0,0,3000,3000,3000,3000,0,239,-354,0-20,0,0,0
102.953674,1.117188,-2.750000,0.000000,-0.049999,-0.169998,0.008877,-0.031213,0.035163,1.507604,0.004150,-0.003906,-0.000488,0,0,0,0,3000,3000,3000,3000,0,232,-349,0-20,0,0,0
102.955627,1.117188,-2.750000,0.000000,-0.049999,-0.169998,0.008776,-0.031213,0.035163,1.507604,0.001465,0.001221,0.000488,0,0,0,0,3000,3000,3000,3000,0,234,-353,0-20,0,0,0
102.957581,1.117188,-2.750000,0.000000,-0.049999,-0.169998,0.008827,-0.031213,0.035163,1.507604,-0.004395,-0.000244,0.002197,0,0,0,0,3000,3000,3000,3000,0,238,-352,0-20,0,0,0
102.959534,1.117188,-2.750000,0.000000,-0.049999,-0.169998,0.009066,-0.031213,0.035163,1.507604,0.005615,-0.003418,0.003662,0,0,0,0,3000,3000,3000,3000,0,231,-349,0-20,0,0,0
102.961487,1.117188,-2.750000,0.000000,-0.049999,-0.169998,0.008923,-0.031213,0.035163,1.507604,-0.005615,0.002441,-0.003174,0,0,0,0,3000,3000,3000,3000,0,239,-354,0-20,0,0,0
102.963440,1.117188,-2.750000,0.000000,-0.049999,-0.169998,0.008850,-0.031213,0.035163,1.507604,0.004639,-0.000244,-0.000488,0,0,0,0,3000,3000,3000,3000,0,232,-352,0-20,0,0,0
102.965393,1.117188,-2.750000,0.000000,-0.049999,-0.169998,0.008999,-0.031213,0.035163,1.507604,-0.002930,-0.001953,0.000977,0,0,0,0,3000,3000,3000,3000,0,237,-350,0-20,0,0,0
102.967346,1.117188,-2.750000,0.000000,-0.049999,-0.169998,0.008970,-0.031213,0.035163,1.507604,-0.000732,-0.000244,-0.000488,0,0,0,0,3000,3000,3000,3000,0,236,-352,0-20,0,0,0
102.969299,1.117188,-2.750000,0.000000,-0.049999,-0.169998,0.009130,-0.031213,0.035163,1.507604,0.004639,0.002441,0.001465,0,0,0,0,3000,3000,3000,3000,0,232,-355,0-20,0,0,0
102.971252,1.117188,-2.750000,0.000000,-0.049999,-0.169998,0.009119,-0.031213,0.035163,1.507604,-0.003418,-0.000244,-0.002197,0,0,0,0,3000,3000,3000,3000,0,237,-352,0-20,0,0,0
102.973206,1.117188,-2.750000,0.000000,-0.049999,-0.169998,0.009239,-0.031213,0.035163,1.507604,0.006104,-0.000732,0.001465,0,0,0,0,3000,3000,3000,3000,0,231,-352,0-20,0,0,0
102.975159,1.117188,-2.750000,0.000000,-0.049999,-0.169998,0.009401,-0.031213,0.035163,1.507604,-0.006592,0.002441,-0.002686,0,0,0,0,3000,3000,3000,3000,0,240,-355,0-20,0,0,0
102.977112,1.117188,-2.750000,0.000000,-0.049999,-0.169998,0.009460,-0.031213,0.035163,1.507604,0.000977,0.002930,-0.004395,0,0,0,0,3000,3000,3000,3000,0,235,-356,0-20,0,0,0
102.979065,1.117188,-2.750000,0.000000,-0.049999,-0.169998,0.009415,-0.031213,0.035163,1.507604,0.002441,0.001221,0.000977,0,0,0,0,3000,3000,3000,3000,0,234,-354,0-20,0,0,0
102.981018,1.117188,-2.750000,0.000000,-0.049999,-0.169998,0.009403,-0.031213,0.035163,1.507604,-0.003418,-0.000244,0.000977,0,0,0,0,3000,3000,3000,3000,0,238,-353,0-20,0,0,0
102.982971,1.117188,-2.750000,0.000000,-0.049999,-0.169998,0.009476,-0.031213,0.035163,1.507604,0.004150,0.001221,0.000977,0,0,0,0,3000,3000,3000,3000,0,232,-354,0-20,0,0,0
102.984924,1.117188,-2.750000,0.000000,-0.049999,-0.169998,0.009602,-0.031213,0.035163,1.507604,-0.005615,-0.000732,-0.002197,0,0,0,0,3000,3000,3000,3000,0,239,-353,0-20,0,0,0
102.986877,1.117188,-2.750000,0.000000,-0.049999,-0.169998,0.009905,-0.031213,0.035163,1.507604,0.006104,0.002441,-0.000732,0,0,0,0,3000,3000,3000,3000,0,231,-356,0-20,0,0,0
102.988831,1.117188,-2.750000,0.000000,-0.049999,-0.169998,0.009985,-0.031213,0.035163,1.507604,-0.002441,0.000244,-0.002686,0,0,0,0,3000,3000,3000,3000,0,237,-354,0-20,0,0,0
102.990784,1.117188,-2.750000,0.000000,-0.049999,-0.169998,0.010078,-0.031213,0.035163,1.507604,0.003418,-0.000732,-0.001221,0,0,0,0,3000,3000,3000,3000,0,233,-353,0-20,0,0,0
102.992737,1.117188,-2.750000,0.000000,-0.049999,-0.169998,0.010376,-0.031213,0.035163,1.507604,0.006104,0.001221,0.000488,0,0,0,0,3000,3000,3000,3000,0,230,-354,0-20,0,0,0
102.994698,1.117188,-2.750000,0.000000,-0.049999,-0.169998,0.010225,-0.031213,0.035163,1.507604,-0.008789,0.000732,0.001465,0,0,0,0,3000,3000,3000,3000,0,241,-354,0-20,0,0,0
102.996643,1.117188,-2.750000,0.000000,-0.049999,-0.169998,0.010080,-0.031213,0.035163,1.507604,0.007324,0.000732,0.000488,0,0,0,0,3000,3000,3000,3000,0,230,-354,0-20,0,0,0
102.998596,1.117188,-2.750000,0.000000,-0.049999,-0.169998,0.010181,-0.031213,0.035163,1.507604,0.000244,0.000732,-0.000732,0,0,0,0,3000,3000,3000,3000,0,234,-354,0-20,0,0,0
103.000549,1.117188,-2.750000,0.000000,-0.049999,-0.169998,0.010326,-0.031152,0.035225,1.507604,0.000977,0.002441,0.000488,0,0,0,0,3000,3000,3000,3000,0,233,-356,0-20,0,0,0
103.002502,1.117188,-2.750000,0.000000,-0.049999,-0.169998,0.010420,-0.031152,0.035225,1.507604,0.002930,0.002441,0.000977,0,0,0,0,3000,3000,3000,3000,0,232,-356,0-20,0,0,0
103.004456,1.117188,-2.750000,0.000000,-0.049999,-0.169998,0.010447,-0.031152,0.035225,1.507604,-0.004883,-0.000244,0.003662,0,0,0,0,3000,3000,3000,3000,0,237,-354,0-20,0,0,0
103.006409,1.117188,-2.750000,0.000000,-0.049999,-0.169998,0.010389,-0.031152,0.035225,1.507604,0.008789,-0.001953,0.001465,0,0,0,0,3000,3000,3000,3000,0,228,-352,0-20,0,0,0
103.008362,1.117188,-2.750000,0.000000,-0.049999,-0.169998,0.010431,-0.031152,0.035225,1.507604,-0.006592,-0.000732,-0.001221,0,0,0,0,3000,3000,3000,3000,0,239,-353,0-20,0,0,0
103.010315,1.117188,-2.750000,0.000000,-0.049999,-0.169998,0.010576,-0.031152,0.035225,1.507604,0.002441,0.001221,0.003662,0,0,0,0,3000,3000,3000,3000,0,232,-354,0-20,0,0,0
103.012268,1.117188,-2.750000,0.000000,-0.049999,-0.169998,0.010698,-0.031152,0.035225,1.507604,0.002930,0.000244,0.001465,0,0,0,0,3000,3000,3000,3000,0,232,-353,0-20,0,0,0
103.014221,1.117188,-2.750000,0.000000,-0.049999,-0.1699